-- Generated by Craft v2.6.2989 on Sep 13, 2017, 2:45:09 PM.

--
-- Disable foreign key checks and autocommit.
--

SET FOREIGN_KEY_CHECKS = 0;
SET SQL_MODE = "NO_AUTO_VALUE_ON_ZERO";
SET AUTOCOMMIT = 0;
SET NAMES utf8;


DROP TABLE IF EXISTS `craft_assetfiles`;


--
-- Schema for table `craft_assetfiles`
--
CREATE TABLE `craft_assetfiles` (
  `id` int(11) NOT NULL,
  `sourceId` int(11) DEFAULT NULL,
  `folderId` int(11) NOT NULL,
  `filename` varchar(255) COLLATE utf8_unicode_ci NOT NULL,
  `kind` varchar(50) COLLATE utf8_unicode_ci NOT NULL DEFAULT 'unknown',
  `width` int(11) unsigned DEFAULT NULL,
  `height` int(11) unsigned DEFAULT NULL,
  `size` bigint(20) unsigned DEFAULT NULL,
  `dateModified` datetime DEFAULT NULL,
  `dateCreated` datetime NOT NULL,
  `dateUpdated` datetime NOT NULL,
  `uid` char(36) COLLATE utf8_unicode_ci NOT NULL DEFAULT '0',
  PRIMARY KEY (`id`),
  UNIQUE KEY `craft_assetfiles_filename_folderId_unq_idx` (`filename`,`folderId`),
  KEY `craft_assetfiles_sourceId_fk` (`sourceId`),
  KEY `craft_assetfiles_folderId_fk` (`folderId`)
) ENGINE=InnoDB DEFAULT CHARSET=utf8 COLLATE=utf8_unicode_ci;

--
-- Data for table `craft_assetfiles`
--

INSERT INTO `craft_assetfiles` (`id`, `sourceId`, `folderId`, `filename`, `kind`, `width`, `height`, `size`, `dateModified`, `dateCreated`, `dateUpdated`, `uid`) VALUES
 ('131', '2', '2', 'marquee-01.jpg', 'image', '1600', '864', '781569', '2017-08-31 11:24:49', '2017-08-31 11:24:59', '2017-09-13 14:39:54', 'df7e50f0-ef46-4bfe-ab13-b756166dd551'),
 ('132', '2', '2', 'marquee-02.jpg', 'image', '1600', '864', '1038027', '2017-08-31 11:24:51', '2017-08-31 11:24:59', '2017-09-13 14:39:54', '7d699293-8eef-455a-b64b-a44a4c683879'),
 ('133', '2', '2', 'marquee-03.jpg', 'image', '1600', '864', '611493', '2017-08-31 11:24:54', '2017-08-31 11:25:00', '2017-09-13 14:39:54', '2f57c2f2-f729-46c0-828f-ac9a6aecc79a'),
 ('138', '8', '19', 'liturgy.jpg', 'image', '1000', '584', '159399', '2017-08-31 11:35:05', '2017-08-31 11:35:10', '2017-09-13 14:39:58', '875761a2-a3be-4f3e-90aa-dfcb19130c66'),
 ('139', '8', '19', 'music.jpg', 'image', '1000', '584', '196274', '2017-08-31 11:35:05', '2017-08-31 11:35:10', '2017-09-13 14:39:59', 'a93bb92d-cd8c-4f7f-8c2b-22ed2165d652'),
 ('140', '8', '19', 'parish-life.jpg', 'image', '1000', '584', '381908', '2017-09-04 13:29:29', '2017-08-31 11:35:11', '2017-09-13 14:39:59', 'fc2e20a4-37e3-48fd-8f9d-8a53f97040d5'),
 ('141', '8', '19', 'who-we-are.jpg', 'image', '1000', '584', '376942', '2017-09-04 13:26:08', '2017-08-31 11:35:11', '2017-09-13 14:39:58', '1b50b4a0-9510-4775-854b-f71d259c6694'),
 ('142', '1', '16', 'bio-ian-betts.jpg', 'image', '562', '561', '232739', '2017-08-28 16:55:19', '2017-08-31 11:39:21', '2017-09-13 14:39:14', '690bf437-9be4-4896-b0a2-5260463c2391'),
 ('144', '1', '12', 'edwin-booth-window-verticle.jpg', 'image', '714', '1000', '439091', '2017-08-30 14:10:38', '2017-08-31 11:39:22', '2017-09-13 14:39:15', 'f40dfe15-45fb-4688-8bf7-00e6ef81f576'),
 ('145', '1', '16', 'bio-john-david-van-dooren.jpg', 'image', '800', '800', '127903', '2017-09-13 14:37:42', '2017-08-31 11:39:22', '2017-09-13 14:39:14', '92a784c4-5946-4643-b172-a8def52c00ed'),
 ('146', '1', '13', 'fr-patrick-and-dog.jpg', 'image', '1200', '756', '360899', '2017-08-30 15:28:56', '2017-08-31 11:39:22', '2017-09-13 14:39:15', 'f09ad4f8-e415-4558-969e-316ff9e781b0'),
 ('147', '1', '12', 'fr-patrick-and-dog.jpg', 'image', '1200', '756', '360901', '2017-08-30 15:27:34', '2017-08-31 11:39:22', '2017-09-13 14:39:16', '9ac45314-dbc8-49e0-8a6e-3ef6f9ad5397'),
 ('148', '1', '12', 'placeholder.jpg', 'image', '1200', '756', '141517', '2017-08-31 18:32:20', '2017-08-31 11:39:23', '2017-09-13 14:39:18', 'd168914c-7369-41c6-afbb-79e9fb304767'),
 ('149', '1', '12', 'richard-upjohn-brass-filigree-pulpit.jpg', 'image', '1200', '857', '481415', '2017-08-30 23:14:53', '2017-08-31 11:39:23', '2017-09-13 14:39:20', 'e206b423-5f5d-4137-ac2a-eadc0f5f611b'),
 ('150', '1', '1', 'blog-01.jpg', 'image', '492', '312', '50392', '2017-08-11 14:44:01', '2017-08-31 11:39:23', '2017-09-13 14:39:21', 'fa4f26d2-3f88-40b4-96c2-e6fbd287b109'),
 ('151', '1', '1', 'btn-facebook.png', 'image', '48', '48', '680', '2017-08-23 19:42:57', '2017-08-31 11:39:23', '2017-09-13 14:39:21', 'e0e4aa98-2e73-47fd-a314-5f81eb23e38b'),
 ('152', '1', '1', 'btn-facebook.svg', 'image', '48', '48', '504', '2017-08-23 19:42:58', '2017-08-31 11:39:24', '2017-09-13 14:39:21', '04f9f0ae-b3e6-461a-ba12-be226c039a98'),
 ('153', '1', '1', 'btn-instagram.png', 'image', '48', '48', '846', '2017-08-23 19:42:57', '2017-08-31 11:39:24', '2017-09-13 14:39:21', '5ffbea33-ff54-4683-8ee7-d56c59e6aff2'),
 ('154', '1', '1', 'btn-instagram.svg', 'image', '48', '48', '767', '2017-08-23 19:42:59', '2017-08-31 11:39:24', '2017-09-13 14:39:22', '89e98a07-2477-4b17-84f2-a23116456b62'),
 ('155', '1', '1', 'btn-share-email.png', 'image', '36', '36', '732', '2017-08-23 19:42:57', '2017-08-31 11:39:24', '2017-09-13 14:39:22', '75ea59c7-3479-4b66-81cc-a04f8e65e548'),
 ('156', '1', '1', 'btn-share-email.svg', 'image', '36', '36', '446', '2017-08-23 19:43:01', '2017-08-31 11:39:24', '2017-09-13 14:39:22', '8e2fa94b-cecc-4a33-a103-6833ee6f9d1d'),
 ('157', '1', '1', 'btn-share-facebook.png', 'image', '36', '36', '655', '2017-08-23 19:42:57', '2017-08-31 11:39:25', '2017-09-13 14:39:22', '9f35659d-431f-4b65-a360-f6bf7222a81e'),
 ('158', '1', '1', 'btn-share-facebook.svg', 'image', '36', '36', '526', '2017-08-23 19:43:00', '2017-08-31 11:39:25', '2017-09-13 14:39:22', '0b6f13f3-ba79-4c7e-82f1-ae6c5d6ce5a2'),
 ('159', '1', '1', 'btn-share-google-plus.png', 'image', '36', '36', '973', '2017-08-23 19:42:57', '2017-08-31 11:39:25', '2017-09-13 14:39:22', 'c800cef2-de42-4326-8405-b407a7351fb2'),
 ('160', '1', '1', 'btn-share-google-plus.svg', 'image', '36', '36', '2007', '2017-08-23 19:43:01', '2017-08-31 11:39:25', '2017-09-13 14:39:23', '9f4ae5a8-f1a3-4576-9dcc-79b73607f89a'),
 ('161', '1', '1', 'btn-share-twitter.png', 'image', '36', '36', '797', '2017-08-23 19:42:57', '2017-08-31 11:39:25', '2017-09-13 14:39:23', '123fb144-f023-4785-af33-d52365b4a333'),
 ('162', '1', '1', 'btn-share-twitter.svg', 'image', '36', '36', '813', '2017-08-23 19:43:00', '2017-08-31 11:39:26', '2017-09-13 14:39:23', '32aa63dd-f38d-41b9-ab4b-6c806e96d02e'),
 ('163', '1', '1', 'btn-toggle-menu.png', 'image', '24', '96', '298', '2017-08-23 19:42:57', '2017-08-31 11:39:26', '2017-09-13 14:39:23', '93737262-3b02-4bc2-8c97-83b989358249'),
 ('164', '1', '1', 'btn-toggle-menu.svg', 'image', '24', '96', '582', '2017-08-23 19:42:58', '2017-08-31 11:39:26', '2017-09-13 14:39:23', '7bab8002-f6df-43c5-a715-a0bfd5c7bff4'),
 ('165', '1', '1', 'btn-twiiter.png', 'image', '48', '48', '933', '2017-08-23 19:42:57', '2017-08-31 11:39:26', '2017-09-13 14:39:24', 'ea539e14-62c5-4535-a5b7-0f14ed7d624e'),
 ('166', '1', '1', 'btn-twiiter.svg', 'image', '48', '48', '800', '2017-08-23 19:42:59', '2017-08-31 11:39:26', '2017-09-13 14:39:24', 'd484ffa2-c92a-488e-95c0-a36407905c75'),
 ('167', '1', '1', 'btn-twitter.png', 'image', '48', '48', '1237', '2017-08-09 14:22:39', '2017-08-31 11:39:27', '2017-09-13 14:39:24', '93381241-2693-483e-be12-f434f5dbf528'),
 ('168', '1', '1', 'btn-twitter.svg', 'image', '48', '48', '732', '2017-08-09 14:22:40', '2017-08-31 11:39:27', '2017-09-13 14:39:26', 'cc0653d3-be10-4ee4-8bf8-7b001ba52bd4'),
 ('169', '1', '1', 'btn-youtube.png', 'image', '48', '48', '727', '2017-08-23 19:42:57', '2017-08-31 11:39:27', '2017-09-13 14:39:27', '02b79d61-72f7-4d54-a028-5d1b7d339af4'),
 ('170', '1', '1', 'btn-youtube.svg', 'image', '48', '48', '960', '2017-08-23 19:42:59', '2017-08-31 11:39:27', '2017-09-13 14:39:27', '2cde213f-675d-48e1-8b2c-806cdadd3933'),
 ('171', '1', '1', 'episcopal-badge.png', 'image', '72', '60', '3204', '2017-08-23 19:42:57', '2017-08-31 11:39:27', '2017-09-13 14:39:27', '264f68e7-a5a5-4d6d-b02b-87bc3a17dee2'),
 ('172', '1', '1', 'episcopal-badge.svg', 'image', '72', '60', '18948', '2017-08-23 19:43:00', '2017-08-31 11:39:28', '2017-09-13 14:39:27', '8ec0145f-8fbc-4f5d-bf34-4a9e61f12561'),
 ('173', '1', '1', 'feature-little-church.jpg', 'image', '1000', '900', '580671', '2017-08-11 16:08:56', '2017-08-31 11:39:28', '2017-09-13 14:39:27', 'edf2f118-0482-4767-ab76-b24634e09d31'),
 ('174', '1', '10', 'figure-window.jpg', 'image', '1400', '984', '404124', '2017-08-28 12:32:37', '2017-08-31 11:39:28', '2017-09-13 14:39:28', '86fc65b4-a6fc-4b49-85b4-3b34d50c6c7a'),
 ('175', '1', '1', 'figure-window.jpg', 'image', '1400', '984', '420341', '2017-08-13 11:49:18', '2017-08-31 11:39:28', '2017-09-13 14:39:28', 'b746f7af-afd5-41bd-9934-6e8a3aaeb533'),
 ('176', '1', '14', 'hero-welcome.jpg', 'image', '1200', '756', '363230', '2017-09-06 16:51:49', '2017-08-31 11:39:29', '2017-09-13 14:39:35', 'b2598fc8-dc43-4089-8ad9-3e631b71579c'),
 ('177', '1', '14', 'hero-who-we-are.jpg', 'image', '1200', '756', '506842', '2017-08-28 19:40:08', '2017-08-31 11:39:29', '2017-09-13 14:39:35', '816ca3f8-bd5c-4003-b88a-5cb55cafa42f'),
 ('178', '1', '1', 'hero-our-history.jpg', 'image', '1200', '756', '1249660', '2017-08-12 10:21:08', '2017-08-31 11:39:29', '2017-09-13 14:39:36', '9083b6f9-b1d8-4184-a8ed-0352ad19cec8'),
 ('180', '1', '1', 'hero-welcome.jpg', 'image', '1200', '756', '477393', '2017-08-16 16:32:14', '2017-08-31 11:39:30', '2017-09-13 14:39:36', 'dcd5daac-2523-44d3-ae23-cfc8426a505c'),
 ('181', '1', '1', 'hero-who-we-are.jpg', 'image', '1200', '756', '476125', '2017-08-24 13:35:25', '2017-08-31 11:39:30', '2017-09-13 14:39:37', 'cc7db4ed-96d7-4c77-be9d-a328ea9a5c5e'),
 ('182', '1', '1', 'hero-worship-schedule.jpg', 'image', '1200', '756', '496325', '2017-08-16 16:26:19', '2017-08-31 11:39:30', '2017-09-13 14:39:37', '44f760f3-fd1a-4b80-8703-ace0ee8b0c9d'),
 ('183', '1', '1', 'little-church-logo.png', 'image', '324', '120', '14183', '2017-09-01 10:43:57', '2017-08-31 11:39:31', '2017-09-13 14:39:37', '22b43643-a993-407a-912e-a1b7d33c1b66'),
 ('184', '1', '1', 'little-church-logo.svg', 'image', '324', '120', '50946', '2017-09-01 10:43:58', '2017-08-31 11:39:31', '2017-09-13 14:39:37', '7018bc45-7488-4d9e-965b-c0d3103cddda'),
 ('185', '1', '15', 'marquee-01.jpg', 'image', '1600', '864', '781569', '2017-08-31 11:24:49', '2017-08-31 11:39:31', '2017-09-13 14:39:38', '894f2868-f039-44b9-9309-0cbbceb54968'),
 ('186', '1', '15', 'marquee-02.jpg', 'image', '1600', '864', '1038027', '2017-08-31 11:24:51', '2017-08-31 11:39:31', '2017-09-13 14:39:38', '09b73919-e355-4329-a717-3c4034954345'),
 ('187', '1', '15', 'marquee-03.jpg', 'image', '1600', '864', '611493', '2017-08-31 11:24:54', '2017-08-31 11:39:32', '2017-09-13 14:39:38', '51ac4f4e-7b43-49f2-ab86-1f01f70ebd35'),
 ('188', '1', '1', 'marquee-01.jpg', 'image', '1600', '864', '713599', '2017-08-30 11:38:24', '2017-08-31 11:39:32', '2017-09-13 14:39:39', 'f8e24e23-c318-4d34-aed0-cdd64a155da0'),
 ('189', '1', '1', 'marquee-02.jpg', 'image', '1600', '864', '1070856', '2017-08-13 15:10:36', '2017-08-31 11:39:32', '2017-09-13 14:39:39', '381a64c6-4c5f-4b33-ad9b-64d47c6e0a5b'),
 ('190', '1', '1', 'marquee-03.jpg', 'image', '1600', '864', '621028', '2017-08-24 12:43:12', '2017-08-31 11:39:33', '2017-09-13 14:39:39', '62545dfd-40d7-4b8f-a6dc-cde7da7b4102'),
 ('191', '1', '20', 'liturgy.jpg', 'image', '1000', '584', '159399', '2017-08-31 11:35:05', '2017-08-31 11:39:33', '2017-09-13 14:39:39', 'b2a10cef-4192-4a1f-a34d-7c04096aaca3'),
 ('192', '1', '20', 'music.jpg', 'image', '1000', '584', '196274', '2017-08-31 11:35:05', '2017-08-31 11:39:33', '2017-09-13 14:39:41', 'bf4c5e5a-5724-41c2-9ace-533a87203869'),
 ('193', '1', '20', 'parish-life.jpg', 'image', '1000', '584', '381908', '2017-09-04 13:29:29', '2017-08-31 11:39:33', '2017-09-13 14:39:42', '020d8312-09b1-40d0-b866-18aae431fbf8'),
 ('194', '1', '20', 'who-we-are.jpg', 'image', '1000', '584', '376942', '2017-09-04 13:26:08', '2017-08-31 11:39:34', '2017-09-13 14:39:42', '259420a1-8d30-4e2e-ae6c-3f2b9500454a'),
 ('195', '1', '4', '01.jpg', 'image', '1600', '1143', '617951', '2017-09-01 11:44:51', '2017-08-31 11:39:34', '2017-09-13 14:39:43', '9e2a90eb-876f-48d7-9805-bd81146f8465'),
 ('196', '1', '4', '02.jpg', 'image', '1600', '1143', '497200', '2017-09-01 11:45:58', '2017-08-31 11:39:34', '2017-09-13 14:39:43', 'c5842ff0-38f0-43c1-9e70-341ebbc75e91'),
 ('197', '1', '4', '03.jpg', 'image', '1600', '1143', '234547', '2017-09-01 11:45:58', '2017-08-31 11:39:35', '2017-09-13 14:39:44', '81fd7fba-06b0-4588-8f5a-78370f0653e5'),
 ('198', '1', '4', '04.jpg', 'image', '1600', '1143', '322573', '2017-09-01 11:45:59', '2017-08-31 11:39:35', '2017-09-13 14:39:44', '8cb41438-d1af-4104-a216-905166903d3c'),
 ('199', '1', '4', '05.jpg', 'image', '1600', '1143', '936114', '2017-09-01 11:46:00', '2017-08-31 11:39:35', '2017-09-13 14:39:44', 'bb13d2c7-5c30-43ed-b366-08d401b9b415'),
 ('200', '1', '4', '06.jpg', 'image', '1600', '1143', '883202', '2017-09-01 11:46:01', '2017-08-31 11:39:36', '2017-09-13 14:39:45', '76661dc2-df24-498b-ab33-da8727497161'),
 ('201', '1', '4', '07.jpg', 'image', '1600', '1143', '579599', '2017-09-01 11:46:02', '2017-08-31 11:39:36', '2017-09-13 14:39:45', '828ef97d-2d5e-467b-83e6-9fa174d573ab'),
 ('202', '1', '1', 'wheelchair-access.png', 'image', '60', '60', '1209', '2017-08-23 19:42:57', '2017-08-31 11:39:36', '2017-09-13 14:39:45', '415d5d4e-62db-4cb4-8a19-5c5888bcdaa9'),
 ('203', '1', '1', 'wheelchair-access.svg', 'image', '60', '60', '627', '2017-08-23 19:42:59', '2017-08-31 11:39:37', '2017-09-13 14:39:45', '30065e8a-6299-4eca-9d2c-5fbec2c233d8'),
 ('204', '4', '7', 'figure-window.jpg', 'image', '1400', '984', '404124', '2017-08-28 12:32:37', '2017-08-31 11:39:37', '2017-09-13 14:39:46', '72eca0c2-27f6-44eb-8cad-57abcf6f7498'),
 ('205', '6', '11', 'ralph-adams-cram-madonna-shrine.jpg', 'image', '1200', '756', '443669', '2017-08-31 11:41:16', '2017-08-31 11:39:37', '2017-09-13 14:39:47', 'f49e13ec-a185-4220-a151-c2bb858ed316'),
 ('206', '6', '11', 'fr-patrick-and-dog.jpg', 'image', '1200', '756', '360899', '2017-08-30 15:28:56', '2017-08-31 11:39:38', '2017-09-13 14:39:47', 'f475f39f-e393-483b-8f39-38706776ab31'),
 ('207', '3', '5', 'hero-welcome.jpg', 'image', '1200', '756', '363230', '2017-09-06 16:51:49', '2017-08-31 11:39:38', '2017-09-13 14:39:53', 'db830e4d-e8bb-4dfa-a6ab-584785c049a1'),
 ('208', '3', '5', 'hero-who-we-are.jpg', 'image', '1200', '756', '506842', '2017-08-28 19:40:08', '2017-08-31 11:39:39', '2017-09-13 14:39:53', 'f8e7efa1-726d-4883-a8ed-9a918abba9b2'),
 ('209', '5', '8', 'bio-ian-betts.jpg', 'image', '562', '561', '232739', '2017-08-28 16:55:19', '2017-08-31 11:39:40', '2017-09-13 14:39:55', '40292125-e3d9-464a-b649-dc10da9fbedf'),
 ('210', '5', '8', 'bio-john-david-van-dooren.jpg', 'image', '800', '800', '127903', '2017-09-13 14:37:42', '2017-08-31 11:39:41', '2017-09-13 14:39:55', 'cffc6413-0fb2-4da7-b313-c31cbdedadbc'),
 ('211', '7', '17', 'edwin-booth-window-verticle.jpg', 'image', '714', '1000', '439091', '2017-08-30 14:10:38', '2017-08-31 11:39:41', '2017-09-13 14:39:56', '8503fa34-8bbe-4039-a78a-78295714db1c'),
 ('213', '7', '18', 'fr-patrick-and-dog.jpg', 'image', '1200', '756', '360899', '2017-08-30 15:28:56', '2017-08-31 11:39:42', '2017-09-13 14:39:57', '30c07c33-06d0-44da-83f1-f8cb829caca5'),
 ('214', '7', '17', 'fr-patrick-and-dog.jpg', 'image', '1200', '756', '360901', '2017-08-30 15:27:34', '2017-08-31 11:39:42', '2017-09-13 14:39:57', 'aadca575-f4af-4adb-a082-91227d1b8568'),
 ('215', '7', '17', 'placeholder.jpg', 'image', '1200', '756', '141517', '2017-08-31 18:32:20', '2017-08-31 11:39:42', '2017-09-13 14:39:57', '21963d0a-8f2d-49d5-b8ad-f47f398f3e00'),
 ('216', '7', '17', 'richard-upjohn-brass-filigree-pulpit.jpg', 'image', '1200', '857', '481415', '2017-08-30 23:14:53', '2017-08-31 11:39:43', '2017-09-13 14:39:58', '13f3486e-adc0-4738-be06-3376f63642f5'),
 ('219', '1', '13', 'ralph-adams-cram-madonna-shrine.jpg', 'image', '1200', '756', '443669', '2017-08-31 11:41:16', '2017-08-31 13:41:24', '2017-09-13 14:39:16', '5487ef0c-5ec2-48fa-bbeb-bcc1033b8fa0'),
 ('220', '7', '18', 'ralph-adams-cram-madonna-shrine.jpg', 'image', '1200', '756', '443669', '2017-08-31 11:41:16', '2017-08-31 13:41:41', '2017-09-13 14:39:56', 'ba7bd0d4-bc4f-444a-a498-8c6dfca812ef'),
 ('223', '6', '11', 'the-garden.jpg', 'image', '1200', '756', '447494', '2017-08-31 14:20:27', '2017-08-31 14:20:29', '2017-09-13 14:39:47', 'a9b55756-0fed-44e0-acc2-054c79b15463'),
 ('225', '1', '13', 'the-garden.jpg', 'image', '1200', '756', '447494', '2017-08-31 14:20:27', '2017-08-31 17:47:59', '2017-09-13 14:39:16', '251e9bb7-0e1e-43de-b57b-a19596dbee53'),
 ('226', '7', '18', 'the-garden.jpg', 'image', '1200', '756', '447494', '2017-08-31 14:20:27', '2017-08-31 17:48:24', '2017-09-13 14:39:57', '18aafebc-ca7a-48d0-9e5f-e0cbe99a151b'),
 ('227', '9', '21', 'feature-little-church.jpg', 'image', '1000', '900', '548202', '2017-08-31 18:50:04', '2017-08-31 18:50:03', '2017-09-13 14:39:59', 'e46215ad-aae6-43b8-8b0d-2d35736747bd'),
 ('228', '1', '22', 'feature-little-church.jpg', 'image', '1000', '900', '548202', '2017-08-31 18:50:04', '2017-08-31 19:05:48', '2017-09-13 14:39:28', '0e864c56-90b8-4ac8-801e-bfbadebe404d'),
 ('231', '3', '5', 'hero-our-mission.jpg', 'image', '1200', '756', '312394', '2017-08-31 20:22:38', '2017-08-31 20:22:40', '2017-09-13 14:39:53', 'd05ad49d-3b09-47cf-a410-7ef38a82bcd1'),
 ('235', '3', '5', 'hero-our-history.jpg', 'image', '1200', '756', '1249658', '2017-08-31 20:28:29', '2017-08-31 20:28:29', '2017-09-13 14:39:52', '31528263-fa56-4972-8295-4b1a0cb818d0'),
 ('238', '3', '5', 'hero-parish-life.jpg', 'image', '1200', '756', '519514', '2017-08-31 20:54:38', '2017-08-31 20:33:51', '2017-09-13 14:39:53', 'd2cccf41-a36d-44d1-b38e-9b0450a49402'),
 ('243', '3', '5', 'hero-worship-schedule.jpg', 'image', '1200', '756', '488412', '2017-09-01 10:10:20', '2017-09-01 10:10:20', '2017-09-13 14:39:54', 'd46713dc-58d9-449c-9ae5-370a23cced8e'),
 ('246', '1', '14', 'hero-liturgy.jpg', 'image', '1200', '756', '227764', '2017-08-31 20:53:51', '2017-09-01 11:19:33', '2017-09-13 14:39:29', '41235aae-ab2b-4921-8b88-425ad9d3b58a'),
 ('247', '1', '14', 'hero-our-history.jpg', 'image', '1200', '756', '1249658', '2017-08-31 20:28:29', '2017-09-01 11:19:33', '2017-09-13 14:39:30', 'e89bd942-a92f-4189-b0ab-e26b64624201'),
 ('248', '1', '14', 'hero-our-mission.jpg', 'image', '1200', '756', '312394', '2017-08-31 20:22:38', '2017-09-01 11:19:33', '2017-09-13 14:39:33', '1e07abea-f81d-4037-ab65-bf3592bd1913'),
 ('249', '1', '14', 'hero-parish-life.jpg', 'image', '1200', '756', '519514', '2017-08-31 20:54:38', '2017-09-01 11:19:34', '2017-09-13 14:39:34', '8b4372ae-039b-40e6-ae0a-0119a965302c'),
 ('250', '1', '14', 'hero-worship-schedule.jpg', 'image', '1200', '756', '488412', '2017-09-01 10:10:20', '2017-09-01 11:19:34', '2017-09-13 14:39:35', '3c6e54bd-bffb-4bbd-9d34-1c62fad79c62'),
 ('251', '3', '5', 'hero-liturgy.jpg', 'image', '1200', '756', '227764', '2017-08-31 20:53:51', '2017-09-01 11:19:43', '2017-09-13 14:39:49', 'b1e915fe-4376-4829-9155-c5d2288eb126'),
 ('253', '10', '23', '01.jpg', 'image', '1600', '1143', '617951', '2017-09-01 11:44:51', '2017-09-01 11:44:52', '2017-09-13 14:40:00', '826e02a4-c409-4f2f-9bd9-35e74b8780c2'),
 ('261', '10', '23', '02.jpg', 'image', '1600', '1143', '497200', '2017-09-01 11:45:58', '2017-09-01 11:46:08', '2017-09-13 14:40:00', '49a8842c-bdc5-4bfb-a64e-56a9f44141b4'),
 ('262', '10', '23', '03.jpg', 'image', '1600', '1143', '234547', '2017-09-01 11:45:58', '2017-09-01 11:46:09', '2017-09-13 14:40:00', 'c3c2dc8a-cf63-43e7-b360-e78f4ac7e35b'),
 ('263', '10', '23', '04.jpg', 'image', '1600', '1143', '322573', '2017-09-01 11:45:59', '2017-09-01 11:46:09', '2017-09-13 14:40:00', '609c5c91-dee6-4739-822c-14be7ca5604d');
INSERT INTO `craft_assetfiles` (`id`, `sourceId`, `folderId`, `filename`, `kind`, `width`, `height`, `size`, `dateModified`, `dateCreated`, `dateUpdated`, `uid`) VALUES
 ('264', '10', '23', '05.jpg', 'image', '1600', '1143', '936114', '2017-09-01 11:46:00', '2017-09-01 11:46:09', '2017-09-13 14:40:02', 'ebf3b946-e047-46f8-8914-00e9714dfa0f'),
 ('265', '10', '23', '06.jpg', 'image', '1600', '1143', '883202', '2017-09-01 11:46:01', '2017-09-01 11:46:10', '2017-09-13 14:40:03', '2aa4cd8f-ef83-42dd-b749-d49ef0439bbe'),
 ('266', '10', '23', '07.jpg', 'image', '1600', '1143', '579599', '2017-09-01 11:46:02', '2017-09-01 11:46:10', '2017-09-13 14:40:03', '6ddd1a25-dc72-4605-b45c-20c17b2af802'),
 ('273', '1', '1', 'hero-visit.jpg', 'image', '800', '571', '206000', '2017-09-05 11:00:23', '2017-09-06 16:31:55', '2017-09-13 14:39:36', '96641c22-858e-48bd-bd24-ac38b9dad804'),
 ('274', '1', '1', 'select-arrows.png', 'image', '60', '24', '219', '2017-09-05 13:18:12', '2017-09-06 16:31:59', '2017-09-13 14:39:43', '8c350bd2-71c2-4e9d-b19a-74af4976b97f'),
 ('275', '1', '1', 'select-arrows.svg', 'image', '60', '24', '336', '2017-09-05 13:18:13', '2017-09-06 16:31:59', '2017-09-13 14:39:43', '8c1c37d0-5551-4043-adf3-c01d4e36d365'),
 ('295', '11', '24', '08.06.17.mp3', 'audio', NULL, NULL, '11618660', '2017-09-12 16:30:54', '2017-09-12 16:46:27', '2017-09-13 14:40:04', '276a304d-1abc-41af-80b4-afafffa551da'),
 ('296', '11', '24', '08.27.17.mp3', 'audio', NULL, NULL, '10834562', '2017-09-12 16:30:36', '2017-09-12 16:46:28', '2017-09-13 14:40:04', 'a40d7982-be81-4d93-aec5-fb0935553daf'),
 ('297', '11', '24', '08.20.17.mp3', 'audio', NULL, NULL, '14629221', '2017-09-12 16:30:43', '2017-09-12 16:46:28', '2017-09-13 14:40:04', '0843a280-966c-4bc3-b4a7-b9d8c0dd3bea'),
 ('298', '11', '24', '08.13.17.mp3', 'audio', NULL, NULL, '9570610', '2017-09-12 16:30:33', '2017-09-12 16:46:28', '2017-09-13 14:40:04', 'e6e1ebc7-18d2-4edb-8b29-cd0098d0f999'),
 ('299', '11', '24', '09.03.17.mp3', 'audio', NULL, NULL, '11682612', '2017-09-12 16:30:38', '2017-09-12 16:46:28', '2017-09-13 14:40:04', '30dac7c3-3ff1-4eb5-bf09-e513e637cabf'),
 ('301', '11', '24', '09.10.17.mp3', 'audio', NULL, NULL, '10312952', '2017-09-12 16:49:41', '2017-09-12 16:49:43', '2017-09-13 14:40:05', '4930e851-694e-48bd-8301-b9c2e7578d11'),
 ('306', '3', '5', 'hero-audio-sermons.jpg', 'image', '1200', '756', '238304', '2017-09-12 17:17:42', '2017-09-12 17:17:43', '2017-09-13 14:39:48', '1ae18883-aa4e-462a-8a31-58f60cf83f43'),
 ('309', '5', '8', 'bio-patrick-cheng.jpg', 'image', '800', '800', '166611', '2017-09-13 07:16:24', '2017-09-13 07:16:26', '2017-09-13 14:39:56', 'f4757fcd-a888-454e-931e-3723d240503f'),
 ('311', '5', '8', 'bio-warren-c-platt.jpg', 'image', '800', '800', '140235', '2017-09-13 07:17:44', '2017-09-13 07:17:45', '2017-09-13 14:39:56', '3fb2408e-9bca-4194-a004-329806112f79'),
 ('313', '5', '8', 'bio-grace-kobryn.jpg', 'image', '800', '800', '150112', '2017-09-13 07:19:37', '2017-09-13 07:19:39', '2017-09-13 14:39:55', '7a717569-7c53-4240-924f-46f69a62fb91'),
 ('315', '5', '8', 'bio-claudia-dumschat.jpg', 'image', '800', '800', '144036', '2017-09-13 07:27:11', '2017-09-13 07:27:13', '2017-09-13 14:39:55', '5fc634e3-c2e8-4dc0-8efa-25ea2600f504'),
 ('316', '1', '16', 'bio-claudia-dumschat.jpg', 'image', '800', '800', '144036', '2017-09-13 07:27:11', '2017-09-13 07:27:29', '2017-09-13 14:39:13', '53dd8c5f-ab1e-4603-8bfc-f38747439802'),
 ('317', '1', '16', 'bio-grace-kobryn.jpg', 'image', '800', '800', '150112', '2017-09-13 07:19:37', '2017-09-13 07:27:29', '2017-09-13 14:39:14', 'aa49fe9d-971d-4d90-a40d-b04180fe2f2a'),
 ('318', '1', '16', 'bio-patrick-cheng.jpg', 'image', '800', '800', '166611', '2017-09-13 07:16:24', '2017-09-13 07:27:30', '2017-09-13 14:39:14', 'bbbb99a3-ae73-44d6-8606-20ebf1258fbc'),
 ('319', '1', '16', 'bio-warren-c-platt.jpg', 'image', '800', '800', '140235', '2017-09-13 07:17:44', '2017-09-13 07:27:30', '2017-09-13 14:39:15', '310f3e68-f6ec-4179-bc40-88b6d39bc2c9'),
 ('320', '1', '14', 'hero-audio-sermons.jpg', 'image', '1200', '756', '238304', '2017-09-12 17:17:42', '2017-09-13 07:27:37', '2017-09-13 14:39:29', 'a3745790-0b4f-4c3b-be09-acb4310cae3b'),
 ('326', '3', '5', 'hero-music-at-transfiguration.jpg', 'image', '1200', '756', '239731', '2017-09-13 09:26:36', '2017-09-13 09:26:39', '2017-09-13 14:39:51', '87267761-c2e5-45c7-b77a-5df07629412e'),
 ('328', '3', '5', 'hero-organist-and-choirmaster.jpg', 'image', '1200', '756', '360553', '2017-09-13 09:40:26', '2017-09-13 09:40:28', '2017-09-13 14:39:52', '4fdc6ffe-1ad4-4a5f-b496-9b593fa6c83d'),
 ('331', '1', '14', 'hero-music-at-transfiguration.jpg', 'image', '1200', '756', '239731', '2017-09-13 09:26:36', '2017-09-13 10:21:08', '2017-09-13 14:39:29', '77e67f8d-05f8-40dd-bc49-63ca3033fa69'),
 ('332', '1', '14', 'hero-organist-and-choirmaster.jpg', 'image', '1200', '756', '360553', '2017-09-13 09:40:26', '2017-09-13 10:21:08', '2017-09-13 14:39:30', '3f9127ef-b73e-451e-a319-1f114043eaed'),
 ('335', '4', '7', 'figure-organ.jpg', 'image', '1400', '984', '447391', '2017-09-13 10:40:08', '2017-09-13 10:40:09', '2017-09-13 14:39:46', '586b4177-7350-4f63-a2e1-b336246f4171'),
 ('339', '3', '5', 'hero-concert-series.jpg', 'image', '1200', '756', '325464', '2017-09-13 10:56:09', '2017-09-13 10:56:17', '2017-09-13 14:39:52', '28b76d9e-3888-4988-b5ba-3cecdb9fb519'),
 ('342', '1', '10', 'figure-organ.jpg', 'image', '1400', '984', '447391', '2017-09-13 10:40:08', '2017-09-13 14:39:28', '2017-09-13 14:39:28', '152b2456-d00b-4843-9352-8d682c80d1aa'),
 ('343', '1', '14', 'hero-concert-series.jpg', 'image', '1200', '756', '325464', '2017-09-13 10:56:09', '2017-09-13 14:39:29', '2017-09-13 14:39:29', '96e9a430-a93b-49b3-9a29-393d2ee0cc51');



DROP TABLE IF EXISTS `craft_assetfolders`;


--
-- Schema for table `craft_assetfolders`
--
CREATE TABLE `craft_assetfolders` (
  `id` int(11) NOT NULL AUTO_INCREMENT,
  `parentId` int(11) DEFAULT NULL,
  `sourceId` int(11) DEFAULT NULL,
  `name` varchar(255) COLLATE utf8_unicode_ci NOT NULL,
  `path` varchar(255) COLLATE utf8_unicode_ci DEFAULT NULL,
  `dateCreated` datetime NOT NULL,
  `dateUpdated` datetime NOT NULL,
  `uid` char(36) COLLATE utf8_unicode_ci NOT NULL DEFAULT '0',
  PRIMARY KEY (`id`),
  UNIQUE KEY `craft_assetfolders_name_parentId_sourceId_unq_idx` (`name`,`parentId`,`sourceId`),
  KEY `craft_assetfolders_parentId_fk` (`parentId`),
  KEY `craft_assetfolders_sourceId_fk` (`sourceId`)
) ENGINE=InnoDB AUTO_INCREMENT=25 DEFAULT CHARSET=utf8 COLLATE=utf8_unicode_ci;

--
-- Data for table `craft_assetfolders`
--

INSERT INTO `craft_assetfolders` (`id`, `parentId`, `sourceId`, `name`, `path`, `dateCreated`, `dateUpdated`, `uid`) VALUES
 ('1', NULL, '1', 'Global Images', '', '2017-08-25 13:18:29', '2017-08-25 13:18:29', '6c5fdd87-33a3-44e7-8e06-5a8de3ce65d9'),
 ('2', NULL, '2', 'Marquee', '', '2017-08-25 13:27:45', '2017-08-30 11:39:40', '2c0a9208-0ac8-458e-b831-395180a9f287'),
 ('4', '1', '1', 'virtual-tour', 'virtual-tour/', '2017-08-25 14:10:44', '2017-08-25 14:10:44', '2c32f292-c6a6-4feb-be88-337516406f56'),
 ('5', NULL, '3', 'About Hero', '', '2017-08-26 11:13:29', '2017-08-30 11:31:05', 'aa69633a-2de0-4e26-939b-67b78565ce84'),
 ('7', NULL, '4', 'Figure', '', '2017-08-28 12:11:29', '2017-08-28 12:31:18', '21e8456f-f516-4f5c-86ec-22c798dc5107'),
 ('8', NULL, '5', 'Bio', '', '2017-08-28 15:09:19', '2017-08-30 11:51:19', '2bf6bf44-6e16-436f-a74c-947758cb172e'),
 ('10', '1', '1', 'figure', 'figure/', '2017-08-28 18:49:07', '2017-08-28 18:49:07', 'eed1e145-a768-4c0d-991c-7fb48487d316'),
 ('11', NULL, '6', 'Blog Feature', '', '2017-08-30 08:54:41', '2017-08-30 09:01:33', '445a522f-eddf-413b-b7e4-dd4dd1aadb20'),
 ('12', '1', '1', 'blog', 'blog/', '2017-08-30 11:32:21', '2017-08-30 11:32:21', '102e4aeb-56c1-4966-a9b0-df2fbea335eb'),
 ('13', '12', '1', 'feature', 'blog/feature/', '2017-08-30 11:32:21', '2017-08-30 11:32:21', 'b8faf5a9-a3f6-4810-8243-04ea320167eb'),
 ('14', '1', '1', 'hero', 'hero/', '2017-08-30 11:32:21', '2017-08-30 11:32:21', '0a1d0277-6bd0-4f9b-96f7-e24e3c09297e'),
 ('15', '1', '1', 'marquee', 'marquee/', '2017-08-30 11:42:01', '2017-08-30 11:42:01', '4606776d-5bd7-47b5-bad5-7b8023c1b69c'),
 ('16', '1', '1', 'bio', 'bio/', '2017-08-30 11:51:30', '2017-08-30 11:51:30', '81cbffea-afcf-4785-bcc3-04c0ce45e7e6'),
 ('17', NULL, '7', 'Blog Article', '', '2017-08-30 14:06:23', '2017-08-30 14:06:23', '2091714e-cc7f-4a79-b0a0-5d5fa8407ef2'),
 ('18', '17', '7', 'feature', 'feature/', '2017-08-30 14:23:09', '2017-08-30 14:23:09', 'bcf7ed5c-c31a-454f-b469-05d7641feebb'),
 ('19', NULL, '8', 'Quadrant', '', '2017-08-31 11:28:24', '2017-08-31 11:31:06', '680b99b5-61c6-4cc0-9d3d-44b8e09c372b'),
 ('20', '1', '1', 'quadrant', 'quadrant/', '2017-08-31 11:39:21', '2017-08-31 11:39:21', 'b792bad6-9811-494e-8341-94fe2c2a4ed7'),
 ('21', NULL, '9', 'Graphic Feature', '', '2017-08-31 18:42:51', '2017-08-31 18:42:51', 'aded3b7b-52c8-4d60-b94b-1866892903cd'),
 ('22', '1', '1', 'graphic-feature', 'graphic-feature/', '2017-08-31 19:05:40', '2017-08-31 19:05:40', '0e0f7592-07e0-4873-9090-2065e5d89a32'),
 ('23', NULL, '10', 'Virtual Tour', '', '2017-09-01 11:34:41', '2017-09-01 11:34:41', 'b61d3b8e-3009-404b-9441-578873a76e28'),
 ('24', NULL, '11', 'Audio', '', '2017-09-12 09:38:43', '2017-09-12 09:39:45', '34c51f79-54f2-49f6-aea6-de6fc8c0b496');



DROP TABLE IF EXISTS `craft_assetindexdata`;


--
-- Schema for table `craft_assetindexdata`
--
CREATE TABLE `craft_assetindexdata` (
  `id` int(11) NOT NULL AUTO_INCREMENT,
  `sessionId` varchar(36) COLLATE utf8_unicode_ci NOT NULL DEFAULT '',
  `sourceId` int(10) NOT NULL,
  `offset` int(10) NOT NULL,
  `uri` varchar(255) COLLATE utf8_unicode_ci DEFAULT NULL,
  `size` varchar(255) COLLATE utf8_unicode_ci DEFAULT NULL,
  `recordId` int(10) DEFAULT NULL,
  `dateCreated` datetime NOT NULL,
  `dateUpdated` datetime NOT NULL,
  `uid` char(36) COLLATE utf8_unicode_ci NOT NULL DEFAULT '0',
  PRIMARY KEY (`id`),
  UNIQUE KEY `craft_assetindexdata_sessionId_sourceId_offset_unq_idx` (`sessionId`,`sourceId`,`offset`),
  KEY `craft_assetindexdata_sourceId_fk` (`sourceId`)
) ENGINE=InnoDB AUTO_INCREMENT=131 DEFAULT CHARSET=utf8 COLLATE=utf8_unicode_ci;

DROP TABLE IF EXISTS `craft_assetsources`;


--
-- Schema for table `craft_assetsources`
--
CREATE TABLE `craft_assetsources` (
  `id` int(11) NOT NULL AUTO_INCREMENT,
  `name` varchar(255) COLLATE utf8_unicode_ci NOT NULL,
  `handle` varchar(255) COLLATE utf8_unicode_ci NOT NULL,
  `type` varchar(150) COLLATE utf8_unicode_ci NOT NULL,
  `settings` text COLLATE utf8_unicode_ci,
  `sortOrder` smallint(6) unsigned DEFAULT NULL,
  `fieldLayoutId` int(10) DEFAULT NULL,
  `dateCreated` datetime NOT NULL,
  `dateUpdated` datetime NOT NULL,
  `uid` char(36) COLLATE utf8_unicode_ci NOT NULL DEFAULT '0',
  PRIMARY KEY (`id`),
  UNIQUE KEY `craft_assetsources_name_unq_idx` (`name`),
  UNIQUE KEY `craft_assetsources_handle_unq_idx` (`handle`),
  KEY `craft_assetsources_fieldLayoutId_fk` (`fieldLayoutId`)
) ENGINE=InnoDB AUTO_INCREMENT=12 DEFAULT CHARSET=utf8 COLLATE=utf8_unicode_ci;

--
-- Data for table `craft_assetsources`
--

INSERT INTO `craft_assetsources` (`id`, `name`, `handle`, `type`, `settings`, `sortOrder`, `fieldLayoutId`, `dateCreated`, `dateUpdated`, `uid`) VALUES
 ('1', 'Global Images', 'globalImages', 'Local', '{\"path\":\"images\\/\",\"publicURLs\":\"1\",\"url\":\"{baseUrl}images\\/\"}', '1', '6', '2017-08-25 13:18:29', '2017-08-25 13:18:29', '626af5cb-d5f4-4c95-9780-d5f658c9ceb7'),
 ('2', 'Marquee', 'marquee', 'Local', '{\"path\":\"images\\/marquee\\/\",\"publicURLs\":\"1\",\"url\":\"{baseUrl}images\\/marquee\\/\"}', '2', '98', '2017-08-25 13:27:45', '2017-08-30 11:39:40', '5d9b1bbc-1ebc-4618-9948-8e1df05a2409'),
 ('3', 'About Hero', 'aboutHero', 'Local', '{\"path\":\"images\\/hero\\/\",\"publicURLs\":\"1\",\"url\":\"{baseUrl}images\\/hero\\/\"}', '3', '97', '2017-08-26 11:13:29', '2017-08-30 11:31:05', '93dc7f79-e37e-4582-b829-4f37205a273c'),
 ('4', 'Figure', 'figure', 'Local', '{\"path\":\"images\\/figure\\/\",\"publicURLs\":\"1\",\"url\":\"{baseUrl}images\\/figure\\/\"}', '4', '54', '2017-08-28 12:11:29', '2017-08-28 12:31:18', '47d91de8-1130-4ce3-9f39-08cefbb1d2ac'),
 ('5', 'Bio', 'bios', 'Local', '{\"path\":\"images\\/bio\\/\",\"publicURLs\":\"1\",\"url\":\"{baseUrl}images\\/bio\\/\"}', '5', '99', '2017-08-28 15:09:19', '2017-08-30 11:51:19', 'a340479e-f789-4051-a65e-1970fc7d9ae7'),
 ('6', 'Blog Feature', 'blogFeature', 'Local', '{\"path\":\"images\\/blog\\/feature\\/\",\"publicURLs\":\"1\",\"url\":\"{baseUrl}images\\/blog\\/feature\\/\"}', '6', '93', '2017-08-30 08:54:41', '2017-08-30 09:01:33', '9dabe8ee-a9b1-46fa-98aa-8f1d852d945e'),
 ('7', 'Blog Article', 'blogArticle', 'Local', '{\"path\":\"images\\/blog\\/\",\"publicURLs\":\"1\",\"url\":\"{baseUrl}images\\/blog\\/\"}', '7', '112', '2017-08-30 14:06:23', '2017-08-30 14:06:23', 'bf2d139f-afd0-4a3d-869c-de6ffb16d6e2'),
 ('8', 'Quadrant', 'quadrants', 'Local', '{\"path\":\"images\\/quadrant\\/\",\"publicURLs\":\"1\",\"url\":\"{baseUrl}images\\/quadrant\\/\"}', '8', '140', '2017-08-31 11:28:24', '2017-08-31 11:31:06', '20d8af83-78f0-47d9-9c61-20e6d40df7a3'),
 ('9', 'Graphic Feature', 'graphicFeature', 'Local', '{\"path\":\"images\\/graphic-feature\\/\",\"publicURLs\":\"1\",\"url\":\"{baseUrl}images\\/graphic-feature\\/\"}', '9', '148', '2017-08-31 18:42:51', '2017-08-31 18:49:23', '00363569-797d-4bf6-b387-e437c5b58f16'),
 ('10', 'Virtual Tour', 'virtualTour', 'Local', '{\"path\":\"images\\/virtual-tour\\/\",\"publicURLs\":\"1\",\"url\":\"{baseUrl}images\\/virtual-tour\\/\"}', '10', '155', '2017-09-01 11:34:41', '2017-09-01 11:34:41', '8cc8939d-da19-4fc3-9913-dd57cb4120cc'),
 ('11', 'Audio', 'audio', 'Local', '{\"path\":\"media\\/audio\\/\",\"publicURLs\":\"1\",\"url\":\"{baseUrl}\\/media\\/audio\\/\"}', '11', '169', '2017-09-12 09:38:43', '2017-09-12 09:39:45', '9ed14970-7a11-417c-bf59-2db4f5831b6f');



DROP TABLE IF EXISTS `craft_assettransformindex`;


--
-- Schema for table `craft_assettransformindex`
--
CREATE TABLE `craft_assettransformindex` (
  `id` int(11) NOT NULL AUTO_INCREMENT,
  `fileId` int(11) NOT NULL,
  `filename` varchar(255) COLLATE utf8_unicode_ci DEFAULT NULL,
  `format` varchar(255) COLLATE utf8_unicode_ci DEFAULT NULL,
  `location` varchar(255) COLLATE utf8_unicode_ci NOT NULL,
  `sourceId` int(11) DEFAULT NULL,
  `fileExists` tinyint(1) DEFAULT NULL,
  `inProgress` tinyint(1) DEFAULT NULL,
  `dateIndexed` datetime DEFAULT NULL,
  `dateCreated` datetime NOT NULL,
  `dateUpdated` datetime NOT NULL,
  `uid` char(36) COLLATE utf8_unicode_ci NOT NULL DEFAULT '0',
  PRIMARY KEY (`id`),
  KEY `craft_assettransformindex_sourceId_fileId_location_idx` (`sourceId`,`fileId`,`location`)
) ENGINE=InnoDB DEFAULT CHARSET=utf8 COLLATE=utf8_unicode_ci;

DROP TABLE IF EXISTS `craft_assettransforms`;


--
-- Schema for table `craft_assettransforms`
--
CREATE TABLE `craft_assettransforms` (
  `id` int(11) NOT NULL AUTO_INCREMENT,
  `name` varchar(255) COLLATE utf8_unicode_ci NOT NULL,
  `handle` varchar(255) COLLATE utf8_unicode_ci NOT NULL,
  `mode` enum('stretch','fit','crop') COLLATE utf8_unicode_ci NOT NULL DEFAULT 'crop',
  `position` enum('top-left','top-center','top-right','center-left','center-center','center-right','bottom-left','bottom-center','bottom-right') COLLATE utf8_unicode_ci NOT NULL DEFAULT 'center-center',
  `height` int(10) DEFAULT NULL,
  `width` int(10) DEFAULT NULL,
  `format` varchar(255) COLLATE utf8_unicode_ci DEFAULT NULL,
  `quality` int(10) DEFAULT NULL,
  `dimensionChangeTime` datetime DEFAULT NULL,
  `dateCreated` datetime NOT NULL,
  `dateUpdated` datetime NOT NULL,
  `uid` char(36) COLLATE utf8_unicode_ci NOT NULL DEFAULT '0',
  PRIMARY KEY (`id`),
  UNIQUE KEY `craft_assettransforms_name_unq_idx` (`name`),
  UNIQUE KEY `craft_assettransforms_handle_unq_idx` (`handle`)
) ENGINE=InnoDB DEFAULT CHARSET=utf8 COLLATE=utf8_unicode_ci;

DROP TABLE IF EXISTS `craft_categories`;


--
-- Schema for table `craft_categories`
--
CREATE TABLE `craft_categories` (
  `id` int(11) NOT NULL,
  `groupId` int(11) NOT NULL,
  `dateCreated` datetime NOT NULL,
  `dateUpdated` datetime NOT NULL,
  `uid` char(36) COLLATE utf8_unicode_ci NOT NULL DEFAULT '0',
  PRIMARY KEY (`id`),
  KEY `craft_categories_groupId_fk` (`groupId`)
) ENGINE=InnoDB DEFAULT CHARSET=utf8 COLLATE=utf8_unicode_ci;

DROP TABLE IF EXISTS `craft_categorygroups`;


--
-- Schema for table `craft_categorygroups`
--
CREATE TABLE `craft_categorygroups` (
  `id` int(11) NOT NULL AUTO_INCREMENT,
  `structureId` int(11) NOT NULL,
  `fieldLayoutId` int(11) DEFAULT NULL,
  `name` varchar(255) COLLATE utf8_unicode_ci NOT NULL,
  `handle` varchar(255) COLLATE utf8_unicode_ci NOT NULL,
  `hasUrls` tinyint(1) unsigned NOT NULL DEFAULT '1',
  `template` varchar(500) COLLATE utf8_unicode_ci DEFAULT NULL,
  `dateCreated` datetime NOT NULL,
  `dateUpdated` datetime NOT NULL,
  `uid` char(36) COLLATE utf8_unicode_ci NOT NULL DEFAULT '0',
  PRIMARY KEY (`id`),
  UNIQUE KEY `craft_categorygroups_name_unq_idx` (`name`),
  UNIQUE KEY `craft_categorygroups_handle_unq_idx` (`handle`),
  KEY `craft_categorygroups_structureId_fk` (`structureId`),
  KEY `craft_categorygroups_fieldLayoutId_fk` (`fieldLayoutId`)
) ENGINE=InnoDB DEFAULT CHARSET=utf8 COLLATE=utf8_unicode_ci;

DROP TABLE IF EXISTS `craft_categorygroups_i18n`;


--
-- Schema for table `craft_categorygroups_i18n`
--
CREATE TABLE `craft_categorygroups_i18n` (
  `id` int(11) NOT NULL AUTO_INCREMENT,
  `groupId` int(11) NOT NULL,
  `locale` char(12) COLLATE utf8_unicode_ci NOT NULL,
  `urlFormat` text COLLATE utf8_unicode_ci,
  `nestedUrlFormat` text COLLATE utf8_unicode_ci,
  `dateCreated` datetime NOT NULL,
  `dateUpdated` datetime NOT NULL,
  `uid` char(36) COLLATE utf8_unicode_ci NOT NULL DEFAULT '0',
  PRIMARY KEY (`id`),
  UNIQUE KEY `craft_categorygroups_i18n_groupId_locale_unq_idx` (`groupId`,`locale`),
  KEY `craft_categorygroups_i18n_locale_fk` (`locale`)
) ENGINE=InnoDB DEFAULT CHARSET=utf8 COLLATE=utf8_unicode_ci;

DROP TABLE IF EXISTS `craft_content`;


--
-- Schema for table `craft_content`
--
CREATE TABLE `craft_content` (
  `id` int(11) NOT NULL AUTO_INCREMENT,
  `elementId` int(11) NOT NULL,
  `locale` char(12) COLLATE utf8_unicode_ci NOT NULL,
  `title` varchar(255) COLLATE utf8_unicode_ci DEFAULT NULL,
  `field_body` text COLLATE utf8_unicode_ci,
  `field_altAttribute` text COLLATE utf8_unicode_ci,
  `field_linkText` text COLLATE utf8_unicode_ci,
  `field_linkUrl` text COLLATE utf8_unicode_ci,
  `field_headlineA` text COLLATE utf8_unicode_ci,
  `field_headlineB` text COLLATE utf8_unicode_ci,
  `field_introduction` text COLLATE utf8_unicode_ci,
  `field_fullName` text COLLATE utf8_unicode_ci,
  `field_professionalTitle` text COLLATE utf8_unicode_ci,
  `field_byLine` text COLLATE utf8_unicode_ci,
  `field_photoCredit` text COLLATE utf8_unicode_ci,
  `field_graphicFeatureHeadline` text COLLATE utf8_unicode_ci,
  `field_graphicFeatureText` text COLLATE utf8_unicode_ci,
  `field_headline` text COLLATE utf8_unicode_ci,
  `field_tourDescription` text COLLATE utf8_unicode_ci,
  `field_date` text COLLATE utf8_unicode_ci,
  `field_detailPage` tinyint(1) unsigned NOT NULL DEFAULT '0',
  `dateCreated` datetime NOT NULL,
  `dateUpdated` datetime NOT NULL,
  `uid` char(36) COLLATE utf8_unicode_ci NOT NULL DEFAULT '0',
  PRIMARY KEY (`id`),
  UNIQUE KEY `craft_content_elementId_locale_unq_idx` (`elementId`,`locale`),
  KEY `craft_content_title_idx` (`title`),
  KEY `craft_content_locale_fk` (`locale`)
) ENGINE=InnoDB AUTO_INCREMENT=314 DEFAULT CHARSET=utf8 COLLATE=utf8_unicode_ci;

--
-- Data for table `craft_content`
--

INSERT INTO `craft_content` (`id`, `elementId`, `locale`, `title`, `field_body`, `field_altAttribute`, `field_linkText`, `field_linkUrl`, `field_headlineA`, `field_headlineB`, `field_introduction`, `field_fullName`, `field_professionalTitle`, `field_byLine`, `field_photoCredit`, `field_graphicFeatureHeadline`, `field_graphicFeatureText`, `field_headline`, `field_tourDescription`, `field_date`, `field_detailPage`, `dateCreated`, `dateUpdated`, `uid`) VALUES
 ('1', '1', 'en_us', NULL, NULL, NULL, NULL, NULL, NULL, NULL, NULL, NULL, NULL, NULL, NULL, NULL, NULL, NULL, NULL, NULL, '0', '2017-08-24 19:10:37', '2017-08-24 22:29:09', '18f11dd6-e5b4-4e90-b6a3-d2d1b9ee233e'),
 ('7', '7', 'en_us', 'An Anglo-Catholic parish in Manhattan’s NoMad neighborhood', NULL, '', 'Worship Schedule', '/worship/worship-schedule', 'An Anglo-Catholic parish in Manhattan’s', 'NoMad neighborhood', NULL, NULL, NULL, NULL, NULL, NULL, NULL, NULL, NULL, NULL, '0', '2017-08-25 13:52:11', '2017-09-01 11:23:11', 'cb995ed8-f46b-4a01-9f4d-d67dd4d03d27'),
 ('59', '59', 'en_us', 'Your next quiet moment is right around the corner', NULL, '', 'Visit', '#', 'Your next quiet moment is', 'right around the corner', NULL, NULL, NULL, NULL, NULL, NULL, NULL, NULL, NULL, NULL, '0', '2017-08-25 14:26:30', '2017-08-31 11:26:04', 'eb450c02-bc3e-4a92-b682-f857e4bfed97'),
 ('60', '60', 'en_us', 'Discover the art and architecture of our church and grounds', NULL, '', 'Virtual Tour', '/virtual-tour', 'Discover the art and architecture', 'of our church and grounds', NULL, NULL, NULL, NULL, NULL, NULL, NULL, NULL, NULL, NULL, '0', '2017-08-25 14:47:49', '2017-09-01 11:23:38', 'ffbaa4a7-3053-4316-9fa9-980736a41b66'),
 ('61', '61', 'en_us', 'Home', '<h2>How we became the little church around the corner</h2>\n<p>Ad ullamcorper cursus vestibulum suspendisse parturient accumsan dignissim parturient accumsan adipiscing eget lectus condimentum aliquet lectus ullamcorper.</p>', 'the little church around the corner', 'Our History', '#', 'We embrace all who seek', 'God’s inclusive love', NULL, NULL, NULL, NULL, NULL, '<p>How we became <em>the little church around the corner</em></p>', '<p>Ullamcorper cursus vestibulum suspendisse parturient accumsan dignissim parturient accumsan adipiscing eget lectus condimentum aliquet lectus ullamcorper</p>', NULL, NULL, NULL, '0', '2017-08-25 16:28:45', '2017-08-31 19:20:17', '5b218861-31e8-4cba-82b7-c397bffb5bb2'),
 ('62', '62', 'en_us', 'Who We Are', NULL, 'Who We Are', '', '#', NULL, NULL, NULL, NULL, NULL, NULL, NULL, NULL, NULL, NULL, NULL, NULL, '0', '2017-08-25 18:25:38', '2017-08-31 11:36:00', 'db289a3a-85bf-45d9-b8b3-bf7cfee19c3b'),
 ('63', '63', 'en_us', 'Liturgy', NULL, 'Liturgy', NULL, '#', NULL, NULL, NULL, NULL, NULL, NULL, NULL, NULL, NULL, NULL, NULL, NULL, '0', '2017-08-25 18:49:23', '2017-08-31 11:38:32', '1849d36b-4fca-40e5-a292-6032227edee9'),
 ('64', '64', 'en_us', 'Music', NULL, 'Music', NULL, '#', NULL, NULL, NULL, NULL, NULL, NULL, NULL, NULL, NULL, NULL, NULL, NULL, '0', '2017-08-25 18:50:18', '2017-08-31 11:38:27', 'b4c152d6-b844-4879-92c5-f1aa8cb34687'),
 ('65', '65', 'en_us', 'Parish Life', NULL, 'Parish Life', NULL, '#', NULL, NULL, NULL, NULL, NULL, NULL, NULL, NULL, NULL, NULL, NULL, NULL, '0', '2017-08-25 18:50:41', '2017-08-31 11:38:41', 'cbb0f7f7-88df-4445-b2ad-32af5bf6e206'),
 ('69', '69', 'en_us', 'Welcome', '<p>Mi aptent suspendisse sociis augue pretium eleifend ante suspendisse ad condimentum a a scelerisque a sem tempor tristique vestibulum ultrices lectus consectetur potenti fusce ipsum parturient fermentum.Tincidunt aliquet tellus urna pretium a mus quis adipiscing a a porta eget aliquet ullamcorper mollis leo. Natoque class a a tellus condimentum purus curabitur a fusce arcu congue conubia mus natoque at.</p>', 'Welcome to our little church', NULL, NULL, NULL, NULL, '<p>Greetings and welcome to the Church of the Transfiguration, also known affectionately as the “Little Church Around the Corner”. Our parish combines the beauty and depth of the Anglo-Catholic tradition with the warmth of a dear community of people seeking the presence of Christ in the center of the NoMad neighborhood in Manhattan.</p>', NULL, NULL, NULL, 'Meghan Joseph', NULL, NULL, NULL, NULL, NULL, '0', '2017-08-26 11:22:17', '2017-09-13 09:18:42', 'eb269d89-72b0-4fc3-adcc-78b124fcade3'),
 ('72', '76', 'en_us', 'Ian Betts', '<p>Dictum sit sed venenatis magnis nulla per parturient a dictumst urna a parturient velit scelerisque ullamcorper nec orci eu himenaeos mus amet adipiscing metus ut duis. Vitae parturient a sit ut quisque accumsan scelerisque in a a hac mattis a felis scelerisque blandit suspendisse mus montes a at adipiscing. </p><p>Ullamcorper ipsum lobortis facilisi scelerisque a vestibulum nascetur id mattis tincidunt dictum netus dictumst pulvinar risus sagittis consectetur leo dolor cras. Laoreet facilisis leo ullamcorper a cursus interdum proin ad habitasse diam ridiculus a parturient mi parturient parturient scelerisque parturient suspendisse vestibulum.</p>', NULL, NULL, NULL, NULL, NULL, NULL, NULL, 'Deacon', NULL, NULL, NULL, NULL, NULL, NULL, NULL, '0', '2017-08-28 15:15:46', '2017-09-13 07:33:37', '94ed6965-27de-4909-b641-a1de6d1885ae'),
 ('73', '78', 'en_us', 'Fr. John David van Dooren', '<p>Fr. John David van Dooren is a native of North Carolina, and was graduated from the University of North Carolina (1982) and the Virginia Theological Seminary (1987). His first field assignment was to an Anglo-Catholic parish, one of the only few in the the area. There Fr. van Dooren was introduced to a spirituality that would define his eventual priesthood and lead him to a lifelong commitment to urban ministry.</p>\n<p>After beginning his ordained life as chaplain and track and field coach at St. Stephen’s Episcopal School in Alexandria, VA (a happy period of life other than wrecking two school busses), Fr. van Dooren served as curate of All Souls Episcopal Church in Washington, DC. He then served as an assistant priest at St. Martin’s in the Field, Severna Park, MD, before being called back to All Souls as their sixth Rector.  After 14 years as Rector, Fr. van Dooren accepted the call to the Church of the Atonement in Chicago, where he served as Rector for eleven and half years. Fr. van Dooren was elected the eighth rector of Transfiguration in early 2017. He has shared the past 30 years of life with Gary Norcross.</p>', NULL, NULL, NULL, NULL, NULL, NULL, NULL, 'Rector', NULL, NULL, NULL, NULL, NULL, NULL, NULL, '0', '2017-08-28 15:42:05', '2017-09-13 08:16:52', '6dc7c368-debc-4200-aef6-4db119142c16'),
 ('82', '87', 'en_us', 'Who We Are', NULL, 'Who We Are', NULL, NULL, NULL, NULL, '<p>Consequat orci a cum suspendisse pretium orci dui dapibus ultricies nisi vulputate erat a dui. Ultricies enim a ut per egestas augue dis ad tellus mus a hac ac a scelerisque ullamcorper eupraesent quisque adipiscing. Erat purus ante habitasse mus interdum scelerisque a hac fermentum cum conguesuspendisse scelerisque auctor condimentum eu ipsum varius cursus a tempus aenean consectetur.</p>', NULL, NULL, NULL, '', NULL, NULL, NULL, NULL, NULL, '0', '2017-08-28 19:40:55', '2017-09-13 09:18:42', '8e734be0-22cc-4917-a219-630c84b1b2bc'),
 ('88', '94', 'en_us', 'Good Things Come In Threes', NULL, NULL, NULL, NULL, NULL, NULL, NULL, NULL, NULL, 'Mary Jane Gocher', 'Corey Schneider', NULL, NULL, NULL, NULL, NULL, '0', '2017-08-30 09:08:48', '2017-08-31 17:46:16', '1a28a69e-ec70-441d-8a62-6428a63d552b'),
 ('106', '115', 'en_us', 'Do All Dogs Go To Heaven?', NULL, NULL, NULL, NULL, NULL, NULL, NULL, NULL, NULL, 'Mary Jane Gocher', '', NULL, NULL, NULL, NULL, NULL, '0', '2017-08-30 15:21:41', '2017-08-31 14:04:54', '8f370595-140a-44bb-af32-bf7c6166960a'),
 ('117', '131', 'en_us', 'Marquee 01', NULL, NULL, NULL, NULL, NULL, NULL, NULL, NULL, NULL, NULL, NULL, NULL, NULL, NULL, NULL, NULL, '0', '2017-08-31 11:24:59', '2017-09-13 14:39:54', 'faec7d41-c726-49ef-86f2-59bba991caf7'),
 ('118', '132', 'en_us', 'Marquee 02', NULL, NULL, NULL, NULL, NULL, NULL, NULL, NULL, NULL, NULL, NULL, NULL, NULL, NULL, NULL, NULL, '0', '2017-08-31 11:24:59', '2017-09-13 14:39:54', 'c659d434-020d-44be-b11c-38f701715248'),
 ('119', '133', 'en_us', 'Marquee 03', NULL, NULL, NULL, NULL, NULL, NULL, NULL, NULL, NULL, NULL, NULL, NULL, NULL, NULL, NULL, NULL, '0', '2017-08-31 11:25:00', '2017-09-13 14:39:54', '1b0ef71c-fea2-49bc-9ecd-1c2d09d28e6d'),
 ('124', '138', 'en_us', 'Liturgy', NULL, NULL, NULL, NULL, NULL, NULL, NULL, NULL, NULL, NULL, NULL, NULL, NULL, NULL, NULL, NULL, '0', '2017-08-31 11:35:10', '2017-09-13 14:39:58', '64c655bf-e1dd-43f0-9416-64e069989888'),
 ('125', '139', 'en_us', 'Music', NULL, NULL, NULL, NULL, NULL, NULL, NULL, NULL, NULL, NULL, NULL, NULL, NULL, NULL, NULL, NULL, '0', '2017-08-31 11:35:10', '2017-09-13 14:39:59', '8775584c-fc12-4f52-913e-6d8816013d96'),
 ('126', '140', 'en_us', 'Parish Life', NULL, NULL, NULL, NULL, NULL, NULL, NULL, NULL, NULL, NULL, NULL, NULL, NULL, NULL, NULL, NULL, '0', '2017-08-31 11:35:11', '2017-09-13 14:39:59', 'a737e125-65c3-45e5-93c2-e74911286293'),
 ('127', '141', 'en_us', 'Who We Are', NULL, NULL, NULL, NULL, NULL, NULL, NULL, NULL, NULL, NULL, NULL, NULL, NULL, NULL, NULL, NULL, '0', '2017-08-31 11:35:11', '2017-09-13 14:39:58', '49ade3f3-4910-42a0-803d-48478cd5d94a'),
 ('128', '142', 'en_us', 'Bio Ian Betts', NULL, NULL, NULL, NULL, NULL, NULL, NULL, NULL, NULL, NULL, NULL, NULL, NULL, NULL, NULL, NULL, '0', '2017-08-31 11:39:21', '2017-09-13 14:39:14', '316ba05f-cd8a-4ff3-9506-0d1b862f4ac5'),
 ('130', '144', 'en_us', 'Edwin Booth Window Verticle', NULL, NULL, NULL, NULL, NULL, NULL, NULL, NULL, NULL, NULL, NULL, NULL, NULL, NULL, NULL, NULL, '0', '2017-08-31 11:39:22', '2017-09-13 14:39:15', 'b8fe2b4e-8fd8-4bca-b1c5-d77b94774b7d'),
 ('131', '145', 'en_us', 'Bio John David Van Dooren', NULL, NULL, NULL, NULL, NULL, NULL, NULL, NULL, NULL, NULL, NULL, NULL, NULL, NULL, NULL, NULL, '0', '2017-08-31 11:39:22', '2017-09-13 14:39:14', '6e6fdf52-420a-4565-8281-cd1aa317e611'),
 ('132', '146', 'en_us', 'Fr Patrick And Dog', NULL, NULL, NULL, NULL, NULL, NULL, NULL, NULL, NULL, NULL, NULL, NULL, NULL, NULL, NULL, NULL, '0', '2017-08-31 11:39:22', '2017-09-13 14:39:15', '2f521e38-63d9-4597-9a81-6d1ae39a4256'),
 ('133', '147', 'en_us', 'Fr Patrick And Dog', NULL, NULL, NULL, NULL, NULL, NULL, NULL, NULL, NULL, NULL, NULL, NULL, NULL, NULL, NULL, NULL, '0', '2017-08-31 11:39:22', '2017-09-13 14:39:16', '5a41d58f-8379-409c-84bb-85068dc9dd73'),
 ('134', '148', 'en_us', 'Placeholder', NULL, NULL, NULL, NULL, NULL, NULL, NULL, NULL, NULL, NULL, NULL, NULL, NULL, NULL, NULL, NULL, '0', '2017-08-31 11:39:23', '2017-09-13 14:39:18', '52c6ab85-f262-40fd-beaa-503e130dcf19'),
 ('135', '149', 'en_us', 'Richard Upjohn Brass Filigree Pulpit', NULL, NULL, NULL, NULL, NULL, NULL, NULL, NULL, NULL, NULL, NULL, NULL, NULL, NULL, NULL, NULL, '0', '2017-08-31 11:39:23', '2017-09-13 14:39:19', '86a46f49-9b1e-48ad-b33e-8989eb389d45'),
 ('136', '150', 'en_us', 'Blog 01', NULL, NULL, NULL, NULL, NULL, NULL, NULL, NULL, NULL, NULL, NULL, NULL, NULL, NULL, NULL, NULL, '0', '2017-08-31 11:39:23', '2017-09-13 14:39:20', 'b85287fa-09a5-4116-b562-c00bed8dac18'),
 ('137', '151', 'en_us', 'Btn Facebook', NULL, NULL, NULL, NULL, NULL, NULL, NULL, NULL, NULL, NULL, NULL, NULL, NULL, NULL, NULL, NULL, '0', '2017-08-31 11:39:23', '2017-09-13 14:39:21', '490eeead-0042-49fe-bddf-1a0aa49ccfd3'),
 ('138', '152', 'en_us', 'Btn Facebook', NULL, NULL, NULL, NULL, NULL, NULL, NULL, NULL, NULL, NULL, NULL, NULL, NULL, NULL, NULL, NULL, '0', '2017-08-31 11:39:24', '2017-09-13 14:39:21', '21a4d113-5186-484e-b7b5-b672d8e1e099'),
 ('139', '153', 'en_us', 'Btn Instagram', NULL, NULL, NULL, NULL, NULL, NULL, NULL, NULL, NULL, NULL, NULL, NULL, NULL, NULL, NULL, NULL, '0', '2017-08-31 11:39:24', '2017-09-13 14:39:21', '7e555ef1-67a5-43bc-9629-bc9d3ffee80d'),
 ('140', '154', 'en_us', 'Btn Instagram', NULL, NULL, NULL, NULL, NULL, NULL, NULL, NULL, NULL, NULL, NULL, NULL, NULL, NULL, NULL, NULL, '0', '2017-08-31 11:39:24', '2017-09-13 14:39:22', '7792134c-8bc2-44e0-b8e0-a7f7978c60eb'),
 ('141', '155', 'en_us', 'Btn Share Email', NULL, NULL, NULL, NULL, NULL, NULL, NULL, NULL, NULL, NULL, NULL, NULL, NULL, NULL, NULL, NULL, '0', '2017-08-31 11:39:24', '2017-09-13 14:39:22', '9610d5b9-37fa-485c-961f-f27fba921721'),
 ('142', '156', 'en_us', 'Btn Share Email', NULL, NULL, NULL, NULL, NULL, NULL, NULL, NULL, NULL, NULL, NULL, NULL, NULL, NULL, NULL, NULL, '0', '2017-08-31 11:39:24', '2017-09-13 14:39:22', '4bc6dd30-b287-4b87-96bb-966e9901fbe7'),
 ('143', '157', 'en_us', 'Btn Share Facebook', NULL, NULL, NULL, NULL, NULL, NULL, NULL, NULL, NULL, NULL, NULL, NULL, NULL, NULL, NULL, NULL, '0', '2017-08-31 11:39:25', '2017-09-13 14:39:22', '5f488a77-5685-47ac-a471-0a6489d9c2b4'),
 ('144', '158', 'en_us', 'Btn Share Facebook', NULL, NULL, NULL, NULL, NULL, NULL, NULL, NULL, NULL, NULL, NULL, NULL, NULL, NULL, NULL, NULL, '0', '2017-08-31 11:39:25', '2017-09-13 14:39:22', '2c5c08c2-5579-45f6-9226-2f94a7d4c119'),
 ('145', '159', 'en_us', 'Btn Share Google Plus', NULL, NULL, NULL, NULL, NULL, NULL, NULL, NULL, NULL, NULL, NULL, NULL, NULL, NULL, NULL, NULL, '0', '2017-08-31 11:39:25', '2017-09-13 14:39:22', '9e687050-9df6-4690-9e59-4b14cc04c85c'),
 ('146', '160', 'en_us', 'Btn Share Google Plus', NULL, NULL, NULL, NULL, NULL, NULL, NULL, NULL, NULL, NULL, NULL, NULL, NULL, NULL, NULL, NULL, '0', '2017-08-31 11:39:25', '2017-09-13 14:39:23', '2c4cee87-457e-4831-9403-f55c46686515'),
 ('147', '161', 'en_us', 'Btn Share Twitter', NULL, NULL, NULL, NULL, NULL, NULL, NULL, NULL, NULL, NULL, NULL, NULL, NULL, NULL, NULL, NULL, '0', '2017-08-31 11:39:25', '2017-09-13 14:39:23', '7e125950-a796-48bb-aa8e-1944f0058e75'),
 ('148', '162', 'en_us', 'Btn Share Twitter', NULL, NULL, NULL, NULL, NULL, NULL, NULL, NULL, NULL, NULL, NULL, NULL, NULL, NULL, NULL, NULL, '0', '2017-08-31 11:39:26', '2017-09-13 14:39:23', '9e5e59a2-1cf2-4051-a983-1bb4fc64d1c9'),
 ('149', '163', 'en_us', 'Btn Toggle Menu', NULL, NULL, NULL, NULL, NULL, NULL, NULL, NULL, NULL, NULL, NULL, NULL, NULL, NULL, NULL, NULL, '0', '2017-08-31 11:39:26', '2017-09-13 14:39:23', 'e0f8d089-f72a-43cf-8abc-9b415b2a862e'),
 ('150', '164', 'en_us', 'Btn Toggle Menu', NULL, NULL, NULL, NULL, NULL, NULL, NULL, NULL, NULL, NULL, NULL, NULL, NULL, NULL, NULL, NULL, '0', '2017-08-31 11:39:26', '2017-09-13 14:39:23', 'f8f24e03-903b-4d38-9cde-76d125dedf0d'),
 ('151', '165', 'en_us', 'Btn Twiiter', NULL, NULL, NULL, NULL, NULL, NULL, NULL, NULL, NULL, NULL, NULL, NULL, NULL, NULL, NULL, NULL, '0', '2017-08-31 11:39:26', '2017-09-13 14:39:23', '52c447a9-649c-4f5f-be6f-4dda1c53795a'),
 ('152', '166', 'en_us', 'Btn Twiiter', NULL, NULL, NULL, NULL, NULL, NULL, NULL, NULL, NULL, NULL, NULL, NULL, NULL, NULL, NULL, NULL, '0', '2017-08-31 11:39:26', '2017-09-13 14:39:24', '73f48fa5-4b3b-4814-97a4-051f2b6f567b'),
 ('153', '167', 'en_us', 'Btn Twitter', NULL, NULL, NULL, NULL, NULL, NULL, NULL, NULL, NULL, NULL, NULL, NULL, NULL, NULL, NULL, NULL, '0', '2017-08-31 11:39:27', '2017-09-13 14:39:24', 'df9d2291-9bfa-45e4-8ccf-a0a9a4e7e57e'),
 ('154', '168', 'en_us', 'Btn Twitter', NULL, NULL, NULL, NULL, NULL, NULL, NULL, NULL, NULL, NULL, NULL, NULL, NULL, NULL, NULL, NULL, '0', '2017-08-31 11:39:27', '2017-09-13 14:39:25', '88ef2479-bfc0-4c23-870a-a480b86d1612'),
 ('155', '169', 'en_us', 'Btn Youtube', NULL, NULL, NULL, NULL, NULL, NULL, NULL, NULL, NULL, NULL, NULL, NULL, NULL, NULL, NULL, NULL, '0', '2017-08-31 11:39:27', '2017-09-13 14:39:27', '2bb3a758-81ee-42d5-b745-7a3d209ef2a8'),
 ('156', '170', 'en_us', 'Btn Youtube', NULL, NULL, NULL, NULL, NULL, NULL, NULL, NULL, NULL, NULL, NULL, NULL, NULL, NULL, NULL, NULL, '0', '2017-08-31 11:39:27', '2017-09-13 14:39:27', '63c63195-7508-4356-a30f-27da443d238a'),
 ('157', '171', 'en_us', 'Episcopal Badge', NULL, NULL, NULL, NULL, NULL, NULL, NULL, NULL, NULL, NULL, NULL, NULL, NULL, NULL, NULL, NULL, '0', '2017-08-31 11:39:27', '2017-09-13 14:39:27', '3447f2e4-55f7-4ae7-bf04-a38718310788'),
 ('158', '172', 'en_us', 'Episcopal Badge', NULL, NULL, NULL, NULL, NULL, NULL, NULL, NULL, NULL, NULL, NULL, NULL, NULL, NULL, NULL, NULL, '0', '2017-08-31 11:39:28', '2017-09-13 14:39:27', '68f44f1a-8a7a-4c0c-8de2-04bae1997e89'),
 ('159', '173', 'en_us', 'Feature Little Church', NULL, NULL, NULL, NULL, NULL, NULL, NULL, NULL, NULL, NULL, NULL, NULL, NULL, NULL, NULL, NULL, '0', '2017-08-31 11:39:28', '2017-09-13 14:39:27', '59cfadd5-5b24-453a-9220-dd78cc09d9ae'),
 ('160', '174', 'en_us', 'Figure Window', NULL, NULL, NULL, NULL, NULL, NULL, NULL, NULL, NULL, NULL, NULL, NULL, NULL, NULL, NULL, NULL, '0', '2017-08-31 11:39:28', '2017-09-13 14:39:28', '5fd7deb4-fd90-4a2a-8d3c-729787a52a65'),
 ('161', '175', 'en_us', 'Figure Window', NULL, NULL, NULL, NULL, NULL, NULL, NULL, NULL, NULL, NULL, NULL, NULL, NULL, NULL, NULL, NULL, '0', '2017-08-31 11:39:28', '2017-09-13 14:39:28', 'e0ac7d45-64fd-4214-8427-590451d79bf3'),
 ('162', '176', 'en_us', 'Hero Welcome', NULL, NULL, NULL, NULL, NULL, NULL, NULL, NULL, NULL, NULL, NULL, NULL, NULL, NULL, NULL, NULL, '0', '2017-08-31 11:39:29', '2017-09-13 14:39:35', 'fa923199-8f87-4d6d-a493-d53b3d243419'),
 ('163', '177', 'en_us', 'Hero Who We Are', NULL, NULL, NULL, NULL, NULL, NULL, NULL, NULL, NULL, NULL, NULL, NULL, NULL, NULL, NULL, NULL, '0', '2017-08-31 11:39:29', '2017-09-13 14:39:35', 'd42c843b-959f-4eb3-95a6-11c4015d8146'),
 ('164', '178', 'en_us', 'Hero Our History', NULL, NULL, NULL, NULL, NULL, NULL, NULL, NULL, NULL, NULL, NULL, NULL, NULL, NULL, NULL, NULL, '0', '2017-08-31 11:39:29', '2017-09-13 14:39:36', 'bb5ff3d2-0132-46a3-b1ca-999160ba51b4'),
 ('166', '180', 'en_us', 'Hero Welcome', NULL, NULL, NULL, NULL, NULL, NULL, NULL, NULL, NULL, NULL, NULL, NULL, NULL, NULL, NULL, NULL, '0', '2017-08-31 11:39:30', '2017-09-13 14:39:36', 'b5f62d11-a946-4e6e-8c38-d20ce37efd7f'),
 ('167', '181', 'en_us', 'Hero Who We Are', NULL, NULL, NULL, NULL, NULL, NULL, NULL, NULL, NULL, NULL, NULL, NULL, NULL, NULL, NULL, NULL, '0', '2017-08-31 11:39:30', '2017-09-13 14:39:37', 'e8797d74-f2a8-4aed-8ae9-3a7b2f2f1f11'),
 ('168', '182', 'en_us', 'Hero Worship Schedule', NULL, NULL, NULL, NULL, NULL, NULL, NULL, NULL, NULL, NULL, NULL, NULL, NULL, NULL, NULL, NULL, '0', '2017-08-31 11:39:30', '2017-09-13 14:39:37', '89ffaf85-c60a-4747-be15-fb941f7a4e66'),
 ('169', '183', 'en_us', 'Little Church Logo', NULL, NULL, NULL, NULL, NULL, NULL, NULL, NULL, NULL, NULL, NULL, NULL, NULL, NULL, NULL, NULL, '0', '2017-08-31 11:39:31', '2017-09-13 14:39:37', '0da12d36-1496-4f32-ac16-31075341a936'),
 ('170', '184', 'en_us', 'Little Church Logo', NULL, NULL, NULL, NULL, NULL, NULL, NULL, NULL, NULL, NULL, NULL, NULL, NULL, NULL, NULL, NULL, '0', '2017-08-31 11:39:31', '2017-09-13 14:39:37', 'aeb407bf-8a65-465b-ae34-5c6fdb58f4f9'),
 ('171', '185', 'en_us', 'Marquee 01', NULL, NULL, NULL, NULL, NULL, NULL, NULL, NULL, NULL, NULL, NULL, NULL, NULL, NULL, NULL, NULL, '0', '2017-08-31 11:39:31', '2017-09-13 14:39:38', '312217ec-5f2e-43d4-a37e-16532759f11f'),
 ('172', '186', 'en_us', 'Marquee 02', NULL, NULL, NULL, NULL, NULL, NULL, NULL, NULL, NULL, NULL, NULL, NULL, NULL, NULL, NULL, NULL, '0', '2017-08-31 11:39:31', '2017-09-13 14:39:38', '348e4341-f152-474a-83a0-f3368e1386fc'),
 ('173', '187', 'en_us', 'Marquee 03', NULL, NULL, NULL, NULL, NULL, NULL, NULL, NULL, NULL, NULL, NULL, NULL, NULL, NULL, NULL, NULL, '0', '2017-08-31 11:39:32', '2017-09-13 14:39:38', '834de026-bcdb-4bb0-ad41-5da0756189a5'),
 ('174', '188', 'en_us', 'Marquee 01', NULL, NULL, NULL, NULL, NULL, NULL, NULL, NULL, NULL, NULL, NULL, NULL, NULL, NULL, NULL, NULL, '0', '2017-08-31 11:39:32', '2017-09-13 14:39:38', '9dad727f-f890-4d46-adf3-98df010769d3'),
 ('175', '189', 'en_us', 'Marquee 02', NULL, NULL, NULL, NULL, NULL, NULL, NULL, NULL, NULL, NULL, NULL, NULL, NULL, NULL, NULL, NULL, '0', '2017-08-31 11:39:32', '2017-09-13 14:39:39', '55e31adf-8dfd-4a4e-9cf8-62815f6b1940'),
 ('176', '190', 'en_us', 'Marquee 03', NULL, NULL, NULL, NULL, NULL, NULL, NULL, NULL, NULL, NULL, NULL, NULL, NULL, NULL, NULL, NULL, '0', '2017-08-31 11:39:32', '2017-09-13 14:39:39', '00eab1d5-ef32-4b42-8f05-f7f106642397'),
 ('177', '191', 'en_us', 'Liturgy', NULL, NULL, NULL, NULL, NULL, NULL, NULL, NULL, NULL, NULL, NULL, NULL, NULL, NULL, NULL, NULL, '0', '2017-08-31 11:39:33', '2017-09-13 14:39:39', 'e9aa0321-558c-4aef-8459-2eed66c69274'),
 ('178', '192', 'en_us', 'Music', NULL, NULL, NULL, NULL, NULL, NULL, NULL, NULL, NULL, NULL, NULL, NULL, NULL, NULL, NULL, NULL, '0', '2017-08-31 11:39:33', '2017-09-13 14:39:41', 'f50f399a-3d50-45ef-a293-14bcc681f146'),
 ('179', '193', 'en_us', 'Parish Life', NULL, NULL, NULL, NULL, NULL, NULL, NULL, NULL, NULL, NULL, NULL, NULL, NULL, NULL, NULL, NULL, '0', '2017-08-31 11:39:33', '2017-09-13 14:39:42', '6dcea262-d900-449e-b2cd-bd5751f1c41d'),
 ('180', '194', 'en_us', 'Who We Are', NULL, NULL, NULL, NULL, NULL, NULL, NULL, NULL, NULL, NULL, NULL, NULL, NULL, NULL, NULL, NULL, '0', '2017-08-31 11:39:34', '2017-09-13 14:39:42', '2e084091-8496-4535-89a0-fd0f7026bc92'),
 ('181', '195', 'en_us', '01', NULL, NULL, NULL, NULL, NULL, NULL, NULL, NULL, NULL, NULL, NULL, NULL, NULL, NULL, NULL, NULL, '0', '2017-08-31 11:39:34', '2017-09-13 14:39:43', '958e1d1e-25c5-486f-8b09-54453b7ff5e9'),
 ('182', '196', 'en_us', '02', NULL, NULL, NULL, NULL, NULL, NULL, NULL, NULL, NULL, NULL, NULL, NULL, NULL, NULL, NULL, NULL, '0', '2017-08-31 11:39:34', '2017-09-13 14:39:43', '19a83d46-5266-44d3-af84-22597af2ff61'),
 ('183', '197', 'en_us', '03', NULL, NULL, NULL, NULL, NULL, NULL, NULL, NULL, NULL, NULL, NULL, NULL, NULL, NULL, NULL, NULL, '0', '2017-08-31 11:39:35', '2017-09-13 14:39:44', '85d87942-09b7-43a5-96b3-95dbe0adb3cd'),
 ('184', '198', 'en_us', '04', NULL, NULL, NULL, NULL, NULL, NULL, NULL, NULL, NULL, NULL, NULL, NULL, NULL, NULL, NULL, NULL, '0', '2017-08-31 11:39:35', '2017-09-13 14:39:44', '12a7e6bf-2f39-4edb-af91-79d634a45697'),
 ('185', '199', 'en_us', '05', NULL, NULL, NULL, NULL, NULL, NULL, NULL, NULL, NULL, NULL, NULL, NULL, NULL, NULL, NULL, NULL, '0', '2017-08-31 11:39:35', '2017-09-13 14:39:44', 'c432d326-5d46-4666-bc24-25a4c3e63c8b'),
 ('186', '200', 'en_us', '06', NULL, NULL, NULL, NULL, NULL, NULL, NULL, NULL, NULL, NULL, NULL, NULL, NULL, NULL, NULL, NULL, '0', '2017-08-31 11:39:36', '2017-09-13 14:39:45', '6f1ef5f9-0f78-4ab0-8700-f93c33aff4a1'),
 ('187', '201', 'en_us', '07', NULL, NULL, NULL, NULL, NULL, NULL, NULL, NULL, NULL, NULL, NULL, NULL, NULL, NULL, NULL, NULL, '0', '2017-08-31 11:39:36', '2017-09-13 14:39:45', '14c5bf89-d3c1-43c4-b2c9-e9dd8ca9aeb0'),
 ('188', '202', 'en_us', 'Wheelchair Access', NULL, NULL, NULL, NULL, NULL, NULL, NULL, NULL, NULL, NULL, NULL, NULL, NULL, NULL, NULL, NULL, '0', '2017-08-31 11:39:36', '2017-09-13 14:39:45', '9bdcfc00-c90b-4cb1-b3dc-afcf558737f2'),
 ('189', '203', 'en_us', 'Wheelchair Access', NULL, NULL, NULL, NULL, NULL, NULL, NULL, NULL, NULL, NULL, NULL, NULL, NULL, NULL, NULL, NULL, '0', '2017-08-31 11:39:37', '2017-09-13 14:39:45', '8ef15106-aeeb-47f8-a720-2167a2e36992'),
 ('190', '204', 'en_us', 'Figure Window', NULL, NULL, NULL, NULL, NULL, NULL, NULL, NULL, NULL, NULL, NULL, NULL, NULL, NULL, NULL, NULL, '0', '2017-08-31 11:39:37', '2017-09-13 14:39:46', 'b2fa83a1-be8c-44a0-9673-0bf1211063db'),
 ('191', '205', 'en_us', 'Ralph Adams Cram Madonna Shrine', NULL, NULL, NULL, NULL, NULL, NULL, NULL, NULL, NULL, NULL, NULL, NULL, NULL, NULL, NULL, NULL, '0', '2017-08-31 11:39:37', '2017-09-13 14:39:47', '2315c86e-34a7-4521-ab6d-e88cff29ba1d'),
 ('192', '206', 'en_us', 'Fr Patrick And Dog', NULL, NULL, NULL, NULL, NULL, NULL, NULL, NULL, NULL, NULL, NULL, NULL, NULL, NULL, NULL, NULL, '0', '2017-08-31 11:39:38', '2017-09-13 14:39:47', 'fcfc9021-3a21-4710-a726-db4df19d28ea'),
 ('193', '207', 'en_us', 'Hero Welcome', NULL, NULL, NULL, NULL, NULL, NULL, NULL, NULL, NULL, NULL, NULL, NULL, NULL, NULL, NULL, NULL, '0', '2017-08-31 11:39:38', '2017-09-13 14:39:53', 'd0ad41a5-8922-4ea5-be30-0dc1d7b7d9f0'),
 ('194', '208', 'en_us', 'Hero Who We Are', NULL, NULL, NULL, NULL, NULL, NULL, NULL, NULL, NULL, NULL, NULL, NULL, NULL, NULL, NULL, NULL, '0', '2017-08-31 11:39:38', '2017-09-13 14:39:53', '0ab48fb5-e01a-4311-bca9-1b4fd8ee7174'),
 ('195', '209', 'en_us', 'Bio Ian Betts', NULL, NULL, NULL, NULL, NULL, NULL, NULL, NULL, NULL, NULL, NULL, NULL, NULL, NULL, NULL, NULL, '0', '2017-08-31 11:39:40', '2017-09-13 14:39:55', '447baf67-d2d1-4276-b548-5133fbb1e8ad'),
 ('196', '210', 'en_us', 'Bio John David Van Dooren', NULL, NULL, NULL, NULL, NULL, NULL, NULL, NULL, NULL, NULL, NULL, NULL, NULL, NULL, NULL, NULL, '0', '2017-08-31 11:39:41', '2017-09-13 14:39:55', 'fcd5b321-5faa-4c28-9924-2ee3e04c9cc8'),
 ('197', '211', 'en_us', 'Edwin Booth Window Verticle', NULL, NULL, NULL, NULL, NULL, NULL, NULL, NULL, NULL, NULL, NULL, NULL, NULL, NULL, NULL, NULL, '0', '2017-08-31 11:39:41', '2017-09-13 14:39:56', 'af99793f-633c-495f-a5a0-89bdbf8487b0'),
 ('199', '213', 'en_us', 'Fr Patrick And Dog', NULL, NULL, NULL, NULL, NULL, NULL, NULL, NULL, NULL, NULL, NULL, NULL, NULL, NULL, NULL, NULL, '0', '2017-08-31 11:39:42', '2017-09-13 14:39:57', '1a395db1-2142-4f6c-a714-79bae24c9730'),
 ('200', '214', 'en_us', 'Fr Patrick And Dog', NULL, NULL, NULL, NULL, NULL, NULL, NULL, NULL, NULL, NULL, NULL, NULL, NULL, NULL, NULL, NULL, '0', '2017-08-31 11:39:42', '2017-09-13 14:39:57', 'a9f4a907-f2d2-43db-8b8c-653196b0f81a'),
 ('201', '215', 'en_us', 'Placeholder', NULL, NULL, NULL, NULL, NULL, NULL, NULL, NULL, NULL, NULL, NULL, NULL, NULL, NULL, NULL, NULL, '0', '2017-08-31 11:39:42', '2017-09-13 14:39:57', '34ada837-3ce6-43b9-a214-c9c21cd2596c'),
 ('202', '216', 'en_us', 'Richard Upjohn Brass Filigree Pulpit', NULL, NULL, NULL, NULL, NULL, NULL, NULL, NULL, NULL, NULL, NULL, NULL, NULL, NULL, NULL, NULL, '0', '2017-08-31 11:39:43', '2017-09-13 14:39:58', '706ae15e-61b9-47e2-bb0f-03c03792260d'),
 ('204', '219', 'en_us', 'Ralph Adams Cram Madonna Shrine', NULL, NULL, NULL, NULL, NULL, NULL, NULL, NULL, NULL, NULL, NULL, NULL, NULL, NULL, NULL, NULL, '0', '2017-08-31 13:41:24', '2017-09-13 14:39:16', 'aacf9129-421e-485e-8789-a81cd5b7de63'),
 ('205', '220', 'en_us', 'Ralph Adams Cram Madonna Shrine', NULL, NULL, NULL, NULL, NULL, NULL, NULL, NULL, NULL, NULL, NULL, NULL, NULL, NULL, NULL, NULL, '0', '2017-08-31 13:41:41', '2017-09-13 14:39:56', '7c701347-b654-4c69-b705-76b169eddb70'),
 ('206', '221', 'en_us', 'The Garden', NULL, NULL, NULL, NULL, NULL, NULL, NULL, NULL, NULL, 'Mary Jane Gocher', '', NULL, NULL, NULL, NULL, NULL, '0', '2017-08-31 14:07:29', '2017-08-31 14:24:08', 'eaff5b45-a906-45f7-aa0c-0b53cadb6582'),
 ('208', '223', 'en_us', 'The Garden', NULL, NULL, NULL, NULL, NULL, NULL, NULL, NULL, NULL, NULL, NULL, NULL, NULL, NULL, NULL, NULL, '0', '2017-08-31 14:20:29', '2017-09-13 14:39:47', '4af44b0b-b3ca-40da-9ba2-f95b52282d0f'),
 ('209', '225', 'en_us', 'The Garden', NULL, NULL, NULL, NULL, NULL, NULL, NULL, NULL, NULL, NULL, NULL, NULL, NULL, NULL, NULL, NULL, '0', '2017-08-31 17:47:59', '2017-09-13 14:39:16', '22dc3690-b525-46b3-8522-0b9228fd9c6f'),
 ('210', '226', 'en_us', 'The Garden', NULL, NULL, NULL, NULL, NULL, NULL, NULL, NULL, NULL, NULL, NULL, NULL, NULL, NULL, NULL, NULL, '0', '2017-08-31 17:48:24', '2017-09-13 14:39:57', 'ea80b2e1-f0c3-4a50-9a73-df60706ffbf7');
INSERT INTO `craft_content` (`id`, `elementId`, `locale`, `title`, `field_body`, `field_altAttribute`, `field_linkText`, `field_linkUrl`, `field_headlineA`, `field_headlineB`, `field_introduction`, `field_fullName`, `field_professionalTitle`, `field_byLine`, `field_photoCredit`, `field_graphicFeatureHeadline`, `field_graphicFeatureText`, `field_headline`, `field_tourDescription`, `field_date`, `field_detailPage`, `dateCreated`, `dateUpdated`, `uid`) VALUES
 ('211', '227', 'en_us', 'Feature Little Church', NULL, NULL, NULL, NULL, NULL, NULL, NULL, NULL, NULL, NULL, NULL, NULL, NULL, NULL, NULL, NULL, '0', '2017-08-31 18:50:03', '2017-09-13 14:39:59', 'a9ca272e-d71a-4b09-8e0e-f9f73d126ae4'),
 ('212', '228', 'en_us', 'Feature Little Church', NULL, NULL, NULL, NULL, NULL, NULL, NULL, NULL, NULL, NULL, NULL, NULL, NULL, NULL, NULL, NULL, '0', '2017-08-31 19:05:48', '2017-09-13 14:39:28', '8f6d2095-2b51-41f5-93d5-15beff20a3c9'),
 ('213', '229', 'en_us', 'The Rev. Dr. Patrick S. Cheng', '<p>Fr. Patrick Cheng has served on the staff of The Church of the Transfiguration since 2015, first as an associate priest and currently as the associate rector.  Prior to his arrival at the Little Church, Fr. Cheng taught historical and systematic theology at the Episcopal Divinity School in Cambridge, Massachusetts, and served as the pastoral assistant at Emmanuel Church in the City of Boston.</p>\n<p>In addition to his ministry at Transfiguration, Fr. Cheng works for a national agency of the Episcopal Church, and he serves on the board of trustees of the Anglican Theological Review.  He holds degrees from Yale College, Harvard Law School, and Union Theological Seminary in the City of New York.  For more information about Fr. Cheng, please see his website at <a href=\"http://www.patrickcheng.net/\" target=\"_blank\" rel=\"noreferrer noopener\">www.patrickcheng.net</a>.</p>', NULL, NULL, NULL, NULL, NULL, NULL, NULL, 'Associate Rector', NULL, NULL, NULL, NULL, NULL, NULL, NULL, '0', '2017-08-31 19:57:03', '2017-09-13 07:32:21', '8d86a48b-2580-4935-bb75-6ab2c36b034c'),
 ('215', '231', 'en_us', 'Hero Our Mission', NULL, NULL, NULL, NULL, NULL, NULL, NULL, NULL, NULL, NULL, NULL, NULL, NULL, NULL, NULL, NULL, '0', '2017-08-31 20:22:40', '2017-09-13 14:39:53', 'b3906941-fe1f-4c14-be07-4b10655611db'),
 ('217', '234', 'en_us', 'A Brief History', NULL, '', NULL, NULL, NULL, NULL, '<p>Church of the Transfiguration parish was founded in 1848. The building itself dates from 1850; it was made a national landmark in 1973. The founder, the Rev. Dr. George Hendric Houghton wanted to build a church that would serve the needs of the poor and marginalized, and would welcome all regardless of race, class or background.</p>', NULL, NULL, NULL, '', NULL, NULL, NULL, NULL, NULL, '0', '2017-08-31 20:27:54', '2017-09-13 09:18:42', 'f971cb62-d5db-406e-956e-86f9f8f5cff4'),
 ('218', '235', 'en_us', 'Hero Our History', NULL, NULL, NULL, NULL, NULL, NULL, NULL, NULL, NULL, NULL, NULL, NULL, NULL, NULL, NULL, NULL, '0', '2017-08-31 20:28:29', '2017-09-13 14:39:52', '12ea934f-07c1-4c66-9113-7a41cd3eab94'),
 ('220', '238', 'en_us', 'Hero Parish Life', NULL, NULL, NULL, NULL, NULL, NULL, NULL, NULL, NULL, NULL, NULL, NULL, NULL, NULL, NULL, NULL, '0', '2017-08-31 20:33:51', '2017-09-13 14:39:53', '5873f20d-140a-431b-a303-683ecfc120fa'),
 ('221', '239', 'en_us', 'Parish Life', NULL, '', NULL, NULL, NULL, NULL, '<p>Building community is an important part of Church of the Transfiguration both spiritually and socially. Many of our parishioners gather each week on Thursday to participate in worship and Bible Study, while others enjoy going to a local restaurant after Sunday mass to enjoy brunch and social fellowship.</p>', NULL, NULL, NULL, '', NULL, NULL, NULL, NULL, NULL, '0', '2017-08-31 20:36:16', '2017-09-13 09:18:42', 'c280ba7b-b46b-4106-991b-8f85d01e64ed'),
 ('224', '243', 'en_us', 'Hero Worship Schedule', NULL, NULL, NULL, NULL, NULL, NULL, NULL, NULL, NULL, NULL, NULL, NULL, NULL, NULL, NULL, NULL, '0', '2017-09-01 10:10:20', '2017-09-13 14:39:54', '893eb1b8-dfd5-4bd7-94ae-bfeadaff31d9'),
 ('225', '244', 'en_us', 'Worship Schedule', NULL, '', NULL, NULL, NULL, NULL, '<p>The cornerstone of Transfiguration’s spirituality is how we express and demonstrate God’s inclusive love through liturgy, music and worship. As an Anglo-Catholic parish, Transfiguration honors traditional liturgy with a full complement of meaningful preaching and music.</p>', NULL, NULL, NULL, '', NULL, NULL, NULL, NULL, NULL, '0', '2017-09-01 10:13:15', '2017-09-01 10:13:52', 'ed70f2e8-662a-4f6a-a3e9-c4fcbe403c0e'),
 ('226', '246', 'en_us', 'Hero Liturgy', NULL, NULL, NULL, NULL, NULL, NULL, NULL, NULL, NULL, NULL, NULL, NULL, NULL, NULL, NULL, NULL, '0', '2017-09-01 11:19:33', '2017-09-13 14:39:29', '3c431052-6787-4ada-a8e0-44bfb8ec37fb'),
 ('227', '247', 'en_us', 'Hero Our History', NULL, NULL, NULL, NULL, NULL, NULL, NULL, NULL, NULL, NULL, NULL, NULL, NULL, NULL, NULL, NULL, '0', '2017-09-01 11:19:33', '2017-09-13 14:39:30', 'e7e9c51d-3049-471e-b4d0-545208a6a603'),
 ('228', '248', 'en_us', 'Hero Our Mission', NULL, NULL, NULL, NULL, NULL, NULL, NULL, NULL, NULL, NULL, NULL, NULL, NULL, NULL, NULL, NULL, '0', '2017-09-01 11:19:33', '2017-09-13 14:39:31', '26afdd7d-4d86-4b6a-83d2-31cda9ddd01b'),
 ('229', '249', 'en_us', 'Hero Parish Life', NULL, NULL, NULL, NULL, NULL, NULL, NULL, NULL, NULL, NULL, NULL, NULL, NULL, NULL, NULL, NULL, '0', '2017-09-01 11:19:34', '2017-09-13 14:39:34', '502ee9c8-ba8b-4c8d-a86a-3a1db2805a05'),
 ('230', '250', 'en_us', 'Hero Worship Schedule', NULL, NULL, NULL, NULL, NULL, NULL, NULL, NULL, NULL, NULL, NULL, NULL, NULL, NULL, NULL, NULL, '0', '2017-09-01 11:19:34', '2017-09-13 14:39:35', 'aae7ea38-b534-41e8-8c76-ba17751d3af9'),
 ('231', '251', 'en_us', 'Hero Liturgy', NULL, NULL, NULL, NULL, NULL, NULL, NULL, NULL, NULL, NULL, NULL, NULL, NULL, NULL, NULL, NULL, '0', '2017-09-01 11:19:42', '2017-09-13 14:39:48', 'd73c833d-bb23-4aca-a7a1-f6ac87e3856f'),
 ('233', '253', 'en_us', '01', NULL, NULL, NULL, NULL, NULL, NULL, NULL, NULL, NULL, NULL, NULL, NULL, NULL, NULL, NULL, NULL, '0', '2017-09-01 11:44:52', '2017-09-13 14:40:00', '40d14b59-1354-4ef0-a639-5f65fbf9d60c'),
 ('234', '254', 'en_us', 'Lich Gate', NULL, '', NULL, NULL, NULL, NULL, NULL, NULL, NULL, NULL, '', NULL, NULL, NULL, '<p>Adipiscing pulvinar proin a purus gravida ante lobortis ligula tempor ut himenaeos facilisi a odio volutpat a dis scelerisque a magna integer hac. Dui cum faucibus eu a ad adipiscing molestie condimentum a duis parturient tincidunt.</p>', NULL, '0', '2017-09-01 11:45:08', '2017-09-01 11:45:22', 'e67a4d34-10fb-4eda-8132-f426fe97b072'),
 ('241', '261', 'en_us', '02', NULL, NULL, NULL, NULL, NULL, NULL, NULL, NULL, NULL, NULL, NULL, NULL, NULL, NULL, NULL, NULL, '0', '2017-09-01 11:46:08', '2017-09-13 14:40:00', '8bc07034-7465-4858-b838-b439a20beb11'),
 ('242', '262', 'en_us', '03', NULL, NULL, NULL, NULL, NULL, NULL, NULL, NULL, NULL, NULL, NULL, NULL, NULL, NULL, NULL, NULL, '0', '2017-09-01 11:46:09', '2017-09-13 14:40:00', '3bce94a7-fc9c-47e3-bdc0-fcc37c118d63'),
 ('243', '263', 'en_us', '04', NULL, NULL, NULL, NULL, NULL, NULL, NULL, NULL, NULL, NULL, NULL, NULL, NULL, NULL, NULL, NULL, '0', '2017-09-01 11:46:09', '2017-09-13 14:40:00', '4256e048-1730-4bac-9664-e2e6a295bf1d'),
 ('244', '264', 'en_us', '05', NULL, NULL, NULL, NULL, NULL, NULL, NULL, NULL, NULL, NULL, NULL, NULL, NULL, NULL, NULL, NULL, '0', '2017-09-01 11:46:09', '2017-09-13 14:40:01', '935b1c1d-8036-4e7c-8fc7-6f6723cec232'),
 ('245', '265', 'en_us', '06', NULL, NULL, NULL, NULL, NULL, NULL, NULL, NULL, NULL, NULL, NULL, NULL, NULL, NULL, NULL, NULL, '0', '2017-09-01 11:46:10', '2017-09-13 14:40:03', '1993da74-634b-4f0a-8ba3-0a3543a51c13'),
 ('246', '266', 'en_us', '07', NULL, NULL, NULL, NULL, NULL, NULL, NULL, NULL, NULL, NULL, NULL, NULL, NULL, NULL, NULL, NULL, '0', '2017-09-01 11:46:10', '2017-09-13 14:40:03', 'a93f7307-537a-4bcc-8609-33cf2028580c'),
 ('247', '267', 'en_us', 'Holy Family Chapel', NULL, '', NULL, NULL, NULL, NULL, NULL, NULL, NULL, NULL, '', NULL, NULL, NULL, '<p>Adipiscing pulvinar proin a purus gravida ante lobortis ligula tempor ut himenaeos facilisi a odio volutpat a dis scelerisque a magna integer hac. Dui cum faucibus eu a ad adipiscing molestie condimentum a duis parturient tincidunt.</p>', NULL, '0', '2017-09-01 11:46:35', '2017-09-01 11:48:10', '4f9bd6fd-6df9-4f7c-be71-586e78cbeb9b'),
 ('248', '268', 'en_us', 'Sir Richard Westmacott Madonna', NULL, '', NULL, NULL, NULL, NULL, NULL, NULL, NULL, NULL, '', NULL, NULL, NULL, '<p>Adipiscing pulvinar proin a purus gravida ante lobortis ligula tempor ut himenaeos facilisi a odio volutpat a dis scelerisque a magna integer hac. Dui cum faucibus eu a ad adipiscing molestie condimentum a duis parturient tincidunt.</p>', NULL, '0', '2017-09-01 11:47:05', '2017-09-01 11:48:20', 'aef6a7ba-905e-47bf-a08d-a75d5f7f437a'),
 ('249', '271', 'en_us', 'Outreach', NULL, '', NULL, NULL, NULL, NULL, '', NULL, NULL, NULL, '', NULL, NULL, NULL, NULL, NULL, '0', '2017-09-05 14:56:51', '2017-09-13 09:18:42', '5c70889d-551a-43df-8db2-9b65f697daa8'),
 ('250', '273', 'en_us', 'Hero Visit', NULL, NULL, NULL, NULL, NULL, NULL, NULL, NULL, NULL, NULL, NULL, NULL, NULL, NULL, NULL, NULL, '0', '2017-09-06 16:31:55', '2017-09-13 14:39:36', '6ba41510-769b-4cb1-93fb-eca71d8bc798'),
 ('251', '274', 'en_us', 'Select Arrows', NULL, NULL, NULL, NULL, NULL, NULL, NULL, NULL, NULL, NULL, NULL, NULL, NULL, NULL, NULL, NULL, '0', '2017-09-06 16:31:59', '2017-09-13 14:39:43', '23975fbf-6227-4d2d-a6e9-c881bebc5f11'),
 ('252', '275', 'en_us', 'Select Arrows', NULL, NULL, NULL, NULL, NULL, NULL, NULL, NULL, NULL, NULL, NULL, NULL, NULL, NULL, NULL, NULL, '0', '2017-09-06 16:31:59', '2017-09-13 14:39:43', '2949d117-e980-4d98-ab82-bd5b87a1ccb0'),
 ('255', '278', 'en_us', 'Events Landing', NULL, NULL, NULL, NULL, NULL, NULL, NULL, NULL, NULL, NULL, NULL, NULL, NULL, NULL, NULL, NULL, '0', '2017-09-06 18:06:16', '2017-09-06 18:06:16', 'd265cd3a-fe1b-4789-8325-56e0e8f1ecac'),
 ('257', '280', 'en_us', 'Music Concert', NULL, NULL, NULL, NULL, NULL, NULL, NULL, NULL, NULL, NULL, NULL, NULL, NULL, NULL, NULL, NULL, '0', '2017-09-07 12:00:58', '2017-09-07 16:44:04', 'fcca103f-7eed-4fb9-8d0b-5c53ae844c52'),
 ('259', '282', 'en_us', 'Solemn Mass', NULL, NULL, NULL, NULL, NULL, NULL, NULL, NULL, NULL, NULL, NULL, NULL, NULL, NULL, NULL, NULL, '0', '2017-09-07 16:47:09', '2017-09-13 14:16:58', 'efb30894-5e45-4efb-984b-2ab88d031893'),
 ('263', '287', 'en_us', 'Audio Sermons', NULL, '', NULL, NULL, NULL, NULL, '<p>Never miss the message. Play our sermons directly in your browser or download them for listening on-the-go. Already heard the message? Refresh your memory and listen again.</p>', NULL, NULL, NULL, '', NULL, NULL, NULL, NULL, NULL, '0', '2017-09-12 09:46:39', '2017-09-12 19:11:02', 'a95f08a0-f83b-4bcf-aa3c-5d1775c140dc'),
 ('264', '289', 'en_us', 'The Fourteenth Sunday after Pentecost', NULL, NULL, NULL, NULL, NULL, NULL, NULL, 'Father Patrick Cheng', NULL, NULL, NULL, NULL, NULL, NULL, NULL, 'September, 10 2017', '0', '2017-09-12 10:24:17', '2017-09-12 16:50:56', '7e2becb3-adcb-4c8d-87d3-a57add8e1a4e'),
 ('270', '295', 'en_us', '08 06 17', NULL, NULL, NULL, NULL, NULL, NULL, NULL, NULL, NULL, NULL, NULL, NULL, NULL, NULL, NULL, NULL, '0', '2017-09-12 16:46:27', '2017-09-13 14:40:04', 'de126d32-c2b3-4802-86ff-27eebbfcc909'),
 ('271', '296', 'en_us', '08 27 17', NULL, NULL, NULL, NULL, NULL, NULL, NULL, NULL, NULL, NULL, NULL, NULL, NULL, NULL, NULL, NULL, '0', '2017-09-12 16:46:28', '2017-09-13 14:40:04', '5dab2a64-dd38-40b7-8636-50225d9e1071'),
 ('272', '297', 'en_us', '08 20 17', NULL, NULL, NULL, NULL, NULL, NULL, NULL, NULL, NULL, NULL, NULL, NULL, NULL, NULL, NULL, NULL, '0', '2017-09-12 16:46:28', '2017-09-13 14:40:04', 'ff0fef87-02b1-4873-a5b5-43a984a8f6f0'),
 ('273', '298', 'en_us', '08 13 17', NULL, NULL, NULL, NULL, NULL, NULL, NULL, NULL, NULL, NULL, NULL, NULL, NULL, NULL, NULL, NULL, '0', '2017-09-12 16:46:28', '2017-09-13 14:40:04', 'c120f37c-5b17-4915-963c-9e6553515977'),
 ('274', '299', 'en_us', '09 03 17', NULL, NULL, NULL, NULL, NULL, NULL, NULL, NULL, NULL, NULL, NULL, NULL, NULL, NULL, NULL, NULL, '0', '2017-09-12 16:46:28', '2017-09-13 14:40:04', '76a24ccd-cba4-4daf-b3ef-122fea6ab9d2'),
 ('276', '301', 'en_us', '09 10 17', NULL, NULL, NULL, NULL, NULL, NULL, NULL, NULL, NULL, NULL, NULL, NULL, NULL, NULL, NULL, NULL, '0', '2017-09-12 16:49:43', '2017-09-13 14:40:05', '725825e2-bf6c-4bbe-b9c9-1618474dfffe'),
 ('277', '302', 'en_us', 'The Thirteenth Sunday after Pentecost', NULL, NULL, NULL, NULL, NULL, NULL, NULL, 'Father John David van Dooren', NULL, NULL, NULL, NULL, NULL, NULL, NULL, NULL, '0', '2017-09-12 16:50:42', '2017-09-12 16:53:13', '1606021c-91bd-402d-902c-fbaa3dc987d7'),
 ('278', '303', 'en_us', 'The Twelfth Sunday after Pentecost', NULL, NULL, NULL, NULL, NULL, NULL, NULL, 'Father Patrick Cheng', NULL, NULL, NULL, NULL, NULL, NULL, NULL, NULL, '0', '2017-09-12 16:54:31', '2017-09-12 16:54:31', '34e35212-a74b-49c2-9530-174496dbbc10'),
 ('279', '304', 'en_us', 'The Eleventh Sunday after Pentecost', NULL, NULL, NULL, NULL, NULL, NULL, NULL, 'Father John David van Dooren', NULL, NULL, NULL, NULL, NULL, NULL, NULL, NULL, '0', '2017-09-12 16:58:27', '2017-09-12 17:00:22', '5325257c-c5a1-4f81-a7ae-d0168fc303f3'),
 ('281', '306', 'en_us', 'Hero Audio Sermons', NULL, NULL, NULL, NULL, NULL, NULL, NULL, NULL, NULL, NULL, NULL, NULL, NULL, NULL, NULL, NULL, '0', '2017-09-12 17:17:43', '2017-09-13 14:39:48', 'ca179567-06bd-4de0-b653-b350279f5d0b'),
 ('284', '309', 'en_us', 'Bio Patrick Cheng', NULL, NULL, NULL, NULL, NULL, NULL, NULL, NULL, NULL, NULL, NULL, NULL, NULL, NULL, NULL, NULL, '0', '2017-09-13 07:16:26', '2017-09-13 14:39:56', 'ba2687a8-cc5c-4df7-9acb-88f70beaabf4'),
 ('286', '311', 'en_us', 'Bio Warren C Platt', NULL, NULL, NULL, NULL, NULL, NULL, NULL, NULL, NULL, NULL, NULL, NULL, NULL, NULL, NULL, NULL, '0', '2017-09-13 07:17:45', '2017-09-13 14:39:56', 'cc1263e6-4ca8-45a5-808f-027862b58771'),
 ('288', '313', 'en_us', 'Bio Grace Kobryn', NULL, NULL, NULL, NULL, NULL, NULL, NULL, NULL, NULL, NULL, NULL, NULL, NULL, NULL, NULL, NULL, '0', '2017-09-13 07:19:39', '2017-09-13 14:39:55', '656d22b8-2622-42db-bd3b-a0f20a121557'),
 ('290', '315', 'en_us', 'Bio Claudia Dumschat', NULL, NULL, NULL, NULL, NULL, NULL, NULL, NULL, NULL, NULL, NULL, NULL, NULL, NULL, NULL, NULL, '0', '2017-09-13 07:27:13', '2017-09-13 14:39:55', '54cd93ac-1940-405c-bb49-bed4cc19d851'),
 ('291', '316', 'en_us', 'Bio Claudia Dumschat', NULL, NULL, NULL, NULL, NULL, NULL, NULL, NULL, NULL, NULL, NULL, NULL, NULL, NULL, NULL, NULL, '0', '2017-09-13 07:27:29', '2017-09-13 14:39:13', 'b64bafde-5199-477f-a20c-3ace3ffae5fc'),
 ('292', '317', 'en_us', 'Bio Grace Kobryn', NULL, NULL, NULL, NULL, NULL, NULL, NULL, NULL, NULL, NULL, NULL, NULL, NULL, NULL, NULL, NULL, '0', '2017-09-13 07:27:29', '2017-09-13 14:39:14', 'e337efbd-49c4-41fa-986e-3a6348e733dd'),
 ('293', '318', 'en_us', 'Bio Patrick Cheng', NULL, NULL, NULL, NULL, NULL, NULL, NULL, NULL, NULL, NULL, NULL, NULL, NULL, NULL, NULL, NULL, '0', '2017-09-13 07:27:29', '2017-09-13 14:39:14', '8945742b-6f27-42d3-a463-cea7cd2ac5c9'),
 ('294', '319', 'en_us', 'Bio Warren C Platt', NULL, NULL, NULL, NULL, NULL, NULL, NULL, NULL, NULL, NULL, NULL, NULL, NULL, NULL, NULL, NULL, '0', '2017-09-13 07:27:30', '2017-09-13 14:39:15', '35f31ee3-f442-4c13-ace7-20484f385d99'),
 ('295', '320', 'en_us', 'Hero Audio Sermons', NULL, NULL, NULL, NULL, NULL, NULL, NULL, NULL, NULL, NULL, NULL, NULL, NULL, NULL, NULL, NULL, '0', '2017-09-13 07:27:37', '2017-09-13 14:39:29', 'a611c9b0-290a-4840-81af-bc56ec274f93'),
 ('296', '321', 'en_us', 'Fr. Warren C. Platt', '<p>Dictum sit sed venenatis magnis nulla per parturient a dictumst urna a parturient velit scelerisque ullamcorper nec orci eu himenaeos mus amet adipiscing metus ut duis. Vitae parturient a sit ut quisque accumsan scelerisque in a a hac mattis a felis scelerisque blandit suspendisse mus montes a at adipiscing. \nUllamcorper ipsum lobortis facilisi scelerisque a vestibulum nascetur id mattis tincidunt dictum netus dictumst pulvinar risus sagittis consectetur leo dolor cras. Laoreet facilisis leo ullamcorper a cursus interdum proin ad habitasse diam ridiculus a parturient mi parturient parturient scelerisque parturient suspendisse vestibulum.</p>\n<p>Ullamcorper ipsum lobortis facilisi scelerisque a vestibulum nascetur id mattis tincidunt dictum netus dictumst pulvinar risus sagittis consectetur leo dolor cras. Laoreet facilisis leo ullamcorper a cursus interdum proin ad habitasse diam ridiculus a parturient mi parturient parturient scelerisque parturient suspendisse vestibulum.<br /></p>', NULL, NULL, NULL, NULL, NULL, NULL, NULL, 'Rector', NULL, NULL, NULL, NULL, NULL, NULL, NULL, '0', '2017-09-13 08:49:10', '2017-09-13 08:49:39', '93dc7433-0f97-4d84-952a-e4c8e6654809'),
 ('297', '322', 'en_us', 'Grace Kobryn', '<p>Ullamcorper ipsum lobortis facilisi scelerisque a vestibulum nascetur id mattis tincidunt dictum netus dictumst pulvinar risus sagittis consectetur leo dolor cras. Laoreet facilisis leo ullamcorper a cursus interdum proin ad habitasse diam ridiculus a parturient mi parturient parturient scelerisque parturient suspendisse vestibulum.</p>', NULL, NULL, NULL, NULL, NULL, NULL, NULL, 'Receptionist', NULL, NULL, NULL, NULL, NULL, NULL, NULL, '0', '2017-09-13 08:53:46', '2017-09-13 08:53:46', '11522716-13bf-4f1b-91a2-eb73555e943a'),
 ('298', '324', 'en_us', 'Music at Transfiguration', NULL, '', NULL, NULL, NULL, NULL, '<p>Music has always been a vital element of the church’s Anglo-Catholic worship style. Soon after the church was founded, The Rev. George Houghton established the Choir of Men and Boys , the oldest such choir in America. The choir sings a vast repertoire of liturgical music appropriate to the day. In recent years, the church established a Girls Choir and a Cherub Choir.</p>', NULL, NULL, NULL, 'Benjamin Chasteen/Epoch Times', NULL, NULL, NULL, NULL, NULL, '0', '2017-09-13 09:19:39', '2017-09-13 10:52:00', 'a38964e3-9eda-497b-bd1a-634639ac0840'),
 ('300', '326', 'en_us', 'Hero Music At Transfiguration', NULL, NULL, NULL, NULL, NULL, NULL, NULL, NULL, NULL, NULL, NULL, NULL, NULL, NULL, NULL, NULL, '0', '2017-09-13 09:26:39', '2017-09-13 14:39:50', 'd8665318-a82b-4bf5-985a-a58c0a1aefe7'),
 ('302', '328', 'en_us', 'Hero Organist And Choirmaster', NULL, NULL, NULL, NULL, NULL, NULL, NULL, NULL, NULL, NULL, NULL, NULL, NULL, NULL, NULL, NULL, '0', '2017-09-13 09:40:28', '2017-09-13 14:39:52', '992b9810-0358-49de-ad42-71da6fc4921b'),
 ('303', '329', 'en_us', 'Organist & Choirmaster', NULL, '', NULL, NULL, NULL, NULL, '<p>Dr. Claudia Dumschat brings over forty years of experience to her position as Organist and Choirmaster at Transfiguration, where she has served since 1999. She administers and conducts the Choir of Men and Boys, Girls Choir, Cherub Choir and Camerata. She is also the Artistic Director and Conductor of the church’s Concert Series, which has produced over fifty concerts, music dramas, and operas, as well as the Midday Music and Summer Concerts series.</p>', NULL, NULL, NULL, '', NULL, NULL, NULL, NULL, NULL, '0', '2017-09-13 09:42:08', '2017-09-13 10:47:26', '76b8cc33-356b-42da-8b0d-cb074fbac45d'),
 ('304', '331', 'en_us', 'Hero Music At Transfiguration', NULL, NULL, NULL, NULL, NULL, NULL, NULL, NULL, NULL, NULL, NULL, NULL, NULL, NULL, NULL, NULL, '0', '2017-09-13 10:21:08', '2017-09-13 14:39:29', 'ddb94899-7f79-4628-8888-251281792bac'),
 ('305', '332', 'en_us', 'Hero Organist And Choirmaster', NULL, NULL, NULL, NULL, NULL, NULL, NULL, NULL, NULL, NULL, NULL, NULL, NULL, NULL, NULL, NULL, '0', '2017-09-13 10:21:08', '2017-09-13 14:39:30', '514ea9f2-f1a8-4c27-96c1-b0254cdaa0ba'),
 ('306', '333', 'en_us', 'Concert Series', NULL, '', NULL, NULL, NULL, NULL, '<p>Suspendisse fames dolor a ac diam aenean condimentum aliquet a a nam mattis vestibulum a at dictumst id eros consectetur sed quis sem vestibulum.</p>', NULL, NULL, NULL, 'Benjamin Chasteen/Epoch Times', NULL, NULL, NULL, NULL, NULL, '0', '2017-09-13 10:34:14', '2017-09-13 11:50:57', '5462a475-e3ba-4d2e-8d64-1049798c9edf'),
 ('308', '335', 'en_us', 'Figure Organ', NULL, NULL, NULL, NULL, NULL, NULL, NULL, NULL, NULL, NULL, NULL, NULL, NULL, NULL, NULL, NULL, '0', '2017-09-13 10:40:09', '2017-09-13 14:39:46', '2d49cd5e-421a-4b64-92c9-4c7ab6fcfaa3'),
 ('310', '339', 'en_us', 'Hero Concert Series', NULL, NULL, NULL, NULL, NULL, NULL, NULL, NULL, NULL, NULL, NULL, NULL, NULL, NULL, NULL, NULL, '0', '2017-09-13 10:56:17', '2017-09-13 14:39:52', 'e5127c31-2f36-4fa5-bb36-1ffd638d833e'),
 ('311', '341', 'en_us', 'Midday Music', '<p><strong><em>Claudia Dumschat, organ</em></strong> All Glory be to God on High: Settings of the hymn by J.S. Bach</p>\n', '', '', '', NULL, NULL, NULL, NULL, NULL, NULL, NULL, NULL, NULL, NULL, NULL, NULL, '0', '2017-09-13 12:03:19', '2017-09-13 14:25:57', '2baab956-7f44-4934-a37f-b00a9bf9995b'),
 ('312', '342', 'en_us', 'Figure Organ', NULL, NULL, NULL, NULL, NULL, NULL, NULL, NULL, NULL, NULL, NULL, NULL, NULL, NULL, NULL, NULL, '0', '2017-09-13 14:39:28', '2017-09-13 14:39:28', '79c1d088-e2b3-452b-9c67-474e2b3d1650'),
 ('313', '343', 'en_us', 'Hero Concert Series', NULL, NULL, NULL, NULL, NULL, NULL, NULL, NULL, NULL, NULL, NULL, NULL, NULL, NULL, NULL, NULL, '0', '2017-09-13 14:39:29', '2017-09-13 14:39:29', '1b77d154-4a2f-47d5-9224-a9b63907fbe9');



DROP TABLE IF EXISTS `craft_deprecationerrors`;


--
-- Schema for table `craft_deprecationerrors`
--
CREATE TABLE `craft_deprecationerrors` (
  `id` int(11) NOT NULL AUTO_INCREMENT,
  `key` varchar(255) COLLATE utf8_unicode_ci NOT NULL,
  `fingerprint` varchar(255) COLLATE utf8_unicode_ci NOT NULL,
  `lastOccurrence` datetime NOT NULL,
  `file` varchar(255) COLLATE utf8_unicode_ci NOT NULL,
  `line` smallint(6) unsigned NOT NULL,
  `class` varchar(255) COLLATE utf8_unicode_ci DEFAULT NULL,
  `method` varchar(255) COLLATE utf8_unicode_ci DEFAULT NULL,
  `template` varchar(255) COLLATE utf8_unicode_ci DEFAULT NULL,
  `templateLine` smallint(6) unsigned DEFAULT NULL,
  `message` varchar(255) COLLATE utf8_unicode_ci DEFAULT NULL,
  `traces` text COLLATE utf8_unicode_ci,
  `dateCreated` datetime NOT NULL,
  `dateUpdated` datetime NOT NULL,
  `uid` char(36) COLLATE utf8_unicode_ci NOT NULL DEFAULT '0',
  PRIMARY KEY (`id`),
  UNIQUE KEY `craft_deprecationerrors_key_fingerprint_unq_idx` (`key`,`fingerprint`)
) ENGINE=InnoDB DEFAULT CHARSET=utf8 COLLATE=utf8_unicode_ci;

DROP TABLE IF EXISTS `craft_elementindexsettings`;


--
-- Schema for table `craft_elementindexsettings`
--
CREATE TABLE `craft_elementindexsettings` (
  `id` int(11) NOT NULL AUTO_INCREMENT,
  `type` varchar(150) COLLATE utf8_unicode_ci NOT NULL,
  `settings` text COLLATE utf8_unicode_ci,
  `dateCreated` datetime NOT NULL,
  `dateUpdated` datetime NOT NULL,
  `uid` char(36) COLLATE utf8_unicode_ci NOT NULL DEFAULT '0',
  PRIMARY KEY (`id`),
  UNIQUE KEY `craft_elementindexsettings_type_unq_idx` (`type`)
) ENGINE=InnoDB AUTO_INCREMENT=5 DEFAULT CHARSET=utf8 COLLATE=utf8_unicode_ci;

--
-- Data for table `craft_elementindexsettings`
--

INSERT INTO `craft_elementindexsettings` (`id`, `type`, `settings`, `dateCreated`, `dateUpdated`, `uid`) VALUES
 ('1', 'Entry', '{\"sources\":{\"section:3\":{\"tableAttributes\":{\"1\":\"postDate\",\"2\":\"expiryDate\",\"3\":\"link\"}},\"*\":{\"tableAttributes\":{\"1\":\"section\",\"2\":\"postDate\",\"3\":\"expiryDate\",\"4\":\"link\"}},\"singles\":{\"tableAttributes\":{\"1\":\"link\"}},\"section:10\":{\"tableAttributes\":{\"1\":\"postDate\",\"2\":\"expiryDate\",\"3\":\"link\"}},\"section:11\":{\"tableAttributes\":{\"1\":\"postDate\",\"2\":\"expiryDate\",\"3\":\"link\"}},\"section:13\":{\"tableAttributes\":{\"1\":\"postDate\",\"2\":\"expiryDate\",\"3\":\"link\"}},\"section:7\":{\"tableAttributes\":{\"1\":\"postDate\",\"2\":\"expiryDate\",\"3\":\"link\"}}},\"sourceOrder\":[[\"key\",\"*\"],[\"key\",\"singles\"],[\"heading\",\"Channels\"],[\"key\",\"section:9\"],[\"heading\",\"Structures\"],[\"key\",\"section:3\"],[\"key\",\"section:5\"],[\"key\",\"section:8\"],[\"key\",\"section:7\"],[\"key\",\"section:10\"],[\"key\",\"section:14\"],[\"key\",\"section:11\"],[\"heading\",\"Media\"],[\"key\",\"section:13\"],[\"heading\",\"\"]]}', '2017-08-25 14:24:58', '2017-09-13 09:19:15', '5ac003d2-b1be-418e-b9f4-f62fcc2c3fd6');



DROP TABLE IF EXISTS `craft_elements`;


--
-- Schema for table `craft_elements`
--
CREATE TABLE `craft_elements` (
  `id` int(11) NOT NULL AUTO_INCREMENT,
  `type` varchar(150) COLLATE utf8_unicode_ci NOT NULL,
  `enabled` tinyint(1) unsigned NOT NULL DEFAULT '1',
  `archived` tinyint(1) unsigned NOT NULL DEFAULT '0',
  `dateCreated` datetime NOT NULL,
  `dateUpdated` datetime NOT NULL,
  `uid` char(36) COLLATE utf8_unicode_ci NOT NULL DEFAULT '0',
  PRIMARY KEY (`id`),
  KEY `craft_elements_type_idx` (`type`),
  KEY `craft_elements_enabled_idx` (`enabled`),
  KEY `craft_elements_archived_dateCreated_idx` (`archived`,`dateCreated`)
) ENGINE=InnoDB AUTO_INCREMENT=344 DEFAULT CHARSET=utf8 COLLATE=utf8_unicode_ci;

--
-- Data for table `craft_elements`
--

INSERT INTO `craft_elements` (`id`, `type`, `enabled`, `archived`, `dateCreated`, `dateUpdated`, `uid`) VALUES
 ('1', 'User', '1', '0', '2017-08-24 19:10:37', '2017-08-24 22:29:09', '260e2576-c383-4e2f-bdfb-852c2a019b4e'),
 ('7', 'Entry', '1', '0', '2017-08-25 13:52:11', '2017-09-01 11:23:11', '5a0398f4-bbb2-4633-84d1-2d91b4428c50'),
 ('59', 'Entry', '1', '0', '2017-08-25 14:26:30', '2017-08-31 11:26:04', '95d91ac1-be26-47aa-9299-a8c5965542ae'),
 ('60', 'Entry', '1', '0', '2017-08-25 14:47:49', '2017-09-01 11:23:38', '9743a085-4fb5-4bc8-917d-cae39eb9a130'),
 ('61', 'Entry', '1', '0', '2017-08-25 16:28:45', '2017-08-31 19:20:17', 'b8c1fde5-10e0-4a4a-b633-cd48b09c8710'),
 ('62', 'Entry', '1', '0', '2017-08-25 18:25:38', '2017-08-31 11:36:00', '10cac18b-47a5-4d0c-9a51-6f3ea15c2813'),
 ('63', 'Entry', '1', '0', '2017-08-25 18:49:23', '2017-08-31 11:38:32', '8a5fdec4-a99f-48ef-af94-627efea41e97'),
 ('64', 'Entry', '1', '0', '2017-08-25 18:50:18', '2017-08-31 11:38:27', '2d02c51c-6763-49db-ba47-927f7044d82a'),
 ('65', 'Entry', '1', '0', '2017-08-25 18:50:41', '2017-08-31 11:38:41', '9dc78c1d-a4ae-4fab-8369-5f0d82fd8889'),
 ('69', 'Entry', '1', '0', '2017-08-26 11:22:17', '2017-09-13 09:18:42', 'bd1db48c-e9c1-47ec-98f4-bb87f947c144'),
 ('71', 'MatrixBlock', '1', '0', '2017-08-28 12:21:29', '2017-08-31 12:14:10', '1674f8d3-2195-4f4d-80cb-ace6b9704eb3'),
 ('76', 'Entry', '1', '0', '2017-08-28 15:15:46', '2017-09-13 07:33:37', '865e678b-e06f-4af4-a865-719d924b230a'),
 ('78', 'Entry', '1', '0', '2017-08-28 15:42:05', '2017-09-13 08:16:52', '954d526c-d889-4d88-862f-459c20a320b0'),
 ('87', 'Entry', '1', '0', '2017-08-28 19:40:55', '2017-09-13 09:18:42', '02954fdd-f210-4d5c-af25-8722d30f8b26'),
 ('88', 'MatrixBlock', '1', '0', '2017-08-28 19:41:48', '2017-09-13 08:53:56', '112dedfc-3a80-4b9e-b0b6-70b98438607e'),
 ('94', 'Entry', '1', '0', '2017-08-30 09:08:48', '2017-08-31 17:46:16', 'cb92a41e-03a2-49f0-98d4-4deeb6c84538'),
 ('107', 'MatrixBlock', '1', '0', '2017-08-30 13:55:36', '2017-08-31 17:46:16', '729ef3a0-4e89-4d30-914e-c87d8a957fcf'),
 ('108', 'MatrixBlock', '1', '0', '2017-08-30 14:03:42', '2017-08-31 17:46:16', '12ffffa1-8638-46cc-906e-310dea18f351'),
 ('111', 'MatrixBlock', '1', '0', '2017-08-30 14:11:22', '2017-08-31 17:46:16', '94db9169-223d-4d2a-942a-1b6d32cb9ebc'),
 ('115', 'Entry', '1', '0', '2017-08-30 15:21:41', '2017-08-31 14:04:54', 'b409e78b-f10c-42c7-b3f2-5f5602e14707'),
 ('116', 'MatrixBlock', '1', '0', '2017-08-30 15:21:41', '2017-08-31 14:04:55', '23517700-76cf-4d65-876f-357a3e7a48a6'),
 ('122', 'MatrixBlock', '1', '0', '2017-08-30 23:13:51', '2017-08-31 17:46:16', 'cc34b89e-6e1d-417c-8883-b9e8aa5017cf'),
 ('123', 'MatrixBlock', '1', '0', '2017-08-30 23:13:51', '2017-08-31 17:46:16', '60c1ce86-8ab8-48a1-85b0-cd412f43a588'),
 ('126', 'MatrixBlock', '1', '0', '2017-08-30 23:20:46', '2017-08-31 17:46:16', 'e1080327-56d0-47ab-8ae5-d71daf9540b6'),
 ('131', 'Asset', '1', '0', '2017-08-31 11:24:59', '2017-09-13 14:39:54', '57937d71-645b-4a62-a32b-c11b1448704c'),
 ('132', 'Asset', '1', '0', '2017-08-31 11:24:59', '2017-09-13 14:39:54', 'deb67f65-ff46-4553-b1e2-b7c2cfe5ecd1'),
 ('133', 'Asset', '1', '0', '2017-08-31 11:25:00', '2017-09-13 14:39:54', 'c1dde285-d7c0-42f8-a6bb-4b19af3fd90b'),
 ('138', 'Asset', '1', '0', '2017-08-31 11:35:10', '2017-09-13 14:39:58', '25ce85eb-f8ba-4375-bbdc-fa69edf37732'),
 ('139', 'Asset', '1', '0', '2017-08-31 11:35:10', '2017-09-13 14:39:59', 'ea094bd6-7239-46b0-bdca-11851a56ce9e'),
 ('140', 'Asset', '1', '0', '2017-08-31 11:35:11', '2017-09-13 14:39:59', 'c8a33f50-cfc5-4c71-8771-656dd6423fd5'),
 ('141', 'Asset', '1', '0', '2017-08-31 11:35:11', '2017-09-13 14:39:58', '583c2791-50e0-4688-9927-8a60390aae0e'),
 ('142', 'Asset', '1', '0', '2017-08-31 11:39:21', '2017-09-13 14:39:14', '4bff3a85-2ecf-4717-b0b2-3d48d39ff0cf'),
 ('144', 'Asset', '1', '0', '2017-08-31 11:39:22', '2017-09-13 14:39:15', '204ec510-976d-4933-b747-5235078db50d'),
 ('145', 'Asset', '1', '0', '2017-08-31 11:39:22', '2017-09-13 14:39:14', '64791f5e-a945-4b7f-ab1c-cc25e05ab897'),
 ('146', 'Asset', '1', '0', '2017-08-31 11:39:22', '2017-09-13 14:39:15', '245f3ecc-48e6-46d7-a03e-b9985ab6c55d'),
 ('147', 'Asset', '1', '0', '2017-08-31 11:39:22', '2017-09-13 14:39:16', 'ccad5b0d-d009-4512-9860-909f660d88b2'),
 ('148', 'Asset', '1', '0', '2017-08-31 11:39:23', '2017-09-13 14:39:17', '7204c32a-8f68-4d64-80a6-ebe84bc1a31b'),
 ('149', 'Asset', '1', '0', '2017-08-31 11:39:23', '2017-09-13 14:39:19', '90ea680b-e3aa-418f-b683-2b954ec2c03b'),
 ('150', 'Asset', '1', '0', '2017-08-31 11:39:23', '2017-09-13 14:39:20', '01a8a755-b8e3-47eb-a317-609b90fd45b4'),
 ('151', 'Asset', '1', '0', '2017-08-31 11:39:23', '2017-09-13 14:39:21', 'c6c6fba2-94f2-4a7b-b86e-59fd8a4e46b0'),
 ('152', 'Asset', '1', '0', '2017-08-31 11:39:24', '2017-09-13 14:39:21', '9c9ccbb4-4aba-4d90-b58d-ea14c5a28f04'),
 ('153', 'Asset', '1', '0', '2017-08-31 11:39:24', '2017-09-13 14:39:21', 'cd02a866-3316-4098-8273-60242b4d8d37'),
 ('154', 'Asset', '1', '0', '2017-08-31 11:39:24', '2017-09-13 14:39:22', 'aa65e726-2a9c-4626-9908-9b1a4e9b345e'),
 ('155', 'Asset', '1', '0', '2017-08-31 11:39:24', '2017-09-13 14:39:22', 'b9a80524-ca28-4290-9aae-e37e853408d9'),
 ('156', 'Asset', '1', '0', '2017-08-31 11:39:24', '2017-09-13 14:39:22', 'fd365af4-4fc0-4804-af45-502d034001ed'),
 ('157', 'Asset', '1', '0', '2017-08-31 11:39:25', '2017-09-13 14:39:22', '91b310c5-785a-4ff6-9c46-9a14819f4d0f'),
 ('158', 'Asset', '1', '0', '2017-08-31 11:39:25', '2017-09-13 14:39:22', 'dbf96b85-8ddc-4c26-85f9-7c0c80893de4'),
 ('159', 'Asset', '1', '0', '2017-08-31 11:39:25', '2017-09-13 14:39:22', 'a5a65880-71c9-4956-8b7d-b53fad4916b4'),
 ('160', 'Asset', '1', '0', '2017-08-31 11:39:25', '2017-09-13 14:39:23', '7fc2351b-0be4-4493-9bbc-7b333324ea59'),
 ('161', 'Asset', '1', '0', '2017-08-31 11:39:25', '2017-09-13 14:39:23', '7c38c015-2741-4ffa-b192-6a98ee0a8206'),
 ('162', 'Asset', '1', '0', '2017-08-31 11:39:26', '2017-09-13 14:39:23', '00351390-1539-4b56-9fed-dc6729fe3161'),
 ('163', 'Asset', '1', '0', '2017-08-31 11:39:26', '2017-09-13 14:39:23', 'ca0fcfaa-863a-4f79-937e-90bb85101dc9'),
 ('164', 'Asset', '1', '0', '2017-08-31 11:39:26', '2017-09-13 14:39:23', 'f1ab72a8-c087-4daf-8d8b-9582c6babb46'),
 ('165', 'Asset', '1', '0', '2017-08-31 11:39:26', '2017-09-13 14:39:23', '06c72e80-8d0d-4669-a18d-9383880542b7'),
 ('166', 'Asset', '1', '0', '2017-08-31 11:39:26', '2017-09-13 14:39:24', '46fb953a-7866-4591-b1b4-3806ff953809'),
 ('167', 'Asset', '1', '0', '2017-08-31 11:39:27', '2017-09-13 14:39:24', 'f7468241-424f-4a82-a497-0851f638925d'),
 ('168', 'Asset', '1', '0', '2017-08-31 11:39:27', '2017-09-13 14:39:25', '4e3900b6-a990-4a91-9db1-fce1160e9638'),
 ('169', 'Asset', '1', '0', '2017-08-31 11:39:27', '2017-09-13 14:39:27', 'ae9dd00f-e393-42c0-a8d1-ca500a7ee073'),
 ('170', 'Asset', '1', '0', '2017-08-31 11:39:27', '2017-09-13 14:39:27', '8cc16715-92c3-41d7-87e6-d67393c406cb'),
 ('171', 'Asset', '1', '0', '2017-08-31 11:39:27', '2017-09-13 14:39:27', '519854f3-2d6c-4ae4-b501-27f64e3ae24c'),
 ('172', 'Asset', '1', '0', '2017-08-31 11:39:28', '2017-09-13 14:39:27', 'b6635d44-d108-4832-8e10-97a142e8163e'),
 ('173', 'Asset', '1', '0', '2017-08-31 11:39:28', '2017-09-13 14:39:27', '939e86ab-941c-4c12-858c-47e4fe588cdf'),
 ('174', 'Asset', '1', '0', '2017-08-31 11:39:28', '2017-09-13 14:39:28', 'bea12671-ebe4-41e3-8e68-3b23c0f73a38'),
 ('175', 'Asset', '1', '0', '2017-08-31 11:39:28', '2017-09-13 14:39:28', '93896dfe-a76b-456e-8514-3fcad32d6748'),
 ('176', 'Asset', '1', '0', '2017-08-31 11:39:29', '2017-09-13 14:39:35', 'a9c24e3e-57e3-493b-b7f3-2339669ccd7f'),
 ('177', 'Asset', '1', '0', '2017-08-31 11:39:29', '2017-09-13 14:39:35', '84e07a4f-be0f-4656-b98c-d2c64b8dfdfc'),
 ('178', 'Asset', '1', '0', '2017-08-31 11:39:29', '2017-09-13 14:39:36', '3761cc5b-ab3c-4f11-849a-7dc056e40959'),
 ('180', 'Asset', '1', '0', '2017-08-31 11:39:30', '2017-09-13 14:39:36', 'c27b1995-aacd-42c8-a10d-5c3ddd5368bc'),
 ('181', 'Asset', '1', '0', '2017-08-31 11:39:30', '2017-09-13 14:39:37', '1d109301-95d7-447f-8e79-e0149559b258'),
 ('182', 'Asset', '1', '0', '2017-08-31 11:39:30', '2017-09-13 14:39:37', '19879afc-ae41-4ab3-a627-7cdde2ffa65f'),
 ('183', 'Asset', '1', '0', '2017-08-31 11:39:31', '2017-09-13 14:39:37', '9a39c170-dd6c-4905-8d90-faa116512d7d'),
 ('184', 'Asset', '1', '0', '2017-08-31 11:39:31', '2017-09-13 14:39:37', '5192299b-9191-4e3b-bfaa-abd08deacdcd'),
 ('185', 'Asset', '1', '0', '2017-08-31 11:39:31', '2017-09-13 14:39:38', '91ee02e4-0963-4b40-90fc-e96fd290762c'),
 ('186', 'Asset', '1', '0', '2017-08-31 11:39:31', '2017-09-13 14:39:38', 'bcc45821-beff-4fe4-adc4-86c16d098004'),
 ('187', 'Asset', '1', '0', '2017-08-31 11:39:32', '2017-09-13 14:39:38', 'd5167317-5236-46b9-8b3a-4c89c7e47966'),
 ('188', 'Asset', '1', '0', '2017-08-31 11:39:32', '2017-09-13 14:39:38', '34c6312a-d09d-4ef7-bf63-19a9ce7611e9'),
 ('189', 'Asset', '1', '0', '2017-08-31 11:39:32', '2017-09-13 14:39:39', '1ba73dd2-1930-4083-8302-aa21d38a19d5'),
 ('190', 'Asset', '1', '0', '2017-08-31 11:39:32', '2017-09-13 14:39:39', '32d68518-aafd-4139-b379-b49df83fa5bf'),
 ('191', 'Asset', '1', '0', '2017-08-31 11:39:33', '2017-09-13 14:39:39', 'fb2a5d62-1cc3-45a0-aff9-7d81542932e4'),
 ('192', 'Asset', '1', '0', '2017-08-31 11:39:33', '2017-09-13 14:39:41', '9808bbd1-365c-4a46-a6fb-0a33a96c8776'),
 ('193', 'Asset', '1', '0', '2017-08-31 11:39:33', '2017-09-13 14:39:42', '4503a710-b6b0-4d8e-8a59-bd339113e3ce'),
 ('194', 'Asset', '1', '0', '2017-08-31 11:39:34', '2017-09-13 14:39:42', 'd73a2d49-c1c0-4bf4-8e4f-bceb1fe6ee73'),
 ('195', 'Asset', '1', '0', '2017-08-31 11:39:34', '2017-09-13 14:39:43', '83bb17cf-af9d-472c-b352-fdb470cb79ef'),
 ('196', 'Asset', '1', '0', '2017-08-31 11:39:34', '2017-09-13 14:39:43', 'd72bbd9c-8c5d-43df-81a5-dedde1abbff2'),
 ('197', 'Asset', '1', '0', '2017-08-31 11:39:35', '2017-09-13 14:39:44', '39b81276-304b-46e9-8800-0b13c1fbb1e4'),
 ('198', 'Asset', '1', '0', '2017-08-31 11:39:35', '2017-09-13 14:39:44', '27e278b2-3f48-40f3-a62d-553677b5c4e2'),
 ('199', 'Asset', '1', '0', '2017-08-31 11:39:35', '2017-09-13 14:39:44', '2f4b39ee-8600-477d-8a4c-646c4b5dc008'),
 ('200', 'Asset', '1', '0', '2017-08-31 11:39:36', '2017-09-13 14:39:45', '5c26f595-0a87-4c7c-a30d-686aab2958d7'),
 ('201', 'Asset', '1', '0', '2017-08-31 11:39:36', '2017-09-13 14:39:45', '3431696b-4e91-4d95-bf59-85d21ab67d13'),
 ('202', 'Asset', '1', '0', '2017-08-31 11:39:36', '2017-09-13 14:39:45', 'd8435c0b-2ddb-42bb-9de8-0c0a1fa46141'),
 ('203', 'Asset', '1', '0', '2017-08-31 11:39:37', '2017-09-13 14:39:45', '8884a9cf-a248-4e26-aad4-4887cacc74be'),
 ('204', 'Asset', '1', '0', '2017-08-31 11:39:37', '2017-09-13 14:39:46', '51549f8b-2065-4cf4-bd3b-d09e38bba5a7'),
 ('205', 'Asset', '1', '0', '2017-08-31 11:39:37', '2017-09-13 14:39:47', '15da2e2a-072f-4024-9b46-672db26985e3'),
 ('206', 'Asset', '1', '0', '2017-08-31 11:39:38', '2017-09-13 14:39:47', '88e3ed85-a2c5-4222-9d59-a7aaa0d64b66'),
 ('207', 'Asset', '1', '0', '2017-08-31 11:39:38', '2017-09-13 14:39:53', 'a4be8884-bfbc-4d2f-b025-0916d4b5fbc7'),
 ('208', 'Asset', '1', '0', '2017-08-31 11:39:38', '2017-09-13 14:39:53', '0f91e881-594b-4fee-90d4-7f30a488d246'),
 ('209', 'Asset', '1', '0', '2017-08-31 11:39:40', '2017-09-13 14:39:55', 'fe5f7ea9-d85a-4467-8e26-da7f52d856b4'),
 ('210', 'Asset', '1', '0', '2017-08-31 11:39:41', '2017-09-13 14:39:55', 'a889e8ca-2401-4ec8-8c62-d248f96d2c82'),
 ('211', 'Asset', '1', '0', '2017-08-31 11:39:41', '2017-09-13 14:39:56', '64eccaac-46be-4159-aced-5d876afd00b4'),
 ('213', 'Asset', '1', '0', '2017-08-31 11:39:42', '2017-09-13 14:39:57', 'ecf519b2-9d3a-46de-b252-dbb2d7111b41');
INSERT INTO `craft_elements` (`id`, `type`, `enabled`, `archived`, `dateCreated`, `dateUpdated`, `uid`) VALUES
 ('214', 'Asset', '1', '0', '2017-08-31 11:39:42', '2017-09-13 14:39:57', '5d12cdd3-ebdd-4c1b-bce9-16b2046b499a'),
 ('215', 'Asset', '1', '0', '2017-08-31 11:39:42', '2017-09-13 14:39:57', '0f3324ab-773a-444c-9eee-03f69b885fa8'),
 ('216', 'Asset', '1', '0', '2017-08-31 11:39:43', '2017-09-13 14:39:58', '507e9168-7866-4004-b401-1361e7db29af'),
 ('218', 'MatrixBlock', '1', '0', '2017-08-31 11:49:46', '2017-08-31 17:46:16', 'd408835e-9ff3-49da-8d51-d911c8788c5e'),
 ('219', 'Asset', '1', '0', '2017-08-31 13:41:24', '2017-09-13 14:39:16', '143f3927-f31a-4b30-bba8-44452a5ef966'),
 ('220', 'Asset', '1', '0', '2017-08-31 13:41:41', '2017-09-13 14:39:56', '03e0a38e-907a-4f14-946a-32be058d6546'),
 ('221', 'Entry', '1', '0', '2017-08-31 14:07:29', '2017-08-31 14:24:08', 'bac824f2-c033-4945-a6ec-abb3f1a4e567'),
 ('223', 'Asset', '1', '0', '2017-08-31 14:20:29', '2017-09-13 14:39:47', '0b5075ce-31fa-41d9-9756-4b84f551a819'),
 ('224', 'MatrixBlock', '1', '0', '2017-08-31 14:22:23', '2017-08-31 14:24:08', '5ad7dcae-4d99-4b2f-824d-3587e2c246a2'),
 ('225', 'Asset', '1', '0', '2017-08-31 17:47:59', '2017-09-13 14:39:16', '5cac38a6-dac2-4ac6-990b-65a01e4a0a99'),
 ('226', 'Asset', '1', '0', '2017-08-31 17:48:24', '2017-09-13 14:39:57', 'e8b21b4e-fc92-45e2-97fa-8100a1fc112a'),
 ('227', 'Asset', '1', '0', '2017-08-31 18:50:03', '2017-09-13 14:39:59', '02a934dc-c729-4da1-ba6a-cfdc5900839f'),
 ('228', 'Asset', '1', '0', '2017-08-31 19:05:48', '2017-09-13 14:39:28', 'bb0f11a8-648d-4d89-8c38-f1bcf813d4a3'),
 ('229', 'Entry', '1', '0', '2017-08-31 19:57:03', '2017-09-13 07:32:21', '670583e1-5c8f-4f81-8f2d-5c8e3e92fab1'),
 ('231', 'Asset', '1', '0', '2017-08-31 20:22:40', '2017-09-13 14:39:53', '29e5cfe8-ba51-458f-9fca-e6b391351cf1'),
 ('234', 'Entry', '1', '0', '2017-08-31 20:27:54', '2017-09-13 09:18:42', 'd8f6dc6d-9657-4d8e-a59e-2a7130d04f85'),
 ('235', 'Asset', '1', '0', '2017-08-31 20:28:29', '2017-09-13 14:39:52', '3dee689c-0800-412f-b8c2-ddd57209160b'),
 ('236', 'MatrixBlock', '1', '0', '2017-08-31 20:29:51', '2017-09-04 20:58:26', '7790f31d-6e08-4f6c-98cb-481f1d4e0e56'),
 ('238', 'Asset', '1', '0', '2017-08-31 20:33:51', '2017-09-13 14:39:53', 'aa1304a1-c222-43f1-b925-efcdfac5490b'),
 ('239', 'Entry', '1', '0', '2017-08-31 20:36:16', '2017-09-13 09:18:42', '77e179dc-fd2c-4c2a-9ae6-6099dc49c4db'),
 ('240', 'MatrixBlock', '1', '0', '2017-08-31 20:36:16', '2017-09-06 16:54:15', 'f4ccddec-49fc-421b-a439-109c76cbbef1'),
 ('243', 'Asset', '1', '0', '2017-09-01 10:10:20', '2017-09-13 14:39:54', 'ecfc30c5-a478-47e0-ba9d-c3db65691aba'),
 ('244', 'Entry', '1', '0', '2017-09-01 10:13:15', '2017-09-01 10:13:52', '3e86fca3-bf0f-49d7-b413-fa505e252e23'),
 ('245', 'MatrixBlock', '1', '0', '2017-09-01 10:13:16', '2017-09-01 10:13:52', '640631dd-a64e-4225-8687-e173a0cad740'),
 ('246', 'Asset', '1', '0', '2017-09-01 11:19:33', '2017-09-13 14:39:29', '4766b8bc-deef-4844-8188-3cb54774bac1'),
 ('247', 'Asset', '1', '0', '2017-09-01 11:19:33', '2017-09-13 14:39:30', '5a9ff47f-f8e3-414c-86ca-78615e25b885'),
 ('248', 'Asset', '1', '0', '2017-09-01 11:19:33', '2017-09-13 14:39:31', 'a3c4b6ad-841b-4ac1-afe5-fda219464949'),
 ('249', 'Asset', '1', '0', '2017-09-01 11:19:34', '2017-09-13 14:39:34', '8c4e5b50-1cd0-426c-ae82-6c1471b18734'),
 ('250', 'Asset', '1', '0', '2017-09-01 11:19:34', '2017-09-13 14:39:35', '042f03ea-af4d-4ee2-b425-b769e008ce10'),
 ('251', 'Asset', '1', '0', '2017-09-01 11:19:42', '2017-09-13 14:39:48', '6efe3a07-8fef-4910-a34e-2139e2d9b55c'),
 ('253', 'Asset', '1', '0', '2017-09-01 11:44:52', '2017-09-13 14:40:00', '1662bf27-8c37-4765-bebd-449847921f4a'),
 ('254', 'Entry', '1', '0', '2017-09-01 11:45:08', '2017-09-01 11:45:22', '9d03386d-7556-43b2-91f9-a1fb1197abae'),
 ('261', 'Asset', '1', '0', '2017-09-01 11:46:08', '2017-09-13 14:40:00', 'e8e2e01a-9b46-4f6b-8b76-7588a611d6fc'),
 ('262', 'Asset', '1', '0', '2017-09-01 11:46:09', '2017-09-13 14:40:00', '2b9b25d8-0fa1-493b-aabf-8295f8fe6cde'),
 ('263', 'Asset', '1', '0', '2017-09-01 11:46:09', '2017-09-13 14:40:00', '8707119b-1cd3-4756-983c-711284312c65'),
 ('264', 'Asset', '1', '0', '2017-09-01 11:46:09', '2017-09-13 14:40:01', '840590c4-6791-44c3-a97e-ce20d4035870'),
 ('265', 'Asset', '1', '0', '2017-09-01 11:46:10', '2017-09-13 14:40:03', '8dcb9d62-f4e2-4cc7-8d44-ec63bc30c45b'),
 ('266', 'Asset', '1', '0', '2017-09-01 11:46:10', '2017-09-13 14:40:03', '45bd8bed-fca0-4083-8a06-1506988576dc'),
 ('267', 'Entry', '1', '0', '2017-09-01 11:46:35', '2017-09-01 11:48:10', 'c9a0cf9a-d9ae-4f23-8a60-2d93df1cabbc'),
 ('268', 'Entry', '1', '0', '2017-09-01 11:47:05', '2017-09-01 11:48:20', 'bd627462-8697-4790-8b00-4e20705beb4e'),
 ('269', 'MatrixBlock', '1', '0', '2017-09-04 20:55:33', '2017-09-04 20:58:26', 'dc10ecef-5525-4ad9-8147-6de3daab2f68'),
 ('270', 'MatrixBlock', '1', '0', '2017-09-04 20:56:38', '2017-09-04 20:58:26', 'be55e937-547a-4de4-bccf-bbc7e2096ef4'),
 ('271', 'Entry', '1', '0', '2017-09-05 14:56:51', '2017-09-13 09:18:42', 'f9a842fc-86f7-4f0c-9f74-e1c9fedd5c99'),
 ('272', 'MatrixBlock', '1', '0', '2017-09-05 15:02:17', '2017-09-06 16:30:07', 'a48901c1-4b3d-42bb-b113-01ed9dec75b3'),
 ('273', 'Asset', '1', '0', '2017-09-06 16:31:55', '2017-09-13 14:39:36', 'b46104c3-0fd3-4556-926a-a773a0ef5c87'),
 ('274', 'Asset', '1', '0', '2017-09-06 16:31:59', '2017-09-13 14:39:43', 'df5d2e02-ab1c-4a31-8923-1907612ce52c'),
 ('275', 'Asset', '1', '0', '2017-09-06 16:31:59', '2017-09-13 14:39:43', '501b409d-c802-43e5-a450-474d7e440856'),
 ('278', 'Entry', '1', '0', '2017-09-06 18:06:16', '2017-09-06 18:06:16', '5ba5f9b1-85f9-4540-89b9-d99646828356'),
 ('280', 'Venti_Event', '1', '0', '2017-09-07 12:00:58', '2017-09-07 16:44:04', '4fd6e12e-26f6-4ff1-acf0-d4698de8b80c'),
 ('282', 'Venti_Event', '1', '0', '2017-09-07 16:47:09', '2017-09-13 14:16:58', '1c8f75ec-c514-42ec-8fe2-b3eab100836b'),
 ('287', 'Entry', '1', '0', '2017-09-12 09:46:39', '2017-09-12 19:11:02', '605f50e9-6faa-4aed-9c71-08eeb70c5f39'),
 ('288', 'MatrixBlock', '1', '0', '2017-09-12 09:46:39', '2017-09-12 19:11:02', '8161833b-f5af-4b0d-a599-60f4cea3cb29'),
 ('289', 'Entry', '1', '0', '2017-09-12 10:24:17', '2017-09-12 16:50:56', '9ea8b121-c7e0-4582-910b-1b6365280257'),
 ('295', 'Asset', '1', '0', '2017-09-12 16:46:27', '2017-09-13 14:40:04', '08d64393-2357-4cc3-a4d7-0712a1302faf'),
 ('296', 'Asset', '1', '0', '2017-09-12 16:46:28', '2017-09-13 14:40:04', '1dabe3b0-a05f-427b-a5f5-d65afb42cad3'),
 ('297', 'Asset', '1', '0', '2017-09-12 16:46:28', '2017-09-13 14:40:04', 'd9681d03-838a-44c1-aab5-612dd4600f50'),
 ('298', 'Asset', '1', '0', '2017-09-12 16:46:28', '2017-09-13 14:40:04', '18bf47d3-0e45-4dc7-b4ea-f5180b090a0a'),
 ('299', 'Asset', '1', '0', '2017-09-12 16:46:28', '2017-09-13 14:40:04', '6bc1eb05-deb5-44e2-80cf-87fe845be703'),
 ('301', 'Asset', '1', '0', '2017-09-12 16:49:43', '2017-09-13 14:40:05', '885c43ff-bbda-4a2d-8ee0-758f2ced97df'),
 ('302', 'Entry', '1', '0', '2017-09-12 16:50:42', '2017-09-12 16:53:13', '60db24b5-ea15-4d3e-9ab4-da539fd3d661'),
 ('303', 'Entry', '1', '0', '2017-09-12 16:54:31', '2017-09-12 16:54:31', '5223ddf0-32a9-4909-972f-8ec5dffa7a15'),
 ('304', 'Entry', '1', '0', '2017-09-12 16:58:27', '2017-09-12 17:00:22', '53b69e7e-b11b-40ea-b0eb-36118e7829d8'),
 ('306', 'Asset', '1', '0', '2017-09-12 17:17:43', '2017-09-13 14:39:48', 'fcdf7606-254d-4485-a169-0a6673741566'),
 ('309', 'Asset', '1', '0', '2017-09-13 07:16:26', '2017-09-13 14:39:56', 'fe376e94-cd22-43f4-ba46-5a108b24b16d'),
 ('311', 'Asset', '1', '0', '2017-09-13 07:17:45', '2017-09-13 14:39:56', '6d272d92-4be0-40cc-920b-a08018e98dd0'),
 ('313', 'Asset', '1', '0', '2017-09-13 07:19:39', '2017-09-13 14:39:55', '8e757ce5-90ff-4022-867e-fb2709201692'),
 ('315', 'Asset', '1', '0', '2017-09-13 07:27:13', '2017-09-13 14:39:55', 'ecdffc52-8e8f-40dd-bb0d-a801d842f1a2'),
 ('316', 'Asset', '1', '0', '2017-09-13 07:27:29', '2017-09-13 14:39:13', '7adbe70e-3205-42d9-b1ed-f9cdb98e13fa'),
 ('317', 'Asset', '1', '0', '2017-09-13 07:27:29', '2017-09-13 14:39:14', '4ee9da76-1509-47fa-83bb-3f885f6bf97d'),
 ('318', 'Asset', '1', '0', '2017-09-13 07:27:29', '2017-09-13 14:39:14', 'be248167-9009-4546-b9cd-644461cef632'),
 ('319', 'Asset', '1', '0', '2017-09-13 07:27:30', '2017-09-13 14:39:15', '002371bd-9fa2-4bb2-9354-d014f8f5dce6'),
 ('320', 'Asset', '1', '0', '2017-09-13 07:27:37', '2017-09-13 14:39:29', 'a21b418d-6ed2-4efe-a054-e227478854b8'),
 ('321', 'Entry', '1', '0', '2017-09-13 08:49:10', '2017-09-13 08:49:39', 'd0091f08-4347-491f-8647-8fe2705cbd74'),
 ('322', 'Entry', '1', '0', '2017-09-13 08:53:46', '2017-09-13 08:53:46', '0471381d-c24f-4a56-b336-02a570489480'),
 ('323', 'MatrixBlock', '1', '0', '2017-09-13 08:53:56', '2017-09-13 08:53:56', 'cce37958-575d-4415-bbf6-38bd3b4c0bd0'),
 ('324', 'Entry', '1', '0', '2017-09-13 09:19:39', '2017-09-13 10:52:00', '32e1831a-e92b-4f3e-ab3c-d1cecb0336b6'),
 ('326', 'Asset', '1', '0', '2017-09-13 09:26:39', '2017-09-13 14:39:50', 'ee721d76-2b09-46ef-b783-feac57c2a62c'),
 ('328', 'Asset', '1', '0', '2017-09-13 09:40:28', '2017-09-13 14:39:52', 'c5c048b4-d90b-4b7c-baf0-e9128ad45a64'),
 ('329', 'Entry', '1', '0', '2017-09-13 09:42:08', '2017-09-13 10:47:26', '9a0cf21f-10a4-434c-bbc4-cc4bd478cb84'),
 ('330', 'MatrixBlock', '1', '0', '2017-09-13 09:42:53', '2017-09-13 10:47:26', 'edbf7ac7-992d-4610-b17e-f4c54e94ff10'),
 ('331', 'Asset', '1', '0', '2017-09-13 10:21:08', '2017-09-13 14:39:29', 'ec59e5a6-0f47-4e96-8008-b19f11dca16f'),
 ('332', 'Asset', '1', '0', '2017-09-13 10:21:08', '2017-09-13 14:39:30', '5dbc615f-517b-402c-a0ec-cbd9e79e22e6'),
 ('333', 'Entry', '1', '0', '2017-09-13 10:34:14', '2017-09-13 11:50:57', '113f8a72-af3e-4529-9ea3-3ad9edd8a023'),
 ('335', 'Asset', '1', '0', '2017-09-13 10:40:09', '2017-09-13 14:39:46', 'ad5e6392-ba10-460f-afae-4d71860330cf'),
 ('336', 'MatrixBlock', '1', '0', '2017-09-13 10:42:19', '2017-09-13 10:47:26', '8619091e-1571-4b64-971e-3b9e5663c9f8'),
 ('337', 'MatrixBlock', '1', '0', '2017-09-13 10:45:04', '2017-09-13 10:47:26', '1950507d-99f4-4b73-9b47-192e259570bb'),
 ('339', 'Asset', '1', '0', '2017-09-13 10:56:17', '2017-09-13 14:39:52', '806edda4-2375-4d28-af25-57a4b1f6ab45'),
 ('340', 'MatrixBlock', '1', '0', '2017-09-13 11:04:37', '2017-09-13 11:50:57', '855fc70f-ebcf-4df0-8e6f-6c4a6dd0fe9d'),
 ('341', 'Venti_Event', '1', '0', '2017-09-13 12:03:19', '2017-09-13 14:25:57', 'a48518be-6a87-4869-943c-4dbe16d5420e'),
 ('342', 'Asset', '1', '0', '2017-09-13 14:39:28', '2017-09-13 14:39:28', '0327c703-ca53-499e-9a63-f29db40f20c5'),
 ('343', 'Asset', '1', '0', '2017-09-13 14:39:29', '2017-09-13 14:39:29', '29a7c176-ef2e-4b2b-9047-807da5160e38');



DROP TABLE IF EXISTS `craft_elements_i18n`;


--
-- Schema for table `craft_elements_i18n`
--
CREATE TABLE `craft_elements_i18n` (
  `id` int(11) NOT NULL AUTO_INCREMENT,
  `elementId` int(11) NOT NULL,
  `locale` char(12) COLLATE utf8_unicode_ci NOT NULL,
  `slug` varchar(255) COLLATE utf8_unicode_ci DEFAULT NULL,
  `uri` varchar(255) COLLATE utf8_unicode_ci DEFAULT NULL,
  `enabled` tinyint(1) unsigned NOT NULL DEFAULT '1',
  `dateCreated` datetime NOT NULL,
  `dateUpdated` datetime NOT NULL,
  `uid` char(36) COLLATE utf8_unicode_ci NOT NULL DEFAULT '0',
  PRIMARY KEY (`id`),
  UNIQUE KEY `craft_elements_i18n_elementId_locale_unq_idx` (`elementId`,`locale`),
  UNIQUE KEY `craft_elements_i18n_uri_locale_unq_idx` (`uri`,`locale`),
  KEY `craft_elements_i18n_slug_locale_idx` (`slug`,`locale`),
  KEY `craft_elements_i18n_enabled_idx` (`enabled`),
  KEY `craft_elements_i18n_locale_fk` (`locale`)
) ENGINE=InnoDB AUTO_INCREMENT=344 DEFAULT CHARSET=utf8 COLLATE=utf8_unicode_ci;

--
-- Data for table `craft_elements_i18n`
--

INSERT INTO `craft_elements_i18n` (`id`, `elementId`, `locale`, `slug`, `uri`, `enabled`, `dateCreated`, `dateUpdated`, `uid`) VALUES
 ('1', '1', 'en_us', '', NULL, '1', '2017-08-24 19:10:37', '2017-08-24 22:29:09', 'fb02d71c-d7e4-40bd-a2ee-39d708c3bfb0'),
 ('7', '7', 'en_us', 'an-anglo-catholic-parish-in-manhattans-nomad-neighborhood', NULL, '1', '2017-08-25 13:52:11', '2017-09-01 11:23:11', '1ae4e492-1f51-4864-a114-95526dd2f5a5'),
 ('59', '59', 'en_us', 'your-quiet-moment-is-right-around-the-corner', NULL, '1', '2017-08-25 14:26:30', '2017-08-31 11:26:04', '62c42ca3-c65f-4a97-864e-be8eb96f970e'),
 ('60', '60', 'en_us', 'our-churchs-art-and-architecture-at-a-glance', NULL, '1', '2017-08-25 14:47:49', '2017-09-01 11:23:38', '4b042a3d-ee94-4ead-80f4-a130b58bb79d'),
 ('61', '61', 'en_us', 'introduction', '__home__', '1', '2017-08-25 16:28:45', '2017-08-31 19:20:17', 'ab8ec172-c231-49df-97ca-d831a4a1505a'),
 ('62', '62', 'en_us', 'who-we-are', NULL, '1', '2017-08-25 18:25:38', '2017-08-31 11:36:00', '67cd9c67-600b-4d51-80e5-b851b1d6cda7'),
 ('63', '63', 'en_us', 'liturgy', NULL, '1', '2017-08-25 18:49:23', '2017-08-31 11:38:32', '1feefbbe-b028-4d08-9bf8-714ff35e0ed7'),
 ('64', '64', 'en_us', 'music', NULL, '1', '2017-08-25 18:50:18', '2017-08-31 11:38:27', '9fb7cd4f-1e92-4c60-8c3d-f7bc28edb7c7'),
 ('65', '65', 'en_us', 'parish-life', NULL, '1', '2017-08-25 18:50:41', '2017-08-31 11:38:41', '297c082c-da93-435f-ac53-7035c540d216'),
 ('69', '69', 'en_us', 'welcome', 'about/welcome', '1', '2017-08-26 11:22:17', '2017-09-13 09:18:42', '8b3e08c8-80a2-4ac5-9684-967d4e95dfcd'),
 ('71', '71', 'en_us', '', NULL, '1', '2017-08-28 12:21:29', '2017-08-31 12:14:10', '77367a24-9a08-4e2d-b816-f9eaba471890'),
 ('76', '76', 'en_us', 'ian-betts', NULL, '1', '2017-08-28 15:15:47', '2017-09-13 07:33:37', '7f146255-5b7c-4cfa-aa14-2fd895169e8d'),
 ('78', '78', 'en_us', 'carl-avidano', NULL, '1', '2017-08-28 15:42:06', '2017-09-13 08:16:52', '1dcb8b89-0dd6-4525-9ffa-668b92f3ea95'),
 ('87', '87', 'en_us', 'who-we-are', 'about/who-we-are', '1', '2017-08-28 19:40:55', '2017-09-13 09:18:42', 'f3514a5f-1307-4afb-ab10-51a010cc9fbb'),
 ('88', '88', 'en_us', '', NULL, '1', '2017-08-28 19:41:48', '2017-09-13 08:53:56', '857bee37-3f4b-4b94-886f-015121a90433'),
 ('94', '94', 'en_us', 'good-things-come-in-threes', 'blog/2017/good-things-come-in-threes', '1', '2017-08-30 09:08:48', '2017-08-31 17:46:16', '410d93fa-4d01-4514-8a3d-b70a4e6e5e70'),
 ('107', '107', 'en_us', '', NULL, '1', '2017-08-30 13:55:36', '2017-08-31 17:46:16', '39c90646-c363-45e8-b985-8b922487a306'),
 ('108', '108', 'en_us', '', NULL, '1', '2017-08-30 14:03:42', '2017-08-31 17:46:16', 'b5b00bd9-b906-443d-bbfd-726f48545ca7'),
 ('111', '111', 'en_us', '', NULL, '1', '2017-08-30 14:11:22', '2017-08-31 17:46:16', 'f9231e46-7a6c-4d3a-9bfa-afc81ec28a95'),
 ('115', '115', 'en_us', 'this-is-another-article', 'blog/2017/this-is-another-article', '1', '2017-08-30 15:21:41', '2017-08-31 14:04:55', 'dddc901f-670a-42fb-9869-5c1bc8569e77'),
 ('116', '116', 'en_us', '', NULL, '1', '2017-08-30 15:21:41', '2017-08-31 14:04:55', 'd9e02b64-8702-48cc-bf61-0260e788bb37'),
 ('122', '122', 'en_us', '', NULL, '1', '2017-08-30 23:13:51', '2017-08-31 17:46:16', '2a2572f0-bbf3-443d-b8c1-c88c725695b6'),
 ('123', '123', 'en_us', '', NULL, '1', '2017-08-30 23:13:51', '2017-08-31 17:46:16', '3efd9a84-9d0e-453a-8fa9-1cdf0bf727e1'),
 ('126', '126', 'en_us', '', NULL, '1', '2017-08-30 23:20:46', '2017-08-31 17:46:16', '5f241253-7e9a-4f42-a81e-7d9748c59a84'),
 ('131', '131', 'en_us', 'marquee-01', NULL, '1', '2017-08-31 11:24:59', '2017-09-13 14:39:54', '8bbd8cd8-3873-4c27-b378-eac089f81ab6'),
 ('132', '132', 'en_us', 'marquee-02', NULL, '1', '2017-08-31 11:24:59', '2017-09-13 14:39:54', '8894fc7c-ebc5-4119-b203-51dace810515'),
 ('133', '133', 'en_us', 'marquee-03', NULL, '1', '2017-08-31 11:25:00', '2017-09-13 14:39:54', '71dc4fb5-e906-4742-9c28-0567be3c3265'),
 ('138', '138', 'en_us', 'liturgy', NULL, '1', '2017-08-31 11:35:10', '2017-09-13 14:39:58', '9d2f234a-af0e-4db7-812d-6ad088154bf7'),
 ('139', '139', 'en_us', 'music', NULL, '1', '2017-08-31 11:35:10', '2017-09-13 14:39:59', '4bebc8f7-3ae6-4369-9378-3b6abf4c79e6'),
 ('140', '140', 'en_us', 'parish-life', NULL, '1', '2017-08-31 11:35:11', '2017-09-13 14:39:59', 'c8cc56c3-bdae-43ef-bbf2-8952f6d1c8e2'),
 ('141', '141', 'en_us', 'who-we-are', NULL, '1', '2017-08-31 11:35:11', '2017-09-13 14:39:58', 'f151c4b5-8e8e-414b-8839-bd2d86153d0b'),
 ('142', '142', 'en_us', 'bio-ian-betts', NULL, '1', '2017-08-31 11:39:21', '2017-09-13 14:39:14', 'ee5cb440-bfd6-4ec8-8b47-77f63b7938cb'),
 ('144', '144', 'en_us', 'edwin-booth-window-verticle', NULL, '1', '2017-08-31 11:39:22', '2017-09-13 14:39:15', 'b2e9e241-8b82-4762-9b84-2fd0745f5cd3'),
 ('145', '145', 'en_us', 'bio-john-david-van-dooren', NULL, '1', '2017-08-31 11:39:22', '2017-09-13 14:39:14', '105f88eb-217c-47ec-a0d2-cc8fb4818f55'),
 ('146', '146', 'en_us', 'fr-patrick-and-dog', NULL, '1', '2017-08-31 11:39:22', '2017-09-13 14:39:15', 'cc3af603-2be8-4082-aab3-1e2505c08f47'),
 ('147', '147', 'en_us', 'fr-patrick-and-dog', NULL, '1', '2017-08-31 11:39:22', '2017-09-13 14:39:16', '668ac40d-733e-4535-b998-68c7dccd95f3'),
 ('148', '148', 'en_us', 'placeholder', NULL, '1', '2017-08-31 11:39:23', '2017-09-13 14:39:18', '88b610ee-d3de-427f-ab43-7e03ff91e269'),
 ('149', '149', 'en_us', 'richard-upjohn-brass-filigree-pulpit', NULL, '1', '2017-08-31 11:39:23', '2017-09-13 14:39:20', 'cf0c93aa-f3eb-4242-94ae-52cffc265287'),
 ('150', '150', 'en_us', 'blog-01', NULL, '1', '2017-08-31 11:39:23', '2017-09-13 14:39:21', '4a2117f3-078a-4e6d-bf7f-3251b0d1422d'),
 ('151', '151', 'en_us', 'btn-facebook', NULL, '1', '2017-08-31 11:39:23', '2017-09-13 14:39:21', 'd9b3b081-2b3a-4681-9d3d-f18d8fad071c'),
 ('152', '152', 'en_us', 'btn-facebook', NULL, '1', '2017-08-31 11:39:24', '2017-09-13 14:39:21', 'eb7eb3b5-d30d-40fc-8639-6a8942d6485d'),
 ('153', '153', 'en_us', 'btn-instagram', NULL, '1', '2017-08-31 11:39:24', '2017-09-13 14:39:21', '34fcb234-9564-4caa-856c-8a9fbec51ca3'),
 ('154', '154', 'en_us', 'btn-instagram', NULL, '1', '2017-08-31 11:39:24', '2017-09-13 14:39:22', '31ee5337-5e6d-455a-9349-a47cf15847b3'),
 ('155', '155', 'en_us', 'btn-share-email', NULL, '1', '2017-08-31 11:39:24', '2017-09-13 14:39:22', '67d3ec50-aeee-471e-b65e-c29d607b060d'),
 ('156', '156', 'en_us', 'btn-share-email', NULL, '1', '2017-08-31 11:39:24', '2017-09-13 14:39:22', '3a130677-54b9-4928-9faf-b72691238e32'),
 ('157', '157', 'en_us', 'btn-share-facebook', NULL, '1', '2017-08-31 11:39:25', '2017-09-13 14:39:22', '65268af2-a79d-430b-abb8-f6414a6bbaaf'),
 ('158', '158', 'en_us', 'btn-share-facebook', NULL, '1', '2017-08-31 11:39:25', '2017-09-13 14:39:22', 'ebe786e8-04fb-45a7-8644-d2faa8b08f15'),
 ('159', '159', 'en_us', 'btn-share-google-plus', NULL, '1', '2017-08-31 11:39:25', '2017-09-13 14:39:22', '95250e20-75b4-4cc2-aece-67518a0ccde7'),
 ('160', '160', 'en_us', 'btn-share-google-plus', NULL, '1', '2017-08-31 11:39:25', '2017-09-13 14:39:23', '1dbb4e7e-6d61-4102-9ccd-90419ff9a5f8'),
 ('161', '161', 'en_us', 'btn-share-twitter', NULL, '1', '2017-08-31 11:39:25', '2017-09-13 14:39:23', '72d75a89-a2a1-4134-8102-9f7aab680579'),
 ('162', '162', 'en_us', 'btn-share-twitter', NULL, '1', '2017-08-31 11:39:26', '2017-09-13 14:39:23', '8e702a7e-d191-4570-b312-0b9b59ba98eb'),
 ('163', '163', 'en_us', 'btn-toggle-menu', NULL, '1', '2017-08-31 11:39:26', '2017-09-13 14:39:23', '504560ca-6b83-4aef-aa2c-df93349ef228'),
 ('164', '164', 'en_us', 'btn-toggle-menu', NULL, '1', '2017-08-31 11:39:26', '2017-09-13 14:39:23', '2393419d-fb4a-43b1-9452-c1924905aba2'),
 ('165', '165', 'en_us', 'btn-twiiter', NULL, '1', '2017-08-31 11:39:26', '2017-09-13 14:39:23', 'a3420aa1-deec-4cb5-944e-a2d99415b69c'),
 ('166', '166', 'en_us', 'btn-twiiter', NULL, '1', '2017-08-31 11:39:26', '2017-09-13 14:39:24', '726f48b3-9ed2-43ee-9dda-8244de701ca4'),
 ('167', '167', 'en_us', 'btn-twitter', NULL, '1', '2017-08-31 11:39:27', '2017-09-13 14:39:24', 'd94a9478-bc61-4087-ab6f-679d850d57ee'),
 ('168', '168', 'en_us', 'btn-twitter', NULL, '1', '2017-08-31 11:39:27', '2017-09-13 14:39:25', 'a85d3e8a-cdea-4d19-80ba-c1df130fd867'),
 ('169', '169', 'en_us', 'btn-youtube', NULL, '1', '2017-08-31 11:39:27', '2017-09-13 14:39:27', '487bb9b4-b0af-4361-9034-aa06de5c1052'),
 ('170', '170', 'en_us', 'btn-youtube', NULL, '1', '2017-08-31 11:39:27', '2017-09-13 14:39:27', '9e7d63ff-6ecb-4a84-815e-88a993b9bbe5'),
 ('171', '171', 'en_us', 'episcopal-badge', NULL, '1', '2017-08-31 11:39:27', '2017-09-13 14:39:27', '4babb2bb-5c01-4382-9ec4-d72d25a3bd47'),
 ('172', '172', 'en_us', 'episcopal-badge', NULL, '1', '2017-08-31 11:39:28', '2017-09-13 14:39:27', 'a9d7dfbf-7943-4b38-80d2-3a1aae3a6c21'),
 ('173', '173', 'en_us', 'feature-little-church', NULL, '1', '2017-08-31 11:39:28', '2017-09-13 14:39:27', '7b6b2e09-24be-4196-a2a7-32aee85fb391'),
 ('174', '174', 'en_us', 'figure-window', NULL, '1', '2017-08-31 11:39:28', '2017-09-13 14:39:28', '44dd5ce0-a351-4284-bbe8-b071a6ca822f'),
 ('175', '175', 'en_us', 'figure-window', NULL, '1', '2017-08-31 11:39:28', '2017-09-13 14:39:28', 'dd98d640-ab30-4fe4-a5a0-5a5692a14e51'),
 ('176', '176', 'en_us', 'hero-welcome', NULL, '1', '2017-08-31 11:39:29', '2017-09-13 14:39:35', '28f33d86-8ce8-48d8-8dc3-b4db2d9585ad'),
 ('177', '177', 'en_us', 'hero-who-we-are', NULL, '1', '2017-08-31 11:39:29', '2017-09-13 14:39:35', 'f6a29c69-cb87-46f6-901d-fd7ef4dbbe59'),
 ('178', '178', 'en_us', 'hero-our-history', NULL, '1', '2017-08-31 11:39:29', '2017-09-13 14:39:36', '7d3daa3a-2496-4dcf-9407-5d50e05ff7cf'),
 ('180', '180', 'en_us', 'hero-welcome', NULL, '1', '2017-08-31 11:39:30', '2017-09-13 14:39:36', '5e23a9f9-185e-4360-832c-d196fb77ffd9'),
 ('181', '181', 'en_us', 'hero-who-we-are', NULL, '1', '2017-08-31 11:39:30', '2017-09-13 14:39:37', 'bac6e7b5-d90e-4498-b5e6-d47744be96a9'),
 ('182', '182', 'en_us', 'hero-worship-schedule', NULL, '1', '2017-08-31 11:39:30', '2017-09-13 14:39:37', 'd41c0b3b-5002-484e-b643-271ecb8edb60'),
 ('183', '183', 'en_us', 'little-church-logo', NULL, '1', '2017-08-31 11:39:31', '2017-09-13 14:39:37', 'e5cbb376-497e-422e-91c4-7fe8d2a06775'),
 ('184', '184', 'en_us', 'little-church-logo', NULL, '1', '2017-08-31 11:39:31', '2017-09-13 14:39:37', '0c8ae91e-6a2c-45bb-97ff-e9a56516aeaf'),
 ('185', '185', 'en_us', 'marquee-01', NULL, '1', '2017-08-31 11:39:31', '2017-09-13 14:39:38', '3285a098-a303-40ac-ae75-a2ec619d6d7e'),
 ('186', '186', 'en_us', 'marquee-02', NULL, '1', '2017-08-31 11:39:31', '2017-09-13 14:39:38', 'a8ae5e2a-6c09-4f93-a7d6-47db322dea52'),
 ('187', '187', 'en_us', 'marquee-03', NULL, '1', '2017-08-31 11:39:32', '2017-09-13 14:39:38', 'b943fb99-6c19-4d03-b2bb-cbf52e831ec8'),
 ('188', '188', 'en_us', 'marquee-01', NULL, '1', '2017-08-31 11:39:32', '2017-09-13 14:39:39', '1162fd90-4a3f-4bc3-960c-e54778b101b0'),
 ('189', '189', 'en_us', 'marquee-02', NULL, '1', '2017-08-31 11:39:32', '2017-09-13 14:39:39', 'd758ee01-6246-4d1b-b5dc-67a85cedf9aa'),
 ('190', '190', 'en_us', 'marquee-03', NULL, '1', '2017-08-31 11:39:33', '2017-09-13 14:39:39', '685dd516-2b1e-4101-a77b-207ca442eece'),
 ('191', '191', 'en_us', 'liturgy', NULL, '1', '2017-08-31 11:39:33', '2017-09-13 14:39:39', '5ccffbbc-e55b-4e80-b8d7-7fdb0f67c865'),
 ('192', '192', 'en_us', 'music', NULL, '1', '2017-08-31 11:39:33', '2017-09-13 14:39:41', '986a1a19-2f26-40dc-8923-dc56c9b15dbf'),
 ('193', '193', 'en_us', 'parish-life', NULL, '1', '2017-08-31 11:39:33', '2017-09-13 14:39:42', 'a30c74b3-9cde-4bfc-b1d5-6dc25edc4493'),
 ('194', '194', 'en_us', 'who-we-are', NULL, '1', '2017-08-31 11:39:34', '2017-09-13 14:39:42', '40375aac-a000-483a-8946-bd323a6116d5'),
 ('195', '195', 'en_us', '01', NULL, '1', '2017-08-31 11:39:34', '2017-09-13 14:39:43', '047cb6c2-00d9-4814-ad09-914cb918245a'),
 ('196', '196', 'en_us', '02', NULL, '1', '2017-08-31 11:39:34', '2017-09-13 14:39:43', 'a652bb09-1636-4fc6-8499-7f350c533215'),
 ('197', '197', 'en_us', '03', NULL, '1', '2017-08-31 11:39:35', '2017-09-13 14:39:44', 'a75c8b42-2019-4100-a6da-dac23b4c1ca2'),
 ('198', '198', 'en_us', '04', NULL, '1', '2017-08-31 11:39:35', '2017-09-13 14:39:44', '56d41741-6cd3-49df-befa-15f107058545'),
 ('199', '199', 'en_us', '05', NULL, '1', '2017-08-31 11:39:35', '2017-09-13 14:39:44', 'b8843065-a035-4549-b0e3-242a9a1e2d9a'),
 ('200', '200', 'en_us', '06', NULL, '1', '2017-08-31 11:39:36', '2017-09-13 14:39:45', '33621415-0b76-4763-b710-703a72a27a6a'),
 ('201', '201', 'en_us', '07', NULL, '1', '2017-08-31 11:39:36', '2017-09-13 14:39:45', '0275babf-93f0-4f61-a233-5ea46d3919c2'),
 ('202', '202', 'en_us', 'wheelchair-access', NULL, '1', '2017-08-31 11:39:36', '2017-09-13 14:39:45', '7ff35f0a-55e4-4043-abf7-f89ba1ae4101'),
 ('203', '203', 'en_us', 'wheelchair-access', NULL, '1', '2017-08-31 11:39:37', '2017-09-13 14:39:45', '1f4e58ce-8e2a-41f1-8165-adb4784ef35f'),
 ('204', '204', 'en_us', 'figure-window', NULL, '1', '2017-08-31 11:39:37', '2017-09-13 14:39:46', '6417ae0f-0434-467d-9cf4-1f8b46e2a7aa'),
 ('205', '205', 'en_us', 'blog-01', NULL, '1', '2017-08-31 11:39:37', '2017-09-13 14:39:47', '236f49d5-88a7-4ae4-96e9-8e2dccc75d9b'),
 ('206', '206', 'en_us', 'fr-patrick-and-dog', NULL, '1', '2017-08-31 11:39:38', '2017-09-13 14:39:47', 'fe019bbe-1c5d-4553-83ee-946399746c5b'),
 ('207', '207', 'en_us', 'hero-welcome', NULL, '1', '2017-08-31 11:39:38', '2017-09-13 14:39:53', '64031298-bf3f-41a4-8020-bfe439dd7b58'),
 ('208', '208', 'en_us', 'hero-who-we-are', NULL, '1', '2017-08-31 11:39:39', '2017-09-13 14:39:53', '4a2a0998-48e3-4820-b4b2-09655647d64d'),
 ('209', '209', 'en_us', 'bio-ian-betts', NULL, '1', '2017-08-31 11:39:40', '2017-09-13 14:39:55', 'a9a219fb-54ce-44df-9e6d-da901581cbd1'),
 ('210', '210', 'en_us', 'bio-john-david-van-dooren', NULL, '1', '2017-08-31 11:39:41', '2017-09-13 14:39:55', '19af0b06-0352-4d91-be09-e19e41d618fc'),
 ('211', '211', 'en_us', 'edwin-booth-window-verticle', NULL, '1', '2017-08-31 11:39:41', '2017-09-13 14:39:56', 'f9433e6d-9d4a-4042-982e-e3cb8be26d9b'),
 ('213', '213', 'en_us', 'fr-patrick-and-dog', NULL, '1', '2017-08-31 11:39:42', '2017-09-13 14:39:57', '2a7adcaf-ea97-4c72-9999-97ebda9aa12c');
INSERT INTO `craft_elements_i18n` (`id`, `elementId`, `locale`, `slug`, `uri`, `enabled`, `dateCreated`, `dateUpdated`, `uid`) VALUES
 ('214', '214', 'en_us', 'fr-patrick-and-dog', NULL, '1', '2017-08-31 11:39:42', '2017-09-13 14:39:57', 'f1fb601f-df6b-463e-a0f8-666b05dcac3e'),
 ('215', '215', 'en_us', 'placeholder', NULL, '1', '2017-08-31 11:39:42', '2017-09-13 14:39:57', '38c3c435-1e8a-469c-8e8e-d67b702711d4'),
 ('216', '216', 'en_us', 'richard-upjohn-brass-filigree-pulpit', NULL, '1', '2017-08-31 11:39:43', '2017-09-13 14:39:58', '894b3257-07ca-49d8-8bc3-3d548a1cdbbe'),
 ('218', '218', 'en_us', '', NULL, '1', '2017-08-31 11:49:46', '2017-08-31 17:46:16', '6cd87004-33ff-4e5c-988c-291763674064'),
 ('219', '219', 'en_us', 'ralph-adams-cram-madonna-shrine', NULL, '1', '2017-08-31 13:41:24', '2017-09-13 14:39:16', '1d9a5199-dafc-4fef-8c51-dba92f6c1e9b'),
 ('220', '220', 'en_us', 'ralph-adams-cram-madonna-shrine', NULL, '1', '2017-08-31 13:41:41', '2017-09-13 14:39:56', 'ae75c78b-abf0-43ab-9ee8-a172b329429d'),
 ('221', '221', 'en_us', 'the-garden', 'blog/2017/the-garden', '1', '2017-08-31 14:07:29', '2017-08-31 14:24:08', 'e96e23de-73d4-45a5-ace1-6dcf60024d55'),
 ('223', '223', 'en_us', 'the-garden', NULL, '1', '2017-08-31 14:20:29', '2017-09-13 14:39:47', 'e5a41704-3a7e-493e-a01f-ec610147f8aa'),
 ('224', '224', 'en_us', '', NULL, '1', '2017-08-31 14:22:23', '2017-08-31 14:24:08', '3e90e5aa-def5-4b11-90d2-7b0a011a3c60'),
 ('225', '225', 'en_us', 'the-garden', NULL, '1', '2017-08-31 17:47:59', '2017-09-13 14:39:16', '7eb5b75a-8772-414b-93b3-6527bf3aad3f'),
 ('226', '226', 'en_us', 'the-garden', NULL, '1', '2017-08-31 17:48:24', '2017-09-13 14:39:57', '66739f44-7800-4eca-8cd8-34102ca1bd12'),
 ('227', '227', 'en_us', 'feature-little-church', NULL, '1', '2017-08-31 18:50:03', '2017-09-13 14:39:59', '627fcba7-259e-42a4-8fd6-f02c8637148e'),
 ('228', '228', 'en_us', 'feature-little-church', NULL, '1', '2017-08-31 19:05:48', '2017-09-13 14:39:28', '4ec16380-87f2-4ca8-98f6-a45a5aed681f'),
 ('229', '229', 'en_us', 'fr-patrick-cheng', NULL, '1', '2017-08-31 19:57:03', '2017-09-13 07:32:21', '06dfad5c-e9e6-42a1-83fa-d32a076436b3'),
 ('231', '231', 'en_us', 'hero-our-mission', NULL, '1', '2017-08-31 20:22:40', '2017-09-13 14:39:53', '07948d84-c11d-4da0-9b76-349109d35353'),
 ('234', '234', 'en_us', 'our-history', 'about/our-history', '1', '2017-08-31 20:27:54', '2017-09-13 09:18:42', '0a949f16-3580-4ca1-a313-b0bf36c10aec'),
 ('235', '235', 'en_us', 'hero-our-history', NULL, '1', '2017-08-31 20:28:29', '2017-09-13 14:39:52', '490807fe-7c7f-4d0c-a677-8272c68ddc6b'),
 ('236', '236', 'en_us', '', NULL, '1', '2017-08-31 20:29:51', '2017-09-04 20:58:26', 'ed43fb2c-163b-4ed8-a06e-2e410177468f'),
 ('238', '238', 'en_us', 'hero-parish-life', NULL, '1', '2017-08-31 20:33:51', '2017-09-13 14:39:53', 'fd4873d1-d0a3-46a0-ab4d-0f6b8b61676e'),
 ('239', '239', 'en_us', 'parish-life', 'about/parish-life', '1', '2017-08-31 20:36:16', '2017-09-13 09:18:42', 'bb6253c7-2b88-4c16-9be3-bdb5f47b0516'),
 ('240', '240', 'en_us', '', NULL, '1', '2017-08-31 20:36:16', '2017-09-06 16:54:15', '01693aeb-4173-42b4-8a9c-14cbbc5f68d5'),
 ('243', '243', 'en_us', 'hero-worship-schedule', NULL, '1', '2017-09-01 10:10:20', '2017-09-13 14:39:54', '9ffec3e1-12b1-409d-a05a-bcca3960232e'),
 ('244', '244', 'en_us', 'worship-schedule', 'worship/worship-schedule', '1', '2017-09-01 10:13:15', '2017-09-01 10:13:52', '22895e0f-d545-432e-bc92-a131d001ba17'),
 ('245', '245', 'en_us', '', NULL, '1', '2017-09-01 10:13:16', '2017-09-01 10:13:52', 'c53d20b7-549e-4fe2-884d-d1b1afca7fa7'),
 ('246', '246', 'en_us', 'hero-liturgy', NULL, '1', '2017-09-01 11:19:33', '2017-09-13 14:39:29', 'dabee434-e068-4142-aa7e-491983e017cb'),
 ('247', '247', 'en_us', 'hero-our-history', NULL, '1', '2017-09-01 11:19:33', '2017-09-13 14:39:30', '1c1ce54d-2e71-48e2-b173-05e7453fb187'),
 ('248', '248', 'en_us', 'hero-our-mission', NULL, '1', '2017-09-01 11:19:33', '2017-09-13 14:39:31', '08e0a0a2-e3b7-4a42-a7ea-00b34cc0eb1d'),
 ('249', '249', 'en_us', 'hero-parish-life', NULL, '1', '2017-09-01 11:19:34', '2017-09-13 14:39:34', 'bd09b3b5-f051-4b4e-9e23-72557bedd515'),
 ('250', '250', 'en_us', 'hero-worship-schedule', NULL, '1', '2017-09-01 11:19:34', '2017-09-13 14:39:35', '882fef2c-e05f-4f78-91cf-8a2ac0bdcd3a'),
 ('251', '251', 'en_us', 'hero-liturgy', NULL, '1', '2017-09-01 11:19:43', '2017-09-13 14:39:48', 'ee8ed719-cb1e-47ba-b6b7-1839d04cac43'),
 ('253', '253', 'en_us', '01', NULL, '1', '2017-09-01 11:44:52', '2017-09-13 14:40:00', '5d74fb60-52e6-446a-8d88-815d63c0cc83'),
 ('254', '254', 'en_us', 'lich-gate', 'virtual-tour/lich-gate', '1', '2017-09-01 11:45:08', '2017-09-01 11:45:22', '16a45de9-ff29-4f6b-993d-627e68d74302'),
 ('261', '261', 'en_us', '02', NULL, '1', '2017-09-01 11:46:08', '2017-09-13 14:40:00', 'df5138da-18c7-4b7c-98dd-54626cb2fb50'),
 ('262', '262', 'en_us', '03', NULL, '1', '2017-09-01 11:46:09', '2017-09-13 14:40:00', 'b355f3ee-07af-4439-a4a3-cfed161589c5'),
 ('263', '263', 'en_us', '04', NULL, '1', '2017-09-01 11:46:09', '2017-09-13 14:40:00', 'f537b19f-dcf2-4a8b-bf1a-b5c7301bf344'),
 ('264', '264', 'en_us', '05', NULL, '1', '2017-09-01 11:46:09', '2017-09-13 14:40:02', '6cea5025-8e50-4c52-8d2a-fe08827a6734'),
 ('265', '265', 'en_us', '06', NULL, '1', '2017-09-01 11:46:10', '2017-09-13 14:40:03', '00412719-2313-4f4a-9d8e-d0e0c1bfc30d'),
 ('266', '266', 'en_us', '07', NULL, '1', '2017-09-01 11:46:10', '2017-09-13 14:40:03', '3d56b82f-f256-468e-97a9-70d6fc11f33a'),
 ('267', '267', 'en_us', 'holy-family-chapel', 'virtual-tour/holy-family-chapel', '1', '2017-09-01 11:46:35', '2017-09-01 11:48:10', 'ad7e8a66-ef0d-4d28-882c-e418ef1db4c6'),
 ('268', '268', 'en_us', 'sir-richard-westmacott-madonna', 'virtual-tour/sir-richard-westmacott-madonna', '1', '2017-09-01 11:47:05', '2017-09-01 11:48:20', '8db9df57-db4b-41c9-a6a0-51d5c16d7c65'),
 ('269', '269', 'en_us', '', NULL, '1', '2017-09-04 20:55:33', '2017-09-04 20:58:26', 'f7a2f222-dea6-49f5-9abe-0c24d1fcd2af'),
 ('270', '270', 'en_us', '', NULL, '1', '2017-09-04 20:56:38', '2017-09-04 20:58:26', 'd1ffbfcc-3200-4ce8-a7a5-38fec8466b3c'),
 ('271', '271', 'en_us', 'outreach', 'about/outreach', '1', '2017-09-05 14:56:51', '2017-09-13 09:18:42', '58d0516d-d03f-45e4-912b-a2700912ceee'),
 ('272', '272', 'en_us', '', NULL, '1', '2017-09-05 15:02:17', '2017-09-06 16:30:07', '120f575a-0602-473b-9df0-4b397bfa3e5c'),
 ('273', '273', 'en_us', 'hero-visit', NULL, '1', '2017-09-06 16:31:55', '2017-09-13 14:39:36', '652975cc-79e8-4df6-bf19-f952ead35a2c'),
 ('274', '274', 'en_us', 'select-arrows', NULL, '1', '2017-09-06 16:31:59', '2017-09-13 14:39:43', '65fca0da-bbc7-4d70-9b8e-3d79f4568799'),
 ('275', '275', 'en_us', 'select-arrows', NULL, '1', '2017-09-06 16:31:59', '2017-09-13 14:39:43', 'ba577e62-a5fc-4b4e-a764-8751da89ea9c'),
 ('278', '278', 'en_us', 'events-landing', 'events', '1', '2017-09-06 18:06:17', '2017-09-06 18:06:17', '1d89a6bb-a9f2-48bb-81e7-10f58032b611'),
 ('280', '280', 'en_us', 'music-concert', 'event/music-concert/2017-08-01', '1', '2017-09-07 12:00:58', '2017-09-07 16:44:04', '745b2843-5919-4dd8-8b9e-25b73180540e'),
 ('282', '282', 'en_us', 'mass', 'event/mass/2017-09-10', '1', '2017-09-07 16:47:09', '2017-09-13 14:16:58', 'c8aee7b8-266c-4e2d-9936-519882f8713e'),
 ('287', '287', 'en_us', 'audio-sermons', 'worship/audio-sermons', '1', '2017-09-12 09:46:39', '2017-09-12 19:11:02', '74d5c419-f239-4268-bec9-7d14045d0a95'),
 ('288', '288', 'en_us', '', NULL, '1', '2017-09-12 09:46:39', '2017-09-12 19:11:02', '682bba2f-793d-406e-b188-6ceede3a7413'),
 ('289', '289', 'en_us', 'the-fourteenth-sunday-after-pentecost', NULL, '1', '2017-09-12 10:24:17', '2017-09-12 16:50:56', '16f14a93-637d-4df4-8429-607d595a5cfc'),
 ('295', '295', 'en_us', '08-06-17', NULL, '1', '2017-09-12 16:46:27', '2017-09-13 14:40:04', '708b9b64-d462-418f-8178-644ba99175a1'),
 ('296', '296', 'en_us', '08-27-17', NULL, '1', '2017-09-12 16:46:28', '2017-09-13 14:40:04', '1a076fbb-529b-49fa-beac-13f90c70f84b'),
 ('297', '297', 'en_us', '08-20-17', NULL, '1', '2017-09-12 16:46:28', '2017-09-13 14:40:04', '977f8777-978b-4e86-88a1-01f2244fc024'),
 ('298', '298', 'en_us', '08-13-17', NULL, '1', '2017-09-12 16:46:28', '2017-09-13 14:40:04', 'e5151827-c2d2-4677-9683-3c5ec44289f9'),
 ('299', '299', 'en_us', '09-03-17', NULL, '1', '2017-09-12 16:46:28', '2017-09-13 14:40:04', 'dc208453-6463-4129-88c4-8a07fe307120'),
 ('301', '301', 'en_us', '09-10-17', NULL, '1', '2017-09-12 16:49:43', '2017-09-13 14:40:05', 'c59c7b74-9d4d-43c5-9e54-e1cd1b5b0700'),
 ('302', '302', 'en_us', 'the-thirteenth-sunday-after-pentecost', NULL, '1', '2017-09-12 16:50:42', '2017-09-12 16:53:13', '6c20d767-bd6c-4cc4-91ec-57276e30ff17'),
 ('303', '303', 'en_us', 'the-twelfth-sunday-after-pentecost', NULL, '1', '2017-09-12 16:54:31', '2017-09-12 16:54:31', 'c2a83bb0-d8bc-47a7-bb5e-ff50b7ed3e9c'),
 ('304', '304', 'en_us', 'the-eleventh-sunday-after-pentecost', NULL, '1', '2017-09-12 16:58:27', '2017-09-12 17:00:22', '8028922b-dc5f-484d-b763-cbf4fa05bd36'),
 ('306', '306', 'en_us', 'hero-audio-sermons', NULL, '1', '2017-09-12 17:17:43', '2017-09-13 14:39:48', 'e92cf682-a1ad-4d93-a8f7-3f43d55b2ddc'),
 ('309', '309', 'en_us', 'bio-patrick-cheng', NULL, '1', '2017-09-13 07:16:26', '2017-09-13 14:39:56', 'b4e8eb57-35d1-45e7-8cfc-8b74fb3aef45'),
 ('311', '311', 'en_us', 'bio-warren-c-platt', NULL, '1', '2017-09-13 07:17:45', '2017-09-13 14:39:56', '4a09a6be-09fe-47e4-b470-ad2c58956399'),
 ('313', '313', 'en_us', 'bio-grace-kobryn', NULL, '1', '2017-09-13 07:19:39', '2017-09-13 14:39:55', '837fcc1a-37d3-47be-8099-f88740914271'),
 ('315', '315', 'en_us', 'bio-claudia-dumschat', NULL, '1', '2017-09-13 07:27:13', '2017-09-13 14:39:55', '817250da-548f-40f6-a608-aae5e75da0bc'),
 ('316', '316', 'en_us', 'bio-claudia-dumschat', NULL, '1', '2017-09-13 07:27:29', '2017-09-13 14:39:13', 'ce1442eb-b23d-447d-85a4-335a23de80d9'),
 ('317', '317', 'en_us', 'bio-grace-kobryn', NULL, '1', '2017-09-13 07:27:29', '2017-09-13 14:39:14', 'ab37dbf8-133a-4ea2-abe9-a8b9b9d355a2'),
 ('318', '318', 'en_us', 'bio-patrick-cheng', NULL, '1', '2017-09-13 07:27:30', '2017-09-13 14:39:14', '88a7c811-5048-4767-88ee-63ab591ce8d1'),
 ('319', '319', 'en_us', 'bio-warren-c-platt', NULL, '1', '2017-09-13 07:27:30', '2017-09-13 14:39:15', '3ba2097c-6ea3-4bb9-9db3-84cfec5285c3'),
 ('320', '320', 'en_us', 'hero-audio-sermons', NULL, '1', '2017-09-13 07:27:37', '2017-09-13 14:39:29', 'efeff8f1-ee58-4c56-975d-abca462f4f56'),
 ('321', '321', 'en_us', 'fr-warren-c-platt', NULL, '1', '2017-09-13 08:49:10', '2017-09-13 08:49:39', '525b4e7c-4848-49df-8528-9efa7176e4a3'),
 ('322', '322', 'en_us', 'grace-kobryn', NULL, '1', '2017-09-13 08:53:46', '2017-09-13 08:53:57', '72feb191-b01b-40b4-a573-daff52ec8adb'),
 ('323', '323', 'en_us', '', NULL, '1', '2017-09-13 08:53:56', '2017-09-13 08:53:56', '20526f78-b507-4d22-ab9c-c912fa6af074'),
 ('324', '324', 'en_us', 'music-at-transfiguration', 'music/music-at-transfiguration', '1', '2017-09-13 09:19:39', '2017-09-13 10:52:00', '9444b492-a570-4ab1-906c-5cb0d8c907fe'),
 ('326', '326', 'en_us', 'hero-music-at-transfiguration', NULL, '1', '2017-09-13 09:26:39', '2017-09-13 14:39:50', '9b1ba3bb-3d1f-4ede-ad4a-9b271ab7d9ab'),
 ('328', '328', 'en_us', 'hero-organist-and-choirmaster', NULL, '1', '2017-09-13 09:40:28', '2017-09-13 14:39:52', 'ba245a14-8982-411e-b19b-f847c43bde59'),
 ('329', '329', 'en_us', 'organist-and-choirmaster', 'music/organist-and-choirmaster', '1', '2017-09-13 09:42:08', '2017-09-13 10:47:26', '8fa3e953-20ac-4463-929d-b9ed13f0899a'),
 ('330', '330', 'en_us', '', NULL, '1', '2017-09-13 09:42:53', '2017-09-13 10:47:26', '9ebb03e9-fa6a-4c08-a923-4ad573f9cf17'),
 ('331', '331', 'en_us', 'hero-music-at-transfiguration', NULL, '1', '2017-09-13 10:21:08', '2017-09-13 14:39:29', 'afae1b05-6a18-4259-a169-62bb897d6972'),
 ('332', '332', 'en_us', 'hero-organist-and-choirmaster', NULL, '1', '2017-09-13 10:21:08', '2017-09-13 14:39:30', 'e9e14787-e09b-4f77-9605-b1e021c51fe8'),
 ('333', '333', 'en_us', 'concert-series', 'music/concert-series', '1', '2017-09-13 10:34:14', '2017-09-13 11:50:57', '56d9a369-4aac-413e-a17d-c1e33b91c27e'),
 ('335', '335', 'en_us', 'figure-organ', NULL, '1', '2017-09-13 10:40:09', '2017-09-13 14:39:46', 'bcc348e4-4217-4878-8d1d-41905f7efe52'),
 ('336', '336', 'en_us', '', NULL, '1', '2017-09-13 10:42:19', '2017-09-13 10:47:26', '25789d78-7e97-45ea-a28e-70843ad2492a'),
 ('337', '337', 'en_us', '', NULL, '1', '2017-09-13 10:45:04', '2017-09-13 10:47:26', '575ffe90-78f7-4276-9b0f-3bc53cbe8561'),
 ('339', '339', 'en_us', 'hero-concert-series', NULL, '1', '2017-09-13 10:56:17', '2017-09-13 14:39:52', 'f5903153-a8ce-49f4-abbc-85c6aa6e5f93'),
 ('340', '340', 'en_us', '', NULL, '1', '2017-09-13 11:04:37', '2017-09-13 11:50:57', '855677e2-9af2-43ca-bce6-44ee3b7caf33'),
 ('341', '341', 'en_us', 'new-venti-event', 'event/new-venti-event/2017-09-12', '1', '2017-09-13 12:03:19', '2017-09-13 14:25:57', 'bb6b40d9-97be-4c78-b2a9-552ba473cc63'),
 ('342', '342', 'en_us', 'figure-organ', NULL, '1', '2017-09-13 14:39:28', '2017-09-13 14:39:28', '51ff0305-6f03-4b99-9fec-c39e30bc48e5'),
 ('343', '343', 'en_us', 'hero-concert-series', NULL, '1', '2017-09-13 14:39:29', '2017-09-13 14:39:29', 'f3ec5f4f-8dbd-433f-a54c-1eb41d1dc917');



DROP TABLE IF EXISTS `craft_emailmessages`;


--
-- Schema for table `craft_emailmessages`
--
CREATE TABLE `craft_emailmessages` (
  `id` int(11) NOT NULL AUTO_INCREMENT,
  `key` char(150) COLLATE utf8_unicode_ci NOT NULL,
  `locale` char(12) COLLATE utf8_unicode_ci NOT NULL,
  `subject` varchar(1000) COLLATE utf8_unicode_ci NOT NULL,
  `body` text COLLATE utf8_unicode_ci NOT NULL,
  `dateCreated` datetime NOT NULL,
  `dateUpdated` datetime NOT NULL,
  `uid` char(36) COLLATE utf8_unicode_ci NOT NULL DEFAULT '0',
  PRIMARY KEY (`id`),
  UNIQUE KEY `craft_emailmessages_key_locale_unq_idx` (`key`,`locale`),
  KEY `craft_emailmessages_locale_fk` (`locale`)
) ENGINE=InnoDB DEFAULT CHARSET=utf8 COLLATE=utf8_unicode_ci;

DROP TABLE IF EXISTS `craft_entries`;


--
-- Schema for table `craft_entries`
--
CREATE TABLE `craft_entries` (
  `id` int(11) NOT NULL,
  `sectionId` int(11) NOT NULL,
  `typeId` int(11) DEFAULT NULL,
  `authorId` int(11) DEFAULT NULL,
  `postDate` datetime DEFAULT NULL,
  `expiryDate` datetime DEFAULT NULL,
  `dateCreated` datetime NOT NULL,
  `dateUpdated` datetime NOT NULL,
  `uid` char(36) COLLATE utf8_unicode_ci NOT NULL DEFAULT '0',
  PRIMARY KEY (`id`),
  KEY `craft_entries_sectionId_idx` (`sectionId`),
  KEY `craft_entries_typeId_idx` (`typeId`),
  KEY `craft_entries_postDate_idx` (`postDate`),
  KEY `craft_entries_expiryDate_idx` (`expiryDate`),
  KEY `craft_entries_authorId_fk` (`authorId`)
) ENGINE=InnoDB DEFAULT CHARSET=utf8 COLLATE=utf8_unicode_ci;

--
-- Data for table `craft_entries`
--

INSERT INTO `craft_entries` (`id`, `sectionId`, `typeId`, `authorId`, `postDate`, `expiryDate`, `dateCreated`, `dateUpdated`, `uid`) VALUES
 ('7', '3', '3', '1', '2017-08-25 13:52:00', NULL, '2017-08-25 13:52:11', '2017-09-01 11:23:12', 'c5a6a404-1aca-4ac4-a085-bc72ba05682a'),
 ('59', '3', '3', '1', '2017-08-25 14:26:00', NULL, '2017-08-25 14:26:30', '2017-08-31 11:26:04', '097c9a0c-f42a-42e7-bdfa-f015c19eff80'),
 ('60', '3', '3', '1', '2017-08-25 14:47:00', NULL, '2017-08-25 14:47:50', '2017-09-01 11:23:38', 'dec766de-a6cf-403a-bf60-708451670789'),
 ('61', '4', '4', NULL, '2017-08-25 16:56:41', NULL, '2017-08-25 16:28:45', '2017-08-31 19:20:17', '15a9ad4e-b185-4bfa-b528-18f2ee4036e4'),
 ('62', '5', '5', '1', '2017-08-25 18:25:00', NULL, '2017-08-25 18:25:38', '2017-08-31 11:36:00', 'f4fbd87b-2d27-45b7-9d2a-34cda92f5a3e'),
 ('63', '5', '5', '1', '2017-08-25 18:49:00', NULL, '2017-08-25 18:49:23', '2017-08-31 11:38:32', '5ad4c4a1-1025-4cbd-b1fc-55c1ede5899a'),
 ('64', '5', '5', '1', '2017-08-25 18:50:00', NULL, '2017-08-25 18:50:18', '2017-08-31 11:38:27', '815d5e2c-389a-4cae-8715-51575be74729'),
 ('65', '5', '5', '1', '2017-08-25 18:50:00', NULL, '2017-08-25 18:50:41', '2017-08-31 11:38:41', '82846dbd-bb33-48d3-a891-5a42b4b12a59'),
 ('69', '7', '7', '1', '2017-08-26 11:22:00', NULL, '2017-08-26 11:22:17', '2017-08-31 12:14:10', '7ce62de5-7ce7-49ab-8393-ee873e6afcdd'),
 ('76', '8', '8', '1', '2017-08-28 15:15:00', NULL, '2017-08-28 15:15:47', '2017-09-13 07:33:37', 'd0edbdf2-fc29-4609-a90d-3ed07473fe25'),
 ('78', '8', '8', '1', '2017-08-28 15:42:00', NULL, '2017-08-28 15:42:06', '2017-09-13 08:16:52', 'e1707ee9-3a1f-4dec-af1a-e470db1fad2f'),
 ('87', '7', '7', '1', '2017-08-28 19:40:00', NULL, '2017-08-28 19:40:55', '2017-09-13 08:53:56', '2ec46838-e70c-4ddf-8a97-009e20c29e46'),
 ('94', '9', '9', '1', '2017-08-30 09:08:00', NULL, '2017-08-30 09:08:48', '2017-08-31 17:46:16', '006cfe2b-2847-4f58-b889-f903a8c31cb1'),
 ('115', '9', '9', '1', '2017-08-31 00:00:00', NULL, '2017-08-30 15:21:41', '2017-08-31 14:04:55', '2fba3d65-43a5-488a-b864-c673f81b4199'),
 ('221', '9', '9', '1', '2017-08-28 14:22:00', NULL, '2017-08-31 14:07:29', '2017-08-31 14:24:08', '0f028f94-77ec-483a-add7-10939ea1b361'),
 ('229', '8', '8', '1', '2017-08-31 19:57:00', NULL, '2017-08-31 19:57:03', '2017-09-13 07:32:21', '0e572605-1590-44e5-be2c-ec08e37678ea'),
 ('234', '7', '7', '1', '2017-08-31 20:27:00', NULL, '2017-08-31 20:27:54', '2017-09-04 20:58:26', 'e4719a44-30e0-4277-8f88-c6af9a841e3d'),
 ('239', '7', '7', '1', '2017-08-31 20:36:00', NULL, '2017-08-31 20:36:16', '2017-09-06 16:54:15', '3f3e352e-799f-46f4-888a-8d11d667943c'),
 ('244', '10', '10', '1', '2017-09-01 10:13:00', NULL, '2017-09-01 10:13:16', '2017-09-01 10:13:52', 'c74934a7-a2fa-40c3-b566-1f6c008176f2'),
 ('254', '11', '11', '1', '2017-09-01 11:45:00', NULL, '2017-09-01 11:45:08', '2017-09-01 11:45:22', '8092d57f-3bbf-48c4-96b9-8a6a6c606434'),
 ('267', '11', '11', '1', '2017-09-01 11:46:00', NULL, '2017-09-01 11:46:35', '2017-09-01 11:48:10', 'abbd93e9-8bca-4716-8d7c-38f297d9d832'),
 ('268', '11', '11', '1', '2017-09-01 11:47:00', NULL, '2017-09-01 11:47:05', '2017-09-01 11:48:20', '998a724c-96e0-4f11-b1dd-abcf4cdf7d6e'),
 ('271', '7', '7', '1', '2017-09-05 14:56:00', NULL, '2017-09-05 14:56:51', '2017-09-06 16:30:07', '57081b52-6b4a-4f80-8b43-e8790802dd47'),
 ('278', '12', NULL, NULL, '2017-09-06 18:06:16', NULL, '2017-09-06 18:06:17', '2017-09-06 18:06:17', 'f082f433-2ff6-4590-bda8-f06fdc912659'),
 ('287', '10', '10', '1', '2017-09-12 09:46:00', NULL, '2017-09-12 09:46:39', '2017-09-12 19:11:02', '81ee762d-0c6f-481a-bd00-968ddc68400f'),
 ('289', '13', '13', '1', '2017-09-10 10:24:00', NULL, '2017-09-12 10:24:17', '2017-09-12 16:50:56', '451dda3f-eaec-472d-8b47-3dc8411d4da0'),
 ('302', '13', '13', '1', '2017-09-03 00:00:00', NULL, '2017-09-12 16:50:42', '2017-09-12 16:53:13', '12826aa1-94c2-4e04-8cbc-d52b1826f8ed'),
 ('303', '13', '13', '1', '2017-09-12 16:54:31', NULL, '2017-09-12 16:54:31', '2017-09-12 16:54:31', '2946529a-5a07-41f7-ac52-0ca850404094'),
 ('304', '13', '13', '1', '2017-09-12 16:58:00', NULL, '2017-09-12 16:58:27', '2017-09-12 17:00:23', '3d1f01bb-fd4d-4f9b-b753-0e9b8416bfbc'),
 ('321', '8', '8', '1', '2017-09-13 08:49:00', NULL, '2017-09-13 08:49:10', '2017-09-13 08:49:39', '96c362fd-60d1-4c63-b541-444e841be4e1'),
 ('322', '8', '8', '1', '2017-09-13 08:53:46', NULL, '2017-09-13 08:53:46', '2017-09-13 08:53:46', '9e703009-d80f-4d8d-acb5-8a9c56fd8e70'),
 ('324', '14', '14', '1', '2017-09-13 09:19:00', NULL, '2017-09-13 09:19:39', '2017-09-13 10:52:00', 'df16d2bb-c75e-450b-b644-be86e9442387'),
 ('329', '14', '14', '1', '2017-09-13 09:42:00', NULL, '2017-09-13 09:42:08', '2017-09-13 10:47:26', 'ed541953-86d5-42a8-bec0-7dc952e3f90d'),
 ('333', '14', '14', '1', '2017-09-13 10:34:00', NULL, '2017-09-13 10:34:14', '2017-09-13 11:50:57', '500629aa-3623-4296-90d2-1d56e0dea37c');



DROP TABLE IF EXISTS `craft_entrydrafts`;


--
-- Schema for table `craft_entrydrafts`
--
CREATE TABLE `craft_entrydrafts` (
  `id` int(11) NOT NULL AUTO_INCREMENT,
  `entryId` int(11) NOT NULL,
  `sectionId` int(11) NOT NULL,
  `creatorId` int(11) NOT NULL,
  `locale` char(12) COLLATE utf8_unicode_ci NOT NULL,
  `name` varchar(255) COLLATE utf8_unicode_ci NOT NULL,
  `notes` tinytext COLLATE utf8_unicode_ci,
  `data` mediumtext COLLATE utf8_unicode_ci NOT NULL,
  `dateCreated` datetime NOT NULL,
  `dateUpdated` datetime NOT NULL,
  `uid` char(36) COLLATE utf8_unicode_ci NOT NULL DEFAULT '0',
  PRIMARY KEY (`id`),
  KEY `craft_entrydrafts_entryId_locale_idx` (`entryId`,`locale`),
  KEY `craft_entrydrafts_sectionId_fk` (`sectionId`),
  KEY `craft_entrydrafts_creatorId_fk` (`creatorId`),
  KEY `craft_entrydrafts_locale_fk` (`locale`)
) ENGINE=InnoDB DEFAULT CHARSET=utf8 COLLATE=utf8_unicode_ci;

DROP TABLE IF EXISTS `craft_entrytypes`;


--
-- Schema for table `craft_entrytypes`
--
CREATE TABLE `craft_entrytypes` (
  `id` int(11) NOT NULL AUTO_INCREMENT,
  `sectionId` int(11) NOT NULL,
  `fieldLayoutId` int(11) DEFAULT NULL,
  `name` varchar(255) COLLATE utf8_unicode_ci NOT NULL,
  `handle` varchar(255) COLLATE utf8_unicode_ci NOT NULL,
  `hasTitleField` tinyint(1) unsigned NOT NULL DEFAULT '1',
  `titleLabel` varchar(255) COLLATE utf8_unicode_ci DEFAULT 'Title',
  `titleFormat` varchar(255) COLLATE utf8_unicode_ci DEFAULT NULL,
  `sortOrder` smallint(6) unsigned DEFAULT NULL,
  `dateCreated` datetime NOT NULL,
  `dateUpdated` datetime NOT NULL,
  `uid` char(36) COLLATE utf8_unicode_ci NOT NULL DEFAULT '0',
  PRIMARY KEY (`id`),
  UNIQUE KEY `craft_entrytypes_name_sectionId_unq_idx` (`name`,`sectionId`),
  UNIQUE KEY `craft_entrytypes_handle_sectionId_unq_idx` (`handle`,`sectionId`),
  KEY `craft_entrytypes_sectionId_fk` (`sectionId`),
  KEY `craft_entrytypes_fieldLayoutId_fk` (`fieldLayoutId`)
) ENGINE=InnoDB AUTO_INCREMENT=15 DEFAULT CHARSET=utf8 COLLATE=utf8_unicode_ci;

--
-- Data for table `craft_entrytypes`
--

INSERT INTO `craft_entrytypes` (`id`, `sectionId`, `fieldLayoutId`, `name`, `handle`, `hasTitleField`, `titleLabel`, `titleFormat`, `sortOrder`, `dateCreated`, `dateUpdated`, `uid`) VALUES
 ('3', '3', '25', 'Marquee Slide', 'marqueeSlide', '1', 'Title', NULL, '1', '2017-08-25 13:20:53', '2017-08-25 18:22:17', 'a8d75fb3-06f9-408a-971e-ac2559718e4e'),
 ('4', '4', '149', 'Home', 'homepage', '0', NULL, '{section.name|raw}', '1', '2017-08-25 16:28:45', '2017-08-31 18:57:51', '356e755d-743b-42fc-9e97-87c127ec6617'),
 ('5', '5', '141', 'Quadrants', 'quadrants', '1', 'Link Title', NULL, '1', '2017-08-25 16:57:57', '2017-08-31 11:33:36', 'ba6893e1-a4c8-4795-8ed3-5eaa8848bfeb'),
 ('7', '7', '106', 'About', 'about', '1', 'Title', NULL, '1', '2017-08-26 11:07:16', '2017-08-30 12:14:39', '5c84bdd7-210d-41f3-8b51-ba982fb70a7d'),
 ('8', '8', '75', 'Church Bio', 'churchBio', '1', 'Full Name', NULL, '1', '2017-08-28 15:07:07', '2017-08-28 15:13:24', '0333d244-3d0b-4a0b-bb15-481d850a3554'),
 ('9', '9', '109', 'Blog', 'blog', '1', 'Title', NULL, '1', '2017-08-30 09:04:27', '2017-08-30 13:54:24', 'd2774d01-198e-4bf1-a271-aa115c3780f3'),
 ('10', '10', '151', 'Worship', 'worship', '1', 'Title', NULL, '1', '2017-09-01 10:04:40', '2017-09-01 10:07:56', '1b6470b4-2a33-405a-bc7d-8d9ae6333a5f'),
 ('11', '11', '158', 'Virtual Tour', 'virtualTour', '1', 'Title', NULL, '1', '2017-09-01 11:25:00', '2017-09-01 11:42:38', 'cb296943-37fb-4abb-ad47-20008af5613c'),
 ('12', '12', '159', 'Events Landing', 'eventsLanding', '0', NULL, '{section.name|raw}', '1', '2017-09-06 18:06:16', '2017-09-06 18:06:16', 'c595d8b1-e839-407e-ac1f-0b4c8fe1a866'),
 ('13', '13', '205', 'Audio Sermons', 'audioSermons', '1', 'Title', NULL, '1', '2017-09-12 10:18:21', '2017-09-12 16:43:47', '6e9bb48d-bf88-4b0a-8dc2-d7351a9914ae'),
 ('14', '14', '211', 'Music', 'music', '1', 'Title', NULL, '1', '2017-09-13 09:18:30', '2017-09-13 09:22:28', '0d874fa5-7e22-4dbd-85a9-d5e136efe65d');



DROP TABLE IF EXISTS `craft_entryversions`;


--
-- Schema for table `craft_entryversions`
--
CREATE TABLE `craft_entryversions` (
  `id` int(11) NOT NULL AUTO_INCREMENT,
  `entryId` int(11) NOT NULL,
  `sectionId` int(11) NOT NULL,
  `creatorId` int(11) DEFAULT NULL,
  `locale` char(12) COLLATE utf8_unicode_ci NOT NULL,
  `num` smallint(6) unsigned NOT NULL,
  `notes` tinytext COLLATE utf8_unicode_ci,
  `data` mediumtext COLLATE utf8_unicode_ci NOT NULL,
  `dateCreated` datetime NOT NULL,
  `dateUpdated` datetime NOT NULL,
  `uid` char(36) COLLATE utf8_unicode_ci NOT NULL DEFAULT '0',
  PRIMARY KEY (`id`),
  KEY `craft_entryversions_entryId_locale_idx` (`entryId`,`locale`),
  KEY `craft_entryversions_sectionId_fk` (`sectionId`),
  KEY `craft_entryversions_creatorId_fk` (`creatorId`),
  KEY `craft_entryversions_locale_fk` (`locale`)
) ENGINE=InnoDB AUTO_INCREMENT=158 DEFAULT CHARSET=utf8 COLLATE=utf8_unicode_ci;

--
-- Data for table `craft_entryversions`
--

INSERT INTO `craft_entryversions` (`id`, `entryId`, `sectionId`, `creatorId`, `locale`, `num`, `notes`, `data`, `dateCreated`, `dateUpdated`, `uid`) VALUES
 ('4', '69', '7', '1', 'en_us', '1', '', '{\"typeId\":null,\"authorId\":\"1\",\"title\":\"Welcome\",\"slug\":\"welcome\",\"postDate\":1503746537,\"expiryDate\":null,\"enabled\":1,\"parentId\":null,\"fields\":{\"11\":[\"68\"],\"3\":\"Welcome to our little church\",\"1\":\"<p>Mi aptent suspendisse sociis augue pretium eleifend ante suspendisse ad condimentum a a scelerisque a sem tempor tristique vestibulum ultrices lectus consectetur potenti fusce ipsum parturient fermentum.Tincidunt aliquet tellus urna pretium a mus quis adipiscing a a porta eget aliquet ullamcorper mollis leo.Natoque class a a tellus condimentum purus curabitur a fusce arcu congue conubia mus natoque at.<\\/p>\"}}', '2017-08-26 11:22:17', '2017-08-26 11:22:17', 'c6ee4100-306f-4b58-b1cc-7f4f8b848ff5'),
 ('5', '69', '7', '1', 'en_us', '2', '', '{\"typeId\":\"7\",\"authorId\":\"1\",\"title\":\"Welcome\",\"slug\":\"welcome\",\"postDate\":1503746520,\"expiryDate\":null,\"enabled\":1,\"parentId\":null,\"fields\":{\"11\":[\"68\"],\"3\":\"Welcome to our little church\",\"1\":\"<p>Mi aptent suspendisse sociis augue pretium eleifend ante suspendisse ad condimentum a a scelerisque a sem tempor tristique vestibulum ultrices lectus consectetur potenti fusce ipsum parturient fermentum.Tincidunt aliquet tellus urna pretium a mus quis adipiscing a a porta eget aliquet ullamcorper mollis leo.Natoque class a a tellus condimentum purus curabitur a fusce arcu congue conubia mus natoque at.<\\/p>\"}}', '2017-08-26 11:24:43', '2017-08-26 11:24:43', '2b7c314c-f48d-451a-bd26-0f2e9551b872'),
 ('6', '69', '7', '1', 'en_us', '3', '', '{\"typeId\":\"7\",\"authorId\":\"1\",\"title\":\"Welcome\",\"slug\":\"welcome\",\"postDate\":1503746520,\"expiryDate\":null,\"enabled\":1,\"parentId\":null,\"fields\":{\"11\":[\"68\"],\"3\":\"Welcome to our little church\",\"1\":\"<p>Mi aptent suspendisse sociis augue pretium eleifend ante suspendisse ad condimentum a a scelerisque a sem tempor tristique vestibulum ultrices lectus consectetur potenti fusce ipsum parturient fermentum.Tincidunt aliquet tellus urna pretium a mus quis adipiscing a a porta eget aliquet ullamcorper mollis leo. Natoque class a a tellus condimentum purus curabitur a fusce arcu congue conubia mus natoque at.<\\/p>\"}}', '2017-08-26 13:59:35', '2017-08-26 13:59:35', '133c5d9b-d172-4a59-a5bd-42fe716d574e'),
 ('7', '69', '7', '1', 'en_us', '4', '', '{\"typeId\":\"7\",\"authorId\":\"1\",\"title\":\"Welcome\",\"slug\":\"welcome\",\"postDate\":1503746520,\"expiryDate\":null,\"enabled\":1,\"parentId\":null,\"fields\":{\"11\":[\"68\"],\"3\":\"Welcome to our little church\",\"1\":\"<p>Mi aptent suspendisse sociis augue pretium eleifend ante suspendisse ad condimentum a a scelerisque a sem tempor tristique vestibulum ultrices lectus consectetur potenti fusce ipsum parturient fermentum.Tincidunt aliquet tellus urna pretium a mus quis adipiscing a a porta eget aliquet ullamcorper mollis leo. Natoque class a a tellus condimentum purus curabitur a fusce arcu congue conubia mus natoque at.<\\/p>\",\"12\":\"<p>Ullamcorper scelerisque a placerat sodales orci aliquet pharetra tempor a etiam parturient id ante arcu elit sem id consectetur mollis euismod conubia a a posuere. Adipiscing eget congue suspendisse conubia ullamcorper parturient lacinia condimentum elementum enim eget per a viverra a ante condimentum parturient adipiscing etiam adipiscing potenti vestibulum pulvinar a. A class ullamcorper per dignissim eget porta mus himenaeos tempor a vitae condimentum a fermentum sed nec nisl nunc dis eget. Purus mus vel eros velit cum non a ac ad sem parturient odio vestibulum nibh porta dapibus parturient duis vitae scelerisque fames a cubilia a posuere nam risus ligula.<\\/p>\"}}', '2017-08-28 11:48:31', '2017-08-28 11:48:31', '5f29a637-7be6-49a2-9234-62d0f2eaf7f8'),
 ('8', '69', '7', '1', 'en_us', '5', '', '{\"typeId\":\"7\",\"authorId\":\"1\",\"title\":\"Welcome\",\"slug\":\"welcome\",\"postDate\":1503746520,\"expiryDate\":null,\"enabled\":1,\"parentId\":null,\"fields\":{\"11\":[\"68\"],\"3\":\"Welcome to our little church\",\"1\":\"<p>Mi aptent suspendisse sociis augue pretium eleifend ante suspendisse ad condimentum a a scelerisque a sem tempor tristique vestibulum ultrices lectus consectetur potenti fusce ipsum parturient fermentum.Tincidunt aliquet tellus urna pretium a mus quis adipiscing a a porta eget aliquet ullamcorper mollis leo. Natoque class a a tellus condimentum purus curabitur a fusce arcu congue conubia mus natoque at.<\\/p>\",\"12\":\"<p>Ullamcorper scelerisque a placerat sodales orci aliquet pharetra tempor a etiam parturient id ante arcu elit sem id consectetur mollis euismod conubia a a posuere. Adipiscing eget congue suspendisse conubia ullamcorper parturient lacinia condimentum elementum enim eget per a viverra a ante condimentum parturient adipiscing etiam adipiscing potenti vestibulum pulvinar a. A class ullamcorper per dignissim eget porta mus himenaeos tempor a vitae condimentum a fermentum sed nec nisl nunc dis eget. Purus mus vel eros velit cum non a ac ad sem parturient odio vestibulum nibh porta dapibus parturient duis vitae scelerisque fames a cubilia a posuere nam risus ligula.<\\/p>\"}}', '2017-08-28 11:55:20', '2017-08-28 11:55:20', 'f73cb57a-626f-40d4-b80a-facc6912d7c9'),
 ('9', '69', '7', '1', 'en_us', '6', '', '{\"typeId\":\"7\",\"authorId\":\"1\",\"title\":\"Welcome\",\"slug\":\"welcome\",\"postDate\":1503746520,\"expiryDate\":null,\"enabled\":1,\"parentId\":null,\"fields\":{\"11\":[\"68\"],\"3\":\"Welcome to our little church\",\"1\":\"<p>Mi aptent suspendisse sociis augue pretium eleifend ante suspendisse ad condimentum a a scelerisque a sem tempor tristique vestibulum ultrices lectus consectetur potenti fusce ipsum parturient fermentum.Tincidunt aliquet tellus urna pretium a mus quis adipiscing a a porta eget aliquet ullamcorper mollis leo. Natoque class a a tellus condimentum purus curabitur a fusce arcu congue conubia mus natoque at.<\\/p>\",\"12\":\"<p>Ullamcorper scelerisque a placerat sodales orci aliquet pharetra tempor a etiam parturient id ante arcu elit sem id consectetur mollis euismod conubia a a posuere. Adipiscing eget congue suspendisse conubia ullamcorper parturient lacinia condimentum elementum enim eget per a viverra a ante condimentum parturient adipiscing etiam adipiscing potenti vestibulum pulvinar a. A class ullamcorper per dignissim eget porta mus himenaeos tempor a vitae condimentum a fermentum sed nec nisl nunc dis eget. Purus mus vel eros velit cum non a ac ad sem parturient odio vestibulum nibh porta dapibus parturient duis vitae scelerisque fames a cubilia a posuere nam risus ligula.<\\/p>\"}}', '2017-08-28 11:57:45', '2017-08-28 11:57:45', 'e779990f-8f2c-45f7-ac88-7aa8da385328'),
 ('10', '69', '7', '1', 'en_us', '7', '', '{\"typeId\":\"7\",\"authorId\":\"1\",\"title\":\"Welcome\",\"slug\":\"welcome\",\"postDate\":1503746520,\"expiryDate\":null,\"enabled\":1,\"parentId\":null,\"fields\":{\"11\":[\"68\"],\"3\":\"Welcome to our little church\",\"1\":\"<p>Mi aptent suspendisse sociis augue pretium eleifend ante suspendisse ad condimentum a a scelerisque a sem tempor tristique vestibulum ultrices lectus consectetur potenti fusce ipsum parturient fermentum.Tincidunt aliquet tellus urna pretium a mus quis adipiscing a a porta eget aliquet ullamcorper mollis leo. Natoque class a a tellus condimentum purus curabitur a fusce arcu congue conubia mus natoque at.<\\/p>\",\"12\":\"<p>Ullamcorper scelerisque a placerat sodales orci aliquet pharetra tempor a etiam parturient id ante arcu elit sem id consectetur mollis euismod conubia a a posuere. Adipiscing eget congue suspendisse conubia ullamcorper parturient lacinia condimentum elementum enim eget per a viverra a ante condimentum parturient adipiscing etiam adipiscing potenti vestibulum pulvinar a. A class ullamcorper per dignissim eget porta mus himenaeos tempor a vitae condimentum a fermentum sed nec nisl nunc dis eget. Purus mus vel eros velit cum non a ac ad sem parturient odio vestibulum nibh porta dapibus parturient duis vitae scelerisque fames a cubilia a posuere nam risus ligula.<\\/p>\"}}', '2017-08-28 11:58:22', '2017-08-28 11:58:22', '0789713a-3687-4bfd-a4cd-9279e8495902'),
 ('11', '69', '7', '1', 'en_us', '8', '', '{\"typeId\":\"7\",\"authorId\":\"1\",\"title\":\"Welcome\",\"slug\":\"welcome\",\"postDate\":1503746520,\"expiryDate\":null,\"enabled\":1,\"parentId\":null,\"fields\":{\"11\":[\"68\"],\"3\":\"Welcome to our little church\",\"1\":\"<p>Mi aptent suspendisse sociis augue pretium eleifend ante suspendisse ad condimentum a a scelerisque a sem tempor tristique vestibulum ultrices lectus consectetur potenti fusce ipsum parturient fermentum.Tincidunt aliquet tellus urna pretium a mus quis adipiscing a a porta eget aliquet ullamcorper mollis leo. Natoque class a a tellus condimentum purus curabitur a fusce arcu congue conubia mus natoque at.<\\/p>\",\"12\":\"<p>Ullamcorper scelerisque a placerat sodales orci aliquet pharetra tempor a etiam parturient id ante arcu elit sem id consectetur mollis euismod conubia a a posuere. Adipiscing eget congue suspendisse conubia ullamcorper parturient lacinia condimentum elementum enim eget per a viverra a ante condimentum parturient adipiscing etiam adipiscing potenti vestibulum pulvinar a. A class ullamcorper per dignissim eget porta mus himenaeos tempor a vitae condimentum a fermentum sed nec nisl nunc dis eget. Purus mus vel eros velit cum non a ac ad sem parturient odio vestibulum nibh porta dapibus parturient duis vitae scelerisque fames a cubilia a posuere nam risus ligula.<\\/p>\"}}', '2017-08-28 12:00:05', '2017-08-28 12:00:05', '6eb63272-1a3a-4408-97d1-d8421db07957'),
 ('12', '69', '7', '1', 'en_us', '9', '', '{\"typeId\":\"7\",\"authorId\":\"1\",\"title\":\"Welcome\",\"slug\":\"welcome\",\"postDate\":1503746520,\"expiryDate\":null,\"enabled\":1,\"parentId\":null,\"fields\":{\"11\":[\"68\"],\"3\":\"Welcome to our little church\",\"1\":\"<p>Mi aptent suspendisse sociis augue pretium eleifend ante suspendisse ad condimentum a a scelerisque a sem tempor tristique vestibulum ultrices lectus consectetur potenti fusce ipsum parturient fermentum.Tincidunt aliquet tellus urna pretium a mus quis adipiscing a a porta eget aliquet ullamcorper mollis leo. Natoque class a a tellus condimentum purus curabitur a fusce arcu congue conubia mus natoque at.<\\/p>\",\"12\":\"<p>Ullamcorper scelerisque a placerat sodales orci aliquet pharetra tempor a etiam parturient id ante arcu elit sem id consectetur mollis euismod conubia a a posuere. Adipiscing eget congue suspendisse conubia ullamcorper parturient lacinia condimentum elementum enim eget per a viverra a ante condimentum parturient adipiscing etiam adipiscing potenti vestibulum pulvinar.<\\/p>\"}}', '2017-08-28 12:02:33', '2017-08-28 12:02:33', '775f0d65-6118-440f-ac92-165388721331'),
 ('13', '69', '7', '1', 'en_us', '10', '', '{\"typeId\":\"7\",\"authorId\":\"1\",\"title\":\"Welcome\",\"slug\":\"welcome\",\"postDate\":1503746520,\"expiryDate\":null,\"enabled\":1,\"parentId\":null,\"fields\":{\"11\":[\"68\"],\"3\":\"Welcome to our little church\",\"1\":\"<p>Mi aptent suspendisse sociis augue pretium eleifend ante suspendisse ad condimentum a a scelerisque a sem tempor tristique vestibulum ultrices lectus consectetur potenti fusce ipsum parturient fermentum.Tincidunt aliquet tellus urna pretium a mus quis adipiscing a a porta eget aliquet ullamcorper mollis leo. Natoque class a a tellus condimentum purus curabitur a fusce arcu congue conubia mus natoque at.<\\/p>\",\"12\":\"<p>Ullamcorper scelerisque a placerat sodales orci aliquet pharetra tempor a etiam parturient id ante arcu elit sem id consectetur mollis euismod conubia a a posuere. Adipiscing eget congue suspendisse conubia ullamcorper parturient lacinia condimentum elementum enim eget per a viverra a ante condimentum parturient adipiscing etiam adipiscing potenti vestibulum pulvinar.<\\/p>\"}}', '2017-08-28 12:04:37', '2017-08-28 12:04:37', 'a0e7b188-b9e5-4be4-9f41-9919fe21b294'),
 ('14', '69', '7', '1', 'en_us', '11', '', '{\"typeId\":\"7\",\"authorId\":\"1\",\"title\":\"Welcome\",\"slug\":\"welcome\",\"postDate\":1503746520,\"expiryDate\":null,\"enabled\":1,\"parentId\":null,\"fields\":{\"11\":[\"68\"],\"3\":\"Welcome to our little church\",\"13\":{\"new1\":{\"type\":\"paragraph\",\"enabled\":\"1\",\"fields\":{\"text\":\"<h2>New here?<\\/h2>\"}}},\"12\":\"<p>Ullamcorper scelerisque a placerat sodales orci aliquet pharetra tempor a etiam parturient id ante arcu elit sem id consectetur mollis euismod conubia a a posuere. Adipiscing eget congue suspendisse conubia ullamcorper parturient lacinia condimentum elementum enim eget per a viverra a ante condimentum parturient adipiscing etiam adipiscing potenti vestibulum pulvinar.<\\/p>\"}}', '2017-08-28 12:21:30', '2017-08-28 12:21:30', '13dd3127-bc0b-48bb-8790-2bd4d881e578'),
 ('15', '69', '7', '1', 'en_us', '12', '', '{\"typeId\":\"7\",\"authorId\":\"1\",\"title\":\"Welcome\",\"slug\":\"welcome\",\"postDate\":1503746520,\"expiryDate\":null,\"enabled\":1,\"parentId\":null,\"fields\":{\"11\":[\"68\"],\"3\":\"Welcome to our little church\",\"13\":{\"71\":{\"type\":\"paragraph\",\"enabled\":\"1\",\"fields\":{\"text\":\"<h2>First time here?<\\/h2><p>I invite you to join us in worship and fellowship at any one of our services, coffee hour, concert series, or a simple contemplative visit to our garden and chapel. I like to think of our parish as a quiet oasis in the heart of this vibrant city. And yet we have so much going on at our Little Church.<\\/p>\"}}},\"12\":\"<p>Ullamcorper scelerisque a placerat sodales orci aliquet pharetra tempor a etiam parturient id ante arcu elit sem id consectetur mollis euismod conubia a a posuere. Adipiscing eget congue suspendisse conubia ullamcorper parturient lacinia condimentum elementum enim eget per a viverra a ante condimentum parturient adipiscing etiam adipiscing potenti vestibulum pulvinar.<\\/p>\"}}', '2017-08-28 12:24:43', '2017-08-28 12:24:43', 'b2ac1054-6eb4-4c1f-b7f2-9b5df126c81f'),
 ('16', '69', '7', '1', 'en_us', '13', '', '{\"typeId\":\"7\",\"authorId\":\"1\",\"title\":\"Welcome\",\"slug\":\"welcome\",\"postDate\":1503746520,\"expiryDate\":null,\"enabled\":1,\"parentId\":null,\"fields\":{\"11\":[\"68\"],\"3\":\"Welcome to our little church\",\"13\":{\"71\":{\"type\":\"paragraph\",\"enabled\":\"1\",\"fields\":{\"text\":\"<h2>First time here?<\\/h2>\\r\\n<p>I invite you to join us in worship and fellowship at any one of our services, coffee hour, concert series, or a simple contemplative visit to our garden and chapel. I like to think of our parish as a quiet oasis in the heart of this vibrant city. And yet we have so much going on at our Little Church.<\\/p>\"}}},\"12\":\"<p>Ullamcorper scelerisque a placerat sodales orci aliquet pharetra tempor a etiam parturient id ante arcu elit sem id consectetur mollis euismod conubia a a posuere. Adipiscing eget congue suspendisse conubia ullamcorper parturient lacinia condimentum elementum enim eget per a viverra a ante condimentum parturient adipiscing etiam adipiscing potenti vestibulum pulvinar.<\\/p>\"}}', '2017-08-28 12:24:54', '2017-08-28 12:24:54', 'a64f1f82-7c79-4f98-ad8a-29e0777320c0'),
 ('17', '69', '7', '1', 'en_us', '14', '', '{\"typeId\":\"7\",\"authorId\":\"1\",\"title\":\"Welcome\",\"slug\":\"welcome\",\"postDate\":1503746520,\"expiryDate\":null,\"enabled\":1,\"parentId\":null,\"fields\":{\"11\":[\"68\"],\"3\":\"Welcome to our little church\",\"13\":{\"71\":{\"type\":\"paragraph\",\"enabled\":\"1\",\"fields\":{\"text\":\"<h2>First time here?<\\/h2>\\r\\n<p>I invite you to join us in worship and fellowship at any one of our services, coffee hour, concert series, or a simple contemplative visit to our garden and chapel. I like to think of our parish as a quiet oasis in the heart of this vibrant city. And yet we have so much going on at our Little Church.<\\/p>\"}}},\"12\":\"<p>Welcome to the Church of the Transfiguration located in Manhattan\'s NoMad district. We are an Episcopal Church and part of the larger, worldwide Anglican Communion, with a&nbsp;<a href=\\\"#\\\">rich musical and liturgical tradition<\\/a>. We host a diverse community embracing all people, across a vast spectrum of cultural, ethnic, racial, gender, sexual orientation, and economic backgrounds, as full members in the body of Christ.<\\/p>\"}}', '2017-08-28 12:28:22', '2017-08-28 12:28:22', '2c5187be-99ec-41b8-af62-c7e9d70db614'),
 ('18', '69', '7', '1', 'en_us', '15', '', '{\"typeId\":\"7\",\"authorId\":\"1\",\"title\":\"Welcome\",\"slug\":\"welcome\",\"postDate\":1503746520,\"expiryDate\":null,\"enabled\":1,\"parentId\":null,\"fields\":{\"11\":[\"68\"],\"3\":\"Welcome to our little church\",\"13\":{\"71\":{\"type\":\"paragraph\",\"enabled\":\"1\",\"fields\":{\"text\":\"<h2>First time here?<\\/h2>\\r\\n<p>I invite you to join us in worship and fellowship at any one of our services, coffee hour, concert series, or a simple contemplative visit to our garden and chapel. I like to think of our parish as a quiet oasis in the heart of this vibrant city. And yet we have so much going on at our Little Church.<\\/p>\"}}},\"12\":\"<p>Welcome to the Church of the Transfiguration located in Manhattan\'s NoMad district. We are an Episcopal Church and part of the larger, worldwide Anglican Communion, with a&nbsp;<a href=\\\"#\\\">rich musical and liturgical tradition<\\/a>. We host a diverse community embracing all people, across a vast spectrum of cultural, ethnic, racial, gender, sexual orientation, and economic backgrounds, as full members in the body of Christ.<\\/p>\"}}', '2017-08-28 12:30:17', '2017-08-28 12:30:17', 'b17fa754-f35a-48be-bf3a-37142ba91ffc'),
 ('19', '69', '7', '1', 'en_us', '16', '', '{\"typeId\":\"7\",\"authorId\":\"1\",\"title\":\"Welcome\",\"slug\":\"welcome\",\"postDate\":1503746520,\"expiryDate\":null,\"enabled\":1,\"parentId\":null,\"fields\":{\"11\":[\"68\"],\"3\":\"Welcome to our little church\",\"13\":{\"71\":{\"type\":\"paragraph\",\"enabled\":\"1\",\"fields\":{\"text\":\"<h2>First time here?<\\/h2>\\r\\n<p>I invite you to join us in worship and fellowship at any one of our services, coffee hour, concert series, or a simple contemplative visit to our garden and chapel. I like to think of our parish as a quiet oasis in the heart of this vibrant city. And yet we have so much going on at our Little Church.<\\/p>\"}},\"new1\":{\"type\":\"figure\",\"enabled\":\"1\",\"fields\":{\"image\":[\"72\"],\"altAttribute\":\"\",\"caption\":\"<p>This is a caption<\\/p>\",\"credit\":\"\"}}},\"12\":\"<p>Welcome to the Church of the Transfiguration located in Manhattan\'s NoMad district. We are an Episcopal Church and part of the larger, worldwide Anglican Communion, with a&nbsp;<a href=\\\"#\\\">rich musical and liturgical tradition<\\/a>. We host a diverse community embracing all people, across a vast spectrum of cultural, ethnic, racial, gender, sexual orientation, and economic backgrounds, as full members in the body of Christ.<\\/p>\"}}', '2017-08-28 12:33:09', '2017-08-28 12:33:09', '5c20c57e-c93d-4556-bd5d-8a0b6bb484ec'),
 ('20', '69', '7', '1', 'en_us', '17', '', '{\"typeId\":\"7\",\"authorId\":\"1\",\"title\":\"Welcome\",\"slug\":\"welcome\",\"postDate\":1503746520,\"expiryDate\":null,\"enabled\":1,\"parentId\":null,\"fields\":{\"11\":[\"68\"],\"3\":\"Welcome to our little church\",\"13\":{\"71\":{\"type\":\"paragraph\",\"enabled\":\"1\",\"fields\":{\"text\":\"<h2>First time here?<\\/h2>\\r\\n<p>I invite you to join us in worship and fellowship at any one of our services, coffee hour, concert series, or a simple contemplative visit to our garden and chapel. I like to think of our parish as a quiet oasis in the heart of this vibrant city. And yet we have so much going on at our Little Church.<\\/p>\"}},\"73\":{\"type\":\"figure\",\"enabled\":\"1\",\"fields\":{\"image\":[\"72\"],\"altAttribute\":\"\",\"caption\":\"<p>This is a caption<\\/p>\",\"credit\":\"\"}},\"new1\":{\"type\":\"paragraph\",\"enabled\":\"1\",\"fields\":{\"text\":\"<blockquote><b>The Church of the Transfiguration is a community committed to faith in action. We embrace all who seek God\\u2019s inclusive love.<\\/b><\\/blockquote>\"}}},\"12\":\"<p>Welcome to the Church of the Transfiguration located in Manhattan\'s NoMad district. We are an Episcopal Church and part of the larger, worldwide Anglican Communion, with a&nbsp;<a href=\\\"#\\\">rich musical and liturgical tradition<\\/a>. We host a diverse community embracing all people, across a vast spectrum of cultural, ethnic, racial, gender, sexual orientation, and economic backgrounds, as full members in the body of Christ.<\\/p>\"}}', '2017-08-28 12:43:05', '2017-08-28 12:43:05', '2ee2ecc3-4b18-4871-8bfe-5b373adcdaa3'),
 ('21', '69', '7', '1', 'en_us', '18', '', '{\"typeId\":\"7\",\"authorId\":\"1\",\"title\":\"Welcome\",\"slug\":\"welcome\",\"postDate\":1503746520,\"expiryDate\":null,\"enabled\":1,\"parentId\":null,\"fields\":{\"11\":[\"68\"],\"3\":\"Welcome to our little church\",\"13\":{\"71\":{\"type\":\"paragraph\",\"enabled\":\"1\",\"fields\":{\"text\":\"<h2>First time here?<\\/h2>\\r\\n<p>I invite you to join us in worship and fellowship at any one of our services, coffee hour, concert series, or a simple contemplative visit to our garden and chapel. I like to think of our parish as a quiet oasis in the heart of this vibrant city. And yet we have so much going on at our Little Church.<\\/p>\"}},\"73\":{\"type\":\"figure\",\"enabled\":\"1\",\"fields\":{\"image\":[\"72\"],\"altAttribute\":\"\",\"caption\":\"<p>This is a caption<\\/p>\",\"credit\":\"\"}},\"74\":{\"type\":\"paragraph\",\"enabled\":\"1\",\"fields\":{\"text\":\"<h2>Sem inceptos sociosqu interdum<\\/h2><p>Consequat orci a cum suspendisse pretium orci dui dapibus ultricies nisi vulputate erat a dui. Ultricies enim a ut per egestas augue dis ad tellus mus a hac ac a scelerisque ullamcorper eupraesent quisque adipiscing. Erat purus ante habitasse mus interdum scelerisque a hac fermentum cum conguesuspendisse scelerisque auctor condimentum eu ipsum varius cursus a tempus aenean consectetur et a. Cubilia scelerisque ligula fusce a consequat vel fames a arcu mi nisl et at ultrices nunc. Sem inceptos sociosqu interdum adipiscing quis aliquam adipiscing vel taciti enim penatibus et ullamcorper venenatis.<\\/p><blockquote><strong>The Church of the Transfiguration is a community committed to faith in action. We embrace all who seek God\\u2019s inclusive love<br><\\/strong><\\/blockquote><p>Consequat orci a cum suspendisse pretium orci dui dapibus ultricies nisi vulputate erat a dui. Ultricies enim a ut per egestas augue dis ad tellus mus a hac ac a scelerisque ullamcorper eupraesent quisque adipiscing. Erat purus ante habitasse mus interdum scelerisque a hac fermentum cum conguesuspendisse scelerisque auctor condimentum eu ipsum varius cursus a tempus aenean consectetur et a. Cubilia scelerisque ligula fusce a consequat vel fames a arcu mi nisl et at ultrices nunc. Sem inceptos sociosqu interdum adipiscing quis aliquam adipiscing vel taciti enim penatibus et ullamcorper venenatis.<\\/p>\"}}},\"12\":\"<p>Welcome to the Church of the Transfiguration located in Manhattan\'s NoMad district. We are an Episcopal Church and part of the larger, worldwide Anglican Communion, with a&nbsp;<a href=\\\"#\\\">rich musical and liturgical tradition<\\/a>. We host a diverse community embracing all people, across a vast spectrum of cultural, ethnic, racial, gender, sexual orientation, and economic backgrounds, as full members in the body of Christ.<\\/p>\"}}', '2017-08-28 12:48:09', '2017-08-28 12:48:09', '344d6de6-efb3-45a0-9650-79beba919762'),
 ('22', '69', '7', '1', 'en_us', '19', '', '{\"typeId\":\"7\",\"authorId\":\"1\",\"title\":\"Welcome\",\"slug\":\"welcome\",\"postDate\":1503746520,\"expiryDate\":null,\"enabled\":1,\"parentId\":null,\"fields\":{\"11\":[\"68\"],\"3\":\"Welcome to our little church\",\"13\":{\"71\":{\"type\":\"paragraph\",\"enabled\":\"1\",\"fields\":{\"text\":\"<h2>First time here?<\\/h2>\\r\\n<p>I invite you to join us in worship and fellowship at any one of our services, coffee hour, concert series, or a simple contemplative visit to our garden and chapel. I like to think of our parish as a quiet oasis in the heart of this vibrant city. And yet we have so much going on at our Little Church.<\\/p>\"}},\"73\":{\"type\":\"figure\",\"enabled\":\"1\",\"fields\":{\"image\":[\"72\"],\"altAttribute\":\"\",\"caption\":\"<p>This is a caption<\\/p>\",\"credit\":\"\"}},\"74\":{\"type\":\"paragraph\",\"enabled\":\"1\",\"fields\":{\"text\":\"<h2>Sem inceptos sociosqu interdum<\\/h2>\\r\\n<p>Consequat orci a cum suspendisse pretium orci dui dapibus ultricies nisi vulputate erat a dui. Ultricies enim a ut per egestas augue dis ad tellus mus a hac ac a scelerisque ullamcorper eupraesent quisque adipiscing. Erat purus ante habitasse mus interdum scelerisque a hac fermentum cum conguesuspendisse scelerisque auctor condimentum eu ipsum varius cursus a tempus aenean consectetur et a. Cubilia scelerisque ligula fusce a consequat vel fames a arcu mi nisl et at ultrices nunc. Sem inceptos sociosqu interdum adipiscing quis aliquam adipiscing vel taciti enim penatibus et ullamcorper venenatis.<\\/p>\\r\\n<blockquote><strong>The Church of the Transfiguration is a community committed to faith in action. We embrace all who seek God\\u2019s inclusive love<br><\\/strong><\\/blockquote>\\r\\n<p>Consequat orci a cum suspendisse pretium orci dui dapibus ultricies nisi vulputate erat a dui. Ultricies enim a ut per egestas augue dis ad tellus mus a hac ac a scelerisque ullamcorper eupraesent quisque adipiscing. Erat purus ante habitasse mus interdum scelerisque a hac fermentum cum conguesuspendisse scelerisque auctor condimentum eu ipsum varius cursus a tempus aenean consectetur et a. Cubilia scelerisque ligula fusce a consequat vel fames a arcu mi nisl et at ultrices nunc. Sem inceptos sociosqu interdum adipiscing quis aliquam adipiscing vel taciti enim penatibus et ullamcorper venenatis.<\\/p>\"}}},\"12\":\"<p>Welcome to the Church of the Transfiguration located in Manhattan\'s NoMad district. We are an Episcopal Church and part of the larger, worldwide Anglican Communion, with a&nbsp;<a href=\\\"#\\\">rich musical and liturgical tradition<\\/a>. We host a diverse community embracing all people, across a vast spectrum of cultural, ethnic, racial, gender, sexual orientation, and economic backgrounds, as full members in the body of Christ.<\\/p>\"}}', '2017-08-28 12:48:54', '2017-08-28 12:48:54', '4de0b987-d760-4f2f-b397-69838f36d49f'),
 ('23', '69', '7', '1', 'en_us', '20', '', '{\"typeId\":\"7\",\"authorId\":\"1\",\"title\":\"Welcome\",\"slug\":\"welcome\",\"postDate\":1503746520,\"expiryDate\":null,\"enabled\":1,\"parentId\":null,\"fields\":{\"11\":[\"68\"],\"3\":\"Welcome to our little church\",\"13\":{\"71\":{\"type\":\"paragraph\",\"enabled\":\"1\",\"fields\":{\"text\":\"<h2>First time here?<\\/h2>\\r\\n<p>I invite you to join us in worship and fellowship at any one of our services, coffee hour, concert series, or a simple contemplative visit to our garden and chapel. I like to think of our parish as a quiet oasis in the heart of this vibrant city. And yet we have so much going on at our Little Church.<\\/p>\"}},\"73\":{\"type\":\"figure\",\"enabled\":\"1\",\"fields\":{\"image\":[\"72\"],\"altAttribute\":\"\",\"caption\":\"<p>This is a caption<\\/p>\",\"credit\":\"\"}},\"74\":{\"type\":\"paragraph\",\"enabled\":\"1\",\"fields\":{\"text\":\"<h2>Sem inceptos sociosqu interdum<\\/h2>\\r\\n<p>Consequat orci a cum suspendisse pretium orci dui dapibus ultricies nisi vulputate erat a dui. Ultricies enim a ut per egestas augue dis ad tellus mus a hac ac a scelerisque ullamcorper eupraesent quisque adipiscing. Erat purus ante habitasse mus interdum scelerisque a hac fermentum cum conguesuspendisse scelerisque auctor condimentum eu ipsum varius cursus a tempus aenean consectetur et a. Cubilia scelerisque ligula fusce a consequat vel fames a arcu mi nisl et at ultrices nunc. Sem inceptos sociosqu interdum adipiscing quis aliquam adipiscing vel taciti enim penatibus et ullamcorper venenatis.<\\/p>\\r\\n<blockquote><strong>The Church of the Transfiguration is a community committed to faith in action. We embrace all who seek God\\u2019s inclusive love<br><\\/strong><\\/blockquote>\\r\\n<p>Consequat orci a cum suspendisse pretium orci dui dapibus ultricies nisi vulputate erat a dui. Ultricies enim a ut per egestas augue dis ad tellus mus a hac ac a scelerisque ullamcorper eupraesent quisque adipiscing. Erat purus ante habitasse mus interdum scelerisque a hac fermentum cum conguesuspendisse scelerisque auctor condimentum eu ipsum varius cursus a tempus aenean consectetur et a. Cubilia scelerisque ligula fusce a consequat vel fames a arcu mi nisl et at ultrices nunc. Sem inceptos sociosqu interdum adipiscing quis aliquam adipiscing vel taciti enim penatibus et ullamcorper venenatis.<\\/p>\"}}},\"12\":\"<p>Welcome to the Church of the Transfiguration located in Manhattan\'s NoMad district. We are an Episcopal Church and part of the larger, worldwide Anglican Communion, with a&nbsp;<a href=\\\"#\\\">rich musical and liturgical tradition<\\/a>. We host a diverse community embracing all people, across a vast spectrum of cultural, ethnic, racial, gender, sexual orientation, and economic backgrounds, as full members in the body of Christ.<\\/p>\"}}', '2017-08-28 12:49:05', '2017-08-28 12:49:05', 'd0f1cf6f-77d9-420e-9676-33269205d97f'),
 ('24', '69', '7', '1', 'en_us', '21', '', '{\"typeId\":\"7\",\"authorId\":\"1\",\"title\":\"Welcome\",\"slug\":\"welcome\",\"postDate\":1503746520,\"expiryDate\":null,\"enabled\":1,\"parentId\":null,\"fields\":{\"11\":[\"68\"],\"3\":\"Welcome to our little church\",\"13\":{\"71\":{\"type\":\"paragraph\",\"enabled\":\"1\",\"fields\":{\"text\":\"<h2>First time here?<\\/h2>\\r\\n<p>I invite you to join us in worship and fellowship at any one of our services, coffee hour, concert series, or a simple contemplative visit to our garden and chapel. I like to think of our parish as a quiet oasis in the heart of this vibrant city. And yet we have so much going on at our Little Church.<\\/p>\"}},\"73\":{\"type\":\"figure\",\"enabled\":\"1\",\"fields\":{\"image\":[\"72\"],\"altAttribute\":\"\",\"caption\":\"<p>This is a caption<\\/p>\",\"credit\":\"\"}},\"74\":{\"type\":\"paragraph\",\"enabled\":\"1\",\"fields\":{\"text\":\"<h2>Sem inceptos sociosqu interdum<\\/h2>\\r\\n<p>Consequat orci a cum suspendisse pretium orci dui dapibus ultricies nisi vulputate erat a dui. Ultricies enim a ut per egestas augue dis ad tellus mus a hac ac a scelerisque ullamcorper eupraesent quisque adipiscing. Erat purus ante habitasse mus interdum scelerisque a hac fermentum cum conguesuspendisse scelerisque auctor condimentum eu ipsum varius cursus a tempus aenean consectetur et a. Cubilia scelerisque ligula fusce a consequat vel fames a arcu mi nisl et at ultrices nunc. Sem inceptos sociosqu interdum adipiscing quis aliquam adipiscing vel taciti enim penatibus et ullamcorper venenatis.<\\/p>\\r\\n<blockquote>The Church of the Transfiguration is a community committed to faith in action. We embrace all who seek God\\u2019s inclusive love<\\/blockquote>\\r\\n<p>Consequat orci a cum suspendisse pretium orci dui dapibus ultricies nisi vulputate erat a dui. Ultricies enim a ut per egestas augue dis ad tellus mus a hac ac a scelerisque ullamcorper eupraesent quisque adipiscing. Erat purus ante habitasse mus interdum scelerisque a hac fermentum cum conguesuspendisse scelerisque auctor condimentum eu ipsum varius cursus a tempus aenean consectetur et a. Cubilia scelerisque ligula fusce a consequat vel fames a arcu mi nisl et at ultrices nunc. Sem inceptos sociosqu interdum adipiscing quis aliquam adipiscing vel taciti enim penatibus et ullamcorper venenatis.<\\/p>\"}}},\"12\":\"<p>Welcome to the Church of the Transfiguration located in Manhattan\'s NoMad district. We are an Episcopal Church and part of the larger, worldwide Anglican Communion, with a&nbsp;<a href=\\\"#\\\">rich musical and liturgical tradition<\\/a>. We host a diverse community embracing all people, across a vast spectrum of cultural, ethnic, racial, gender, sexual orientation, and economic backgrounds, as full members in the body of Christ.<\\/p>\"}}', '2017-08-28 12:54:17', '2017-08-28 12:54:17', 'd00d65f4-f9cf-42e3-b95e-3b1f80323785'),
 ('25', '69', '7', '1', 'en_us', '22', '', '{\"typeId\":\"7\",\"authorId\":\"1\",\"title\":\"Welcome\",\"slug\":\"welcome\",\"postDate\":1503746520,\"expiryDate\":null,\"enabled\":1,\"parentId\":null,\"fields\":{\"11\":[\"68\"],\"3\":\"Welcome to our little church\",\"13\":{\"71\":{\"type\":\"paragraph\",\"enabled\":\"1\",\"fields\":{\"text\":\"<h2>First time here?<\\/h2>\\r\\n<p>I invite you to join us in worship and fellowship at any one of our services, coffee hour, concert series, or a simple contemplative visit to our garden and chapel. I like to think of our parish as a quiet oasis in the heart of this vibrant city. And yet we have so much going on at our Little Church.<\\/p>\"}},\"73\":{\"type\":\"figureFull\",\"enabled\":\"1\",\"fields\":{\"image\":[\"72\"],\"altAttribute\":\"\",\"caption\":\"<p>This is a caption<\\/p>\",\"credit\":\"\"}},\"74\":{\"type\":\"paragraph\",\"enabled\":\"1\",\"fields\":{\"text\":\"<h2>Sem inceptos sociosqu interdum<\\/h2>\\r\\n<p>Consequat orci a cum suspendisse pretium orci dui dapibus ultricies nisi vulputate erat a dui. Ultricies enim a ut per egestas augue dis ad tellus mus a hac ac a scelerisque ullamcorper eupraesent quisque adipiscing. Erat purus ante habitasse mus interdum scelerisque a hac fermentum cum conguesuspendisse scelerisque auctor condimentum eu ipsum varius cursus a tempus aenean consectetur et a. Cubilia scelerisque ligula fusce a consequat vel fames a arcu mi nisl et at ultrices nunc. Sem inceptos sociosqu interdum adipiscing quis aliquam adipiscing vel taciti enim penatibus et ullamcorper venenatis.<\\/p>\\r\\n<blockquote>The Church of the Transfiguration is a community committed to faith in action. We embrace all who seek God\\u2019s inclusive love<\\/blockquote>\\r\\n<p>Consequat orci a cum suspendisse pretium orci dui dapibus ultricies nisi vulputate erat a dui. Ultricies enim a ut per egestas augue dis ad tellus mus a hac ac a scelerisque ullamcorper eupraesent quisque adipiscing. Erat purus ante habitasse mus interdum scelerisque a hac fermentum cum conguesuspendisse scelerisque auctor condimentum eu ipsum varius cursus a tempus aenean consectetur et a. Cubilia scelerisque ligula fusce a consequat vel fames a arcu mi nisl et at ultrices nunc. Sem inceptos sociosqu interdum adipiscing quis aliquam adipiscing vel taciti enim penatibus et ullamcorper venenatis.<\\/p><p><a href=\\\"http:\\/\\/lc-craft\\/images\\/blog-01.jpg#asset:8\\\">Blog 01<\\/a><br><\\/p>\"}}},\"12\":\"<p>Welcome to the Church of the Transfiguration located in Manhattan\'s NoMad district. We are an Episcopal Church and part of the larger, worldwide Anglican Communion, with a&nbsp;<a href=\\\"#\\\">rich musical and liturgical tradition<\\/a>. We host a diverse community embracing all people, across a vast spectrum of cultural, ethnic, racial, gender, sexual orientation, and economic backgrounds, as full members in the body of Christ.<\\/p>\"}}', '2017-08-28 14:30:59', '2017-08-28 14:30:59', 'fd0990db-8534-46ce-b98f-9a6df5c234ad'),
 ('26', '69', '7', '1', 'en_us', '23', '', '{\"typeId\":\"7\",\"authorId\":\"1\",\"title\":\"Welcome\",\"slug\":\"welcome\",\"postDate\":1503746520,\"expiryDate\":null,\"enabled\":1,\"parentId\":null,\"fields\":{\"11\":[\"68\"],\"3\":\"Welcome to our little church\",\"13\":{\"71\":{\"type\":\"paragraph\",\"enabled\":\"1\",\"fields\":{\"text\":\"<h2>First time here?<\\/h2>\\r\\n<p>I invite you to join us in worship and fellowship at any one of our services, coffee hour, concert series, or a simple contemplative visit to our garden and chapel. I like to think of our parish as a quiet oasis in the heart of this vibrant city. And yet we have so much going on at our Little Church.<\\/p>\"}},\"73\":{\"type\":\"figureFull\",\"enabled\":\"1\",\"fields\":{\"image\":[\"72\"],\"altAttribute\":\"\",\"caption\":\"<p>This is a caption<\\/p>\",\"credit\":\"\"}},\"74\":{\"type\":\"paragraph\",\"enabled\":\"1\",\"fields\":{\"text\":\"<h2>Sem inceptos sociosqu interdum<\\/h2>\\r\\n<p>Consequat orci a cum suspendisse pretium orci dui dapibus ultricies nisi vulputate erat a dui. Ultricies enim a ut per egestas augue dis ad tellus mus a hac ac a scelerisque ullamcorper eupraesent quisque adipiscing. Erat purus ante habitasse mus interdum scelerisque a hac fermentum cum conguesuspendisse scelerisque auctor condimentum eu ipsum varius cursus a tempus aenean consectetur et a. Cubilia scelerisque ligula fusce a consequat vel fames a arcu mi nisl et at ultrices nunc. Sem inceptos sociosqu interdum adipiscing quis aliquam adipiscing vel taciti enim penatibus et ullamcorper venenatis.<\\/p>\\r\\n<blockquote>The Church of the Transfiguration is a community committed to faith in action. We embrace all who seek God\\u2019s inclusive love<\\/blockquote>\\r\\n<p>Consequat orci a cum suspendisse pretium orci dui dapibus ultricies nisi vulputate erat a dui. Ultricies enim a ut per egestas augue dis ad tellus mus a hac ac a scelerisque ullamcorper eupraesent quisque adipiscing. Erat purus ante habitasse mus interdum scelerisque a hac fermentum cum conguesuspendisse scelerisque auctor condimentum eu ipsum varius cursus a tempus aenean consectetur et a. Cubilia scelerisque ligula fusce a consequat vel fames a arcu mi nisl et at ultrices nunc. Sem inceptos sociosqu interdum adipiscing quis aliquam adipiscing vel taciti enim penatibus et ullamcorper venenatis.<\\/p>\"}},\"new2\":{\"type\":\"paragraph\",\"enabled\":\"1\",\"fields\":{\"text\":\"<h3>Hello<\\/h3><p>Here is some text.<\\/p>\"}}},\"12\":\"<p>Welcome to the Church of the Transfiguration located in Manhattan\'s NoMad district. We are an Episcopal Church and part of the larger, worldwide Anglican Communion, with a&nbsp;<a href=\\\"#\\\">rich musical and liturgical tradition<\\/a>. We host a diverse community embracing all people, across a vast spectrum of cultural, ethnic, racial, gender, sexual orientation, and economic backgrounds, as full members in the body of Christ.<\\/p>\"}}', '2017-08-28 14:35:18', '2017-08-28 14:35:18', '6fca2b2b-cb37-409c-b1f2-d012efd97f84'),
 ('27', '69', '7', '1', 'en_us', '24', '', '{\"typeId\":\"7\",\"authorId\":\"1\",\"title\":\"Welcome\",\"slug\":\"welcome\",\"postDate\":1503746520,\"expiryDate\":null,\"enabled\":1,\"parentId\":null,\"fields\":{\"11\":[\"68\"],\"3\":\"Welcome to our little church\",\"13\":{\"71\":{\"type\":\"paragraph\",\"enabled\":\"1\",\"fields\":{\"text\":\"<h2>First time here?<\\/h2>\\r\\n<p>I invite you to join us in worship and fellowship at any one of our services, coffee hour, concert series, or a simple contemplative visit to our garden and chapel. I like to think of our parish as a quiet oasis in the heart of this vibrant city. And yet we have so much going on at our Little Church.<\\/p>\"}},\"73\":{\"type\":\"figureFull\",\"enabled\":\"1\",\"fields\":{\"image\":[\"72\"],\"altAttribute\":\"\",\"caption\":\"<p>This is a caption<\\/p>\",\"credit\":\"\"}},\"74\":{\"type\":\"paragraph\",\"enabled\":\"1\",\"fields\":{\"text\":\"<h2>Sem inceptos sociosqu interdum<\\/h2>\\r\\n<p>Consequat orci a cum suspendisse pretium orci dui dapibus ultricies nisi vulputate erat a dui. Ultricies enim a ut per egestas augue dis ad tellus mus a hac ac a scelerisque ullamcorper eupraesent quisque adipiscing. Erat purus ante habitasse mus interdum scelerisque a hac fermentum cum conguesuspendisse scelerisque auctor condimentum eu ipsum varius cursus a tempus aenean consectetur et a. Cubilia scelerisque ligula fusce a consequat vel fames a arcu mi nisl et at ultrices nunc. Sem inceptos sociosqu interdum adipiscing quis aliquam adipiscing vel taciti enim penatibus et ullamcorper venenatis.<\\/p>\\r\\n<blockquote>The Church of the Transfiguration is a community committed to faith in action. We embrace all who seek God\\u2019s inclusive love<\\/blockquote>\\r\\n<p>Consequat orci a cum suspendisse pretium orci dui dapibus ultricies nisi vulputate erat a dui. Ultricies enim a ut per egestas augue dis ad tellus mus a hac ac a scelerisque ullamcorper eupraesent quisque adipiscing. Erat purus ante habitasse mus interdum scelerisque a hac fermentum cum conguesuspendisse scelerisque auctor condimentum eu ipsum varius cursus a tempus aenean consectetur et a. Cubilia scelerisque ligula fusce a consequat vel fames a arcu mi nisl et at ultrices nunc. Sem inceptos sociosqu interdum adipiscing quis aliquam adipiscing vel taciti enim penatibus et ullamcorper venenatis.<\\/p>\"}},\"75\":{\"type\":\"paragraph\",\"enabled\":\"1\",\"fields\":{\"text\":\"<h3>Sem inceptos sociosqu interdum<\\/h3>\\r\\n<p>Consequat orci a cum suspendisse pretium orci dui dapibus ultricies nisi vulputate erat a dui. Ultricies enim a ut per egestas augue dis ad tellus mus a hac ac a scelerisque ullamcorper eupraesent quisque adipiscing. Erat purus ante habitasse mus interdum scelerisque a hac fermentum cum conguesuspendisse scelerisque auctor condimentum eu ipsum varius cursus a tempus aenean consectetur.<\\/p>\"}}},\"12\":\"<p>Welcome to the Church of the Transfiguration located in Manhattan\'s NoMad district. We are an Episcopal Church and part of the larger, worldwide Anglican Communion, with a&nbsp;<a href=\\\"#\\\">rich musical and liturgical tradition<\\/a>. We host a diverse community embracing all people, across a vast spectrum of cultural, ethnic, racial, gender, sexual orientation, and economic backgrounds, as full members in the body of Christ.<\\/p>\"}}', '2017-08-28 14:36:43', '2017-08-28 14:36:43', '3e8154e0-e84d-4132-a1f1-f8b738d91a84'),
 ('28', '76', '8', '1', 'en_us', '1', '', '{\"typeId\":null,\"authorId\":\"1\",\"title\":\"Ian Betts\",\"slug\":\"ian-betts\",\"postDate\":1503933346,\"expiryDate\":null,\"enabled\":1,\"parentId\":null,\"fields\":{\"1\":\"<p>Dictum sit sed venenatis magnis nulla per parturient a dictumst urna a parturient velit scelerisque ullamcorper nec orci eu himenaeos mus amet adipiscing metus ut duis. Vitae parturient a sit ut quisque accumsan scelerisque in a a hac mattis a felis scelerisque blandit suspendisse mus montes a at adipiscing. Ullamcorper ipsum lobortis facilisi scelerisque a vestibulum nascetur id mattis tincidunt dictum netus dictumst pulvinar risus sagittis consectetur leo dolor cras. Laoreet facilisis leo ullamcorper a cursus interdum proin ad habitasse diam ridiculus a parturient mi parturient parturient scelerisque parturient suspendisse vestibulum.<\\/p>\",\"24\":\"Deacon\",\"10\":\"\"}}', '2017-08-28 15:15:47', '2017-08-28 15:15:47', '0f3c13e0-f66e-445f-a38d-85fa9dfe62b0'),
 ('29', '69', '7', '1', 'en_us', '25', '', '{\"typeId\":\"7\",\"authorId\":\"1\",\"title\":\"Welcome\",\"slug\":\"welcome\",\"postDate\":1503746520,\"expiryDate\":null,\"enabled\":1,\"parentId\":null,\"fields\":{\"11\":[\"68\"],\"3\":\"Welcome to our little church\",\"13\":{\"71\":{\"type\":\"generalSection\",\"enabled\":\"1\",\"fields\":{\"text\":\"<h2>First time here?<\\/h2>\\r\\n<p>I invite you to join us in worship and fellowship at any one of our services, coffee hour, concert series, or a simple contemplative visit to our garden and chapel. I like to think of our parish as a quiet oasis in the heart of this vibrant city. And yet we have so much going on at our Little Church.<\\/p>\"}},\"73\":{\"type\":\"figureFull\",\"enabled\":\"1\",\"fields\":{\"image\":[\"72\"],\"altAttribute\":\"\",\"caption\":\"<p>This is a caption<\\/p>\",\"credit\":\"\"}},\"74\":{\"type\":\"generalSection\",\"enabled\":\"1\",\"fields\":{\"text\":\"<h2>Sem inceptos sociosqu interdum<\\/h2>\\r\\n<p>Consequat orci a cum suspendisse pretium orci dui dapibus ultricies nisi vulputate erat a dui. Ultricies enim a ut per egestas augue dis ad tellus mus a hac ac a scelerisque ullamcorper eupraesent quisque adipiscing. Erat purus ante habitasse mus interdum scelerisque a hac fermentum cum conguesuspendisse scelerisque auctor condimentum eu ipsum varius cursus a tempus aenean consectetur et a. Cubilia scelerisque ligula fusce a consequat vel fames a arcu mi nisl et at ultrices nunc. Sem inceptos sociosqu interdum adipiscing quis aliquam adipiscing vel taciti enim penatibus et ullamcorper venenatis.<\\/p>\\r\\n<blockquote>The Church of the Transfiguration is a community committed to faith in action. We embrace all who seek God\\u2019s inclusive love<\\/blockquote>\\r\\n<p>Consequat orci a cum suspendisse pretium orci dui dapibus ultricies nisi vulputate erat a dui. Ultricies enim a ut per egestas augue dis ad tellus mus a hac ac a scelerisque ullamcorper eupraesent quisque adipiscing. Erat purus ante habitasse mus interdum scelerisque a hac fermentum cum conguesuspendisse scelerisque auctor condimentum eu ipsum varius cursus a tempus aenean consectetur et a. Cubilia scelerisque ligula fusce a consequat vel fames a arcu mi nisl et at ultrices nunc. Sem inceptos sociosqu interdum adipiscing quis aliquam adipiscing vel taciti enim penatibus et ullamcorper venenatis.<\\/p>\"}},\"75\":{\"type\":\"generalSection\",\"enabled\":\"1\",\"fields\":{\"text\":\"<h3>Sem inceptos sociosqu interdum<\\/h3>\\r\\n<p>Consequat orci a cum suspendisse pretium orci dui dapibus ultricies nisi vulputate erat a dui. Ultricies enim a ut per egestas augue dis ad tellus mus a hac ac a scelerisque ullamcorper eupraesent quisque adipiscing. Erat purus ante habitasse mus interdum scelerisque a hac fermentum cum conguesuspendisse scelerisque auctor condimentum eu ipsum varius cursus a tempus aenean consectetur.<\\/p>\"}},\"new1\":{\"type\":\"bios\",\"enabled\":\"1\",\"fields\":{\"type\":\"Leadership\",\"individual\":[\"76\"]}}},\"12\":\"<p>Welcome to the Church of the Transfiguration located in Manhattan\'s NoMad district. We are an Episcopal Church and part of the larger, worldwide Anglican Communion, with a&nbsp;<a href=\\\"#\\\">rich musical and liturgical tradition<\\/a>. We host a diverse community embracing all people, across a vast spectrum of cultural, ethnic, racial, gender, sexual orientation, and economic backgrounds, as full members in the body of Christ.<\\/p>\"}}', '2017-08-28 15:16:58', '2017-08-28 15:16:58', 'f2868ecb-7988-45de-9014-565226b803c2'),
 ('30', '69', '7', '1', 'en_us', '26', '', '{\"typeId\":\"7\",\"authorId\":\"1\",\"title\":\"Welcome\",\"slug\":\"welcome\",\"postDate\":1503746520,\"expiryDate\":null,\"enabled\":1,\"parentId\":null,\"fields\":{\"11\":[\"68\"],\"3\":\"Welcome to our little church\",\"13\":{\"71\":{\"type\":\"generalSection\",\"enabled\":\"1\",\"fields\":{\"text\":\"<h2>First time here?<\\/h2>\\r\\n<p>I invite you to join us in worship and fellowship at any one of our services, coffee hour, concert series, or a simple contemplative visit to our garden and chapel. I like to think of our parish as a quiet oasis in the heart of this vibrant city. And yet we have so much going on at our Little Church.<\\/p>\"}},\"73\":{\"type\":\"figureFull\",\"enabled\":\"1\",\"fields\":{\"image\":[\"72\"],\"altAttribute\":\"\",\"caption\":\"<p>This is a caption<\\/p>\",\"credit\":\"\"}},\"74\":{\"type\":\"generalSection\",\"enabled\":\"1\",\"fields\":{\"text\":\"<h2>Sem inceptos sociosqu interdum<\\/h2>\\r\\n<p>Consequat orci a cum suspendisse pretium orci dui dapibus ultricies nisi vulputate erat a dui. Ultricies enim a ut per egestas augue dis ad tellus mus a hac ac a scelerisque ullamcorper eupraesent quisque adipiscing. Erat purus ante habitasse mus interdum scelerisque a hac fermentum cum conguesuspendisse scelerisque auctor condimentum eu ipsum varius cursus a tempus aenean consectetur et a. Cubilia scelerisque ligula fusce a consequat vel fames a arcu mi nisl et at ultrices nunc. Sem inceptos sociosqu interdum adipiscing quis aliquam adipiscing vel taciti enim penatibus et ullamcorper venenatis.<\\/p>\\r\\n<blockquote>The Church of the Transfiguration is a community committed to faith in action. We embrace all who seek God\\u2019s inclusive love<\\/blockquote>\\r\\n<p>Consequat orci a cum suspendisse pretium orci dui dapibus ultricies nisi vulputate erat a dui. Ultricies enim a ut per egestas augue dis ad tellus mus a hac ac a scelerisque ullamcorper eupraesent quisque adipiscing. Erat purus ante habitasse mus interdum scelerisque a hac fermentum cum conguesuspendisse scelerisque auctor condimentum eu ipsum varius cursus a tempus aenean consectetur et a. Cubilia scelerisque ligula fusce a consequat vel fames a arcu mi nisl et at ultrices nunc. Sem inceptos sociosqu interdum adipiscing quis aliquam adipiscing vel taciti enim penatibus et ullamcorper venenatis.<\\/p>\"}},\"75\":{\"type\":\"generalSection\",\"enabled\":\"1\",\"fields\":{\"text\":\"<h3>Sem inceptos sociosqu interdum<\\/h3>\\r\\n<p>Consequat orci a cum suspendisse pretium orci dui dapibus ultricies nisi vulputate erat a dui. Ultricies enim a ut per egestas augue dis ad tellus mus a hac ac a scelerisque ullamcorper eupraesent quisque adipiscing. Erat purus ante habitasse mus interdum scelerisque a hac fermentum cum conguesuspendisse scelerisque auctor condimentum eu ipsum varius cursus a tempus aenean consectetur.<\\/p>\"}},\"77\":{\"type\":\"bios\",\"enabled\":\"1\",\"fields\":{\"type\":\"Leadership\",\"individual\":[\"76\"]}}},\"12\":\"<p>Welcome to the Church of the Transfiguration located in Manhattan\'s NoMad district. We are an Episcopal Church and part of the larger, worldwide Anglican Communion, with a&nbsp;<a href=\\\"#\\\">rich musical and liturgical tradition<\\/a>. We host a diverse community embracing all people, across a vast spectrum of cultural, ethnic, racial, gender, sexual orientation, and economic backgrounds, as full members in the body of Christ.<\\/p>\"}}', '2017-08-28 15:22:00', '2017-08-28 15:22:00', '3ff9b615-a0dd-4568-ab81-a7c639129adc'),
 ('31', '78', '8', '1', 'en_us', '1', '', '{\"typeId\":null,\"authorId\":\"1\",\"title\":\"Carl Avidano\",\"slug\":\"carl-avidano\",\"postDate\":1503934925,\"expiryDate\":null,\"enabled\":1,\"parentId\":null,\"fields\":{\"1\":\"<p>Whoa!<\\/p>\",\"24\":\"Web Designer\",\"10\":\"\"}}', '2017-08-28 15:42:06', '2017-08-28 15:42:06', '348afb57-5166-444d-85b5-c503a84f577c'),
 ('32', '69', '7', '1', 'en_us', '27', '', '{\"typeId\":\"7\",\"authorId\":\"1\",\"title\":\"Welcome\",\"slug\":\"welcome\",\"postDate\":1503746520,\"expiryDate\":null,\"enabled\":1,\"parentId\":null,\"fields\":{\"11\":[\"68\"],\"3\":\"Welcome to our little church\",\"13\":{\"71\":{\"type\":\"generalSection\",\"enabled\":\"1\",\"fields\":{\"text\":\"<h2>First time here?<\\/h2>\\r\\n<p>I invite you to join us in worship and fellowship at any one of our services, coffee hour, concert series, or a simple contemplative visit to our garden and chapel. I like to think of our parish as a quiet oasis in the heart of this vibrant city. And yet we have so much going on at our Little Church.<\\/p>\"}},\"73\":{\"type\":\"figureFull\",\"enabled\":\"1\",\"fields\":{\"image\":[\"72\"],\"altAttribute\":\"\",\"caption\":\"<p>This is a caption<\\/p>\",\"credit\":\"\"}},\"74\":{\"type\":\"generalSection\",\"enabled\":\"1\",\"fields\":{\"text\":\"<h2>Sem inceptos sociosqu interdum<\\/h2>\\r\\n<p>Consequat orci a cum suspendisse pretium orci dui dapibus ultricies nisi vulputate erat a dui. Ultricies enim a ut per egestas augue dis ad tellus mus a hac ac a scelerisque ullamcorper eupraesent quisque adipiscing. Erat purus ante habitasse mus interdum scelerisque a hac fermentum cum conguesuspendisse scelerisque auctor condimentum eu ipsum varius cursus a tempus aenean consectetur et a. Cubilia scelerisque ligula fusce a consequat vel fames a arcu mi nisl et at ultrices nunc. Sem inceptos sociosqu interdum adipiscing quis aliquam adipiscing vel taciti enim penatibus et ullamcorper venenatis.<\\/p>\\r\\n<blockquote>The Church of the Transfiguration is a community committed to faith in action. We embrace all who seek God\\u2019s inclusive love<\\/blockquote>\\r\\n<p>Consequat orci a cum suspendisse pretium orci dui dapibus ultricies nisi vulputate erat a dui. Ultricies enim a ut per egestas augue dis ad tellus mus a hac ac a scelerisque ullamcorper eupraesent quisque adipiscing. Erat purus ante habitasse mus interdum scelerisque a hac fermentum cum conguesuspendisse scelerisque auctor condimentum eu ipsum varius cursus a tempus aenean consectetur et a. Cubilia scelerisque ligula fusce a consequat vel fames a arcu mi nisl et at ultrices nunc. Sem inceptos sociosqu interdum adipiscing quis aliquam adipiscing vel taciti enim penatibus et ullamcorper venenatis.<\\/p>\"}},\"75\":{\"type\":\"generalSection\",\"enabled\":\"1\",\"fields\":{\"text\":\"<h3>Sem inceptos sociosqu interdum<\\/h3>\\r\\n<p>Consequat orci a cum suspendisse pretium orci dui dapibus ultricies nisi vulputate erat a dui. Ultricies enim a ut per egestas augue dis ad tellus mus a hac ac a scelerisque ullamcorper eupraesent quisque adipiscing. Erat purus ante habitasse mus interdum scelerisque a hac fermentum cum conguesuspendisse scelerisque auctor condimentum eu ipsum varius cursus a tempus aenean consectetur.<\\/p>\"}},\"77\":{\"type\":\"bioGroup\",\"enabled\":\"1\",\"fields\":{\"bioType\":\"Leadership\",\"individuals\":[\"78\",\"76\"]}}},\"12\":\"<p>Welcome to the Church of the Transfiguration located in Manhattan\'s NoMad district. We are an Episcopal Church and part of the larger, worldwide Anglican Communion, with a&nbsp;<a href=\\\"#\\\">rich musical and liturgical tradition<\\/a>. We host a diverse community embracing all people, across a vast spectrum of cultural, ethnic, racial, gender, sexual orientation, and economic backgrounds, as full members in the body of Christ.<\\/p>\"}}', '2017-08-28 15:42:35', '2017-08-28 15:42:35', '6db80c76-0af2-4df3-9bb7-388356a48c9b'),
 ('33', '76', '8', '1', 'en_us', '2', '', '{\"typeId\":\"8\",\"authorId\":\"1\",\"title\":\"Ian Betts\",\"slug\":\"ian-betts\",\"postDate\":1503933300,\"expiryDate\":null,\"enabled\":1,\"parentId\":null,\"fields\":{\"1\":\"<p>Dictum sit sed venenatis magnis nulla per parturient a dictumst urna a parturient velit scelerisque ullamcorper nec orci eu himenaeos mus amet adipiscing metus ut duis. Vitae parturient a sit ut quisque accumsan scelerisque in a a hac mattis a felis scelerisque blandit suspendisse mus montes a at adipiscing. Ullamcorper ipsum lobortis facilisi scelerisque a vestibulum nascetur id mattis tincidunt dictum netus dictumst pulvinar risus sagittis consectetur leo dolor cras. Laoreet facilisis leo ullamcorper a cursus interdum proin ad habitasse diam ridiculus a parturient mi parturient parturient scelerisque parturient suspendisse vestibulum.<\\/p>\",\"24\":\"Deacon\",\"10\":[\"80\"]}}', '2017-08-28 16:13:33', '2017-08-28 16:13:33', 'e65560b6-02af-42b8-8779-a801051b2a46'),
 ('34', '69', '7', '1', 'en_us', '28', '', '{\"typeId\":\"7\",\"authorId\":\"1\",\"title\":\"Welcome\",\"slug\":\"welcome\",\"postDate\":1503746520,\"expiryDate\":null,\"enabled\":1,\"parentId\":null,\"fields\":{\"11\":[\"68\"],\"3\":\"Welcome to our little church\",\"13\":{\"71\":{\"type\":\"generalSection\",\"enabled\":\"1\",\"fields\":{\"text\":\"<h2>First time here?<\\/h2>\\r\\n<p>I invite you to join us in worship and fellowship at any one of our services, coffee hour, concert series, or a simple contemplative visit to our garden and chapel. I like to think of our parish as a quiet oasis in the heart of this vibrant city. And yet we have so much going on at our Little Church.<\\/p>\"}},\"73\":{\"type\":\"figureFull\",\"enabled\":\"1\",\"fields\":{\"image\":[\"72\"],\"altAttribute\":\"\",\"caption\":\"<p>This is a caption<\\/p>\",\"credit\":\"\"}},\"74\":{\"type\":\"generalSection\",\"enabled\":\"1\",\"fields\":{\"text\":\"<h2>Sem inceptos sociosqu interdum<\\/h2>\\r\\n<p>Consequat orci a cum suspendisse pretium orci dui dapibus ultricies nisi vulputate erat a dui. Ultricies enim a ut per egestas augue dis ad tellus mus a hac ac a scelerisque ullamcorper eupraesent quisque adipiscing. Erat purus ante habitasse mus interdum scelerisque a hac fermentum cum conguesuspendisse scelerisque auctor condimentum eu ipsum varius cursus a tempus aenean consectetur et a. Cubilia scelerisque ligula fusce a consequat vel fames a arcu mi nisl et at ultrices nunc. Sem inceptos sociosqu interdum adipiscing quis aliquam adipiscing vel taciti enim penatibus et ullamcorper venenatis.<\\/p>\\r\\n<blockquote>The Church of the Transfiguration is a community committed to faith in action. We embrace all who seek God\\u2019s inclusive love<\\/blockquote>\\r\\n<p>Consequat orci a cum suspendisse pretium orci dui dapibus ultricies nisi vulputate erat a dui. Ultricies enim a ut per egestas augue dis ad tellus mus a hac ac a scelerisque ullamcorper eupraesent quisque adipiscing. Erat purus ante habitasse mus interdum scelerisque a hac fermentum cum conguesuspendisse scelerisque auctor condimentum eu ipsum varius cursus a tempus aenean consectetur et a. Cubilia scelerisque ligula fusce a consequat vel fames a arcu mi nisl et at ultrices nunc. Sem inceptos sociosqu interdum adipiscing quis aliquam adipiscing vel taciti enim penatibus et ullamcorper venenatis.<\\/p>\"}},\"75\":{\"type\":\"generalSection\",\"enabled\":\"1\",\"fields\":{\"text\":\"<h3>Sem inceptos sociosqu interdum<\\/h3>\\r\\n<p>Consequat orci a cum suspendisse pretium orci dui dapibus ultricies nisi vulputate erat a dui. Ultricies enim a ut per egestas augue dis ad tellus mus a hac ac a scelerisque ullamcorper eupraesent quisque adipiscing. Erat purus ante habitasse mus interdum scelerisque a hac fermentum cum conguesuspendisse scelerisque auctor condimentum eu ipsum varius cursus a tempus aenean consectetur.<\\/p>\"}},\"77\":{\"type\":\"bioGroup\",\"enabled\":\"1\",\"fields\":{\"bioType\":\"Leadership\",\"individuals\":[\"76\",\"78\"]}}},\"12\":\"<p>Welcome to the Church of the Transfiguration located in Manhattan\'s NoMad district. We are an Episcopal Church and part of the larger, worldwide Anglican Communion, with a&nbsp;<a href=\\\"#\\\">rich musical and liturgical tradition<\\/a>. We host a diverse community embracing all people, across a vast spectrum of cultural, ethnic, racial, gender, sexual orientation, and economic backgrounds, as full members in the body of Christ.<\\/p>\"}}', '2017-08-28 18:10:23', '2017-08-28 18:10:23', '55f6b039-067a-4a49-abdf-c4c3a2602eb6'),
 ('35', '76', '8', '1', 'en_us', '3', '', '{\"typeId\":\"8\",\"authorId\":\"1\",\"title\":\"Ian Betts\",\"slug\":\"ian-betts\",\"postDate\":1503933300,\"expiryDate\":null,\"enabled\":1,\"parentId\":null,\"fields\":{\"1\":\"<p>Dictum sit sed venenatis magnis nulla per parturient a dictumst urna a parturient velit scelerisque ullamcorper nec orci eu himenaeos mus amet adipiscing metus ut duis. Vitae parturient a sit ut quisque accumsan scelerisque in a a hac mattis a felis scelerisque blandit suspendisse mus montes a at adipiscing. Ullamcorper ipsum lobortis facilisi scelerisque a vestibulum nascetur id mattis tincidunt dictum netus dictumst pulvinar risus sagittis consectetur leo dolor cras.&nbsp;<\\/p><p>Laoreet facilisis leo ullamcorper a cursus interdum proin ad habitasse diam ridiculus a parturient mi parturient parturient scelerisque parturient suspendisse vestibulum.<\\/p>\",\"24\":\"Deacon\",\"10\":[\"80\"]}}', '2017-08-28 18:38:28', '2017-08-28 18:38:28', 'c84738f1-bfbf-4aa3-9fef-84a0b898dc91'),
 ('36', '78', '8', '1', 'en_us', '2', '', '{\"typeId\":\"8\",\"authorId\":\"1\",\"title\":\"Father John David van Dooren\",\"slug\":\"carl-avidano\",\"postDate\":1503934920,\"expiryDate\":null,\"enabled\":1,\"parentId\":null,\"fields\":{\"1\":\"<p>Dictum sit sed venenatis magnis nulla per parturient a dictumst urna a parturient velit scelerisque ullamcorper nec orci eu himenaeos mus amet adipiscing metus ut duis. Vitae parturient a sit ut quisque accumsan scelerisque in a a hac mattis a felis scelerisque blandit suspendisse mus montes a at adipiscing. Ullamcorper ipsum lobortis facilisi scelerisque a vestibulum nascetur id mattis tincidunt dictum netus dictumst pulvinar risus sagittis consectetur leo dolor cras.&nbsp;<\\/p>\\r\\n<p>Laoreet facilisis leo ullamcorper a cursus interdum proin ad habitasse diam ridiculus a parturient mi parturient parturient scelerisque parturient suspendisse vestibulum.<\\/p>\",\"24\":\"Dictum Erat Consectetur\",\"10\":\"\"}}', '2017-08-28 18:52:13', '2017-08-28 18:52:13', '6849697d-bc49-40f9-ac7c-c39b7b3f361d'),
 ('37', '78', '8', '1', 'en_us', '3', '', '{\"typeId\":\"8\",\"authorId\":\"1\",\"title\":\"Fr. John David van Dooren\",\"slug\":\"carl-avidano\",\"postDate\":1503934920,\"expiryDate\":null,\"enabled\":1,\"parentId\":null,\"fields\":{\"1\":\"<p>Dictum sit sed venenatis magnis nulla per parturient a dictumst urna a parturient velit scelerisque ullamcorper nec orci eu himenaeos mus amet adipiscing metus ut duis. Vitae parturient a sit ut quisque accumsan scelerisque in a a hac mattis a felis scelerisque blandit suspendisse mus montes a at adipiscing. Ullamcorper ipsum lobortis facilisi scelerisque a vestibulum nascetur id mattis tincidunt dictum netus dictumst pulvinar risus sagittis consectetur leo dolor cras.&nbsp;<\\/p>\\r\\n<p>Laoreet facilisis leo ullamcorper a cursus interdum proin ad habitasse diam ridiculus a parturient mi parturient parturient scelerisque parturient suspendisse vestibulum.<\\/p>\",\"24\":\"Dictum Erat Consectetur\",\"10\":\"\"}}', '2017-08-28 18:52:55', '2017-08-28 18:52:55', 'ee4cd565-183f-48dc-a5cc-0dc4e19281f8'),
 ('38', '69', '7', '1', 'en_us', '29', '', '{\"typeId\":\"7\",\"authorId\":\"1\",\"title\":\"Welcome\",\"slug\":\"welcome\",\"postDate\":1503746520,\"expiryDate\":null,\"enabled\":1,\"parentId\":null,\"fields\":{\"11\":[\"68\"],\"3\":\"Welcome to our little church\",\"13\":{\"71\":{\"type\":\"generalSection\",\"enabled\":\"1\",\"fields\":{\"text\":\"<h2>First time here?<\\/h2>\\r\\n<p>I invite you to join us in worship and fellowship at any one of our services, coffee hour, concert series, or a simple contemplative visit to our garden and chapel. I like to think of our parish as a quiet oasis in the heart of this vibrant city. And yet we have so much going on at our Little Church.<\\/p>\"}},\"73\":{\"type\":\"figureFull\",\"enabled\":\"1\",\"fields\":{\"image\":[\"72\"],\"altAttribute\":\"\",\"caption\":\"<p>This is a caption<\\/p>\",\"credit\":\"\"}},\"74\":{\"type\":\"generalSection\",\"enabled\":\"1\",\"fields\":{\"text\":\"<h2>Sem inceptos sociosqu interdum<\\/h2>\\r\\n<p>Consequat orci a cum suspendisse pretium orci dui dapibus ultricies nisi vulputate erat a dui. Ultricies enim a ut per egestas augue dis ad tellus mus a hac ac a scelerisque ullamcorper eupraesent quisque adipiscing. Erat purus ante habitasse mus interdum scelerisque a hac fermentum cum conguesuspendisse scelerisque auctor condimentum eu ipsum varius cursus a tempus aenean consectetur et a. Cubilia scelerisque ligula fusce a consequat vel fames a arcu mi nisl et at ultrices nunc. Sem inceptos sociosqu interdum adipiscing quis aliquam adipiscing vel taciti enim penatibus et ullamcorper venenatis.<\\/p>\\r\\n<blockquote>The Church of the Transfiguration is a community committed to faith in action. We embrace all who seek God\\u2019s inclusive love<\\/blockquote>\\r\\n<p>Consequat orci a cum suspendisse pretium orci dui dapibus ultricies nisi vulputate erat a dui. Ultricies enim a ut per egestas augue dis ad tellus mus a hac ac a scelerisque ullamcorper eupraesent quisque adipiscing. Erat purus ante habitasse mus interdum scelerisque a hac fermentum cum conguesuspendisse scelerisque auctor condimentum eu ipsum varius cursus a tempus aenean consectetur et a. Cubilia scelerisque ligula fusce a consequat vel fames a arcu mi nisl et at ultrices nunc. Sem inceptos sociosqu interdum adipiscing quis aliquam adipiscing vel taciti enim penatibus et ullamcorper venenatis.<\\/p>\"}},\"75\":{\"type\":\"generalSection\",\"enabled\":\"1\",\"fields\":{\"text\":\"<h3>Sem inceptos sociosqu interdum<\\/h3>\\r\\n<p>Consequat orci a cum suspendisse pretium orci dui dapibus ultricies nisi vulputate erat a dui. Ultricies enim a ut per egestas augue dis ad tellus mus a hac ac a scelerisque ullamcorper eupraesent quisque adipiscing. Erat purus ante habitasse mus interdum scelerisque a hac fermentum cum conguesuspendisse scelerisque auctor condimentum eu ipsum varius cursus a tempus aenean consectetur.<\\/p>\"}},\"77\":{\"type\":\"bioGroup\",\"enabled\":\"1\",\"fields\":{\"bioType\":\"Leadership\",\"individuals\":[\"76\",\"78\"]}}},\"12\":\"<p>Welcome to the Church of the Transfiguration located in Manhattan\'s NoMad district. We are an Episcopal Church and part of the larger, worldwide Anglican Communion, with a&nbsp;<a href=\\\"#\\\">rich musical and liturgical tradition<\\/a>. We host a diverse community embracing all people, across a vast spectrum of cultural, ethnic, racial, gender, sexual orientation, and economic backgrounds, as full members in the body of Christ.<\\/p>\"}}', '2017-08-28 19:05:44', '2017-08-28 19:05:44', 'efbdfbc8-7317-4f32-b71e-b750820d50fa'),
 ('39', '69', '7', '1', 'en_us', '30', '', '{\"typeId\":\"7\",\"authorId\":\"1\",\"title\":\"Welcome\",\"slug\":\"welcome\",\"postDate\":1503746520,\"expiryDate\":null,\"enabled\":1,\"parentId\":null,\"fields\":{\"11\":[\"68\"],\"3\":\"Welcome to our little church\",\"13\":{\"71\":{\"type\":\"generalSection\",\"enabled\":\"1\",\"fields\":{\"text\":\"<h2>First time here?<\\/h2>\\r\\n<p>I invite you to join us in worship and fellowship at any one of our services, coffee hour, concert series, or a simple contemplative visit to our garden and chapel. I like to think of our parish as a quiet oasis in the heart of this vibrant city. And yet we have so much going on at our Little Church.<\\/p>\"}},\"73\":{\"type\":\"figureFull\",\"enabled\":\"1\",\"fields\":{\"image\":[\"72\"],\"altAttribute\":\"\",\"caption\":\"<p>This is a caption<\\/p>\",\"credit\":\"\"}},\"74\":{\"type\":\"generalSection\",\"enabled\":\"1\",\"fields\":{\"text\":\"<h2>Sem inceptos sociosqu interdum<\\/h2>\\r\\n<p>Consequat orci a cum suspendisse pretium orci dui dapibus ultricies nisi vulputate erat a dui. Ultricies enim a ut per egestas augue dis ad tellus mus a hac ac a scelerisque ullamcorper eupraesent quisque adipiscing. Erat purus ante habitasse mus interdum scelerisque a hac fermentum cum conguesuspendisse scelerisque auctor condimentum eu ipsum varius cursus a tempus aenean consectetur et a. Cubilia scelerisque ligula fusce a consequat vel fames a arcu mi nisl et at ultrices nunc. Sem inceptos sociosqu interdum adipiscing quis aliquam adipiscing vel taciti enim penatibus et ullamcorper venenatis.<\\/p>\\r\\n<blockquote>The Church of the Transfiguration is a community committed to faith in action. We embrace all who seek God\\u2019s inclusive love<\\/blockquote>\\r\\n<p>Consequat orci a cum suspendisse pretium orci dui dapibus ultricies nisi vulputate erat a dui. Ultricies enim a ut per egestas augue dis ad tellus mus a hac ac a scelerisque ullamcorper eupraesent quisque adipiscing. Erat purus ante habitasse mus interdum scelerisque a hac fermentum cum conguesuspendisse scelerisque auctor condimentum eu ipsum varius cursus a tempus aenean consectetur et a. Cubilia scelerisque ligula fusce a consequat vel fames a arcu mi nisl et at ultrices nunc. Sem inceptos sociosqu interdum adipiscing quis aliquam adipiscing vel taciti enim penatibus et ullamcorper venenatis.<\\/p>\"}},\"75\":{\"type\":\"generalSection\",\"enabled\":\"1\",\"fields\":{\"text\":\"<h3>Sem inceptos sociosqu interdum<\\/h3>\\r\\n<p>Consequat orci a cum suspendisse pretium orci dui dapibus ultricies nisi vulputate erat a dui. Ultricies enim a ut per egestas augue dis ad tellus mus a hac ac a scelerisque ullamcorper eupraesent quisque adipiscing. Erat purus ante habitasse mus interdum scelerisque a hac fermentum cum conguesuspendisse scelerisque auctor condimentum eu ipsum varius cursus a tempus aenean consectetur.<\\/p>\"}},\"77\":{\"type\":\"bioGroup\",\"enabled\":\"1\",\"fields\":{\"bioType\":\"Leadership\",\"individuals\":[\"78\",\"76\"]}}},\"12\":\"<p>Welcome to the Church of the Transfiguration located in Manhattan\'s NoMad district. We are an Episcopal Church and part of the larger, worldwide Anglican Communion, with a&nbsp;<a href=\\\"#\\\">rich musical and liturgical tradition<\\/a>. We host a diverse community embracing all people, across a vast spectrum of cultural, ethnic, racial, gender, sexual orientation, and economic backgrounds, as full members in the body of Christ.<\\/p>\"}}', '2017-08-28 19:06:28', '2017-08-28 19:06:28', '97eb02fc-42b1-4a71-af10-9c3893e516dd'),
 ('40', '87', '7', '1', 'en_us', '1', '', '{\"typeId\":null,\"authorId\":\"1\",\"title\":\"Who We Are\",\"slug\":\"who-we-are\",\"postDate\":1503949255,\"expiryDate\":null,\"enabled\":1,\"parentId\":null,\"fields\":{\"11\":[\"86\"],\"3\":\"Who We Are\",\"13\":\"\",\"12\":\"<p>Consequat orci a cum suspendisse pretium orci dui dapibus ultricies nisi vulputate erat a dui. Ultricies enim a ut per egestas augue dis ad tellus mus a hac ac a scelerisque ullamcorper eupraesent quisque adipiscing. Erat purus ante habitasse mus interdum scelerisque a hac fermentum cum conguesuspendisse scelerisque auctor condimentum eu ipsum varius cursus a tempus aenean consectetur et a. Cubilia scelerisque ligula fusce a consequat vel fames a arcu mi nisl et at ultrices nunc. Sem inceptos sociosqu interdum adipiscing quis aliquam adipiscing vel taciti enim penatibus et ullamcorper venenatis.<\\/p>\"}}', '2017-08-28 19:40:55', '2017-08-28 19:40:55', '7445c827-c31e-4d92-ae2d-8443ef57458e'),
 ('41', '87', '7', '1', 'en_us', '2', '', '{\"typeId\":\"7\",\"authorId\":\"1\",\"title\":\"Who We Are\",\"slug\":\"who-we-are\",\"postDate\":1503949200,\"expiryDate\":null,\"enabled\":1,\"parentId\":null,\"fields\":{\"11\":[\"86\"],\"3\":\"Who We Are\",\"13\":{\"new1\":{\"type\":\"bioGroup\",\"enabled\":\"1\",\"fields\":{\"bioType\":\"Leadership\",\"individuals\":[\"78\",\"76\"]}}},\"12\":\"<p>Consequat orci a cum suspendisse pretium orci dui dapibus ultricies nisi vulputate erat a dui. Ultricies enim a ut per egestas augue dis ad tellus mus a hac ac a scelerisque ullamcorper eupraesent quisque adipiscing. Erat purus ante habitasse mus interdum scelerisque a hac fermentum cum conguesuspendisse scelerisque auctor condimentum eu ipsum varius cursus a tempus aenean consectetur et a. Cubilia scelerisque ligula fusce a consequat vel fames a arcu mi nisl et at ultrices nunc. Sem inceptos sociosqu interdum adipiscing quis aliquam adipiscing vel taciti enim penatibus et ullamcorper venenatis.<\\/p>\"}}', '2017-08-28 19:41:48', '2017-08-28 19:41:48', '2831987a-26ab-4909-a125-0a51b07cfafb'),
 ('42', '69', '7', '1', 'en_us', '31', '', '{\"typeId\":\"7\",\"authorId\":\"1\",\"title\":\"Welcome\",\"slug\":\"welcome\",\"postDate\":1503746520,\"expiryDate\":null,\"enabled\":1,\"parentId\":null,\"fields\":{\"11\":[\"68\"],\"3\":\"Welcome to our little church\",\"13\":{\"71\":{\"type\":\"generalSection\",\"enabled\":\"1\",\"fields\":{\"text\":\"<h2>First time here?<\\/h2>\\r\\n<p>I invite you to join us in worship and fellowship at any one of our services, coffee hour, concert series, or a simple contemplative visit to our garden and chapel. I like to think of our parish as a quiet oasis in the heart of this vibrant city. And yet we have so much going on at our Little Church.<\\/p>\"}},\"73\":{\"type\":\"figureFull\",\"enabled\":\"\",\"fields\":{\"image\":[\"72\"],\"altAttribute\":\"\",\"caption\":\"<p>This is a caption<\\/p>\",\"credit\":\"\"}},\"74\":{\"type\":\"generalSection\",\"enabled\":\"\",\"fields\":{\"text\":\"<h2>Sem inceptos sociosqu interdum<\\/h2>\\r\\n<p>Consequat orci a cum suspendisse pretium orci dui dapibus ultricies nisi vulputate erat a dui. Ultricies enim a ut per egestas augue dis ad tellus mus a hac ac a scelerisque ullamcorper eupraesent quisque adipiscing. Erat purus ante habitasse mus interdum scelerisque a hac fermentum cum conguesuspendisse scelerisque auctor condimentum eu ipsum varius cursus a tempus aenean consectetur et a. Cubilia scelerisque ligula fusce a consequat vel fames a arcu mi nisl et at ultrices nunc. Sem inceptos sociosqu interdum adipiscing quis aliquam adipiscing vel taciti enim penatibus et ullamcorper venenatis.<\\/p>\\r\\n<blockquote>The Church of the Transfiguration is a community committed to faith in action. We embrace all who seek God\\u2019s inclusive love<\\/blockquote>\\r\\n<p>Consequat orci a cum suspendisse pretium orci dui dapibus ultricies nisi vulputate erat a dui. Ultricies enim a ut per egestas augue dis ad tellus mus a hac ac a scelerisque ullamcorper eupraesent quisque adipiscing. Erat purus ante habitasse mus interdum scelerisque a hac fermentum cum conguesuspendisse scelerisque auctor condimentum eu ipsum varius cursus a tempus aenean consectetur et a. Cubilia scelerisque ligula fusce a consequat vel fames a arcu mi nisl et at ultrices nunc. Sem inceptos sociosqu interdum adipiscing quis aliquam adipiscing vel taciti enim penatibus et ullamcorper venenatis.<\\/p>\"}},\"75\":{\"type\":\"generalSection\",\"enabled\":\"\",\"fields\":{\"text\":\"<h3>Sem inceptos sociosqu interdum<\\/h3>\\r\\n<p>Consequat orci a cum suspendisse pretium orci dui dapibus ultricies nisi vulputate erat a dui. Ultricies enim a ut per egestas augue dis ad tellus mus a hac ac a scelerisque ullamcorper eupraesent quisque adipiscing. Erat purus ante habitasse mus interdum scelerisque a hac fermentum cum conguesuspendisse scelerisque auctor condimentum eu ipsum varius cursus a tempus aenean consectetur.<\\/p>\"}},\"77\":{\"type\":\"bioGroup\",\"enabled\":\"\",\"fields\":{\"bioType\":\"Leadership\",\"individuals\":[\"78\",\"76\"]}}},\"12\":\"<p>Welcome to the Church of the Transfiguration located in Manhattan\'s NoMad district. We are an Episcopal Church and part of the larger, worldwide Anglican Communion, with a&nbsp;<a href=\\\"#\\\">rich musical and liturgical tradition<\\/a>. We host a diverse community embracing all people, across a vast spectrum of cultural, ethnic, racial, gender, sexual orientation, and economic backgrounds, as full members in the body of Christ.<\\/p>\"}}', '2017-08-28 19:42:31', '2017-08-28 19:42:31', '3e7513c5-4954-466c-8bf1-528037402ec7'),
 ('43', '87', '7', '1', 'en_us', '3', '', '{\"typeId\":\"7\",\"authorId\":\"1\",\"title\":\"Who We Are\",\"slug\":\"who-we-are\",\"postDate\":1503949200,\"expiryDate\":null,\"enabled\":1,\"parentId\":null,\"fields\":{\"11\":[\"86\"],\"3\":\"Who We Are\",\"13\":{\"88\":{\"type\":\"bioGroup\",\"enabled\":\"1\",\"fields\":{\"bioType\":\"Leadership\",\"individuals\":[\"78\",\"76\"]}}},\"12\":\"<p>Consequat orci a cum suspendisse pretium orci dui dapibus ultricies nisi vulputate erat a dui. Ultricies enim a ut per egestas augue dis ad tellus mus a hac ac a scelerisque ullamcorper eupraesent quisque adipiscing. Erat purus ante habitasse mus interdum scelerisque a hac fermentum cum conguesuspendisse scelerisque auctor condimentum eu ipsum varius cursus a tempus aenean consectetur et a. Cubilia scelerisque ligula fusce a consequat vel fames a arcu mi nisl et at ultrices nunc. Sem inceptos sociosqu interdum adipiscing quis aliquam adipiscing vel taciti enim penatibus et ullamcorper venenatis.<\\/p>\"}}', '2017-08-28 19:42:40', '2017-08-28 19:42:40', '2bf4c4bc-2b6a-4a4d-b8f9-2d60de2e6205'),
 ('44', '94', '9', '1', 'en_us', '1', '', '{\"typeId\":null,\"authorId\":\"1\",\"title\":\"Good Things Come in Threes\",\"slug\":\"good-things-come-in-threes\",\"postDate\":1504084128,\"expiryDate\":null,\"enabled\":1,\"parentId\":null,\"fields\":{\"25\":[\"93\"],\"26\":\"Mary Jane Gocher\"}}', '2017-08-30 09:08:48', '2017-08-30 09:08:48', '3fbcce34-14ac-44aa-800d-147acef9ce72'),
 ('45', '87', '7', '1', 'en_us', '4', '', '{\"typeId\":\"7\",\"authorId\":\"1\",\"title\":\"Who We Are\",\"slug\":\"who-we-are\",\"postDate\":1503949200,\"expiryDate\":null,\"enabled\":1,\"parentId\":null,\"fields\":{\"3\":\"Who We Are\",\"13\":{\"88\":{\"type\":\"bioGroup\",\"enabled\":\"1\",\"fields\":{\"bioType\":\"Leadership\",\"individuals\":[\"78\",\"76\"]}}},\"11\":[\"86\"],\"12\":\"<p>Consequat orci a cum suspendisse pretium orci dui dapibus ultricies nisi vulputate erat a dui. Ultricies enim a ut per egestas augue dis ad tellus mus a hac ac a scelerisque ullamcorper eupraesent quisque adipiscing. Erat purus ante habitasse mus interdum scelerisque a hac fermentum cum conguesuspendisse scelerisque auctor condimentum eu ipsum varius cursus a tempus aenean consectetur et a. Cubilia scelerisque ligula fusce a consequat vel fames a arcu mi nisl et at ultrices nunc. Sem inceptos sociosqu interdum adipiscing quis aliquam adipiscing vel taciti enim penatibus et ullamcorper venenatis.<\\/p>\"}}', '2017-08-30 11:33:18', '2017-08-30 11:33:18', '568ca577-e58d-433c-8ccf-b871e12250e9'),
 ('46', '69', '7', '1', 'en_us', '32', '', '{\"typeId\":\"7\",\"authorId\":\"1\",\"title\":\"Welcome\",\"slug\":\"welcome\",\"postDate\":1503746520,\"expiryDate\":null,\"enabled\":1,\"parentId\":null,\"fields\":{\"3\":\"Welcome to our little church\",\"13\":{\"71\":{\"type\":\"generalSection\",\"enabled\":\"1\",\"fields\":{\"text\":\"<h2>First time here?<\\/h2>\\r\\n<p>I invite you to join us in worship and fellowship at any one of our services, coffee hour, concert series, or a simple contemplative visit to our garden and chapel. I like to think of our parish as a quiet oasis in the heart of this vibrant city. And yet we have so much going on at our Little Church.<\\/p>\"}},\"73\":{\"type\":\"figureFull\",\"enabled\":\"\",\"fields\":{\"image\":[\"72\"],\"altAttribute\":\"\",\"caption\":\"<p>This is a caption<\\/p>\",\"credit\":\"\"}},\"74\":{\"type\":\"generalSection\",\"enabled\":\"\",\"fields\":{\"text\":\"<h2>Sem inceptos sociosqu interdum<\\/h2>\\r\\n<p>Consequat orci a cum suspendisse pretium orci dui dapibus ultricies nisi vulputate erat a dui. Ultricies enim a ut per egestas augue dis ad tellus mus a hac ac a scelerisque ullamcorper eupraesent quisque adipiscing. Erat purus ante habitasse mus interdum scelerisque a hac fermentum cum conguesuspendisse scelerisque auctor condimentum eu ipsum varius cursus a tempus aenean consectetur et a. Cubilia scelerisque ligula fusce a consequat vel fames a arcu mi nisl et at ultrices nunc. Sem inceptos sociosqu interdum adipiscing quis aliquam adipiscing vel taciti enim penatibus et ullamcorper venenatis.<\\/p>\\r\\n<blockquote>The Church of the Transfiguration is a community committed to faith in action. We embrace all who seek God\\u2019s inclusive love<\\/blockquote>\\r\\n<p>Consequat orci a cum suspendisse pretium orci dui dapibus ultricies nisi vulputate erat a dui. Ultricies enim a ut per egestas augue dis ad tellus mus a hac ac a scelerisque ullamcorper eupraesent quisque adipiscing. Erat purus ante habitasse mus interdum scelerisque a hac fermentum cum conguesuspendisse scelerisque auctor condimentum eu ipsum varius cursus a tempus aenean consectetur et a. Cubilia scelerisque ligula fusce a consequat vel fames a arcu mi nisl et at ultrices nunc. Sem inceptos sociosqu interdum adipiscing quis aliquam adipiscing vel taciti enim penatibus et ullamcorper venenatis.<\\/p>\"}},\"75\":{\"type\":\"generalSection\",\"enabled\":\"\",\"fields\":{\"text\":\"<h3>Sem inceptos sociosqu interdum<\\/h3>\\r\\n<p>Consequat orci a cum suspendisse pretium orci dui dapibus ultricies nisi vulputate erat a dui. Ultricies enim a ut per egestas augue dis ad tellus mus a hac ac a scelerisque ullamcorper eupraesent quisque adipiscing. Erat purus ante habitasse mus interdum scelerisque a hac fermentum cum conguesuspendisse scelerisque auctor condimentum eu ipsum varius cursus a tempus aenean consectetur.<\\/p>\"}},\"77\":{\"type\":\"bioGroup\",\"enabled\":\"\",\"fields\":{\"bioType\":\"Leadership\",\"individuals\":[\"78\",\"76\"]}}},\"11\":[\"68\"],\"12\":\"<p>Welcome to the Church of the Transfiguration located in Manhattan\'s NoMad district. We are an Episcopal Church and part of the larger, worldwide Anglican Communion, with a&nbsp;<a href=\\\"#\\\">rich musical and liturgical tradition<\\/a>. We host a diverse community embracing all people, across a vast spectrum of cultural, ethnic, racial, gender, sexual orientation, and economic backgrounds, as full members in the body of Christ.<\\/p>\"}}', '2017-08-30 11:33:37', '2017-08-30 11:33:37', '57544a55-a6b9-4084-8bef-d9fbb7774831'),
 ('47', '69', '7', '1', 'en_us', '33', '', '{\"typeId\":\"7\",\"authorId\":\"1\",\"title\":\"Welcome\",\"slug\":\"welcome\",\"postDate\":1503746520,\"expiryDate\":null,\"enabled\":1,\"parentId\":null,\"fields\":{\"3\":\"Welcome to our little church\",\"13\":{\"71\":{\"type\":\"generalSection\",\"enabled\":\"1\",\"fields\":{\"text\":\"<h2>First time here?<\\/h2>\\r\\n<p>I invite you to join us in worship and fellowship at any one of our services, coffee hour, concert series, or a simple contemplative visit to our garden and chapel. I like to think of our parish as a quiet oasis in the heart of this vibrant city. And yet we have so much going on at our Little Church.<\\/p>\"}},\"73\":{\"type\":\"figureFull\",\"enabled\":\"\",\"fields\":{\"image\":[\"72\"],\"altAttribute\":\"\",\"caption\":\"<p>This is a caption<\\/p>\",\"credit\":\"\"}},\"74\":{\"type\":\"generalSection\",\"enabled\":\"1\",\"fields\":{\"text\":\"<h2>Sem inceptos sociosqu interdum<\\/h2>\\r\\n<p>Consequat orci a cum suspendisse pretium orci dui dapibus ultricies nisi vulputate erat a dui. Ultricies enim a ut per egestas augue dis ad tellus mus a hac ac a scelerisque ullamcorper eupraesent quisque adipiscing. Erat purus ante habitasse mus interdum scelerisque a hac fermentum cum conguesuspendisse scelerisque auctor condimentum eu ipsum varius cursus a tempus aenean consectetur et a. Cubilia scelerisque ligula fusce a consequat vel fames a arcu mi nisl et at ultrices nunc. Sem inceptos sociosqu interdum adipiscing quis aliquam adipiscing vel taciti enim penatibus et ullamcorper venenatis.<\\/p>\\r\\n<blockquote>The Church of the Transfiguration is a community committed to faith in action. We embrace all who seek God\\u2019s inclusive love<\\/blockquote>\\r\\n<p>Consequat orci a cum suspendisse pretium orci dui dapibus ultricies nisi vulputate erat a dui. Ultricies enim a ut per egestas augue dis ad tellus mus a hac ac a scelerisque ullamcorper eupraesent quisque adipiscing. Erat purus ante habitasse mus interdum scelerisque a hac fermentum cum conguesuspendisse scelerisque auctor condimentum eu ipsum varius cursus a tempus aenean consectetur et a. Cubilia scelerisque ligula fusce a consequat vel fames a arcu mi nisl et at ultrices nunc. Sem inceptos sociosqu interdum adipiscing quis aliquam adipiscing vel taciti enim penatibus et ullamcorper venenatis.<\\/p>\"}},\"75\":{\"type\":\"generalSection\",\"enabled\":\"\",\"fields\":{\"text\":\"<h3>Sem inceptos sociosqu interdum<\\/h3>\\r\\n<p>Consequat orci a cum suspendisse pretium orci dui dapibus ultricies nisi vulputate erat a dui. Ultricies enim a ut per egestas augue dis ad tellus mus a hac ac a scelerisque ullamcorper eupraesent quisque adipiscing. Erat purus ante habitasse mus interdum scelerisque a hac fermentum cum conguesuspendisse scelerisque auctor condimentum eu ipsum varius cursus a tempus aenean consectetur.<\\/p>\"}},\"77\":{\"type\":\"bioGroup\",\"enabled\":\"\",\"fields\":{\"bioType\":\"Leadership\",\"individual\":[\"78\",\"76\"]}}},\"11\":[\"68\"],\"12\":\"<p>Welcome to the Church of the Transfiguration located in Manhattan\'s NoMad district. We are an Episcopal Church and part of the larger, worldwide Anglican Communion, with a&nbsp;<a href=\\\"#\\\">rich musical and liturgical tradition<\\/a>. We host a diverse community embracing all people, across a vast spectrum of cultural, ethnic, racial, gender, sexual orientation, and economic backgrounds, as full members in the body of Christ.<\\/p>\"}}', '2017-08-30 12:06:13', '2017-08-30 12:06:13', 'dc206e91-8b7e-46f4-bac2-62c067f0d0a7'),
 ('48', '69', '7', '1', 'en_us', '34', '', '{\"typeId\":\"7\",\"authorId\":\"1\",\"title\":\"Welcome\",\"slug\":\"welcome\",\"postDate\":1503746520,\"expiryDate\":null,\"enabled\":1,\"parentId\":null,\"fields\":{\"3\":\"Welcome to our little church\",\"13\":{\"71\":{\"type\":\"generalSection\",\"enabled\":\"1\",\"fields\":{\"text\":\"<h2>First time here?<\\/h2>\\r\\n<p>I invite you to join us in worship and fellowship at any one of our services, coffee hour, concert series, or a simple contemplative visit to our garden and chapel. I like to think of our parish as a quiet oasis in the heart of this vibrant city. And yet we have so much going on at our Little Church.<\\/p>\"}},\"73\":{\"type\":\"figureFull\",\"enabled\":\"\",\"fields\":{\"image\":[\"72\"],\"altAttribute\":\"\",\"caption\":\"<p>This is a caption<\\/p>\",\"credit\":\"\"}},\"74\":{\"type\":\"generalSection\",\"enabled\":\"1\",\"fields\":{\"text\":\"<h2>Sem inceptos sociosqu interdum<\\/h2>\\r\\n<p>Consequat orci a cum suspendisse pretium orci dui dapibus ultricies nisi vulputate erat a dui. Ultricies enim a ut per egestas augue dis ad tellus mus a hac ac a scelerisque ullamcorper eupraesent quisque adipiscing. Erat purus ante habitasse mus interdum scelerisque a hac fermentum cum conguesuspendisse scelerisque auctor condimentum eu ipsum varius cursus a tempus aenean consectetur et a. Cubilia scelerisque ligula fusce a consequat vel fames a arcu mi nisl et at ultrices nunc. Sem inceptos sociosqu interdum adipiscing quis aliquam adipiscing vel taciti enim penatibus et ullamcorper venenatis.<\\/p>\\r\\n<blockquote>The Church of the Transfiguration is a community committed to faith in action. We embrace all who seek God\\u2019s inclusive love<\\/blockquote>\\r\\n<p>Consequat orci a cum suspendisse pretium orci dui dapibus ultricies nisi vulputate erat a dui. Ultricies enim a ut per egestas augue dis ad tellus mus a hac ac a scelerisque ullamcorper eupraesent quisque adipiscing. Erat purus ante habitasse mus interdum scelerisque a hac fermentum cum conguesuspendisse scelerisque auctor condimentum eu ipsum varius cursus a tempus aenean consectetur et a. Cubilia scelerisque ligula fusce a consequat vel fames a arcu mi nisl et at ultrices nunc. Sem inceptos sociosqu interdum adipiscing quis aliquam adipiscing vel taciti enim penatibus et ullamcorper venenatis.<\\/p><ul><li>List Item One<\\/li><li>List Item Two<\\/li><\\/ul>\"}},\"75\":{\"type\":\"generalSection\",\"enabled\":\"\",\"fields\":{\"text\":\"<h3>Sem inceptos sociosqu interdum<\\/h3>\\r\\n<p>Consequat orci a cum suspendisse pretium orci dui dapibus ultricies nisi vulputate erat a dui. Ultricies enim a ut per egestas augue dis ad tellus mus a hac ac a scelerisque ullamcorper eupraesent quisque adipiscing. Erat purus ante habitasse mus interdum scelerisque a hac fermentum cum conguesuspendisse scelerisque auctor condimentum eu ipsum varius cursus a tempus aenean consectetur.<\\/p>\"}},\"77\":{\"type\":\"bioGroup\",\"enabled\":\"\",\"fields\":{\"bioType\":\"Leadership\",\"individual\":[\"78\",\"76\"]}}},\"11\":[\"68\"],\"12\":\"<p>Welcome to the Church of the Transfiguration located in Manhattan\'s NoMad district. We are an Episcopal Church and part of the larger, worldwide Anglican Communion, with a&nbsp;<a href=\\\"#\\\">rich musical and liturgical tradition<\\/a>. We host a diverse community embracing all people, across a vast spectrum of cultural, ethnic, racial, gender, sexual orientation, and economic backgrounds, as full members in the body of Christ.<\\/p>\"}}', '2017-08-30 12:07:09', '2017-08-30 12:07:09', 'd8734bcc-bffb-4571-843f-e842a2f9941a'),
 ('49', '69', '7', '1', 'en_us', '35', '', '{\"typeId\":\"7\",\"authorId\":\"1\",\"title\":\"Welcome\",\"slug\":\"welcome\",\"postDate\":1503746520,\"expiryDate\":null,\"enabled\":1,\"parentId\":null,\"fields\":{\"3\":\"Welcome to our little church\",\"13\":{\"71\":{\"type\":\"generalSection\",\"enabled\":\"1\",\"fields\":{\"text\":\"<h2>First time here?<\\/h2>\\r\\n<p>I invite you to join us in worship and fellowship at any one of our services, coffee hour, concert series, or a simple contemplative visit to our garden and chapel. I like to think of our parish as a quiet oasis in the heart of this vibrant city. And yet we have so much going on at our Little Church.<\\/p>\"}},\"73\":{\"type\":\"figureFull\",\"enabled\":\"\",\"fields\":{\"image\":[\"72\"],\"altAttribute\":\"\",\"caption\":\"<p>This is a caption<\\/p>\",\"credit\":\"\"}},\"74\":{\"type\":\"generalSection\",\"enabled\":\"1\",\"fields\":{\"text\":\"<h2>Sem inceptos sociosqu interdum<\\/h2>\\r\\n<p>Consequat orci a cum suspendisse pretium orci dui dapibus ultricies nisi vulputate erat a dui. Ultricies enim a ut per egestas augue dis ad tellus mus a hac ac a scelerisque ullamcorper eupraesent quisque adipiscing. Erat purus ante habitasse mus interdum scelerisque a hac fermentum cum conguesuspendisse scelerisque auctor condimentum eu ipsum varius cursus a tempus aenean consectetur et a. Cubilia scelerisque ligula fusce a consequat vel fames a arcu mi nisl et at ultrices nunc. Sem inceptos sociosqu interdum adipiscing quis aliquam adipiscing vel taciti enim penatibus et ullamcorper venenatis.<\\/p>\\r\\n<blockquote>The Church of the Transfiguration is a community committed to faith in action. We embrace all who seek God\\u2019s inclusive love<\\/blockquote>\\r\\n<p>Consequat orci a cum suspendisse pretium orci dui dapibus ultricies nisi vulputate erat a dui. Ultricies enim a ut per egestas augue dis ad tellus mus a hac ac a scelerisque ullamcorper eupraesent quisque adipiscing. Erat purus ante habitasse mus interdum scelerisque a hac fermentum cum conguesuspendisse scelerisque auctor condimentum eu ipsum varius cursus a tempus aenean consectetur et a. Cubilia scelerisque ligula fusce a consequat vel fames a arcu mi nisl et at ultrices nunc. Sem inceptos sociosqu interdum adipiscing quis aliquam adipiscing vel taciti enim penatibus et ullamcorper venenatis.<\\/p>\"}},\"75\":{\"type\":\"generalSection\",\"enabled\":\"\",\"fields\":{\"text\":\"<h3>Sem inceptos sociosqu interdum<\\/h3>\\r\\n<p>Consequat orci a cum suspendisse pretium orci dui dapibus ultricies nisi vulputate erat a dui. Ultricies enim a ut per egestas augue dis ad tellus mus a hac ac a scelerisque ullamcorper eupraesent quisque adipiscing. Erat purus ante habitasse mus interdum scelerisque a hac fermentum cum conguesuspendisse scelerisque auctor condimentum eu ipsum varius cursus a tempus aenean consectetur.<\\/p>\"}},\"77\":{\"type\":\"bioGroup\",\"enabled\":\"\",\"fields\":{\"bioType\":\"Leadership\",\"individual\":[\"78\",\"76\"]}}},\"11\":[\"68\"],\"12\":\"<p>Welcome to the Church of the Transfiguration located in Manhattan\'s NoMad district. We are an Episcopal Church and part of the larger, worldwide Anglican Communion, with a&nbsp;<a href=\\\"#\\\">rich musical and liturgical tradition<\\/a>. We host a diverse community embracing all people, across a vast spectrum of cultural, ethnic, racial, gender, sexual orientation, and economic backgrounds, as full members in the body of Christ.<\\/p>\"}}', '2017-08-30 12:09:45', '2017-08-30 12:09:45', '46afcc16-244a-40ce-9515-d76ee8cdaa21'),
 ('50', '69', '7', '1', 'en_us', '36', '', '{\"typeId\":\"7\",\"authorId\":\"1\",\"title\":\"Welcome\",\"slug\":\"welcome\",\"postDate\":1503746520,\"expiryDate\":null,\"enabled\":1,\"parentId\":null,\"fields\":{\"3\":\"Welcome to our little church\",\"13\":{\"71\":{\"type\":\"generalSection\",\"enabled\":\"1\",\"fields\":{\"text\":\"<h2>First time here?<\\/h2>\\r\\n<p>I invite you to join us in worship and fellowship at any one of our services, coffee hour, concert series, or a simple contemplative visit to our garden and chapel. I like to think of our parish as a quiet oasis in the heart of this vibrant city. And yet we have so much going on at our Little Church.<\\/p>\"}},\"73\":{\"type\":\"figureFull\",\"enabled\":\"\",\"fields\":{\"image\":[\"72\"],\"altAttribute\":\"\",\"caption\":\"<p>This is a caption<\\/p>\",\"credit\":\"\"}},\"74\":{\"type\":\"generalSection\",\"enabled\":\"1\",\"fields\":{\"text\":\"<h2>Sem inceptos sociosqu interdum<\\/h2>\\r\\n<p>Consequat orci a cum suspendisse pretium orci dui dapibus ultricies nisi vulputate erat a dui. Ultricies enim a ut per egestas augue dis ad tellus mus a hac ac a scelerisque ullamcorper eupraesent quisque adipiscing. Erat purus ante habitasse mus interdum scelerisque a hac fermentum cum conguesuspendisse scelerisque auctor condimentum eu ipsum varius cursus a tempus aenean consectetur et a. Cubilia scelerisque ligula fusce a consequat vel fames a arcu mi nisl et at ultrices nunc. Sem inceptos sociosqu interdum adipiscing quis aliquam adipiscing vel taciti enim penatibus et ullamcorper venenatis.<\\/p>\\r\\n<blockquote>The Church of the Transfiguration is a community committed to faith in action. We embrace all who seek God\\u2019s inclusive love<\\/blockquote>\\r\\n<p>Consequat orci a cum suspendisse pretium orci dui dapibus ultricies nisi vulputate erat a dui. Ultricies enim a ut per egestas augue dis ad tellus mus a hac ac a scelerisque ullamcorper eupraesent quisque adipiscing. Erat purus ante habitasse mus interdum scelerisque a hac fermentum cum conguesuspendisse scelerisque auctor condimentum eu ipsum varius cursus a tempus aenean consectetur et a. Cubilia scelerisque ligula fusce a consequat vel fames a arcu mi nisl et at ultrices nunc. Sem inceptos sociosqu interdum adipiscing quis aliquam adipiscing vel taciti enim penatibus et ullamcorper venenatis.<\\/p>\"}},\"75\":{\"type\":\"generalSection\",\"enabled\":\"\",\"fields\":{\"text\":\"<h3>Sem inceptos sociosqu interdum<\\/h3>\\r\\n<p>Consequat orci a cum suspendisse pretium orci dui dapibus ultricies nisi vulputate erat a dui. Ultricies enim a ut per egestas augue dis ad tellus mus a hac ac a scelerisque ullamcorper eupraesent quisque adipiscing. Erat purus ante habitasse mus interdum scelerisque a hac fermentum cum conguesuspendisse scelerisque auctor condimentum eu ipsum varius cursus a tempus aenean consectetur.<\\/p>\"}},\"77\":{\"type\":\"bioGroup\",\"enabled\":\"\",\"fields\":{\"bioType\":\"Leadership\",\"individual\":[\"78\",\"76\"]}}},\"11\":[\"68\"],\"12\":\"<p>Welcome to the Church of the Transfiguration located in Manhattan\'s NoMad district. We are an Episcopal Church and part of the larger, worldwide Anglican Communion, with a&nbsp;<a href=\\\"#\\\">rich musical and liturgical tradition<\\/a>. We host a diverse community embracing all people, across a vast spectrum of cultural, ethnic, racial, gender, sexual orientation, and economic backgrounds, as full members in the body of Christ.<\\/p>\",\"27\":\"Meghan Joseph\"}}', '2017-08-30 12:15:28', '2017-08-30 12:15:28', '1eea024b-9db4-4ca8-abd0-9d1df764e9a5'),
 ('51', '94', '9', '1', 'en_us', '2', '', '{\"typeId\":\"9\",\"authorId\":\"1\",\"title\":\"Good Things Come in Threes\",\"slug\":\"good-things-come-in-threes\",\"postDate\":1504084080,\"expiryDate\":null,\"enabled\":1,\"parentId\":null,\"fields\":{\"25\":[\"93\"],\"26\":\"Mary Jane Gocher\",\"27\":\"Corey Schneider\"}}', '2017-08-30 13:14:24', '2017-08-30 13:14:24', 'c9efcabf-ab75-42db-b7ea-f6c751fd180d'),
 ('52', '94', '9', '1', 'en_us', '3', '', '{\"typeId\":\"9\",\"authorId\":\"1\",\"title\":\"Good Things Come in Threes\",\"slug\":\"good-things-come-in-threes\",\"postDate\":1504084080,\"expiryDate\":null,\"enabled\":1,\"parentId\":null,\"fields\":{\"28\":{\"new1\":{\"type\":\"paragraph\",\"enabled\":\"1\",\"fields\":{\"text\":\"<p><span class=\\\"s1\\\">I was paging my way through <i>Holy Men, Holy Women<\\/i> on a fact-checking mission when I came across the entry for December 16<\\/span><span class=\\\"s2\\\"><sup>th<\\/sup><\\/span><span class=\\\"s1\\\">.<\\/span><\\/p>\\r\\n<p><span class=\\\"s1\\\"><\\/span>\\r\\n<\\/p>\\r\\n<p><span class=\\\"s1\\\">I was stunned to see that this day had been set apart to honor two architects and an artist whose work was represented here at Transfiguration:<span class=\\\"Apple-converted-space\\\">&nbsp; <\\/span>Ralph Adams Cram, designer of St. Thomas Church NYC and the nave of the Cathedral of St. John the Divine, Richard Upjohn, the designer of Trinity Church on Wall Street in lower Manhattan, and John Lafarge, painter of murals and designer of many notable stained glass windows.<\\/span><\\/p>\\r\\n<p><span class=\\\"s1\\\"><\\/span>\\r\\n<\\/p>\\r\\n<p><span class=\\\"s1\\\"><i>Holy Men, Holy Women<\\/i> encourages us to offer thanks for \\u201cthe vision of Ralph Adams Cram, John LaFarge and Richard Upjohn, whose harmonious revival of the Gothic enriched our churches with a sacramental understanding of reality in the face of secular materialism&hellip;.\\u201d *<\\/span><\\/p>\\r\\n<p><span class=\\\"s1\\\"><\\/span>\\r\\n<\\/p>\\r\\n<p><span class=\\\"s1\\\">Ralph Adams Cram was the designer of our beautiful polychromed wood Madonna Shrine, located in the Transept.<span class=\\\"Apple-converted-space\\\">&nbsp; <\\/span>It was donated by Mr. F. E. Saxham Drury in memory of Elbridge T. Gerry and Mabel Gerry Drury.<\\/span><\\/p>\\r\\n<p><span class=\\\"s1\\\"><\\/span>\\r\\n<\\/p>\\r\\n<p><span class=\\\"s1\\\">Turn to your right, and there is John LaFarge\\u2019s magnificent window depicting Edwin Booth, the leading Shakespearean actor of his time, holding a mask and dressed in Greco-Roman costume.<span class=\\\"Apple-converted-space\\\">&nbsp; <\\/span>(Edwin Booth was the brother of the notorious John Wilkes Booth, President Lincoln\\u2019s assassin.) The window was given in his memory in 1898 by members of the Players Club, which he founded.<\\/span><\\/p>\\r\\n<p><span class=\\\"s1\\\"><\\/span>\\r\\n<\\/p>\\r\\n<p><span class=\\\"s1\\\">And a few steps away, near the chancel on the northeast side of the nave, stands Richard Upjohn\\u2019s beautiful and intricate brass filigree pulpit.<\\/span><\\/p>\\r\\n<p><span class=\\\"s1\\\"><\\/span>\\r\\n<\\/p>\\r\\n<p><span class=\\\"s1\\\">How fortunate we are to have works by all three of these masters under the roof of the \\u201cLittle Church\\u201d.<span class=\\\"Apple-converted-space\\\">&nbsp; <\\/span>I will give thanks when December 16<\\/span><span class=\\\"s2\\\"><sup>th<\\/sup><\\/span><span class=\\\"s1\\\"> rolls around.<\\/span><\\/p>\"}}},\"25\":[\"93\"],\"26\":\"Mary Jane Gocher\",\"27\":\"Corey Schneider\"}}', '2017-08-30 13:55:36', '2017-08-30 13:55:36', '1d105e5f-5d97-461d-800c-65547d002481'),
 ('53', '94', '9', '1', 'en_us', '4', '', '{\"typeId\":\"9\",\"authorId\":\"1\",\"title\":\"Good Things Come in Threes\",\"slug\":\"good-things-come-in-threes\",\"postDate\":1504084080,\"expiryDate\":null,\"enabled\":1,\"parentId\":null,\"fields\":{\"28\":{\"107\":{\"type\":\"paragraph\",\"enabled\":\"1\",\"fields\":{\"text\":\"<p>I was paging my way through <em>Holy Men, Holy Women<\\/em> on a fact-checking mission when I came across the entry for December 16<sup>th<\\/sup>.<\\/p>\\r\\n<p>\\r\\n<\\/p>\\r\\n<p>I was stunned to see that this day had been set apart to honor two architects and an artist whose work was represented here at Transfiguration:&nbsp; Ralph Adams Cram, designer of St. Thomas Church NYC and the nave of the Cathedral of St. John the Divine, Richard Upjohn, the designer of Trinity Church on Wall Street in lower Manhattan, and John Lafarge, painter of murals and designer of many notable stained glass windows.<\\/p>\\r\\n<p>\\r\\n<\\/p>\\r\\n<p><em>Holy Men, Holy Women<\\/em> encourages us to offer thanks for \\u201cthe vision of Ralph Adams Cram, John LaFarge and Richard Upjohn, whose harmonious revival of the Gothic enriched our churches with a sacramental understanding of reality in the face of secular materialism&hellip;.\\u201d *<\\/p>\\r\\n<p>\\r\\n<\\/p>\\r\\n<p>Ralph Adams Cram was the designer of our beautiful polychromed wood Madonna Shrine, located in the Transept.&nbsp; It was donated by Mr. F. E. Saxham Drury in memory of Elbridge T. Gerry and Mabel Gerry Drury.<\\/p>\\r\\n<p>\\r\\n<\\/p>\\r\\n<p>Turn to your right, and there is John LaFarge\\u2019s magnificent window depicting Edwin Booth, the leading Shakespearean actor of his time, holding a mask and dressed in Greco-Roman costume.&nbsp; (Edwin Booth was the brother of the notorious John Wilkes Booth, President Lincoln\\u2019s assassin.) The window was given in his memory in 1898 by members of the Players Club, which he founded.<\\/p>\\r\\n<p>\\r\\n<\\/p>\\r\\n<p>And a few steps away, near the chancel on the northeast side of the nave, stands Richard Upjohn\\u2019s beautiful and intricate brass filigree pulpit.<\\/p>\\r\\n<p>\\r\\n<\\/p>\\r\\n<p>How fortunate we are to have works by all three of these masters under the roof of the \\u201cLittle Church\\u201d.&nbsp; I will give thanks when December 16<sup>th<\\/sup> rolls around.<\\/p>\"}}},\"25\":[\"93\"],\"26\":\"Mary Jane Gocher\",\"27\":\"Corey Schneider\"}}', '2017-08-30 13:55:55', '2017-08-30 13:55:55', '8c9f18f8-bc98-4a7e-ad83-85a27412968d'),
 ('54', '94', '9', '1', 'en_us', '5', '', '{\"typeId\":\"9\",\"authorId\":\"1\",\"title\":\"Good Things Come in Threes\",\"slug\":\"good-things-come-in-threes\",\"postDate\":1504084080,\"expiryDate\":null,\"enabled\":1,\"parentId\":null,\"fields\":{\"28\":{\"107\":{\"type\":\"paragraph\",\"enabled\":\"1\",\"fields\":{\"text\":\"<p>I was paging my way through <em>Holy Men, Holy Women<\\/em> on a fact-checking mission when I came across the entry for December 16<sup>th<\\/sup>.<\\/p>\\r\\n<p>\\r\\n<\\/p>\\r\\n<p>I was stunned to see that this day had been set apart to honor two architects and an artist whose work was represented here at Transfiguration:&nbsp; Ralph Adams Cram, designer of St. Thomas Church NYC and the nave of the Cathedral of St. John the Divine, Richard Upjohn, the designer of Trinity Church on Wall Street in lower Manhattan, and John Lafarge, painter of murals and designer of many notable stained glass windows.<\\/p>\\r\\n<p>\\r\\n<\\/p>\\r\\n<p><em>Holy Men, Holy Women<\\/em> encourages us to offer thanks for \\u201cthe vision of Ralph Adams Cram, John LaFarge and Richard Upjohn, whose harmonious revival of the Gothic enriched our churches with a sacramental understanding of reality in the face of secular materialism&hellip;.\\u201d *<\\/p>\\r\\n<p>\\r\\n<\\/p>\\r\\n<p>Ralph Adams Cram was the designer of our beautiful polychromed wood Madonna Shrine, located in the Transept.&nbsp; It was donated by Mr. F. E. Saxham Drury in memory of Elbridge T. Gerry and Mabel Gerry Drury.<\\/p>\"}},\"new1\":{\"type\":\"paragraph\",\"enabled\":\"1\",\"fields\":{\"text\":\"<p>Turn to your right, and there is John LaFarge\\u2019s magnificent window depicting Edwin Booth, the leading Shakespearean actor of his time, holding a mask and dressed in Greco-Roman costume.&nbsp; (Edwin Booth was the brother of the notorious John Wilkes Booth, President Lincoln\\u2019s assassin.) The window was given in his memory in 1898 by members of the Players Club, which he founded.<\\/p>\\r\\n<p>And a few steps away, near the chancel on the northeast side of the nave, stands Richard Upjohn\\u2019s beautiful and intricate brass filigree pulpit.<\\/p>\\r\\n<p>How fortunate we are to have works by all three of these masters under the roof of the \\u201cLittle Church\\u201d.&nbsp; I will give thanks when December 16<sup>th<\\/sup>&nbsp;rolls around.<\\/p><p><\\/p>\"}}},\"25\":[\"93\"],\"26\":\"Mary Jane Gocher\",\"27\":\"Corey Schneider\"}}', '2017-08-30 14:03:42', '2017-08-30 14:03:42', 'b5d1792d-8c2e-4297-832d-7b83c418cc39'),
 ('55', '94', '9', '1', 'en_us', '6', '', '{\"typeId\":\"9\",\"authorId\":\"1\",\"title\":\"Good Things Come in Threes\",\"slug\":\"good-things-come-in-threes\",\"postDate\":1504084080,\"expiryDate\":null,\"enabled\":1,\"parentId\":null,\"fields\":{\"28\":{\"107\":{\"type\":\"paragraph\",\"enabled\":\"1\",\"fields\":{\"text\":\"<p>I was paging my way through <em>Holy Men, Holy Women<\\/em> on a fact-checking mission when I came across the entry for December 16<sup>th<\\/sup>.<\\/p>\\r\\n<p>\\r\\n<\\/p>\\r\\n<p>I was stunned to see that this day had been set apart to honor two architects and an artist whose work was represented here at Transfiguration:&nbsp; Ralph Adams Cram, designer of St. Thomas Church NYC and the nave of the Cathedral of St. John the Divine, Richard Upjohn, the designer of Trinity Church on Wall Street in lower Manhattan, and John Lafarge, painter of murals and designer of many notable stained glass windows.<\\/p>\\r\\n<p>\\r\\n<\\/p>\\r\\n<p><em>Holy Men, Holy Women<\\/em> encourages us to offer thanks for \\u201cthe vision of Ralph Adams Cram, John LaFarge and Richard Upjohn, whose harmonious revival of the Gothic enriched our churches with a sacramental understanding of reality in the face of secular materialism&hellip;.\\u201d *<\\/p>\\r\\n<p>\\r\\n<\\/p>\\r\\n<p>Ralph Adams Cram was the designer of our beautiful polychromed wood Madonna Shrine, located in the Transept.&nbsp; It was donated by Mr. F. E. Saxham Drury in memory of Elbridge T. Gerry and Mabel Gerry Drury.<\\/p>\"}},\"new1\":{\"type\":\"figure\",\"enabled\":\"1\",\"fields\":{\"image\":[\"110\"],\"altArttribute\":\"John LaFarge\\u2019s magnificent window depicting Edwin Booth\",\"caption\":\"\",\"enlarge\":\"\"}},\"108\":{\"type\":\"paragraph\",\"enabled\":\"1\",\"fields\":{\"text\":\"<p>Turn to your right, and there is John LaFarge\\u2019s magnificent window depicting Edwin Booth, the leading Shakespearean actor of his time, holding a mask and dressed in Greco-Roman costume.&nbsp; (Edwin Booth was the brother of the notorious John Wilkes Booth, President Lincoln\\u2019s assassin.) The window was given in his memory in 1898 by members of the Players Club, which he founded.<\\/p>\\r\\n<p>And a few steps away, near the chancel on the northeast side of the nave, stands Richard Upjohn\\u2019s beautiful and intricate brass filigree pulpit.<\\/p>\\r\\n<p>How fortunate we are to have works by all three of these masters under the roof of the \\u201cLittle Church\\u201d.&nbsp; I will give thanks when December 16<sup>th<\\/sup>&nbsp;rolls around.<\\/p>\"}}},\"25\":[\"93\"],\"26\":\"Mary Jane Gocher\",\"27\":\"Corey Schneider\"}}', '2017-08-30 14:11:22', '2017-08-30 14:11:22', 'c65f086a-0f8b-40cd-843c-4d8f78c9b8b5'),
 ('56', '94', '9', '1', 'en_us', '7', '', '{\"typeId\":\"9\",\"authorId\":\"1\",\"title\":\"Good Things Come in Threes\",\"slug\":\"good-things-come-in-threes\",\"postDate\":1504084080,\"expiryDate\":null,\"enabled\":1,\"parentId\":null,\"fields\":{\"28\":{\"107\":{\"type\":\"paragraph\",\"enabled\":\"1\",\"fields\":{\"text\":\"<p>I was paging my way through <em>Holy Men, Holy Women<\\/em> on a fact-checking mission when I came across the entry for December 16<sup>th<\\/sup>.<\\/p>\\r\\n<p>\\r\\n<\\/p>\\r\\n<p>I was stunned to see that this day had been set apart to honor two architects and an artist whose work was represented here at Transfiguration:&nbsp; Ralph Adams Cram, designer of St. Thomas Church NYC and the nave of the Cathedral of St. John the Divine, Richard Upjohn, the designer of Trinity Church on Wall Street in lower Manhattan, and John Lafarge, painter of murals and designer of many notable stained glass windows.<\\/p>\\r\\n<p>\\r\\n<\\/p>\\r\\n<p><em>Holy Men, Holy Women<\\/em> encourages us to offer thanks for \\u201cthe vision of Ralph Adams Cram, John LaFarge and Richard Upjohn, whose harmonious revival of the Gothic enriched our churches with a sacramental understanding of reality in the face of secular materialism&hellip;.\\u201d *<\\/p>\\r\\n<p>\\r\\n<\\/p>\\r\\n<p>Ralph Adams Cram was the designer of our beautiful polychromed wood Madonna Shrine, located in the Transept.&nbsp; It was donated by Mr. F. E. Saxham Drury in memory of Elbridge T. Gerry and Mabel Gerry Drury.<\\/p>\"}},\"111\":{\"type\":\"figure\",\"enabled\":\"1\",\"fields\":{\"image\":[\"110\"],\"altArttribute\":\"John LaFarge\\u2019s magnificent window depicting Edwin Booth\",\"caption\":\"\",\"enlarge\":\"\"}},\"108\":{\"type\":\"paragraph\",\"enabled\":\"1\",\"fields\":{\"text\":\"<p>Turn to your right, and there is John LaFarge\\u2019s magnificent window depicting Edwin Booth, the leading Shakespearean actor of his time, holding a mask and dressed in Greco-Roman costume.&nbsp; (Edwin Booth was the brother of the notorious John Wilkes Booth, President Lincoln\\u2019s assassin.) The window was given in his memory in 1898 by members of the Players Club, which he founded.<\\/p>\\r\\n<p>And a few steps away, near the chancel on the northeast side of the nave, stands Richard Upjohn\\u2019s beautiful and intricate brass filigree pulpit.<\\/p>\\r\\n<p>How fortunate we are to have works by all three of these masters under the roof of the \\u201cLittle Church\\u201d.&nbsp; I will give thanks when December 16<sup>th<\\/sup>&nbsp;rolls around.<\\/p>\"}}},\"25\":[\"93\"],\"26\":\"Mary Jane Gocher\",\"27\":\"Corey Schneider\"}}', '2017-08-30 14:16:32', '2017-08-30 14:16:32', '3488079b-5ea1-48b2-9848-2e947c2d9279'),
 ('57', '94', '9', '1', 'en_us', '8', '', '{\"typeId\":\"9\",\"authorId\":\"1\",\"title\":\"Good Things Come in Threes\",\"slug\":\"good-things-come-in-threes\",\"postDate\":1504084080,\"expiryDate\":null,\"enabled\":1,\"parentId\":null,\"fields\":{\"28\":{\"107\":{\"type\":\"paragraph\",\"enabled\":\"1\",\"fields\":{\"text\":\"<p>I was paging my way through <em>Holy Men, Holy Women<\\/em> on a fact-checking mission when I came across the entry for December 16<sup>th<\\/sup>.<\\/p>\\r\\n<p>\\r\\n<\\/p>\\r\\n<p>I was stunned to see that this day had been set apart to honor two architects and an artist whose work was represented here at Transfiguration:&nbsp; Ralph Adams Cram, designer of St. Thomas Church NYC and the nave of the Cathedral of St. John the Divine, Richard Upjohn, the designer of Trinity Church on Wall Street in lower Manhattan, and John Lafarge, painter of murals and designer of many notable stained glass windows.<\\/p>\\r\\n<p>\\r\\n<\\/p>\\r\\n<p><em>Holy Men, Holy Women<\\/em> encourages us to offer thanks for \\u201cthe vision of Ralph Adams Cram, John LaFarge and Richard Upjohn, whose harmonious revival of the Gothic enriched our churches with a sacramental understanding of reality in the face of secular materialism&hellip;\\u201d *<\\/p>\\r\\n<p>\\r\\n<\\/p>\\r\\n<p>Ralph Adams Cram was the designer of our beautiful polychromed wood Madonna Shrine, located in the Transept.&nbsp; It was donated by Mr. F. E. Saxham Drury in memory of Elbridge T. Gerry and Mabel Gerry Drury.<\\/p>\"}},\"111\":{\"type\":\"figure\",\"enabled\":\"1\",\"fields\":{\"image\":[\"110\"],\"altAttribute\":\"John LaFarge\\u2019s magnificent window depicting Edwin Booth\",\"caption\":\"\",\"enlarge\":\"\"}},\"108\":{\"type\":\"paragraph\",\"enabled\":\"1\",\"fields\":{\"text\":\"<p>Turn to your right, and there is John LaFarge\\u2019s magnificent window depicting Edwin Booth, the leading Shakespearean actor of his time, holding a mask and dressed in Greco-Roman costume.&nbsp; (Edwin Booth was the brother of the notorious John Wilkes Booth, President Lincoln\\u2019s assassin.) The window was given in his memory in 1898 by members of the Players Club, which he founded.<\\/p>\\r\\n<p>And a few steps away, near the chancel on the northeast side of the nave, stands Richard Upjohn\\u2019s beautiful and intricate brass filigree pulpit.<\\/p>\\r\\n<p>How fortunate we are to have works by all three of these masters under the roof of the \\u201cLittle Church\\u201d.&nbsp; I will give thanks when December 16<sup>th<\\/sup>&nbsp;rolls around.<\\/p>\"}}},\"25\":[\"93\"],\"26\":\"Mary Jane Gocher\",\"27\":\"Corey Schneider\"}}', '2017-08-30 14:19:09', '2017-08-30 14:19:09', '64f2a309-42a9-41fd-9f5a-0bb1a13fe849'),
 ('58', '94', '9', '1', 'en_us', '9', '', '{\"typeId\":\"9\",\"authorId\":\"1\",\"title\":\"Good Things Come in Threes\",\"slug\":\"good-things-come-in-threes\",\"postDate\":1504084080,\"expiryDate\":null,\"enabled\":1,\"parentId\":null,\"fields\":{\"28\":{\"107\":{\"type\":\"paragraph\",\"enabled\":\"1\",\"fields\":{\"text\":\"<p>I was paging my way through <em>Holy Men, Holy Women<\\/em> on a fact-checking mission when I came across the entry for December 16<sup>th<\\/sup>.<\\/p>\\r\\n<p>\\r\\n<\\/p>\\r\\n<p>I was stunned to see that this day had been set apart to honor two architects and an artist whose work was represented here at Transfiguration:&nbsp; Ralph Adams Cram, designer of St. Thomas Church NYC and the nave of the Cathedral of St. John the Divine, Richard Upjohn, the designer of Trinity Church on Wall Street in lower Manhattan, and John Lafarge, painter of murals and designer of many notable stained glass windows.<\\/p>\\r\\n<p>\\r\\n<\\/p>\\r\\n<p><em>Holy Men, Holy Women<\\/em> encourages us to offer thanks for \\u201cthe vision of Ralph Adams Cram, John LaFarge and Richard Upjohn, whose harmonious revival of the Gothic enriched our churches with a sacramental understanding of reality in the face of secular materialism&hellip;\\u201d *<\\/p>\\r\\n<p>\\r\\n<\\/p>\\r\\n<p>Ralph Adams Cram was the designer of our beautiful polychromed wood Madonna Shrine, located in the Transept.&nbsp; It was donated by Mr. F. E. Saxham Drury in memory of Elbridge T. Gerry and Mabel Gerry Drury.<\\/p>\"}},\"111\":{\"type\":\"figure\",\"enabled\":\"1\",\"fields\":{\"image\":[\"110\"],\"altAttribute\":\"John LaFarge\\u2019s magnificent window depicting Edwin Booth\",\"caption\":\"<p>John LaFarge\\u2019s magnificent window depicting Edwin Booth<\\/p>\",\"enlarge\":\"\"}},\"108\":{\"type\":\"paragraph\",\"enabled\":\"1\",\"fields\":{\"text\":\"<p>Turn to your right, and there is John LaFarge\\u2019s magnificent window depicting Edwin Booth, the leading Shakespearean actor of his time, holding a mask and dressed in Greco-Roman costume.&nbsp; (Edwin Booth was the brother of the notorious John Wilkes Booth, President Lincoln\\u2019s assassin.) The window was given in his memory in 1898 by members of the Players Club, which he founded.<\\/p>\\r\\n<p>And a few steps away, near the chancel on the northeast side of the nave, stands Richard Upjohn\\u2019s beautiful and intricate brass filigree pulpit.<\\/p>\\r\\n<p>How fortunate we are to have works by all three of these masters under the roof of the \\u201cLittle Church\\u201d.&nbsp; I will give thanks when December 16<sup>th<\\/sup>&nbsp;rolls around.<\\/p>\"}}},\"25\":[\"93\"],\"26\":\"Mary Jane Gocher\",\"27\":\"Corey Schneider\"}}', '2017-08-30 14:19:31', '2017-08-30 14:19:31', '9387c66e-9e0a-4d62-80db-558b15d1d8ff'),
 ('59', '94', '9', '1', 'en_us', '10', '', '{\"typeId\":\"9\",\"authorId\":\"1\",\"title\":\"Good Things Come in Threes\",\"slug\":\"good-things-come-in-threes\",\"postDate\":1504084080,\"expiryDate\":null,\"enabled\":1,\"parentId\":null,\"fields\":{\"28\":{\"107\":{\"type\":\"paragraph\",\"enabled\":\"1\",\"fields\":{\"text\":\"<p>I was paging my way through <em>Holy Men, Holy Women<\\/em> on a fact-checking mission when I came across the entry for December 16<sup>th<\\/sup>.<\\/p>\\r\\n<p>\\r\\n<\\/p>\\r\\n<p>I was stunned to see that this day had been set apart to honor two architects and an artist whose work was represented here at Transfiguration:&nbsp; Ralph Adams Cram, designer of St. Thomas Church NYC and the nave of the Cathedral of St. John the Divine, Richard Upjohn, the designer of Trinity Church on Wall Street in lower Manhattan, and John Lafarge, painter of murals and designer of many notable stained glass windows.<\\/p>\\r\\n<p>\\r\\n<\\/p>\\r\\n<p><em>Holy Men, Holy Women<\\/em> encourages us to offer thanks for \\u201cthe vision of Ralph Adams Cram, John LaFarge and Richard Upjohn, whose harmonious revival of the Gothic enriched our churches with a sacramental understanding of reality in the face of secular materialism&hellip;\\u201d *<\\/p>\\r\\n<p>\\r\\n<\\/p>\\r\\n<p>Ralph Adams Cram was the designer of our beautiful polychromed wood Madonna Shrine, located in the Transept.&nbsp; It was donated by Mr. F. E. Saxham Drury in memory of Elbridge T. Gerry and Mabel Gerry Drury.<\\/p>\"}},\"111\":{\"type\":\"figure\",\"enabled\":\"1\",\"fields\":{\"image\":[\"110\"],\"altAttribute\":\"John LaFarge\\u2019s magnificent window depicting Edwin Booth\",\"caption\":\"<p>John LaFarge\\u2019s magnificent window depicting Edwin Booth<\\/p>\",\"enlarge\":\"\"}},\"108\":{\"type\":\"paragraph\",\"enabled\":\"1\",\"fields\":{\"text\":\"<p>Turn to your right, and there is John LaFarge\\u2019s magnificent window depicting Edwin Booth, the leading Shakespearean actor of his time, holding a mask and dressed in Greco-Roman costume.&nbsp; (Edwin Booth was the brother of the notorious John Wilkes Booth, President Lincoln\\u2019s assassin.) The window was given in his memory in 1898 by members of the Players Club, which he founded.<\\/p>\\r\\n<p>And a few steps away, near the chancel on the northeast side of the nave, stands Richard Upjohn\\u2019s beautiful and intricate brass filigree pulpit.<\\/p>\\r\\n<p>How fortunate we are to have works by all three of these masters under the roof of the \\u201cLittle Church\\u201d.&nbsp; I will give thanks when December 16<sup>th<\\/sup>&nbsp;rolls around.<\\/p>\"}}},\"25\":[\"93\"],\"26\":\"Mary Jane Gocher\",\"27\":\"Corey Schneider\"}}', '2017-08-30 14:21:00', '2017-08-30 14:21:00', 'd6c10d27-c184-4d65-8649-049155eb0dcf'),
 ('60', '94', '9', '1', 'en_us', '11', '', '{\"typeId\":\"9\",\"authorId\":\"1\",\"title\":\"Good Things Come in Threes\",\"slug\":\"good-things-come-in-threes\",\"postDate\":1504084080,\"expiryDate\":null,\"enabled\":1,\"parentId\":null,\"fields\":{\"28\":{\"107\":{\"type\":\"paragraph\",\"enabled\":\"1\",\"fields\":{\"text\":\"<p>I was paging my way through <em>Holy Men, Holy Women<\\/em> on a fact-checking mission when I came across the entry for December 16<sup>th<\\/sup>.<\\/p>\\r\\n<p>\\r\\n<\\/p>\\r\\n<p>I was stunned to see that this day had been set apart to honor two architects and an artist whose work was represented here at Transfiguration:&nbsp; Ralph Adams Cram, designer of St. Thomas Church NYC and the nave of the Cathedral of St. John the Divine, Richard Upjohn, the designer of Trinity Church on Wall Street in lower Manhattan, and John Lafarge, painter of murals and designer of many notable stained glass windows.<\\/p>\\r\\n<p>\\r\\n<\\/p>\\r\\n<p><em>Holy Men, Holy Women<\\/em> encourages us to offer thanks for \\u201cthe vision of Ralph Adams Cram, John LaFarge and Richard Upjohn, whose harmonious revival of the Gothic enriched our churches with a sacramental understanding of reality in the face of secular materialism&hellip;\\u201d *<\\/p>\\r\\n<p>\\r\\n<\\/p>\\r\\n<p>Ralph Adams Cram was the designer of our beautiful polychromed wood Madonna Shrine, located in the Transept.&nbsp; It was donated by Mr. F. E. Saxham Drury in memory of Elbridge T. Gerry and Mabel Gerry Drury.<\\/p>\"}},\"111\":{\"type\":\"figure\",\"enabled\":\"1\",\"fields\":{\"image\":[\"110\"],\"altAttribute\":\"John LaFarge\\u2019s magnificent window depicting Edwin Booth\",\"caption\":\"<p>John LaFarge\\u2019s magnificent window depicting Edwin Booth<\\/p>\",\"enlarge\":\"1\"}},\"108\":{\"type\":\"paragraph\",\"enabled\":\"1\",\"fields\":{\"text\":\"<p>Turn to your right, and there is John LaFarge\\u2019s magnificent window depicting Edwin Booth, the leading Shakespearean actor of his time, holding a mask and dressed in Greco-Roman costume.&nbsp; (Edwin Booth was the brother of the notorious John Wilkes Booth, President Lincoln\\u2019s assassin.) The window was given in his memory in 1898 by members of the Players Club, which he founded.<\\/p>\\r\\n<p>And a few steps away, near the chancel on the northeast side of the nave, stands Richard Upjohn\\u2019s beautiful and intricate brass filigree pulpit.<\\/p>\\r\\n<p>How fortunate we are to have works by all three of these masters under the roof of the \\u201cLittle Church\\u201d.&nbsp; I will give thanks when December 16<sup>th<\\/sup>&nbsp;rolls around.<\\/p>\"}}},\"25\":[\"93\"],\"26\":\"Mary Jane Gocher\",\"27\":\"Corey Schneider\"}}', '2017-08-30 14:22:16', '2017-08-30 14:22:16', 'eb05c314-012c-45d3-b1f7-3cf510a6e521'),
 ('61', '115', '9', '1', 'en_us', '1', '', '{\"typeId\":null,\"authorId\":\"1\",\"title\":\"This is another article\",\"slug\":\"this-is-another-article\",\"postDate\":1504106501,\"expiryDate\":null,\"enabled\":1,\"parentId\":null,\"fields\":{\"28\":{\"new1\":{\"type\":\"paragraph\",\"enabled\":\"1\",\"fields\":{\"text\":\"<p>Sem natoque nulla ligula ullamcorper facilisi semper conubia inceptos a risus aptent egestas dictumst vulputate at ultrices fermentum pretium hendrerit ad a. Suspendisse tristique consequat torquent ipsum hac cum a at ac at phasellus id fringilla dis risus auctor himenaeos parturient ac vestibulum dis faucibus litora. Ultrices et facilisi neque suscipit ad torquent convallis cras nisl condimentum a suspendisse felis vestibulum ridiculus suscipit nunc dapibus ac velit a.&nbsp;<\\/p>\\r\\n<p>Eleifend ut vivamus parturient hendrerit est parturient a nec elit a ante nec adipiscing condimentum velit montes metus eu sagittis enim. Turpis a diam ultricies arcu curabitur dignissim eleifend non aliquam interdum ad nulla tincidunt aenean aptent fringilla consectetur primis neque. Id scelerisque laoreet ad scelerisque ligula ut vestibulum praesent cras a habitant consectetur purus parturient. Eu laoreet nam in hac inceptos in hendrerit lobortis sociosqu cum elit aliquam condimentum ad a.&nbsp;<\\/p>\\r\\n<p>Vestibulum mi parturient auctor lectus suscipit curae litora lectus condimentum cubilia dui porttitor blandit ut. Faucibus penatibus a eros etiam pulvinar ultricies in a egestas vestibulum cum massa quisque interdum. Ullamcorper vestibulum parturient et mattis mi parturient sagittis praesent morbi netus condimentum fermentum ullamcorper ligula ante molestie hac phasellus facilisi class mattis blandit urna ridiculus ante magnis sociosqu a. Aliquet turpis ligula eros ad parturient parturient malesuada penatibus aliquet mi adipiscing ad pulvinar cubilia scelerisque laoreet penatibus vivamus a a scelerisque. Parturient ad massa cum nisi senectus massa taciti vestibulum accumsan magna in parturient nibh odio. A mi velit erat ullamcorper rutrum lacus vestibulum donec sit duis maecenas nam hendrerit gravida sed turpis enim scelerisque senectus laoreet quam lectus id adipiscing.&nbsp;<\\/p>\\r\\n<p>Habitasse vestibulum odio scelerisque eu dolor condimentum ornare urna dictumst velit a consectetur nisi parturient quisque scelerisque morbi vitae mus penatibus sociosqu nec eget at vestibulum feugiat interdum nascetur. Suscipit tortor purus semper sodales leo id vestibulum adipiscing montes adipiscing sed curae sodales porta nisi senectus mi conubia euismod senectus. Arcu eleifend suspendisse sociosqu velit laoreet a potenti risus justo suspendisse a vestibulum curabitur vel torquent a vehicula et tincidunt. Aliquet a malesuada parturient et potenti inceptos nec natoque sem scelerisque scelerisque nibh conubia condimentum nascetur phasellus. Torquent placerat a suspendisse sagittis vestibulum mi volutpat ultrices sed nam sagittis sociosqu dolor eget convallis sociis accumsan at.&nbsp;<\\/p>\\r\\n<p>Adipiscing parturient ad condimentum at a ac lacus montes rhoncus arcu vel condimentum magnis venenatis praesent sem scelerisque dis eleifend urna gravida a ullamcorper a nisi ullamcorper sed lacus. Natoque vel nullam curabitur eu sem eu purus suspendisse et accumsan scelerisque adipiscing sit adipiscing suspendisse consectetur lacinia sociis commodo vestibulum natoque egestas. Ut faucibus fringilla habitasse elementum odio euismod adipiscing varius massa in parturient a gravida nostra sit.&nbsp;<\\/p>\\r\\n<p>Facilisi parturient tempus parturient interdum leo dis ullamcorper scelerisque odio vulputate feugiat suspendisse a eu varius hac diam neque phasellus tempor. Aenean maecenas a neque sed a a tortor vestibulum ad eu aptent consectetur nullam tortor. Vestibulum facilisis pharetra imperdiet nullam rutrum sem suspendisse a litora a id eu lacinia elit mus morbi a in in sociosqu ad in id torquent sodales.<\\/p>\"}}},\"25\":\"\",\"26\":\"Carl Avidano\",\"27\":\"\"}}', '2017-08-30 15:21:41', '2017-08-30 15:21:41', '2acfc559-457b-470d-b53f-2aa795196a2c'),
 ('62', '94', '9', '1', 'en_us', '12', '', '{\"typeId\":\"9\",\"authorId\":\"1\",\"title\":\"Good Things Come in Threes\",\"slug\":\"good-things-come-in-threes\",\"postDate\":1504084080,\"expiryDate\":null,\"enabled\":1,\"parentId\":null,\"fields\":{\"28\":{\"107\":{\"type\":\"paragraph\",\"enabled\":\"1\",\"fields\":{\"text\":\"<p>I was paging my way through <em>Holy Men, Holy Women<\\/em> on a fact-checking mission when I came across the entry for December 16<sup>th<\\/sup>.<\\/p>\\r\\n<p>\\r\\n<\\/p>\\r\\n<p>I was stunned to see that this day had been set apart to honor two architects and an artist whose work was represented here at Transfiguration:&nbsp; Ralph Adams Cram, designer of St. Thomas Church NYC and the nave of the Cathedral of St. John the Divine, Richard Upjohn, the designer of Trinity Church on Wall Street in lower Manhattan, and John Lafarge, painter of murals and designer of many notable stained glass windows.<\\/p>\\r\\n<p>\\r\\n<\\/p>\\r\\n<p><em>Holy Men, Holy Women<\\/em> encourages us to offer thanks for \\u201cthe vision of Ralph Adams Cram, John LaFarge and Richard Upjohn, whose harmonious revival of the Gothic enriched our churches with a sacramental understanding of reality in the face of secular materialism&hellip;\\u201d *<\\/p>\\r\\n<p>\\r\\n<\\/p>\\r\\n<p>Ralph Adams Cram was the designer of our beautiful polychromed wood Madonna Shrine, located in the Transept.&nbsp; It was donated by Mr. F. E. Saxham Drury in memory of Elbridge T. Gerry and Mabel Gerry Drury.<\\/p>\"}},\"111\":{\"type\":\"figure\",\"enabled\":\"1\",\"fields\":{\"image\":[\"110\"],\"altAttribute\":\"John LaFarge\\u2019s magnificent window depicting Edwin Booth\",\"caption\":\"<p>John LaFarge\\u2019s magnificent window depicting Edwin Booth<\\/p>\",\"enlarge\":\"1\"}},\"108\":{\"type\":\"paragraph\",\"enabled\":\"1\",\"fields\":{\"text\":\"<p>Turn to your right, and there is John LaFarge\\u2019s magnificent window depicting Edwin Booth, the leading Shakespearean actor of his time, holding a mask and dressed in Greco-Roman costume.&nbsp; (Edwin Booth was the brother of the notorious John Wilkes Booth, President Lincoln\\u2019s assassin.) The window was given in his memory in 1898 by members of the Players Club, which he founded.<\\/p>\\r\\n<p>And a few steps away, near the chancel on the northeast side of the nave, stands Richard Upjohn\\u2019s beautiful and intricate brass filigree pulpit.<\\/p>\\r\\n<p>How fortunate we are to have works by all three of these masters under the roof of the \\u201cLittle Church\\u201d.&nbsp; I will give thanks when December 16<sup>th<\\/sup>&nbsp;rolls around.<\\/p>\"}}},\"25\":[\"93\"],\"26\":\"Mary Jane Gocher\",\"27\":\"Corey Schneider\"}}', '2017-08-30 15:21:52', '2017-08-30 15:21:52', '849cb71d-ed83-4707-8c3f-bda210182ebc'),
 ('63', '115', '9', '1', 'en_us', '2', '', '{\"typeId\":\"9\",\"authorId\":\"1\",\"title\":\"Do All Dogs Go To Heaven?\",\"slug\":\"this-is-another-article\",\"postDate\":1504106460,\"expiryDate\":null,\"enabled\":1,\"parentId\":null,\"fields\":{\"28\":{\"116\":{\"type\":\"paragraph\",\"enabled\":\"1\",\"fields\":{\"text\":\"<p>Sem natoque nulla ligula ullamcorper facilisi semper conubia inceptos a risus aptent egestas dictumst vulputate at ultrices fermentum pretium hendrerit ad a. Suspendisse tristique consequat torquent ipsum hac cum a at ac at phasellus id fringilla dis risus auctor himenaeos parturient ac vestibulum dis faucibus litora. Ultrices et facilisi neque suscipit ad torquent convallis cras nisl condimentum a suspendisse felis vestibulum ridiculus suscipit nunc dapibus ac velit a.&nbsp;<\\/p>\\r\\n<p>Eleifend ut vivamus parturient hendrerit est parturient a nec elit a ante nec adipiscing condimentum velit montes metus eu sagittis enim. Turpis a diam ultricies arcu curabitur dignissim eleifend non aliquam interdum ad nulla tincidunt aenean aptent fringilla consectetur primis neque. Id scelerisque laoreet ad scelerisque ligula ut vestibulum praesent cras a habitant consectetur purus parturient. Eu laoreet nam in hac inceptos in hendrerit lobortis sociosqu cum elit aliquam condimentum ad a.&nbsp;<\\/p>\\r\\n<p>Vestibulum mi parturient auctor lectus suscipit curae litora lectus condimentum cubilia dui porttitor blandit ut. Faucibus penatibus a eros etiam pulvinar ultricies in a egestas vestibulum cum massa quisque interdum. Ullamcorper vestibulum parturient et mattis mi parturient sagittis praesent morbi netus condimentum fermentum ullamcorper ligula ante molestie hac phasellus facilisi class mattis blandit urna ridiculus ante magnis sociosqu a. Aliquet turpis ligula eros ad parturient parturient malesuada penatibus aliquet mi adipiscing ad pulvinar cubilia scelerisque laoreet penatibus vivamus a a scelerisque. Parturient ad massa cum nisi senectus massa taciti vestibulum accumsan magna in parturient nibh odio. A mi velit erat ullamcorper rutrum lacus vestibulum donec sit duis maecenas nam hendrerit gravida sed turpis enim scelerisque senectus laoreet quam lectus id adipiscing.&nbsp;<\\/p>\\r\\n<p>Habitasse vestibulum odio scelerisque eu dolor condimentum ornare urna dictumst velit a consectetur nisi parturient quisque scelerisque morbi vitae mus penatibus sociosqu nec eget at vestibulum feugiat interdum nascetur. Suscipit tortor purus semper sodales leo id vestibulum adipiscing montes adipiscing sed curae sodales porta nisi senectus mi conubia euismod senectus. Arcu eleifend suspendisse sociosqu velit laoreet a potenti risus justo suspendisse a vestibulum curabitur vel torquent a vehicula et tincidunt. Aliquet a malesuada parturient et potenti inceptos nec natoque sem scelerisque scelerisque nibh conubia condimentum nascetur phasellus. Torquent placerat a suspendisse sagittis vestibulum mi volutpat ultrices sed nam sagittis sociosqu dolor eget convallis sociis accumsan at.&nbsp;<\\/p>\\r\\n<p>Adipiscing parturient ad condimentum at a ac lacus montes rhoncus arcu vel condimentum magnis venenatis praesent sem scelerisque dis eleifend urna gravida a ullamcorper a nisi ullamcorper sed lacus. Natoque vel nullam curabitur eu sem eu purus suspendisse et accumsan scelerisque adipiscing sit adipiscing suspendisse consectetur lacinia sociis commodo vestibulum natoque egestas. Ut faucibus fringilla habitasse elementum odio euismod adipiscing varius massa in parturient a gravida nostra sit.&nbsp;<\\/p>\\r\\n<p>Facilisi parturient tempus parturient interdum leo dis ullamcorper scelerisque odio vulputate feugiat suspendisse a eu varius hac diam neque phasellus tempor. Aenean maecenas a neque sed a a tortor vestibulum ad eu aptent consectetur nullam tortor. Vestibulum facilisis pharetra imperdiet nullam rutrum sem suspendisse a litora a id eu lacinia elit mus morbi a in in sociosqu ad in id torquent sodales.<\\/p>\"}}},\"25\":[\"117\"],\"26\":\"Mary Jane Gocher\",\"27\":\"\"}}', '2017-08-30 15:29:34', '2017-08-30 15:29:34', '5af3ef41-c252-40c8-99c0-8374609eb32b'),
 ('64', '115', '9', '1', 'en_us', '3', '', '{\"typeId\":\"9\",\"authorId\":\"1\",\"title\":\"Do All Dogs Go To Heaven?\",\"slug\":\"this-is-another-article\",\"postDate\":1504051200,\"expiryDate\":null,\"enabled\":1,\"parentId\":null,\"fields\":{\"28\":{\"116\":{\"type\":\"paragraph\",\"enabled\":\"1\",\"fields\":{\"text\":\"<p>Sem natoque nulla ligula ullamcorper facilisi semper conubia inceptos a risus aptent egestas dictumst vulputate at ultrices fermentum pretium hendrerit ad a. Suspendisse tristique consequat torquent ipsum hac cum a at ac at phasellus id fringilla dis risus auctor himenaeos parturient ac vestibulum dis faucibus litora. Ultrices et facilisi neque suscipit ad torquent convallis cras nisl condimentum a suspendisse felis vestibulum ridiculus suscipit nunc dapibus ac velit a.&nbsp;<\\/p>\\r\\n<p>Eleifend ut vivamus parturient hendrerit est parturient a nec elit a ante nec adipiscing condimentum velit montes metus eu sagittis enim. Turpis a diam ultricies arcu curabitur dignissim eleifend non aliquam interdum ad nulla tincidunt aenean aptent fringilla consectetur primis neque. Id scelerisque laoreet ad scelerisque ligula ut vestibulum praesent cras a habitant consectetur purus parturient. Eu laoreet nam in hac inceptos in hendrerit lobortis sociosqu cum elit aliquam condimentum ad a.&nbsp;<\\/p>\\r\\n<p>Vestibulum mi parturient auctor lectus suscipit curae litora lectus condimentum cubilia dui porttitor blandit ut. Faucibus penatibus a eros etiam pulvinar ultricies in a egestas vestibulum cum massa quisque interdum. Ullamcorper vestibulum parturient et mattis mi parturient sagittis praesent morbi netus condimentum fermentum ullamcorper ligula ante molestie hac phasellus facilisi class mattis blandit urna ridiculus ante magnis sociosqu a. Aliquet turpis ligula eros ad parturient parturient malesuada penatibus aliquet mi adipiscing ad pulvinar cubilia scelerisque laoreet penatibus vivamus a a scelerisque. Parturient ad massa cum nisi senectus massa taciti vestibulum accumsan magna in parturient nibh odio. A mi velit erat ullamcorper rutrum lacus vestibulum donec sit duis maecenas nam hendrerit gravida sed turpis enim scelerisque senectus laoreet quam lectus id adipiscing.&nbsp;<\\/p>\\r\\n<p>Habitasse vestibulum odio scelerisque eu dolor condimentum ornare urna dictumst velit a consectetur nisi parturient quisque scelerisque morbi vitae mus penatibus sociosqu nec eget at vestibulum feugiat interdum nascetur. Suscipit tortor purus semper sodales leo id vestibulum adipiscing montes adipiscing sed curae sodales porta nisi senectus mi conubia euismod senectus. Arcu eleifend suspendisse sociosqu velit laoreet a potenti risus justo suspendisse a vestibulum curabitur vel torquent a vehicula et tincidunt. Aliquet a malesuada parturient et potenti inceptos nec natoque sem scelerisque scelerisque nibh conubia condimentum nascetur phasellus. Torquent placerat a suspendisse sagittis vestibulum mi volutpat ultrices sed nam sagittis sociosqu dolor eget convallis sociis accumsan at.&nbsp;<\\/p>\\r\\n<p>Adipiscing parturient ad condimentum at a ac lacus montes rhoncus arcu vel condimentum magnis venenatis praesent sem scelerisque dis eleifend urna gravida a ullamcorper a nisi ullamcorper sed lacus. Natoque vel nullam curabitur eu sem eu purus suspendisse et accumsan scelerisque adipiscing sit adipiscing suspendisse consectetur lacinia sociis commodo vestibulum natoque egestas. Ut faucibus fringilla habitasse elementum odio euismod adipiscing varius massa in parturient a gravida nostra sit.&nbsp;<\\/p>\\r\\n<p>Facilisi parturient tempus parturient interdum leo dis ullamcorper scelerisque odio vulputate feugiat suspendisse a eu varius hac diam neque phasellus tempor. Aenean maecenas a neque sed a a tortor vestibulum ad eu aptent consectetur nullam tortor. Vestibulum facilisis pharetra imperdiet nullam rutrum sem suspendisse a litora a id eu lacinia elit mus morbi a in in sociosqu ad in id torquent sodales.<\\/p>\"}}},\"25\":[\"117\"],\"26\":\"Mary Jane Gocher\",\"27\":\"\"}}', '2017-08-30 15:29:57', '2017-08-30 15:29:57', '16f2f95f-8c98-49f5-9316-c0485b6b76ed'),
 ('65', '69', '7', '1', 'en_us', '37', '', '{\"typeId\":\"7\",\"authorId\":\"1\",\"title\":\"Welcome\",\"slug\":\"welcome\",\"postDate\":1503746520,\"expiryDate\":null,\"enabled\":1,\"parentId\":null,\"fields\":{\"3\":\"Welcome to our little church\",\"13\":{\"71\":{\"type\":\"generalSection\",\"enabled\":\"1\",\"fields\":{\"text\":\"<h2>First time here?<\\/h2>\\r\\n<p>I invite you to join us in worship and fellowship at any one of our services, coffee hour, concert series, or a simple contemplative visit to our garden and chapel. I like to think of our parish as a quiet oasis in the heart of this vibrant city. And yet we have so much going on at our Little Church.<\\/p>\"}},\"73\":{\"type\":\"figureFull\",\"enabled\":\"\",\"fields\":{\"image\":[\"72\"],\"altAttribute\":\"\",\"caption\":\"<p>This is a caption<\\/p>\",\"credit\":\"\"}},\"74\":{\"type\":\"generalSection\",\"enabled\":\"\",\"fields\":{\"text\":\"<h2>Sem inceptos sociosqu interdum<\\/h2>\\r\\n<p>Consequat orci a cum suspendisse pretium orci dui dapibus ultricies nisi vulputate erat a dui. Ultricies enim a ut per egestas augue dis ad tellus mus a hac ac a scelerisque ullamcorper eupraesent quisque adipiscing. Erat purus ante habitasse mus interdum scelerisque a hac fermentum cum conguesuspendisse scelerisque auctor condimentum eu ipsum varius cursus a tempus aenean consectetur et a. Cubilia scelerisque ligula fusce a consequat vel fames a arcu mi nisl et at ultrices nunc. Sem inceptos sociosqu interdum adipiscing quis aliquam adipiscing vel taciti enim penatibus et ullamcorper venenatis.<\\/p>\\r\\n<blockquote>The Church of the Transfiguration is a community committed to faith in action. We embrace all who seek God\\u2019s inclusive love<\\/blockquote>\\r\\n<p>Consequat orci a cum suspendisse pretium orci dui dapibus ultricies nisi vulputate erat a dui. Ultricies enim a ut per egestas augue dis ad tellus mus a hac ac a scelerisque ullamcorper eupraesent quisque adipiscing. Erat purus ante habitasse mus interdum scelerisque a hac fermentum cum conguesuspendisse scelerisque auctor condimentum eu ipsum varius cursus a tempus aenean consectetur et a. Cubilia scelerisque ligula fusce a consequat vel fames a arcu mi nisl et at ultrices nunc. Sem inceptos sociosqu interdum adipiscing quis aliquam adipiscing vel taciti enim penatibus et ullamcorper venenatis.<\\/p>\"}},\"75\":{\"type\":\"generalSection\",\"enabled\":\"\",\"fields\":{\"text\":\"<h3>Sem inceptos sociosqu interdum<\\/h3>\\r\\n<p>Consequat orci a cum suspendisse pretium orci dui dapibus ultricies nisi vulputate erat a dui. Ultricies enim a ut per egestas augue dis ad tellus mus a hac ac a scelerisque ullamcorper eupraesent quisque adipiscing. Erat purus ante habitasse mus interdum scelerisque a hac fermentum cum conguesuspendisse scelerisque auctor condimentum eu ipsum varius cursus a tempus aenean consectetur.<\\/p>\"}},\"77\":{\"type\":\"bioGroup\",\"enabled\":\"\",\"fields\":{\"bioType\":\"Leadership\",\"individual\":[\"78\",\"76\"]}}},\"11\":[\"68\"],\"12\":\"<p>Welcome to the Church of the Transfiguration located in Manhattan\'s NoMad district. We are an Episcopal Church and part of the larger, worldwide Anglican Communion, with a&nbsp;<a href=\\\"#\\\">rich musical and liturgical tradition<\\/a>. We host a diverse community embracing all people, across a vast spectrum of cultural, ethnic, racial, gender, sexual orientation, and economic backgrounds, as full members in the body of Christ.<\\/p>\",\"27\":\"Meghan Joseph\"}}', '2017-08-30 18:44:04', '2017-08-30 18:44:04', '3d1a887e-cd4e-4f9c-9831-a5be1c8229e2'),
 ('66', '87', '7', '1', 'en_us', '5', '', '{\"typeId\":\"7\",\"authorId\":\"1\",\"title\":\"Who We Are\",\"slug\":\"who-we-are\",\"postDate\":1503949200,\"expiryDate\":null,\"enabled\":1,\"parentId\":null,\"fields\":{\"3\":\"Who We Are\",\"13\":{\"88\":{\"type\":\"bioGroup\",\"enabled\":\"1\",\"fields\":{\"bioType\":\"Leadership\",\"individual\":[\"76\",\"78\"]}}},\"11\":[\"86\"],\"12\":\"<p>Consequat orci a cum suspendisse pretium orci dui dapibus ultricies nisi vulputate erat a dui. Ultricies enim a ut per egestas augue dis ad tellus mus a hac ac a scelerisque ullamcorper eupraesent quisque adipiscing. Erat purus ante habitasse mus interdum scelerisque a hac fermentum cum conguesuspendisse scelerisque auctor condimentum eu ipsum varius cursus a tempus aenean consectetur et a. Cubilia scelerisque ligula fusce a consequat vel fames a arcu mi nisl et at ultrices nunc. Sem inceptos sociosqu interdum adipiscing quis aliquam adipiscing vel taciti enim penatibus et ullamcorper venenatis.<\\/p>\",\"27\":\"\"}}', '2017-08-30 18:47:51', '2017-08-30 18:47:51', '111fab3a-0da3-4101-8d77-4db6a10cdd47'),
 ('67', '87', '7', '1', 'en_us', '6', '', '{\"typeId\":\"7\",\"authorId\":\"1\",\"title\":\"Who We Are\",\"slug\":\"who-we-are\",\"postDate\":1503949200,\"expiryDate\":null,\"enabled\":1,\"parentId\":null,\"fields\":{\"3\":\"Who We Are\",\"13\":{\"88\":{\"type\":\"bioGroup\",\"enabled\":\"1\",\"fields\":{\"bioType\":\"Leadership\",\"individual\":[\"78\",\"76\"]}}},\"11\":[\"86\"],\"12\":\"<p>Consequat orci a cum suspendisse pretium orci dui dapibus ultricies nisi vulputate erat a dui. Ultricies enim a ut per egestas augue dis ad tellus mus a hac ac a scelerisque ullamcorper eupraesent quisque adipiscing. Erat purus ante habitasse mus interdum scelerisque a hac fermentum cum conguesuspendisse scelerisque auctor condimentum eu ipsum varius cursus a tempus aenean consectetur et a. Cubilia scelerisque ligula fusce a consequat vel fames a arcu mi nisl et at ultrices nunc. Sem inceptos sociosqu interdum adipiscing quis aliquam adipiscing vel taciti enim penatibus et ullamcorper venenatis.<\\/p>\",\"27\":\"\"}}', '2017-08-30 18:48:32', '2017-08-30 18:48:32', '56debfb8-1653-4cdd-a63f-f80346b8226b'),
 ('68', '94', '9', '1', 'en_us', '13', '', '{\"typeId\":\"9\",\"authorId\":\"1\",\"title\":\"Good Things Come in Threes\",\"slug\":\"good-things-come-in-threes\",\"postDate\":1504084080,\"expiryDate\":null,\"enabled\":1,\"parentId\":null,\"fields\":{\"28\":{\"107\":{\"type\":\"paragraph\",\"enabled\":\"1\",\"fields\":{\"text\":\"<p>I was paging my way through <em>Holy Men, Holy Women<\\/em> on a fact-checking mission when I came across the entry for December 16<sup>th<\\/sup>.<\\/p>\\r\\n<p>\\r\\n<\\/p>\\r\\n<p>I was stunned to see that this day had been set apart to honor two architects and an artist whose work was represented here at Transfiguration:&nbsp; Ralph Adams Cram, designer of St. Thomas Church NYC and the nave of the Cathedral of St. John the Divine, Richard Upjohn, the designer of Trinity Church on Wall Street in lower Manhattan, and John Lafarge, painter of murals and designer of many notable stained glass windows.<\\/p>\\r\\n<p>\\r\\n<\\/p>\\r\\n<p><em>Holy Men, Holy Women<\\/em> encourages us to offer thanks for \\u201cthe vision of Ralph Adams Cram, John LaFarge and Richard Upjohn, whose harmonious revival of the Gothic enriched our churches with a sacramental understanding of reality in the face of secular materialism&hellip;\\u201d *<\\/p>\\r\\n<p>\\r\\n<\\/p>\\r\\n<p>Ralph Adams Cram was the designer of our beautiful polychromed wood Madonna Shrine, located in the Transept.&nbsp; It was donated by Mr. F. E. Saxham Drury in memory of Elbridge T. Gerry and Mabel Gerry Drury.<\\/p>\"}},\"111\":{\"type\":\"figure\",\"enabled\":\"1\",\"fields\":{\"image\":[\"110\"],\"altAttribute\":\"John LaFarge\\u2019s magnificent window depicting Edwin Booth\",\"caption\":\"<p>John LaFarge\\u2019s magnificent window depicting Edwin Booth<\\/p>\",\"enlarge\":\"1\",\"orientation\":\"verticle\"}},\"108\":{\"type\":\"paragraph\",\"enabled\":\"1\",\"fields\":{\"text\":\"<p>Turn to your right, and there is John LaFarge\\u2019s magnificent window depicting Edwin Booth, the leading Shakespearean actor of his time, holding a mask and dressed in Greco-Roman costume.&nbsp; (Edwin Booth was the brother of the notorious John Wilkes Booth, President Lincoln\\u2019s assassin.) The window was given in his memory in 1898 by members of the Players Club, which he founded.<\\/p>\\r\\n<p>And a few steps away, near the chancel on the northeast side of the nave, stands Richard Upjohn\\u2019s beautiful and intricate brass filigree pulpit.<\\/p>\\r\\n<p>How fortunate we are to have works by all three of these masters under the roof of the \\u201cLittle Church\\u201d.&nbsp; I will give thanks when December 16<sup>th<\\/sup>&nbsp;rolls around.<\\/p>\"}}},\"25\":[\"93\"],\"26\":\"Mary Jane Gocher\",\"27\":\"Corey Schneider\"}}', '2017-08-30 22:51:43', '2017-08-30 22:51:43', '81f40d53-0695-4fcb-8d65-3a9aaf458421'),
 ('69', '94', '9', '1', 'en_us', '14', '', '{\"typeId\":\"9\",\"authorId\":\"1\",\"title\":\"Good Things Come in Threes\",\"slug\":\"good-things-come-in-threes\",\"postDate\":1504084080,\"expiryDate\":null,\"enabled\":1,\"parentId\":null,\"fields\":{\"28\":{\"107\":{\"type\":\"paragraph\",\"enabled\":\"1\",\"fields\":{\"text\":\"<p>I was paging my way through <em>Holy Men, Holy Women<\\/em> on a fact-checking mission when I came across the entry for December 16<sup>th<\\/sup>.<\\/p>\\r\\n<p>\\r\\n<\\/p>\\r\\n<p>I was stunned to see that this day had been set apart to honor two architects and an artist whose work was represented here at Transfiguration:&nbsp; Ralph Adams Cram, designer of St. Thomas Church NYC and the nave of the Cathedral of St. John the Divine, Richard Upjohn, the designer of Trinity Church on Wall Street in lower Manhattan, and John Lafarge, painter of murals and designer of many notable stained glass windows.<\\/p>\\r\\n<p>\\r\\n<\\/p>\\r\\n<p><em>Holy Men, Holy Women<\\/em> encourages us to offer thanks for \\u201cthe vision of Ralph Adams Cram, John LaFarge and Richard Upjohn, whose harmonious revival of the Gothic enriched our churches with a sacramental understanding of reality in the face of secular materialism&hellip;\\u201d *<\\/p>\\r\\n<p>\\r\\n<\\/p>\\r\\n<p>Ralph Adams Cram was the designer of our beautiful polychromed wood Madonna Shrine, located in the Transept.&nbsp; It was donated by Mr. F. E. Saxham Drury in memory of Elbridge T. Gerry and Mabel Gerry Drury.<\\/p>\"}},\"111\":{\"type\":\"figure\",\"enabled\":\"1\",\"fields\":{\"image\":[\"110\"],\"altAttribute\":\"John LaFarge\\u2019s magnificent window depicting Edwin Booth\",\"caption\":\"<p>John LaFarge\\u2019s magnificent window depicting Edwin Booth<\\/p>\",\"enlarge\":\"1\",\"orientation\":\"vertical\"}},\"108\":{\"type\":\"paragraph\",\"enabled\":\"1\",\"fields\":{\"text\":\"<p>Turn to your right, and there is John LaFarge\\u2019s magnificent window depicting Edwin Booth, the leading Shakespearean actor of his time, holding a mask and dressed in Greco-Roman costume.&nbsp; (Edwin Booth was the brother of the notorious John Wilkes Booth, President Lincoln\\u2019s assassin.) The window was given in his memory in 1898 by members of the Players Club, which he founded.<\\/p>\\r\\n<p>And a few steps away, near the chancel on the northeast side of the nave, stands Richard Upjohn\\u2019s beautiful and intricate brass filigree pulpit.<\\/p>\\r\\n<p>How fortunate we are to have works by all three of these masters under the roof of the \\u201cLittle Church\\u201d.&nbsp; I will give thanks when December 16<sup>th<\\/sup>&nbsp;rolls around.<\\/p>\"}}},\"25\":[\"93\"],\"26\":\"Mary Jane Gocher\",\"27\":\"Corey Schneider\"}}', '2017-08-30 22:52:59', '2017-08-30 22:52:59', '52ccb51d-40db-4084-9612-41731dc4e1ad'),
 ('70', '94', '9', '1', 'en_us', '15', '', '{\"typeId\":\"9\",\"authorId\":\"1\",\"title\":\"Good Things Come in Threes\",\"slug\":\"good-things-come-in-threes\",\"postDate\":1504084080,\"expiryDate\":null,\"enabled\":1,\"parentId\":null,\"fields\":{\"28\":{\"107\":{\"type\":\"paragraph\",\"enabled\":\"1\",\"fields\":{\"text\":\"<p>I was paging my way through <em>Holy Men, Holy Women<\\/em> on a fact-checking mission when I came across the entry for December 16<sup>th<\\/sup>.<\\/p>\\r\\n<p>\\r\\n<\\/p>\\r\\n<p>I was stunned to see that this day had been set apart to honor two architects and an artist whose work was represented here at Transfiguration:&nbsp; Ralph Adams Cram, designer of St. Thomas Church NYC and the nave of the Cathedral of St. John the Divine, Richard Upjohn, the designer of Trinity Church on Wall Street in lower Manhattan, and John Lafarge, painter of murals and designer of many notable stained glass windows.<\\/p>\\r\\n<p>\\r\\n<\\/p>\\r\\n<p><em>Holy Men, Holy Women<\\/em> encourages us to offer thanks for \\u201cthe vision of Ralph Adams Cram, John LaFarge and Richard Upjohn, whose harmonious revival of the Gothic enriched our churches with a sacramental understanding of reality in the face of secular materialism&hellip;\\u201d *<\\/p>\\r\\n<p>\\r\\n<\\/p>\\r\\n<p>Ralph Adams Cram was the designer of our beautiful polychromed wood Madonna Shrine, located in the Transept.&nbsp; It was donated by Mr. F. E. Saxham Drury in memory of Elbridge T. Gerry and Mabel Gerry Drury.<\\/p>\"}},\"111\":{\"type\":\"figure\",\"enabled\":\"1\",\"fields\":{\"image\":[\"110\"],\"altAttribute\":\"John LaFarge\\u2019s magnificent window depicting Edwin Booth\",\"caption\":\"<p>John LaFarge\\u2019s magnificent window depicting Edwin Booth<\\/p>\",\"enlarge\":\"1\",\"orientation\":\"vertical\"}},\"108\":{\"type\":\"paragraph\",\"enabled\":\"1\",\"fields\":{\"text\":\"<p>Turn to your right, and there is John LaFarge\\u2019s magnificent window depicting Edwin Booth, the leading Shakespearean actor of his time, holding a mask and dressed in Greco-Roman costume.&nbsp; (Edwin Booth was the brother of the notorious John Wilkes Booth, President Lincoln\\u2019s assassin.) The window was given in his memory in 1898 by members of the Players Club, which he founded.<\\/p>\"}},\"new2\":{\"type\":\"figure\",\"enabled\":\"1\",\"fields\":{\"image\":[\"120\"],\"altAttribute\":\"Richard Upjohn\\u2019s beautiful and intricate brass filigree pulpit\",\"caption\":\"<p>Richard Upjohn\\u2019s beautiful and intricate brass filigree pulpit<\\/p>\",\"enlarge\":\"1\",\"orientation\":\"horizontal\"}},\"new1\":{\"type\":\"paragraph\",\"enabled\":\"1\",\"fields\":{\"text\":\"<p>And a few steps away, near the chancel on the northeast side of the nave, stands Richard Upjohn\\u2019s beautiful and intricate brass filigree pulpit.<\\/p>\\r\\n<p>How fortunate we are to have works by all three of these masters under the roof of the \\u201cLittle Church\\u201d.&nbsp; I will give thanks when December 16<sup>th<\\/sup>&nbsp;rolls around.<\\/p>\"}}},\"25\":[\"93\"],\"26\":\"Mary Jane Gocher\",\"27\":\"Corey Schneider\"}}', '2017-08-30 23:13:51', '2017-08-30 23:13:51', 'fafa6811-09c2-48be-ad8f-9f43d18f8df7'),
 ('71', '94', '9', '1', 'en_us', '16', '', '{\"typeId\":\"9\",\"authorId\":\"1\",\"title\":\"Good Things Come in Threes\",\"slug\":\"good-things-come-in-threes\",\"postDate\":1504084080,\"expiryDate\":null,\"enabled\":1,\"parentId\":null,\"fields\":{\"28\":{\"107\":{\"type\":\"paragraph\",\"enabled\":\"1\",\"fields\":{\"text\":\"<p>I was paging my way through <em>Holy Men, Holy Women<\\/em> on a fact-checking mission when I came across the entry for December 16<sup>th<\\/sup>.<\\/p>\\r\\n<p>\\r\\n<\\/p>\\r\\n<p>I was stunned to see that this day had been set apart to honor two architects and an artist whose work was represented here at Transfiguration:&nbsp; Ralph Adams Cram, designer of St. Thomas Church NYC and the nave of the Cathedral of St. John the Divine, Richard Upjohn, the designer of Trinity Church on Wall Street in lower Manhattan, and John Lafarge, painter of murals and designer of many notable stained glass windows.<\\/p>\\r\\n<p>\\r\\n<\\/p>\\r\\n<p><em>Holy Men, Holy Women<\\/em> encourages us to offer thanks for \\u201cthe vision of Ralph Adams Cram, John LaFarge and Richard Upjohn, whose harmonious revival of the Gothic enriched our churches with a sacramental understanding of reality in the face of secular materialism&hellip;\\u201d *<\\/p>\\r\\n<p>\\r\\n<\\/p>\\r\\n<p>Ralph Adams Cram was the designer of our beautiful polychromed wood Madonna Shrine, located in the Transept.&nbsp; It was donated by Mr. F. E. Saxham Drury in memory of Elbridge T. Gerry and Mabel Gerry Drury.<\\/p>\"}},\"111\":{\"type\":\"figure\",\"enabled\":\"1\",\"fields\":{\"image\":[\"110\"],\"altAttribute\":\"John LaFarge\\u2019s magnificent window depicting Edwin Booth\",\"caption\":\"<p>John LaFarge\\u2019s magnificent window depicting Edwin Booth<\\/p>\",\"enlarge\":\"1\",\"orientation\":\"vertical\"}},\"108\":{\"type\":\"paragraph\",\"enabled\":\"1\",\"fields\":{\"text\":\"<p>Turn to your right, and there is John LaFarge\\u2019s magnificent window depicting Edwin Booth, the leading Shakespearean actor of his time, holding a mask and dressed in Greco-Roman costume.&nbsp; (Edwin Booth was the brother of the notorious John Wilkes Booth, President Lincoln\\u2019s assassin.) The window was given in his memory in 1898 by members of the Players Club, which he founded.<\\/p>\"}},\"122\":{\"type\":\"figure\",\"enabled\":\"1\",\"fields\":{\"image\":[\"125\"],\"altAttribute\":\"Richard Upjohn\\u2019s beautiful and intricate brass filigree pulpit\",\"caption\":\"<p>Richard Upjohn\\u2019s beautiful and intricate brass filigree pulpit<\\/p>\",\"enlarge\":\"1\",\"orientation\":\"horizontal\"}},\"123\":{\"type\":\"paragraph\",\"enabled\":\"1\",\"fields\":{\"text\":\"<p>And a few steps away, near the chancel on the northeast side of the nave, stands Richard Upjohn\\u2019s beautiful and intricate brass filigree pulpit.<\\/p>\\r\\n<p>How fortunate we are to have works by all three of these masters under the roof of the \\u201cLittle Church\\u201d.&nbsp; I will give thanks when December 16<sup>th<\\/sup>&nbsp;rolls around.<\\/p>\"}}},\"25\":[\"93\"],\"26\":\"Mary Jane Gocher\",\"27\":\"Corey Schneider\"}}', '2017-08-30 23:15:04', '2017-08-30 23:15:04', '6923ec16-86d3-43c2-b888-aa0a5b2c9198'),
 ('72', '94', '9', '1', 'en_us', '17', '', '{\"typeId\":\"9\",\"authorId\":\"1\",\"title\":\"Good Things Come in Threes\",\"slug\":\"good-things-come-in-threes\",\"postDate\":1504084080,\"expiryDate\":null,\"enabled\":1,\"parentId\":null,\"fields\":{\"28\":{\"107\":{\"type\":\"paragraph\",\"enabled\":\"1\",\"fields\":{\"text\":\"<p>I was paging my way through <em>Holy Men, Holy Women<\\/em> on a fact-checking mission when I came across the entry for December 16<sup>th<\\/sup>.<\\/p>\\r\\n<p>\\r\\n<\\/p>\\r\\n<p>I was stunned to see that this day had been set apart to honor two architects and an artist whose work was represented here at Transfiguration:&nbsp; Ralph Adams Cram, designer of St. Thomas Church NYC and the nave of the Cathedral of St. John the Divine, Richard Upjohn, the designer of Trinity Church on Wall Street in lower Manhattan, and John Lafarge, painter of murals and designer of many notable stained glass windows.<\\/p>\\r\\n<p>\\r\\n<\\/p>\\r\\n<p><em>Holy Men, Holy Women<\\/em> encourages us to offer thanks for \\u201cthe vision of Ralph Adams Cram, John LaFarge and Richard Upjohn, whose harmonious revival of the Gothic enriched our churches with a sacramental understanding of reality in the face of secular materialism&hellip;\\u201d *<\\/p>\\r\\n<p>\\r\\n<\\/p>\\r\\n<p>Ralph Adams Cram was the designer of our beautiful polychromed wood Madonna Shrine, located in the Transept.&nbsp; It was donated by Mr. F. E. Saxham Drury in memory of Elbridge T. Gerry and Mabel Gerry Drury.<\\/p>\"}},\"111\":{\"type\":\"figure\",\"enabled\":\"1\",\"fields\":{\"image\":[\"110\"],\"altAttribute\":\"John LaFarge\\u2019s magnificent window depicting Edwin Booth\",\"caption\":\"<p>John LaFarge\\u2019s magnificent window depicting Edwin Booth<\\/p>\",\"enlarge\":\"1\",\"orientation\":\"vertical\"}},\"108\":{\"type\":\"paragraph\",\"enabled\":\"1\",\"fields\":{\"text\":\"<p>Turn to your right, and there is John LaFarge\\u2019s magnificent window depicting Edwin Booth, the leading Shakespearean actor of his time, holding a mask and dressed in Greco-Roman costume.&nbsp; (Edwin Booth was the brother of the notorious John Wilkes Booth, President Lincoln\\u2019s assassin.) The window was given in his memory in 1898 by members of the Players Club, which he founded.<\\/p>\"}},\"122\":{\"type\":\"figure\",\"enabled\":\"1\",\"fields\":{\"image\":[\"125\"],\"altAttribute\":\"Richard Upjohn\\u2019s beautiful and intricate brass filigree pulpit\",\"caption\":\"<p>Richard Upjohn\\u2019s beautiful and intricate brass filigree pulpit<\\/p>\",\"enlarge\":\"1\",\"orientation\":\"horizontal\"}},\"123\":{\"type\":\"paragraph\",\"enabled\":\"1\",\"fields\":{\"text\":\"<p>And a few steps away, near the chancel on the northeast side of the nave, stands Richard Upjohn\\u2019s beautiful and intricate brass filigree pulpit.<\\/p>\\r\\n<p>How fortunate we are to have works by all three of these masters under the roof of the \\u201cLittle Church\\u201d.&nbsp; I will give thanks when December 16<sup>th<\\/sup>&nbsp;rolls around.<\\/p>\"}}},\"25\":[\"93\"],\"26\":\"Mary Jane Gocher\",\"27\":\"Corey Schneider\"}}', '2017-08-30 23:16:16', '2017-08-30 23:16:16', '2f2501aa-d0e3-4ae1-bc09-cea0d6f0a090'),
 ('73', '94', '9', '1', 'en_us', '18', '', '{\"typeId\":\"9\",\"authorId\":\"1\",\"title\":\"Good Things Come in Threes\",\"slug\":\"good-things-come-in-threes\",\"postDate\":1504084080,\"expiryDate\":null,\"enabled\":1,\"parentId\":null,\"fields\":{\"28\":{\"107\":{\"type\":\"paragraph\",\"enabled\":\"1\",\"fields\":{\"text\":\"<p>I was paging my way through <em>Holy Men, Holy Women<\\/em> on a fact-checking mission when I came across the entry for December 16<sup>th<\\/sup>.<\\/p>\\r\\n<p>\\r\\n<\\/p>\\r\\n<p>I was stunned to see that this day had been set apart to honor two architects and an artist whose work was represented here at Transfiguration:&nbsp; Ralph Adams Cram, designer of St. Thomas Church NYC and the nave of the Cathedral of St. John the Divine, Richard Upjohn, the designer of Trinity Church on Wall Street in lower Manhattan, and John Lafarge, painter of murals and designer of many notable stained glass windows.<\\/p>\\r\\n<p>\\r\\n<\\/p>\\r\\n<p><em>Holy Men, Holy Women<\\/em> encourages us to offer thanks for \\u201cthe vision of Ralph Adams Cram, John LaFarge and Richard Upjohn, whose harmonious revival of the Gothic enriched our churches with a sacramental understanding of reality in the face of secular materialism&hellip;\\u201d *<\\/p>\\r\\n<p>\\r\\n<\\/p>\\r\\n<p>Ralph Adams Cram was the designer of our beautiful polychromed wood Madonna Shrine, located in the Transept.&nbsp; It was donated by Mr. F. E. Saxham Drury in memory of Elbridge T. Gerry and Mabel Gerry Drury.<\\/p>\"}},\"111\":{\"type\":\"figure\",\"enabled\":\"1\",\"fields\":{\"image\":[\"110\"],\"altAttribute\":\"John LaFarge\\u2019s magnificent window depicting Edwin Booth\",\"caption\":\"<p>John LaFarge\\u2019s magnificent window depicting Edwin Booth<\\/p>\",\"enlarge\":\"1\",\"orientation\":\"vertical\"}},\"108\":{\"type\":\"paragraph\",\"enabled\":\"1\",\"fields\":{\"text\":\"<p>Turn to your right, and there is John LaFarge\\u2019s magnificent window depicting Edwin Booth, the leading Shakespearean actor of his time, holding a mask and dressed in Greco-Roman costume.&nbsp; (Edwin Booth was the brother of the notorious John Wilkes Booth, President Lincoln\\u2019s assassin.) The window was given in his memory in 1898 by members of the Players Club, which he founded.<\\/p>\"}},\"123\":{\"type\":\"paragraph\",\"enabled\":\"1\",\"fields\":{\"text\":\"<p>And a few steps away, near the chancel on the northeast side of the nave, stands Richard Upjohn\\u2019s beautiful and intricate brass filigree pulpit.<\\/p>\"}},\"122\":{\"type\":\"figure\",\"enabled\":\"1\",\"fields\":{\"image\":[\"125\"],\"altAttribute\":\"Richard Upjohn\\u2019s beautiful and intricate brass filigree pulpit\",\"caption\":\"<p>Richard Upjohn\\u2019s beautiful and intricate brass filigree pulpit<\\/p>\",\"enlarge\":\"1\",\"orientation\":\"horizontal\"}},\"new1\":{\"type\":\"paragraph\",\"enabled\":\"1\",\"fields\":{\"text\":\"<p>How fortunate we are to have works by all three of these masters under the roof of the \\u201cLittle Church\\u201d.&nbsp; I will give thanks when December 16<sup>th<\\/sup>&nbsp;rolls around.<\\/p>\"}}},\"25\":[\"93\"],\"26\":\"Mary Jane Gocher\",\"27\":\"Corey Schneider\"}}', '2017-08-30 23:20:46', '2017-08-30 23:20:46', 'ae1ac918-215b-4741-a341-d7bc5b7cacb7'),
 ('74', '94', '9', '1', 'en_us', '19', '', '{\"typeId\":\"9\",\"authorId\":\"1\",\"title\":\"Good Things Come in Threes\",\"slug\":\"good-things-come-in-threes\",\"postDate\":1504084080,\"expiryDate\":null,\"enabled\":1,\"parentId\":null,\"fields\":{\"28\":{\"107\":{\"type\":\"paragraph\",\"enabled\":\"1\",\"fields\":{\"text\":\"<p>I was paging my way through <em>Holy Men, Holy Women<\\/em> on a fact-checking mission when I came across the entry for December 16<sup>th<\\/sup>.<\\/p>\\r\\n<p>\\r\\n<\\/p>\\r\\n<p>I was stunned to see that this day had been set apart to honor two architects and an artist whose work was represented here at Transfiguration:&nbsp; Ralph Adams Cram, designer of St. Thomas Church NYC and the nave of the Cathedral of St. John the Divine, Richard Upjohn, the designer of Trinity Church on Wall Street in lower Manhattan, and John Lafarge, painter of murals and designer of many notable stained glass windows.<\\/p>\\r\\n<p>\\r\\n<\\/p>\\r\\n<p><em>Holy Men, Holy Women<\\/em> encourages us to offer thanks for \\u201cthe vision of Ralph Adams Cram, John LaFarge and Richard Upjohn, whose harmonious revival of the Gothic enriched our churches with a sacramental understanding of reality in the face of secular materialism&hellip;\\u201d *<\\/p>\\r\\n<p>\\r\\n<\\/p>\\r\\n<p>Ralph Adams Cram was the designer of our beautiful polychromed wood Madonna Shrine, located in the Transept.&nbsp; It was donated by Mr. F. E. Saxham Drury in memory of Elbridge T. Gerry and Mabel Gerry Drury.<\\/p>\"}},\"111\":{\"type\":\"figure\",\"enabled\":\"1\",\"fields\":{\"image\":[\"110\"],\"altAttribute\":\"John LaFarge\\u2019s magnificent window depicting Edwin Booth\",\"caption\":\"<p>John LaFarge\\u2019s magnificent window depicting Edwin Booth<\\/p>\",\"enlarge\":\"1\",\"orientation\":\"vertical\"}},\"108\":{\"type\":\"paragraph\",\"enabled\":\"1\",\"fields\":{\"text\":\"<p>Turn to your right, and there is John LaFarge\\u2019s magnificent window depicting Edwin Booth, the leading Shakespearean actor of his time, holding a mask and dressed in Greco-Roman costume.&nbsp; (Edwin Booth was the brother of the notorious John Wilkes Booth, President Lincoln\\u2019s assassin.) The window was given in his memory in 1898 by members of the Players Club, which he founded.<\\/p>\"}},\"123\":{\"type\":\"paragraph\",\"enabled\":\"1\",\"fields\":{\"text\":\"<p>Ralph Adams Cram was the designer of our beautiful polychromed wood Madonna Shrine, located in the Transept.&nbsp; It was donated by Mr. F. E. Saxham Drury in memory of Elbridge T. Gerry and Mabel Gerry Drury.<\\/p><p>And a few steps away, near the chancel on the northeast side of the nave, stands Richard Upjohn\\u2019s beautiful and intricate brass filigree pulpit.<\\/p>\"}},\"122\":{\"type\":\"figure\",\"enabled\":\"1\",\"fields\":{\"image\":[\"125\"],\"altAttribute\":\"Richard Upjohn\\u2019s beautiful and intricate brass filigree pulpit\",\"caption\":\"<p>Richard Upjohn\\u2019s beautiful and intricate brass filigree pulpit<\\/p>\",\"enlarge\":\"1\",\"orientation\":\"horizontal\"}},\"126\":{\"type\":\"paragraph\",\"enabled\":\"1\",\"fields\":{\"text\":\"<p>How fortunate we are to have works by all three of these masters under the roof of the \\u201cLittle Church\\u201d.&nbsp; I will give thanks when December 16<sup>th<\\/sup>&nbsp;rolls around.<\\/p>\"}}},\"25\":[\"93\"],\"26\":\"Mary Jane Gocher\",\"27\":\"Corey Schneider\"}}', '2017-08-30 23:24:26', '2017-08-30 23:24:26', '7a3046c1-5589-49ac-8fb6-cb351bdf9eaf'),
 ('75', '94', '9', '1', 'en_us', '20', '', '{\"typeId\":\"9\",\"authorId\":\"1\",\"title\":\"Good Things Come in Threes\",\"slug\":\"good-things-come-in-threes\",\"postDate\":1504084080,\"expiryDate\":null,\"enabled\":1,\"parentId\":null,\"fields\":{\"28\":{\"107\":{\"type\":\"paragraph\",\"enabled\":\"1\",\"fields\":{\"text\":\"<p>I was paging my way through <em>Holy Men, Holy Women<\\/em> on a fact-checking mission when I came across the entry for December 16<sup>th<\\/sup>.<\\/p>\\r\\n<p>\\r\\n<\\/p>\\r\\n<p>I was stunned to see that this day had been set apart to honor two architects and an artist whose work was represented here at Transfiguration:&nbsp; Ralph Adams Cram, designer of St. Thomas Church NYC and the nave of the Cathedral of St. John the Divine, Richard Upjohn, the designer of Trinity Church on Wall Street in lower Manhattan, and John Lafarge, painter of murals and designer of many notable stained glass windows.<\\/p>\\r\\n<p>\\r\\n<\\/p>\\r\\n<p><em>Holy Men, Holy Women<\\/em> encourages us to offer thanks for \\u201cthe vision of Ralph Adams Cram, John LaFarge and Richard Upjohn, whose harmonious revival of the Gothic enriched our churches with a sacramental understanding of reality in the face of secular materialism&hellip;\\u201d *<\\/p>\\r\\n<p>\\r\\n<\\/p>\\r\\n<p>Ralph Adams Cram was the designer of our beautiful polychromed wood Madonna Shrine, located in the Transept.&nbsp; It was donated by Mr. F. E. Saxham Drury in memory of Elbridge T. Gerry and Mabel Gerry Drury.<\\/p>\"}},\"111\":{\"type\":\"figure\",\"enabled\":\"1\",\"fields\":{\"image\":[\"110\"],\"altAttribute\":\"John LaFarge\\u2019s magnificent window depicting Edwin Booth\",\"caption\":\"<p>John LaFarge\\u2019s magnificent window depicting Edwin Booth<\\/p>\",\"enlarge\":\"1\",\"orientation\":\"vertical\"}},\"108\":{\"type\":\"paragraph\",\"enabled\":\"1\",\"fields\":{\"text\":\"<p>Turn to your right, and there is John LaFarge\\u2019s magnificent window depicting Edwin Booth, the leading Shakespearean actor of his time, holding a mask and dressed in Greco-Roman costume.&nbsp; (Edwin Booth was the brother of the notorious John Wilkes Booth, President Lincoln\\u2019s assassin.) The window was given in his memory in 1898 by members of the Players Club, which he founded.<\\/p>\"}},\"123\":{\"type\":\"paragraph\",\"enabled\":\"1\",\"fields\":{\"text\":\"<p>Ralph Adams Cram was the designer of our beautiful polychromed wood Madonna Shrine, located in the Transept.&nbsp; It was donated by Mr. F. E. Saxham Drury in memory of Elbridge T. Gerry and Mabel Gerry Drury.<\\/p>\\r\\n<p>And a few steps away, near the chancel on the northeast side of the nave, stands Richard Upjohn\\u2019s beautiful and intricate brass filigree pulpit.<\\/p>\"}},\"122\":{\"type\":\"figure\",\"enabled\":\"1\",\"fields\":{\"image\":[\"125\"],\"altAttribute\":\"Richard Upjohn\\u2019s beautiful and intricate brass filigree pulpit\",\"caption\":\"<p>Richard Upjohn\\u2019s beautiful and intricate brass filigree pulpit<\\/p>\",\"enlarge\":\"1\",\"orientation\":\"horizontal\"}},\"126\":{\"type\":\"paragraph\",\"enabled\":\"1\",\"fields\":{\"text\":\"<p>How fortunate we are to have works by all three of these masters under the roof of the \\u201cLittle Church\\u201d.&nbsp; I will give thanks when December 16<sup>th<\\/sup>&nbsp;rolls around.<\\/p>\"}}},\"25\":[\"93\"],\"26\":\"Mary Jane Gocher\",\"27\":\"Corey Schneider\"}}', '2017-08-30 23:24:32', '2017-08-30 23:24:32', 'c931ced7-012c-41c7-be7e-f48c343908dc'),
 ('76', '94', '9', '1', 'en_us', '21', '', '{\"typeId\":\"9\",\"authorId\":\"1\",\"title\":\"Good Things Come in Threes\",\"slug\":\"good-things-come-in-threes\",\"postDate\":1504084080,\"expiryDate\":null,\"enabled\":1,\"parentId\":null,\"fields\":{\"28\":{\"107\":{\"type\":\"paragraph\",\"enabled\":\"1\",\"fields\":{\"text\":\"<p>I was paging my way through <em>Holy Men, Holy Women<\\/em> on a fact-checking mission when I came across the entry for December 16<sup>th<\\/sup>.<\\/p>\\r\\n<p>\\r\\n<\\/p>\\r\\n<p>I was stunned to see that this day had been set apart to honor two architects and an artist whose work was represented here at Transfiguration:&nbsp; Ralph Adams Cram, designer of St. Thomas Church NYC and the nave of the Cathedral of St. John the Divine, Richard Upjohn, the designer of Trinity Church on Wall Street in lower Manhattan, and John Lafarge, painter of murals and designer of many notable stained glass windows.<\\/p>\\r\\n<p>\\r\\n<\\/p>\\r\\n<p><em>Holy Men, Holy Women<\\/em> encourages us to offer thanks for \\u201cthe vision of Ralph Adams Cram, John LaFarge and Richard Upjohn, whose harmonious revival of the Gothic enriched our churches with a sacramental understanding of reality in the face of secular materialism&hellip;\\u201d *<\\/p>\\r\\n<p>\\r\\n<\\/p>\\r\\n<p>Ralph Adams Cram was the designer of our beautiful polychromed wood Madonna Shrine, located in the Transept.&nbsp; It was donated by Mr. F. E. Saxham Drury in memory of Elbridge T. Gerry and Mabel Gerry Drury.<\\/p>\"}},\"111\":{\"type\":\"figure\",\"enabled\":\"1\",\"fields\":{\"image\":[\"110\"],\"altAttribute\":\"John LaFarge\\u2019s magnificent window depicting Edwin Booth\",\"caption\":\"<p>John LaFarge\\u2019s magnificent window depicting Edwin Booth<\\/p>\",\"enlarge\":\"1\",\"orientation\":\"vertical\"}},\"108\":{\"type\":\"paragraph\",\"enabled\":\"1\",\"fields\":{\"text\":\"<p>Ralph Adams Cram was the designer of our beautiful polychromed wood Madonna Shrine, located in the Transept.&nbsp; It was donated by Mr. F. E. Saxham Drury in memory of Elbridge T. Gerry and Mabel Gerry Drury.<br><\\/p><p>Turn to your right, and there is John LaFarge\\u2019s magnificent window depicting Edwin Booth, the leading Shakespearean actor of his time, holding a mask and dressed in Greco-Roman costume.&nbsp; (Edwin Booth was the brother of the notorious John Wilkes Booth, President Lincoln\\u2019s assassin.) The window was given in his memory in 1898 by members of the Players Club, which he founded.<\\/p>\"}},\"123\":{\"type\":\"paragraph\",\"enabled\":\"1\",\"fields\":{\"text\":\"<p>Ralph Adams Cram was the designer of our beautiful polychromed wood Madonna Shrine, located in the Transept.&nbsp; It was donated by Mr. F. E. Saxham Drury in memory of Elbridge T. Gerry and Mabel Gerry Drury.<\\/p>\\r\\n<p>And a few steps away, near the chancel on the northeast side of the nave, stands Richard Upjohn\\u2019s beautiful and intricate brass filigree pulpit.<\\/p>\"}},\"122\":{\"type\":\"figure\",\"enabled\":\"1\",\"fields\":{\"image\":[\"125\"],\"altAttribute\":\"Richard Upjohn\\u2019s beautiful and intricate brass filigree pulpit\",\"caption\":\"<p>Richard Upjohn\\u2019s beautiful and intricate brass filigree pulpit<\\/p>\",\"enlarge\":\"1\",\"orientation\":\"horizontal\"}},\"126\":{\"type\":\"paragraph\",\"enabled\":\"1\",\"fields\":{\"text\":\"<p>How fortunate we are to have works by all three of these masters under the roof of the \\u201cLittle Church\\u201d.&nbsp; I will give thanks when December 16<sup>th<\\/sup>&nbsp;rolls around.<\\/p>\"}}},\"25\":[\"93\"],\"26\":\"Mary Jane Gocher\",\"27\":\"Corey Schneider\"}}', '2017-08-30 23:25:49', '2017-08-30 23:25:49', '89e888c6-048e-4723-a473-33e8036a94eb'),
 ('77', '94', '9', '1', 'en_us', '22', '', '{\"typeId\":\"9\",\"authorId\":\"1\",\"title\":\"Good Things Come in Threes\",\"slug\":\"good-things-come-in-threes\",\"postDate\":1504084080,\"expiryDate\":null,\"enabled\":1,\"parentId\":null,\"fields\":{\"28\":{\"107\":{\"type\":\"paragraph\",\"enabled\":\"1\",\"fields\":{\"text\":\"<p>I was paging my way through <em>Holy Men, Holy Women<\\/em> on a fact-checking mission when I came across the entry for December 16<sup>th<\\/sup>.<\\/p>\\r\\n<p>\\r\\n<\\/p>\\r\\n<p>I was stunned to see that this day had been set apart to honor two architects and an artist whose work was represented here at Transfiguration:&nbsp; Ralph Adams Cram, designer of St. Thomas Church NYC and the nave of the Cathedral of St. John the Divine, Richard Upjohn, the designer of Trinity Church on Wall Street in lower Manhattan, and John Lafarge, painter of murals and designer of many notable stained glass windows.<\\/p>\\r\\n<p>\\r\\n<\\/p>\\r\\n<p><em>Holy Men, Holy Women<\\/em> encourages us to offer thanks for \\u201cthe vision of Ralph Adams Cram, John LaFarge and Richard Upjohn, whose harmonious revival of the Gothic enriched our churches with a sacramental understanding of reality in the face of secular materialism&hellip;\\u201d *<\\/p>\"}},\"111\":{\"type\":\"figure\",\"enabled\":\"1\",\"fields\":{\"image\":[\"110\"],\"altAttribute\":\"John LaFarge\\u2019s magnificent window depicting Edwin Booth\",\"caption\":\"<p>John LaFarge\\u2019s magnificent window depicting Edwin Booth<\\/p>\",\"enlarge\":\"1\",\"orientation\":\"vertical\"}},\"108\":{\"type\":\"paragraph\",\"enabled\":\"1\",\"fields\":{\"text\":\"<p><em>Holy Men, Holy Women<\\/em>&nbsp;encourages us to offer thanks for \\u201cthe vision of Ralph Adams Cram, John LaFarge and Richard Upjohn, whose harmonious revival of the Gothic enriched our churches with a sacramental understanding of reality in the face of secular materialism&hellip;\\u201d *<br><\\/p><p>Ralph Adams Cram was the designer of our beautiful polychromed wood Madonna Shrine, located in the Transept. It was donated by Mr. F. E. Saxham Drury in memory of Elbridge T. Gerry and Mabel Gerry Drury.<br><\\/p>\\r\\n<p>Turn to your right, and there is John LaFarge\\u2019s magnificent window depicting Edwin Booth, the leading Shakespearean actor of his time, holding a mask and dressed in Greco-Roman costume.&nbsp; (Edwin Booth was the brother of the notorious John Wilkes Booth, President Lincoln\\u2019s assassin.) The window was given in his memory in 1898 by members of the Players Club, which he founded.<\\/p>\"}},\"123\":{\"type\":\"paragraph\",\"enabled\":\"1\",\"fields\":{\"text\":\"<p>Ralph Adams Cram was the designer of our beautiful polychromed wood Madonna Shrine, located in the Transept.&nbsp; It was donated by Mr. F. E. Saxham Drury in memory of Elbridge T. Gerry and Mabel Gerry Drury.<\\/p>\\r\\n<p>And a few steps away, near the chancel on the northeast side of the nave, stands Richard Upjohn\\u2019s beautiful and intricate brass filigree pulpit.<\\/p>\"}},\"122\":{\"type\":\"figure\",\"enabled\":\"1\",\"fields\":{\"image\":[\"125\"],\"altAttribute\":\"Richard Upjohn\\u2019s beautiful and intricate brass filigree pulpit\",\"caption\":\"<p>Richard Upjohn\\u2019s beautiful and intricate brass filigree pulpit<\\/p>\",\"enlarge\":\"1\",\"orientation\":\"horizontal\"}},\"126\":{\"type\":\"paragraph\",\"enabled\":\"1\",\"fields\":{\"text\":\"<p>How fortunate we are to have works by all three of these masters under the roof of the \\u201cLittle Church\\u201d.&nbsp; I will give thanks when December 16<sup>th<\\/sup>&nbsp;rolls around.<\\/p>\"}}},\"25\":[\"93\"],\"26\":\"Mary Jane Gocher\",\"27\":\"Corey Schneider\"}}', '2017-08-30 23:28:07', '2017-08-30 23:28:07', '57955ea0-d80d-47fd-b38a-54239571c83a'),
 ('78', '94', '9', '1', 'en_us', '23', '', '{\"typeId\":\"9\",\"authorId\":\"1\",\"title\":\"Good Things Come in Threes\",\"slug\":\"good-things-come-in-threes\",\"postDate\":1504084080,\"expiryDate\":null,\"enabled\":1,\"parentId\":null,\"fields\":{\"28\":{\"107\":{\"type\":\"paragraph\",\"enabled\":\"1\",\"fields\":{\"text\":\"<p>I was paging my way through <em>Holy Men, Holy Women<\\/em> on a fact-checking mission when I came across the entry for December 16<sup>th<\\/sup>.<\\/p>\\r\\n<p>\\r\\n<\\/p>\\r\\n<p>I was stunned to see that this day had been set apart to honor two architects and an artist whose work was represented here at Transfiguration:&nbsp; Ralph Adams Cram, designer of St. Thomas Church NYC and the nave of the Cathedral of St. John the Divine, Richard Upjohn, the designer of Trinity Church on Wall Street in lower Manhattan, and John Lafarge, painter of murals and designer of many notable stained glass windows.<\\/p>\\r\\n<p>\\r\\n<\\/p>\\r\\n<p><em>Holy Men, Holy Women<\\/em> encourages us to offer thanks for \\u201cthe vision of Ralph Adams Cram, John LaFarge and Richard Upjohn, whose harmonious revival of the Gothic enriched our churches with a sacramental understanding of reality in the face of secular materialism&hellip;\\u201d *<\\/p>\"}},\"111\":{\"type\":\"figure\",\"enabled\":\"1\",\"fields\":{\"image\":[\"110\"],\"altAttribute\":\"John LaFarge\\u2019s magnificent window depicting Edwin Booth\",\"caption\":\"<p>John LaFarge\\u2019s magnificent window depicting Edwin Booth<\\/p>\",\"enlarge\":\"1\",\"orientation\":\"vertical\"}},\"108\":{\"type\":\"paragraph\",\"enabled\":\"1\",\"fields\":{\"text\":\"<p><em>Holy Men, Holy Women<\\/em>&nbsp;encourages us to offer thanks for \\u201cthe vision of Ralph Adams Cram, John LaFarge and Richard Upjohn, whose harmonious revival of the Gothic enriched our churches with a sacramental understanding of reality in the face of secular materialism&hellip;\\u201d *<br><\\/p>\\r\\n<p>Ralph Adams Cram was the designer of our beautiful polychromed wood Madonna Shrine, located in the Transept. It was donated by Mr. F. E. Saxham Drury in memory of Elbridge T. Gerry and Mabel Gerry Drury.<br><\\/p>\\r\\n<p>Turn to your right, and there is John LaFarge\\u2019s magnificent window depicting Edwin Booth, the leading Shakespearean actor of his time, holding a mask and dressed in Greco-Roman costume.&nbsp; (Edwin Booth was the brother of the notorious John Wilkes Booth, President Lincoln\\u2019s assassin.) The window was given in his memory in 1898 by members of the Players Club, which he founded.<\\/p>\"}},\"123\":{\"type\":\"paragraph\",\"enabled\":\"1\",\"fields\":{\"text\":\"<p>Ralph Adams Cram was the designer of our beautiful polychromed wood Madonna Shrine, located in the Transept.&nbsp; It was donated by Mr. F. E. Saxham Drury in memory of Elbridge T. Gerry and Mabel Gerry Drury.<\\/p>\\r\\n<p>And a few steps away, near the chancel on the northeast side of the nave, stands Richard Upjohn\\u2019s beautiful and intricate brass filigree pulpit.<\\/p>\"}},\"122\":{\"type\":\"figure\",\"enabled\":\"1\",\"fields\":{\"image\":[\"125\"],\"altAttribute\":\"Richard Upjohn\\u2019s beautiful and intricate brass filigree pulpit\",\"caption\":\"<p>Richard Upjohn\\u2019s beautiful and intricate brass filigree pulpit<\\/p>\",\"enlarge\":\"1\",\"orientation\":\"horizontal\"}},\"126\":{\"type\":\"paragraph\",\"enabled\":\"1\",\"fields\":{\"text\":\"<p>How fortunate we are to have works by all three of these masters under the roof of the \\u201cLittle Church\\u201d.&nbsp; I will give thanks when December 16<sup>th<\\/sup>&nbsp;rolls around.<\\/p>\"}}},\"25\":[\"93\"],\"26\":\"Mary Jane Gocher\",\"27\":\"Corey Schneider\"}}', '2017-08-30 23:33:52', '2017-08-30 23:33:52', '7f6c2215-7ec5-4fd6-aa9c-d0a48567053b'),
 ('79', '94', '9', '1', 'en_us', '24', '', '{\"typeId\":\"9\",\"authorId\":\"1\",\"title\":\"Good Things Come in Threes\",\"slug\":\"good-things-come-in-threes\",\"postDate\":1504084080,\"expiryDate\":null,\"enabled\":1,\"parentId\":null,\"fields\":{\"28\":{\"107\":{\"type\":\"paragraph\",\"enabled\":\"1\",\"fields\":{\"text\":\"<p>I was paging my way through <em>Holy Men, Holy Women<\\/em> on a fact-checking mission when I came across the entry for December 16<sup>th<\\/sup>.<\\/p>\\r\\n<p>\\r\\n<\\/p>\\r\\n<p>I was stunned to see that this day had been set apart to honor two architects and an artist whose work was represented here at Transfiguration:&nbsp; Ralph Adams Cram, designer of St. Thomas Church NYC and the nave of the Cathedral of St. John the Divine, Richard Upjohn, the designer of Trinity Church on Wall Street in lower Manhattan, and John Lafarge, painter of murals and designer of many notable stained glass windows.<\\/p>\\r\\n<p>\\r\\n<\\/p>\\r\\n<p><em>Holy Men, Holy Women<\\/em> encourages us to offer thanks for \\u201cthe vision of Ralph Adams Cram, John LaFarge and Richard Upjohn, whose harmonious revival of the Gothic enriched our churches with a sacramental understanding of reality in the face of secular materialism&hellip;\\u201d *<\\/p>\"}},\"111\":{\"type\":\"figure\",\"enabled\":\"1\",\"fields\":{\"image\":[\"110\"],\"altAttribute\":\"John LaFarge\\u2019s magnificent window depicting Edwin Booth\",\"caption\":\"<p>John LaFarge\\u2019s magnificent window depicting Edwin Booth<\\/p>\",\"enlarge\":\"1\",\"orientation\":\"vertical\"}},\"108\":{\"type\":\"paragraph\",\"enabled\":\"1\",\"fields\":{\"text\":\"<p><em>Holy Men, Holy Women<\\/em>&nbsp;encourages us to offer thanks for \\u201cthe vision of Ralph Adams Cram, John LaFarge and Richard Upjohn, whose harmonious revival of the Gothic enriched our churches with a sacramental understanding of reality in the face of secular materialism&hellip;\\u201d *<br><\\/p>\\r\\n<p>Ralph Adams Cram was the designer of our beautiful polychromed wood Madonna Shrine, located in the Transept. It was donated by Mr. F. E. Saxham Drury in memory of Elbridge T. Gerry and Mabel Gerry Drury.<br><\\/p>\\r\\n<p>Turn to your right, and there is John LaFarge\\u2019s magnificent window depicting Edwin Booth, the leading Shakespearean actor of his time, holding a mask and dressed in Greco-Roman costume.&nbsp; (Edwin Booth was the brother of the notorious John Wilkes Booth, President Lincoln\\u2019s assassin.) The window was given in his memory in 1898 by members of the Players Club, which he founded.<\\/p>\"}},\"123\":{\"type\":\"paragraph\",\"enabled\":\"1\",\"fields\":{\"text\":\"<p>Ralph Adams Cram was the designer of our beautiful polychromed wood Madonna Shrine, located in the Transept.&nbsp; It was donated by Mr. F. E. Saxham Drury in memory of Elbridge T. Gerry and Mabel Gerry Drury.<\\/p>\\r\\n<p>And a few steps away, near the chancel on the northeast side of the nave, stands Richard Upjohn\\u2019s beautiful and intricate brass filigree pulpit.<\\/p>\"}},\"122\":{\"type\":\"figure\",\"enabled\":\"1\",\"fields\":{\"image\":[\"125\"],\"altAttribute\":\"Richard Upjohn\\u2019s beautiful and intricate brass filigree pulpit\",\"caption\":\"<p>Richard Upjohn\\u2019s beautiful and intricate brass filigree pulpit<\\/p>\",\"enlarge\":\"1\",\"orientation\":\"horizontal\"}},\"126\":{\"type\":\"paragraph\",\"enabled\":\"1\",\"fields\":{\"text\":\"<p>How fortunate we are to have works by all three of these masters under the roof of the \\u201cLittle Church\\u201d.&nbsp; I will give thanks when December 16<sup>th<\\/sup>&nbsp;rolls around.<\\/p>\"}},\"new1\":{\"type\":\"footnote\",\"enabled\":\"1\",\"fields\":{\"text\":\"Holy Women, Holy Men: Celebrating the Saints by Church Publishing Incorporated\\u200b\"}}},\"25\":[\"93\"],\"26\":\"Mary Jane Gocher\",\"27\":\"Corey Schneider\"}}', '2017-08-30 23:37:51', '2017-08-30 23:37:51', 'b6ee4623-dfec-4378-9914-8c31a4845725'),
 ('80', '94', '9', '1', 'en_us', '25', '', '{\"typeId\":\"9\",\"authorId\":\"1\",\"title\":\"Good Things Come in Threes\",\"slug\":\"good-things-come-in-threes\",\"postDate\":1504084080,\"expiryDate\":null,\"enabled\":1,\"parentId\":null,\"fields\":{\"28\":{\"107\":{\"type\":\"paragraph\",\"enabled\":\"1\",\"fields\":{\"text\":\"<p>I was paging my way through <em>Holy Men, Holy Women<\\/em> on a fact-checking mission when I came across the entry for December 16<sup>th<\\/sup>.<\\/p>\\r\\n<p>\\r\\n<\\/p>\\r\\n<p>I was stunned to see that this day had been set apart to honor two architects and an artist whose work was represented here at Transfiguration:&nbsp; Ralph Adams Cram, designer of St. Thomas Church NYC and the nave of the Cathedral of St. John the Divine, Richard Upjohn, the designer of Trinity Church on Wall Street in lower Manhattan, and John Lafarge, painter of murals and designer of many notable stained glass windows.<\\/p>\\r\\n<p>\\r\\n<\\/p>\\r\\n<p><em>Holy Men, Holy Women<\\/em> encourages us to offer thanks for \\u201cthe vision of Ralph Adams Cram, John LaFarge and Richard Upjohn, whose harmonious revival of the Gothic enriched our churches with a sacramental understanding of reality in the face of secular materialism&hellip;\\u201d *<\\/p>\"}},\"111\":{\"type\":\"figure\",\"enabled\":\"1\",\"fields\":{\"image\":[\"211\"],\"altAttribute\":\"John LaFarge\\u2019s magnificent window depicting Edwin Booth\",\"caption\":\"<p>John LaFarge\\u2019s magnificent window depicting Edwin Booth<\\/p>\",\"enlarge\":\"1\",\"orientation\":\"vertical\"}},\"108\":{\"type\":\"paragraph\",\"enabled\":\"1\",\"fields\":{\"text\":\"<p><em>Holy Men, Holy Women<\\/em>&nbsp;encourages us to offer thanks for \\u201cthe vision of Ralph Adams Cram, John LaFarge and Richard Upjohn, whose harmonious revival of the Gothic enriched our churches with a sacramental understanding of reality in the face of secular materialism&hellip;\\u201d *<br><\\/p>\\r\\n<p>Ralph Adams Cram was the designer of our beautiful polychromed wood Madonna Shrine, located in the Transept. It was donated by Mr. F. E. Saxham Drury in memory of Elbridge T. Gerry and Mabel Gerry Drury.<br><\\/p>\\r\\n<p>Turn to your right, and there is John LaFarge\\u2019s magnificent window depicting Edwin Booth, the leading Shakespearean actor of his time, holding a mask and dressed in Greco-Roman costume.&nbsp; (Edwin Booth was the brother of the notorious John Wilkes Booth, President Lincoln\\u2019s assassin.) The window was given in his memory in 1898 by members of the Players Club, which he founded.<\\/p>\"}},\"123\":{\"type\":\"paragraph\",\"enabled\":\"1\",\"fields\":{\"text\":\"<p>Ralph Adams Cram was the designer of our beautiful polychromed wood Madonna Shrine, located in the Transept.&nbsp; It was donated by Mr. F. E. Saxham Drury in memory of Elbridge T. Gerry and Mabel Gerry Drury.<\\/p>\\r\\n<p>And a few steps away, near the chancel on the northeast side of the nave, stands Richard Upjohn\\u2019s beautiful and intricate brass filigree pulpit.<\\/p>\"}},\"122\":{\"type\":\"figure\",\"enabled\":\"1\",\"fields\":{\"image\":[\"216\"],\"altAttribute\":\"Richard Upjohn\\u2019s beautiful and intricate brass filigree pulpit\",\"caption\":\"<p>Richard Upjohn\\u2019s beautiful and intricate brass filigree pulpit<\\/p>\",\"enlarge\":\"1\",\"orientation\":\"horizontal\"}},\"126\":{\"type\":\"paragraph\",\"enabled\":\"1\",\"fields\":{\"text\":\"<p>How fortunate we are to have works by all three of these masters under the roof of the \\u201cLittle Church\\u201d.&nbsp; I will give thanks when December 16<sup>th<\\/sup>&nbsp;rolls around.<\\/p>\"}},\"127\":{\"type\":\"footnote\",\"enabled\":\"1\",\"fields\":{\"text\":\"<p>Holy Women, Holy Men: Celebrating the Saints by Church Publishing Incorporated<\\/p>\"}}},\"25\":[\"205\"],\"26\":\"Mary Jane Gocher\",\"27\":\"Corey Schneider\"}}', '2017-08-31 11:46:46', '2017-08-31 11:46:46', '69a780c6-567f-466a-a779-45b2c619e6f0'),
 ('81', '94', '9', '1', 'en_us', '26', '', '{\"typeId\":\"9\",\"authorId\":\"1\",\"title\":\"Good Things Come in Threes\",\"slug\":\"good-things-come-in-threes\",\"postDate\":1504084080,\"expiryDate\":null,\"enabled\":1,\"parentId\":null,\"fields\":{\"28\":{\"107\":{\"type\":\"paragraph\",\"enabled\":\"1\",\"fields\":{\"text\":\"<p>I was paging my way through <em>Holy Men, Holy Women<\\/em> on a fact-checking mission when I came across the entry for December 16<sup>th<\\/sup>.<\\/p>\\r\\n<p>\\r\\n<\\/p>\\r\\n<p>I was stunned to see that this day had been set apart to honor two architects and an artist whose work was represented here at Transfiguration:&nbsp; Ralph Adams Cram, designer of St. Thomas Church NYC and the nave of the Cathedral of St. John the Divine, Richard Upjohn, the designer of Trinity Church on Wall Street in lower Manhattan, and John Lafarge, painter of murals and designer of many notable stained glass windows.<\\/p>\\r\\n<p>\\r\\n<\\/p>\\r\\n<p><em>Holy Men, Holy Women<\\/em> encourages us to offer thanks for \\u201cthe vision of Ralph Adams Cram, John LaFarge and Richard Upjohn, whose harmonious revival of the Gothic enriched our churches with a sacramental understanding of reality in the face of secular materialism&hellip;\\u201d *<\\/p>\"}},\"111\":{\"type\":\"figure\",\"enabled\":\"1\",\"fields\":{\"image\":[\"211\"],\"altAttribute\":\"John LaFarge\\u2019s magnificent window depicting Edwin Booth\",\"caption\":\"<p>John LaFarge\\u2019s magnificent window depicting Edwin Booth<\\/p>\",\"enlarge\":\"1\",\"orientation\":\"vertical\"}},\"108\":{\"type\":\"paragraph\",\"enabled\":\"1\",\"fields\":{\"text\":\"<p><em>Holy Men, Holy Women<\\/em>&nbsp;encourages us to offer thanks for \\u201cthe vision of Ralph Adams Cram, John LaFarge and Richard Upjohn, whose harmonious revival of the Gothic enriched our churches with a sacramental understanding of reality in the face of secular materialism&hellip;\\u201d *<br><\\/p>\\r\\n<p>Ralph Adams Cram was the designer of our beautiful polychromed wood Madonna Shrine, located in the Transept. It was donated by Mr. F. E. Saxham Drury in memory of Elbridge T. Gerry and Mabel Gerry Drury.<br><\\/p>\\r\\n<p>Turn to your right, and there is John LaFarge\\u2019s magnificent window depicting Edwin Booth, the leading Shakespearean actor of his time, holding a mask and dressed in Greco-Roman costume.&nbsp; (Edwin Booth was the brother of the notorious John Wilkes Booth, President Lincoln\\u2019s assassin.) The window was given in his memory in 1898 by members of the Players Club, which he founded.<\\/p>\"}},\"123\":{\"type\":\"paragraph\",\"enabled\":\"1\",\"fields\":{\"text\":\"<p>Ralph Adams Cram was the designer of our beautiful polychromed wood Madonna Shrine, located in the Transept.&nbsp; It was donated by Mr. F. E. Saxham Drury in memory of Elbridge T. Gerry and Mabel Gerry Drury.<\\/p>\\r\\n<p>And a few steps away, near the chancel on the northeast side of the nave, stands Richard Upjohn\\u2019s beautiful and intricate brass filigree pulpit.<\\/p>\"}},\"122\":{\"type\":\"figure\",\"enabled\":\"1\",\"fields\":{\"image\":[\"216\"],\"altAttribute\":\"Richard Upjohn\\u2019s beautiful and intricate brass filigree pulpit\",\"caption\":\"<p>Richard Upjohn\\u2019s beautiful and intricate brass filigree pulpit<\\/p>\",\"enlarge\":\"1\",\"orientation\":\"horizontal\"}},\"126\":{\"type\":\"paragraph\",\"enabled\":\"1\",\"fields\":{\"text\":\"<p>How fortunate we are to have works by all three of these masters under the roof of the \\u201cLittle Church\\u201d.&nbsp; I will give thanks when December 16<sup>th<\\/sup>&nbsp;rolls around.<\\/p>\"}},\"127\":{\"type\":\"footnote\",\"enabled\":\"1\",\"fields\":{\"text\":\"<p>Holy Women, Holy Men: Celebrating the Saints by Church Publishing Incorporated<\\/p>\"}},\"new1\":{\"type\":\"footnote\",\"enabled\":\"1\",\"fields\":{\"text\":\"<p><span class=\\\"s1\\\"><i>Holy Women, Holy Men: Celebrating the Saints<\\/i> by Church Publishing Incorporated<\\/span><span><\\/span><\\/p>\"}}},\"25\":[\"205\"],\"26\":\"Mary Jane Gocher\",\"27\":\"Corey Schneider\"}}', '2017-08-31 11:49:46', '2017-08-31 11:49:46', 'e111b0bf-eb62-47e1-8aed-81a7450f861f'),
 ('82', '94', '9', '1', 'en_us', '27', '', '{\"typeId\":\"9\",\"authorId\":\"1\",\"title\":\"Good Things Come in Threes\",\"slug\":\"good-things-come-in-threes\",\"postDate\":1504084080,\"expiryDate\":null,\"enabled\":1,\"parentId\":null,\"fields\":{\"28\":{\"107\":{\"type\":\"paragraph\",\"enabled\":\"1\",\"fields\":{\"text\":\"<p>I was paging my way through <em>Holy Men, Holy Women<\\/em> on a fact-checking mission when I came across the entry for December 16<sup>th<\\/sup>.<\\/p>\\r\\n<p>\\r\\n<\\/p>\\r\\n<p>I was stunned to see that this day had been set apart to honor two architects and an artist whose work was represented here at Transfiguration:&nbsp; Ralph Adams Cram, designer of St. Thomas Church NYC and the nave of the Cathedral of St. John the Divine, Richard Upjohn, the designer of Trinity Church on Wall Street in lower Manhattan, and John Lafarge, painter of murals and designer of many notable stained glass windows.<\\/p>\\r\\n<p>\\r\\n<\\/p>\\r\\n<p><em>Holy Men, Holy Women<\\/em> encourages us to offer thanks for \\u201cthe vision of Ralph Adams Cram, John LaFarge and Richard Upjohn, whose harmonious revival of the Gothic enriched our churches with a sacramental understanding of reality in the face of secular materialism&hellip;\\u201d *<\\/p>\"}},\"111\":{\"type\":\"figure\",\"enabled\":\"1\",\"fields\":{\"image\":[\"211\"],\"altAttribute\":\"John LaFarge\\u2019s magnificent window depicting Edwin Booth\",\"caption\":\"<p>John LaFarge\\u2019s magnificent window depicting Edwin Booth<\\/p>\",\"enlarge\":\"1\",\"orientation\":\"vertical\"}},\"108\":{\"type\":\"paragraph\",\"enabled\":\"1\",\"fields\":{\"text\":\"<p><em>Holy Men, Holy Women<\\/em>&nbsp;encourages us to offer thanks for \\u201cthe vision of Ralph Adams Cram, John LaFarge and Richard Upjohn, whose harmonious revival of the Gothic enriched our churches with a sacramental understanding of reality in the face of secular materialism&hellip;\\u201d *<br><\\/p>\\r\\n<p>Ralph Adams Cram was the designer of our beautiful polychromed wood Madonna Shrine, located in the Transept. It was donated by Mr. F. E. Saxham Drury in memory of Elbridge T. Gerry and Mabel Gerry Drury.<br><\\/p>\\r\\n<p>Turn to your right, and there is John LaFarge\\u2019s magnificent window depicting Edwin Booth, the leading Shakespearean actor of his time, holding a mask and dressed in Greco-Roman costume.&nbsp; (Edwin Booth was the brother of the notorious John Wilkes Booth, President Lincoln\\u2019s assassin.) The window was given in his memory in 1898 by members of the Players Club, which he founded.<\\/p>\"}},\"123\":{\"type\":\"paragraph\",\"enabled\":\"1\",\"fields\":{\"text\":\"<p>Ralph Adams Cram was the designer of our beautiful polychromed wood Madonna Shrine, located in the Transept.&nbsp; It was donated by Mr. F. E. Saxham Drury in memory of Elbridge T. Gerry and Mabel Gerry Drury.<\\/p>\\r\\n<p>And a few steps away, near the chancel on the northeast side of the nave, stands Richard Upjohn\\u2019s beautiful and intricate brass filigree pulpit.<\\/p>\"}},\"122\":{\"type\":\"figure\",\"enabled\":\"1\",\"fields\":{\"image\":[\"216\"],\"altAttribute\":\"Richard Upjohn\\u2019s beautiful and intricate brass filigree pulpit\",\"caption\":\"<p>Richard Upjohn\\u2019s beautiful and intricate brass filigree pulpit<\\/p>\",\"enlarge\":\"1\",\"orientation\":\"horizontal\"}},\"126\":{\"type\":\"paragraph\",\"enabled\":\"1\",\"fields\":{\"text\":\"<p>How fortunate we are to have works by all three of these masters under the roof of the \\u201cLittle Church\\u201d.&nbsp; I will give thanks when December 16<sup>th<\\/sup>&nbsp;rolls around.<\\/p>\"}},\"127\":{\"type\":\"footnote\",\"enabled\":\"1\",\"fields\":{\"text\":\"<p>Holy Women, Holy Men: Celebrating the Saints by Church Publishing Incorporated<\\/p>\"}},\"218\":{\"type\":\"footnote\",\"enabled\":\"1\",\"fields\":{\"text\":\"<p><em>Holy Women, Holy Men: Celebrating the Saints<\\/em> by Church Publishing Incorporated<\\/p>\"}}},\"25\":[\"205\"],\"26\":\"Mary Jane Gocher\",\"27\":\"Corey Schneider\"}}', '2017-08-31 11:51:57', '2017-08-31 11:51:57', '89cc7b45-42b0-4691-8e21-90b3a57019e0'),
 ('83', '94', '9', '1', 'en_us', '28', '', '{\"typeId\":\"9\",\"authorId\":\"1\",\"title\":\"Good Things Come in Threes\",\"slug\":\"good-things-come-in-threes\",\"postDate\":1504084080,\"expiryDate\":null,\"enabled\":1,\"parentId\":null,\"fields\":{\"28\":{\"107\":{\"type\":\"paragraph\",\"enabled\":\"1\",\"fields\":{\"text\":\"<p>I was paging my way through <em>Holy Men, Holy Women<\\/em> on a fact-checking mission when I came across the entry for December 16<sup>th<\\/sup>.<\\/p>\\r\\n<p>\\r\\n<\\/p>\\r\\n<p>I was stunned to see that this day had been set apart to honor two architects and an artist whose work was represented here at Transfiguration:&nbsp; Ralph Adams Cram, designer of St. Thomas Church NYC and the nave of the Cathedral of St. John the Divine, Richard Upjohn, the designer of Trinity Church on Wall Street in lower Manhattan, and John Lafarge, painter of murals and designer of many notable stained glass windows.<\\/p>\\r\\n<p>\\r\\n<\\/p>\\r\\n<p><em>Holy Men, Holy Women<\\/em> encourages us to offer thanks for \\u201cthe vision of Ralph Adams Cram, John LaFarge and Richard Upjohn, whose harmonious revival of the Gothic enriched our churches with a sacramental understanding of reality in the face of secular materialism&hellip;\\u201d *<\\/p>\"}},\"111\":{\"type\":\"figure\",\"enabled\":\"1\",\"fields\":{\"image\":[\"211\"],\"altAttribute\":\"John LaFarge\\u2019s magnificent window depicting Edwin Booth\",\"caption\":\"<p>John LaFarge\\u2019s magnificent window depicting Edwin Booth<\\/p>\",\"enlarge\":\"1\",\"orientation\":\"vertical\"}},\"108\":{\"type\":\"paragraph\",\"enabled\":\"1\",\"fields\":{\"text\":\"<p><em>Holy Men, Holy Women<\\/em>&nbsp;encourages us to offer thanks for \\u201cthe vision of Ralph Adams Cram, John LaFarge and Richard Upjohn, whose harmonious revival of the Gothic enriched our churches with a sacramental understanding of reality in the face of secular materialism&hellip;\\u201d *<br><\\/p>\\r\\n<p>Ralph Adams Cram was the designer of our beautiful polychromed wood Madonna Shrine, located in the Transept. It was donated by Mr. F. E. Saxham Drury in memory of Elbridge T. Gerry and Mabel Gerry Drury.<br><\\/p>\\r\\n<p>Turn to your right, and there is John LaFarge\\u2019s magnificent window depicting Edwin Booth, the leading Shakespearean actor of his time, holding a mask and dressed in Greco-Roman costume.&nbsp; (Edwin Booth was the brother of the notorious John Wilkes Booth, President Lincoln\\u2019s assassin.) The window was given in his memory in 1898 by members of the Players Club, which he founded.<\\/p>\"}},\"123\":{\"type\":\"paragraph\",\"enabled\":\"1\",\"fields\":{\"text\":\"<p>Ralph Adams Cram was the designer of our beautiful polychromed wood Madonna Shrine, located in the Transept.&nbsp; It was donated by Mr. F. E. Saxham Drury in memory of Elbridge T. Gerry and Mabel Gerry Drury.<\\/p>\\r\\n<p>And a few steps away, near the chancel on the northeast side of the nave, stands Richard Upjohn\\u2019s beautiful and intricate brass filigree pulpit.<\\/p>\"}},\"122\":{\"type\":\"figure\",\"enabled\":\"1\",\"fields\":{\"image\":[\"216\"],\"altAttribute\":\"Richard Upjohn\\u2019s beautiful and intricate brass filigree pulpit\",\"caption\":\"<p>Richard Upjohn\\u2019s beautiful and intricate brass filigree pulpit<\\/p>\",\"enlarge\":\"1\",\"orientation\":\"horizontal\"}},\"126\":{\"type\":\"paragraph\",\"enabled\":\"1\",\"fields\":{\"text\":\"<p>How fortunate we are to have works by all three of these masters under the roof of the \\u201cLittle Church\\u201d.&nbsp; I will give thanks when December 16<sup>th<\\/sup>&nbsp;rolls around.<\\/p>\"}},\"218\":{\"type\":\"footnote\",\"enabled\":\"1\",\"fields\":{\"text\":\"<p><em>Holy Women, Holy Men: Celebrating the Saints<\\/em> by Church Publishing Incorporated<\\/p>\"}}},\"25\":[\"205\"],\"26\":\"Mary Jane Gocher\",\"27\":\"Corey Schneider\"}}', '2017-08-31 11:54:13', '2017-08-31 11:54:13', '1877a904-0a73-443c-8ec4-cf4dace56443'),
 ('84', '94', '9', '1', 'en_us', '29', '', '{\"typeId\":\"9\",\"authorId\":\"1\",\"title\":\"Good Things Come in Threes\",\"slug\":\"good-things-come-in-threes\",\"postDate\":1504084080,\"expiryDate\":null,\"enabled\":1,\"parentId\":null,\"fields\":{\"28\":{\"107\":{\"type\":\"paragraph\",\"enabled\":\"1\",\"fields\":{\"text\":\"<p>I was paging my way through <em>Holy Men, Holy Women<\\/em> on a fact-checking mission when I came across the entry for December 16<sup>th<\\/sup>.<\\/p>\\r\\n<p>\\r\\n<\\/p>\\r\\n<p>I was stunned to see that this day had been set apart to honor two architects and an artist whose work was represented here at Transfiguration:&nbsp; Ralph Adams Cram, designer of St. Thomas Church NYC and the nave of the Cathedral of St. John the Divine, Richard Upjohn, the designer of Trinity Church on Wall Street in lower Manhattan, and John Lafarge, painter of murals and designer of many notable stained glass windows.<\\/p>\\r\\n<p>\\r\\n<\\/p>\\r\\n<p><em>Holy Men, Holy Women<\\/em> encourages us to offer thanks for \\u201cthe vision of Ralph Adams Cram, John LaFarge and Richard Upjohn, whose harmonious revival of the Gothic enriched our churches with a sacramental understanding of reality in the face of secular materialism&hellip;\\u201d *<\\/p>\"}},\"111\":{\"type\":\"figure\",\"enabled\":\"1\",\"fields\":{\"image\":[\"211\"],\"altAttribute\":\"John LaFarge\\u2019s magnificent window depicting Edwin Booth\",\"caption\":\"<p>John LaFarge\\u2019s magnificent window depicting Edwin Booth<\\/p>\",\"enlarge\":\"1\",\"orientation\":\"vertical\"}},\"108\":{\"type\":\"paragraph\",\"enabled\":\"1\",\"fields\":{\"text\":\"<p><em>Holy Men, Holy Women<\\/em>&nbsp;encourages us to offer thanks for \\u201cthe vision of Ralph Adams Cram, John LaFarge and Richard Upjohn, whose harmonious revival of the Gothic enriched our churches with a sacramental understanding of reality in the face of secular materialism&hellip;\\u201d *<br><\\/p>\\r\\n<p>Ralph Adams Cram was the designer of our beautiful polychromed wood Madonna Shrine, located in the Transept. It was donated by Mr. F. E. Saxham Drury in memory of Elbridge T. Gerry and Mabel Gerry Drury.<br><\\/p>\\r\\n<p>Turn to your right, and there is John LaFarge\\u2019s magnificent window depicting Edwin Booth, the leading Shakespearean actor of his time, holding a mask and dressed in Greco-Roman costume.&nbsp; (Edwin Booth was the brother of the notorious John Wilkes Booth, President Lincoln\\u2019s assassin.) The window was given in his memory in 1898 by members of the Players Club, which he founded.<\\/p>\"}},\"123\":{\"type\":\"paragraph\",\"enabled\":\"1\",\"fields\":{\"text\":\"<p>Ralph Adams Cram was the designer of our beautiful polychromed wood Madonna Shrine, located in the Transept.&nbsp; It was donated by Mr. F. E. Saxham Drury in memory of Elbridge T. Gerry and Mabel Gerry Drury.<\\/p>\\r\\n<p>And a few steps away, near the chancel on the northeast side of the nave, stands Richard Upjohn\\u2019s beautiful and intricate brass filigree pulpit.<\\/p>\"}},\"122\":{\"type\":\"figure\",\"enabled\":\"1\",\"fields\":{\"image\":[\"216\"],\"altAttribute\":\"Richard Upjohn\\u2019s beautiful and intricate brass filigree pulpit\",\"caption\":\"<p>Richard Upjohn\\u2019s beautiful and intricate brass filigree pulpit<\\/p>\",\"enlarge\":\"1\",\"orientation\":\"horizontal\"}},\"126\":{\"type\":\"paragraph\",\"enabled\":\"1\",\"fields\":{\"text\":\"<p>How fortunate we are to have works by all three of these masters under the roof of the \\u201cLittle Church\\u201d.&nbsp; I will give thanks when December 16<sup>th<\\/sup>&nbsp;rolls around.<\\/p>\"}},\"218\":{\"type\":\"footnote\",\"enabled\":\"1\",\"fields\":{\"text\":\"<p><em>Holy Women, Holy Men: Celebrating the Saints<\\/em> by Church Publishing Incorporated<\\/p>\"}}},\"25\":[\"205\"],\"26\":\"Mary Jane Gocher\",\"27\":\"Corey Schneider\"}}', '2017-08-31 12:02:49', '2017-08-31 12:02:49', '44d9b119-96ee-421d-a2b4-4add840cd1fa'),
 ('85', '69', '7', '1', 'en_us', '38', '', '{\"typeId\":\"7\",\"authorId\":\"1\",\"title\":\"Welcome\",\"slug\":\"welcome\",\"postDate\":1503746520,\"expiryDate\":null,\"enabled\":1,\"parentId\":null,\"fields\":{\"3\":\"Welcome to our little church\",\"13\":{\"71\":{\"type\":\"generalSection\",\"enabled\":\"1\",\"fields\":{\"text\":\"<h2>First time here?<\\/h2>\\r\\n<p>I invite you to join us in worship and fellowship at any one of our services, coffee hour, concert series, or a simple contemplative visit to our garden and chapel. I like to think of our parish as a quiet oasis in the heart of this vibrant city. And yet we have so much going on at our Little Church.<\\/p>\"}}},\"11\":[\"207\"],\"12\":\"<p>Greetings and welcome to the Church of the Transfiguration, also known affectionately as the \\u201cLittle Church Around the Corner\\u201d.<\\/p>\\r\\n<p>Our parish combines the beauty and depth of the Anglo-Catholic tradition with the warmth of a dear community of people seeking the presence of Christ in the center of the NoMad neighborhood in Manhattan.<\\/p>\\r\\n<p>From the time of our founding in the mid 19th century, our motto has remained Fides Opera (Faith & Works).&nbsp; Our faith is expressed in the depth of resplendent worship, offering our very best in praise of God in the person of Jesus Christ.&nbsp; And from this worship flows an outward ministry of works to a city and world crying for mindful and responsive hands, feet, and hearts. &nbsp;<\\/p>\\r\\n<p>\\u201cIn God, that which is ancient never becomes old,\\u201d and we embrace this sentiment combining traditional liturgical worship with a radical inclusiveness deeply rooted in our parish\\u2019s history and celebrated by a vibrant diocese in which we serve.&nbsp; Please consider this parish as you look for a spiritual home.&nbsp; All are welcome.<\\/p>\\r\\n<p>With loving wishes,&nbsp;<\\/p>\\r\\n<p>Fr. John David van Dooren<br>Rector<\\/p>\\r\\n<p><br><\\/p>\",\"27\":\"Meghan Joseph\"}}', '2017-08-31 12:09:11', '2017-08-31 12:09:11', '1fc26a65-38d5-4ea9-9564-50a5a12528bc'),
 ('86', '69', '7', '1', 'en_us', '39', '', '{\"typeId\":\"7\",\"authorId\":\"1\",\"title\":\"Welcome\",\"slug\":\"welcome\",\"postDate\":1503746520,\"expiryDate\":null,\"enabled\":1,\"parentId\":null,\"fields\":{\"3\":\"Welcome to our little church\",\"13\":{\"71\":{\"type\":\"generalSection\",\"enabled\":\"1\",\"fields\":{\"text\":\"<h2>First time here?<\\/h2>\\r\\n<p>I invite you to join us in worship and fellowship at any one of our services, coffee hour, concert series, or a simple contemplative visit to our garden and chapel. I like to think of our parish as a quiet oasis in the heart of this vibrant city. And yet we have so much going on at our Little Church.<\\/p>\"}}},\"11\":[\"207\"],\"12\":\"<p>Greetings and welcome to the Church of the Transfiguration, also known affectionately as the \\u201cLittle Church Around the Corner\\u201d.<\\/p>\",\"27\":\"Meghan Joseph\"}}', '2017-08-31 12:09:51', '2017-08-31 12:09:51', '4e508dbc-0788-4227-b2d7-97f5fc7e3a33'),
 ('87', '69', '7', '1', 'en_us', '40', '', '{\"typeId\":\"7\",\"authorId\":\"1\",\"title\":\"Welcome\",\"slug\":\"welcome\",\"postDate\":1503746520,\"expiryDate\":null,\"enabled\":1,\"parentId\":null,\"fields\":{\"3\":\"Welcome to our little church\",\"13\":{\"71\":{\"type\":\"generalSection\",\"enabled\":\"1\",\"fields\":{\"text\":\"<p>Our parish combines the beauty and depth of the Anglo-Catholic tradition with the warmth of a dear community of people seeking the presence of Christ in the center of the NoMad neighborhood in Manhattan. &nbsp;<br><\\/p>\\r\\n<p>From the time of our founding in the mid 19th century, our motto has remained Fides Opera (Faith & Works).&nbsp; Our faith is expressed in the depth of resplendent worship, offering our very best in praise of God in the person of Jesus Christ.&nbsp; And from this worship flows an outward ministry of works to a city and world crying for mindful and responsive hands, feet, and hearts. &nbsp;<\\/p>\\r\\n<p>\\u201cIn God, that which is ancient never becomes old,\\u201d and we embrace this sentiment combining traditional liturgical worship with a radical inclusiveness deeply rooted in our parish\\u2019s history and celebrated by a vibrant diocese in which we serve.&nbsp; Please consider this parish as you look for a spiritual home. All are welcome.<\\/p>\\r\\n<p>With loving wishes,&nbsp;<\\/p>\\r\\n<p>Fr. John David van Dooren<br>Rector<\\/p>\"}}},\"11\":[\"207\"],\"12\":\"<p>Greetings and welcome to the Church of the Transfiguration, also known affectionately as the \\u201cLittle Church Around the Corner\\u201d.<\\/p>\",\"27\":\"Meghan Joseph\"}}', '2017-08-31 12:11:02', '2017-08-31 12:11:02', '055063bb-9746-49e6-834f-e29545cce832'),
 ('88', '69', '7', '1', 'en_us', '41', '', '{\"typeId\":\"7\",\"authorId\":\"1\",\"title\":\"Welcome\",\"slug\":\"welcome\",\"postDate\":1503746520,\"expiryDate\":null,\"enabled\":1,\"parentId\":null,\"fields\":{\"3\":\"Welcome to our little church\",\"13\":{\"71\":{\"type\":\"generalSection\",\"enabled\":\"1\",\"fields\":{\"text\":\"<p>From the time of our founding in the mid 19th century, our motto has remained Fides Opera (Faith & Works). Our faith is expressed in the depth of resplendent worship, offering our very best in praise of God in the person of Jesus Christ. From this worship flows an outward ministry of works to a city and world crying for mindful and responsive hands, feet, and hearts. &nbsp;<\\/p>\\r\\n<p>\\u201cIn God, that which is ancient never becomes old,\\u201d and we embrace this sentiment combining traditional liturgical worship with a radical inclusiveness deeply rooted in our parish\\u2019s history and celebrated by a vibrant diocese in which we serve.&nbsp; Please consider this parish as you look for a spiritual home. All are welcome.<\\/p>\\r\\n<p>With loving wishes,&nbsp;<\\/p>\\r\\n<p>Fr. John David van Dooren<br>Rector<\\/p>\"}}},\"11\":[\"207\"],\"12\":\"<p>Greetings and welcome to the Church of the Transfiguration, also known affectionately as the \\u201cLittle Church Around the Corner\\u201d.&nbsp;Our parish combines the beauty and depth of the Anglo-Catholic tradition with the warmth of a dear community of people seeking the presence of Christ in the center of the NoMad neighborhood in Manhattan.<\\/p>\",\"27\":\"Meghan Joseph\"}}', '2017-08-31 12:12:16', '2017-08-31 12:12:16', '463a0cd6-b483-4499-8514-d2c526c224e5'),
 ('89', '69', '7', '1', 'en_us', '42', '', '{\"typeId\":\"7\",\"authorId\":\"1\",\"title\":\"Welcome\",\"slug\":\"welcome\",\"postDate\":1503746520,\"expiryDate\":null,\"enabled\":1,\"parentId\":null,\"fields\":{\"3\":\"Welcome to our little church\",\"13\":{\"71\":{\"type\":\"generalSection\",\"enabled\":\"1\",\"fields\":{\"text\":\"<p>From the time of our founding in the mid 19th century, our motto has remained Fides Opera (Faith and Works). Our faith is expressed in the depth of resplendent worship, offering our very best in praise of God in the person of Jesus Christ. From this worship flows an outward ministry of works to a city and world crying for mindful and responsive hands, feet, and hearts. &nbsp;<\\/p>\\r\\n<p>\\u201cIn God, that which is ancient never becomes old,\\u201d and we embrace this sentiment combining traditional liturgical worship with a radical inclusiveness deeply rooted in our parish\\u2019s history and celebrated by a vibrant diocese in which we serve.&nbsp; Please consider this parish as you look for a spiritual home. All are welcome.<\\/p>\\r\\n<p>With loving wishes,&nbsp;<\\/p>\\r\\n<p>Fr. John David van Dooren<br>Rector<\\/p>\"}}},\"11\":[\"207\"],\"12\":\"<p>Greetings and welcome to the Church of the Transfiguration, also known affectionately as the \\u201cLittle Church Around the Corner\\u201d.&nbsp;Our parish combines the beauty and depth of the Anglo-Catholic tradition with the warmth of a dear community of people seeking the presence of Christ in the center of the NoMad neighborhood in Manhattan.<\\/p>\",\"27\":\"Meghan Joseph\"}}', '2017-08-31 12:12:58', '2017-08-31 12:12:58', '2724dbb5-8817-4ad3-8472-ce4f0f100735'),
 ('90', '69', '7', '1', 'en_us', '43', '', '{\"typeId\":\"7\",\"authorId\":\"1\",\"title\":\"Welcome\",\"slug\":\"welcome\",\"postDate\":1503746520,\"expiryDate\":null,\"enabled\":1,\"parentId\":null,\"fields\":{\"3\":\"Welcome to our little church\",\"13\":{\"71\":{\"type\":\"generalSection\",\"enabled\":\"1\",\"fields\":{\"text\":\"<h2>Faith and Works<\\/h2><p>From the time of our founding in the mid 19th century, our motto has remained Fides Opera (Faith and Works). Our faith is expressed in the depth of resplendent worship, offering our very best in praise of God in the person of Jesus Christ. From this worship flows an outward ministry of works to a city and world crying for mindful and responsive hands, feet, and hearts. &nbsp;<\\/p>\\r\\n<p>\\u201cIn God, that which is ancient never becomes old,\\u201d and we embrace this sentiment combining traditional liturgical worship with a radical inclusiveness deeply rooted in our parish\\u2019s history and celebrated by a vibrant diocese in which we serve.&nbsp; Please consider this parish as you look for a spiritual home. All are welcome.<\\/p>\\r\\n<p>With loving wishes,&nbsp;<\\/p>\\r\\n<p>Fr. John David van Dooren<br>Rector<\\/p>\"}}},\"11\":[\"207\"],\"12\":\"<p>Greetings and welcome to the Church of the Transfiguration, also known affectionately as the \\u201cLittle Church Around the Corner\\u201d.&nbsp;Our parish combines the beauty and depth of the Anglo-Catholic tradition with the warmth of a dear community of people seeking the presence of Christ in the center of the NoMad neighborhood in Manhattan.<\\/p>\",\"27\":\"Meghan Joseph\"}}', '2017-08-31 12:14:10', '2017-08-31 12:14:10', '4678910d-9574-42a5-b660-10e2c8bdb34e'),
 ('91', '115', '9', '1', 'en_us', '4', '', '{\"typeId\":\"9\",\"authorId\":\"1\",\"title\":\"Do All Dogs Go To Heaven?\",\"slug\":\"this-is-another-article\",\"postDate\":1504137600,\"expiryDate\":null,\"enabled\":1,\"parentId\":null,\"fields\":{\"28\":{\"116\":{\"type\":\"paragraph\",\"enabled\":\"1\",\"fields\":{\"text\":\"<p>Sem natoque nulla ligula ullamcorper facilisi semper conubia inceptos a risus aptent egestas dictumst vulputate at ultrices fermentum pretium hendrerit ad a. Suspendisse tristique consequat torquent ipsum hac cum a at ac at phasellus id fringilla dis risus auctor himenaeos parturient ac vestibulum dis faucibus litora. Ultrices et facilisi neque suscipit ad torquent convallis cras nisl condimentum a suspendisse felis vestibulum ridiculus suscipit nunc dapibus ac velit a.&nbsp;<\\/p>\\r\\n<p>Eleifend ut vivamus parturient hendrerit est parturient a nec elit a ante nec adipiscing condimentum velit montes metus eu sagittis enim. Turpis a diam ultricies arcu curabitur dignissim eleifend non aliquam interdum ad nulla tincidunt aenean aptent fringilla consectetur primis neque. Id scelerisque laoreet ad scelerisque ligula ut vestibulum praesent cras a habitant consectetur purus parturient. Eu laoreet nam in hac inceptos in hendrerit lobortis sociosqu cum elit aliquam condimentum ad a.&nbsp;<\\/p>\\r\\n<p>Vestibulum mi parturient auctor lectus suscipit curae litora lectus condimentum cubilia dui porttitor blandit ut. Faucibus penatibus a eros etiam pulvinar ultricies in a egestas vestibulum cum massa quisque interdum. Ullamcorper vestibulum parturient et mattis mi parturient sagittis praesent morbi netus condimentum fermentum ullamcorper ligula ante molestie hac phasellus facilisi class mattis blandit urna ridiculus ante magnis sociosqu a. Aliquet turpis ligula eros ad parturient parturient malesuada penatibus aliquet mi adipiscing ad pulvinar cubilia scelerisque laoreet penatibus vivamus a a scelerisque. Parturient ad massa cum nisi senectus massa taciti vestibulum accumsan magna in parturient nibh odio. A mi velit erat ullamcorper rutrum lacus vestibulum donec sit duis maecenas nam hendrerit gravida sed turpis enim scelerisque senectus laoreet quam lectus id adipiscing.&nbsp;<\\/p>\\r\\n<p>Habitasse vestibulum odio scelerisque eu dolor condimentum ornare urna dictumst velit a consectetur nisi parturient quisque scelerisque morbi vitae mus penatibus sociosqu nec eget at vestibulum feugiat interdum nascetur. Suscipit tortor purus semper sodales leo id vestibulum adipiscing montes adipiscing sed curae sodales porta nisi senectus mi conubia euismod senectus. Arcu eleifend suspendisse sociosqu velit laoreet a potenti risus justo suspendisse a vestibulum curabitur vel torquent a vehicula et tincidunt. Aliquet a malesuada parturient et potenti inceptos nec natoque sem scelerisque scelerisque nibh conubia condimentum nascetur phasellus. Torquent placerat a suspendisse sagittis vestibulum mi volutpat ultrices sed nam sagittis sociosqu dolor eget convallis sociis accumsan at.&nbsp;<\\/p>\\r\\n<p>Adipiscing parturient ad condimentum at a ac lacus montes rhoncus arcu vel condimentum magnis venenatis praesent sem scelerisque dis eleifend urna gravida a ullamcorper a nisi ullamcorper sed lacus. Natoque vel nullam curabitur eu sem eu purus suspendisse et accumsan scelerisque adipiscing sit adipiscing suspendisse consectetur lacinia sociis commodo vestibulum natoque egestas. Ut faucibus fringilla habitasse elementum odio euismod adipiscing varius massa in parturient a gravida nostra sit.&nbsp;<\\/p>\\r\\n<p>Facilisi parturient tempus parturient interdum leo dis ullamcorper scelerisque odio vulputate feugiat suspendisse a eu varius hac diam neque phasellus tempor. Aenean maecenas a neque sed a a tortor vestibulum ad eu aptent consectetur nullam tortor. Vestibulum facilisis pharetra imperdiet nullam rutrum sem suspendisse a litora a id eu lacinia elit mus morbi a in in sociosqu ad in id torquent sodales.<\\/p>\"}}},\"25\":\"\",\"26\":\"Mary Jane Gocher\",\"27\":\"\"}}', '2017-08-31 14:01:04', '2017-08-31 14:01:04', '477458b7-d704-443e-8918-b393d04309ff'),
 ('92', '115', '9', '1', 'en_us', '5', '', '{\"typeId\":\"9\",\"authorId\":\"1\",\"title\":\"Do All Dogs Go To Heaven?\",\"slug\":\"this-is-another-article\",\"postDate\":1504137600,\"expiryDate\":null,\"enabled\":1,\"parentId\":null,\"fields\":{\"28\":{\"116\":{\"type\":\"paragraph\",\"enabled\":\"1\",\"fields\":{\"text\":\"<p>Sem natoque nulla ligula ullamcorper facilisi semper conubia inceptos a risus aptent egestas dictumst vulputate at ultrices fermentum pretium hendrerit ad a. Suspendisse tristique consequat torquent ipsum hac cum a at ac at phasellus id fringilla dis risus auctor himenaeos parturient ac vestibulum dis faucibus litora. Ultrices et facilisi neque suscipit ad torquent convallis cras nisl condimentum a suspendisse felis vestibulum ridiculus suscipit nunc dapibus ac velit a.&nbsp;<\\/p>\\r\\n<p>Eleifend ut vivamus parturient hendrerit est parturient a nec elit a ante nec adipiscing condimentum velit montes metus eu sagittis enim. Turpis a diam ultricies arcu curabitur dignissim eleifend non aliquam interdum ad nulla tincidunt aenean aptent fringilla consectetur primis neque. Id scelerisque laoreet ad scelerisque ligula ut vestibulum praesent cras a habitant consectetur purus parturient. Eu laoreet nam in hac inceptos in hendrerit lobortis sociosqu cum elit aliquam condimentum ad a.&nbsp;<\\/p>\\r\\n<p>Vestibulum mi parturient auctor lectus suscipit curae litora lectus condimentum cubilia dui porttitor blandit ut. Faucibus penatibus a eros etiam pulvinar ultricies in a egestas vestibulum cum massa quisque interdum. Ullamcorper vestibulum parturient et mattis mi parturient sagittis praesent morbi netus condimentum fermentum ullamcorper ligula ante molestie hac phasellus facilisi class mattis blandit urna ridiculus ante magnis sociosqu a. Aliquet turpis ligula eros ad parturient parturient malesuada penatibus aliquet mi adipiscing ad pulvinar cubilia scelerisque laoreet penatibus vivamus a a scelerisque. Parturient ad massa cum nisi senectus massa taciti vestibulum accumsan magna in parturient nibh odio. A mi velit erat ullamcorper rutrum lacus vestibulum donec sit duis maecenas nam hendrerit gravida sed turpis enim scelerisque senectus laoreet quam lectus id adipiscing.&nbsp;<\\/p>\\r\\n<p>Habitasse vestibulum odio scelerisque eu dolor condimentum ornare urna dictumst velit a consectetur nisi parturient quisque scelerisque morbi vitae mus penatibus sociosqu nec eget at vestibulum feugiat interdum nascetur. Suscipit tortor purus semper sodales leo id vestibulum adipiscing montes adipiscing sed curae sodales porta nisi senectus mi conubia euismod senectus. Arcu eleifend suspendisse sociosqu velit laoreet a potenti risus justo suspendisse a vestibulum curabitur vel torquent a vehicula et tincidunt. Aliquet a malesuada parturient et potenti inceptos nec natoque sem scelerisque scelerisque nibh conubia condimentum nascetur phasellus. Torquent placerat a suspendisse sagittis vestibulum mi volutpat ultrices sed nam sagittis sociosqu dolor eget convallis sociis accumsan at.&nbsp;<\\/p>\\r\\n<p>Adipiscing parturient ad condimentum at a ac lacus montes rhoncus arcu vel condimentum magnis venenatis praesent sem scelerisque dis eleifend urna gravida a ullamcorper a nisi ullamcorper sed lacus. Natoque vel nullam curabitur eu sem eu purus suspendisse et accumsan scelerisque adipiscing sit adipiscing suspendisse consectetur lacinia sociis commodo vestibulum natoque egestas. Ut faucibus fringilla habitasse elementum odio euismod adipiscing varius massa in parturient a gravida nostra sit.&nbsp;<\\/p>\\r\\n<p>Facilisi parturient tempus parturient interdum leo dis ullamcorper scelerisque odio vulputate feugiat suspendisse a eu varius hac diam neque phasellus tempor. Aenean maecenas a neque sed a a tortor vestibulum ad eu aptent consectetur nullam tortor. Vestibulum facilisis pharetra imperdiet nullam rutrum sem suspendisse a litora a id eu lacinia elit mus morbi a in in sociosqu ad in id torquent sodales.<\\/p>\"}}},\"25\":[\"206\"],\"26\":\"Mary Jane Gocher\",\"27\":\"\"}}', '2017-08-31 14:01:46', '2017-08-31 14:01:46', 'abe87b91-cbf6-4737-8850-b762b5f01610'),
 ('93', '115', '9', '1', 'en_us', '6', '', '{\"typeId\":\"9\",\"authorId\":\"1\",\"title\":\"Do All Dogs Go To Heaven?\",\"slug\":\"this-is-another-article\",\"postDate\":1504137600,\"expiryDate\":null,\"enabled\":1,\"parentId\":null,\"fields\":{\"28\":{\"116\":{\"type\":\"paragraph\",\"enabled\":\"1\",\"fields\":{\"text\":\"<p>Sem natoque nulla ligula ullamcorper facilisi semper conubia inceptos a risus aptent egestas dictumst vulputate at ultrices fermentum pretium hendrerit ad a. Suspendisse tristique consequat torquent ipsum hac cum a at ac at phasellus id fringilla dis risus auctor himenaeos parturient ac vestibulum dis faucibus litora. Ultrices et facilisi neque suscipit ad torquent convallis cras nisl condimentum a suspendisse felis vestibulum ridiculus suscipit nunc dapibus ac velit a.&nbsp;<\\/p>\\r\\n<h2>Blessing of the Animals<\\/h2><p>Eleifend ut vivamus parturient hendrerit est parturient a nec elit a ante nec adipiscing condimentum velit montes metus eu sagittis enim. Turpis a diam ultricies arcu curabitur dignissim eleifend non aliquam interdum ad nulla tincidunt aenean aptent fringilla consectetur primis neque. Id scelerisque laoreet ad scelerisque ligula ut vestibulum praesent cras a habitant consectetur purus parturient. Eu laoreet nam in hac inceptos in hendrerit lobortis sociosqu cum elit aliquam condimentum ad a.&nbsp;<\\/p>\\r\\n<p>Vestibulum mi parturient auctor lectus suscipit curae litora lectus condimentum cubilia dui porttitor blandit ut. Faucibus penatibus a eros etiam pulvinar ultricies in a egestas vestibulum cum massa quisque interdum. Ullamcorper vestibulum parturient et mattis mi parturient sagittis praesent morbi netus condimentum fermentum ullamcorper ligula ante molestie hac phasellus facilisi class mattis blandit urna ridiculus ante magnis sociosqu a. Aliquet turpis ligula eros ad parturient parturient malesuada penatibus aliquet mi adipiscing ad pulvinar cubilia scelerisque laoreet penatibus vivamus a a scelerisque. Parturient ad massa cum nisi senectus massa taciti vestibulum accumsan magna in parturient nibh odio. A mi velit erat ullamcorper rutrum lacus vestibulum donec sit duis maecenas nam hendrerit gravida sed turpis enim scelerisque senectus laoreet quam lectus id adipiscing.&nbsp;<\\/p>\\r\\n<p>Adipiscing parturient ad condimentum at a ac lacus montes rhoncus arcu vel condimentum magnis venenatis praesent sem scelerisque dis eleifend urna gravida a ullamcorper a nisi ullamcorper sed lacus. Natoque vel nullam curabitur eu sem eu purus suspendisse et accumsan scelerisque adipiscing sit adipiscing suspendisse consectetur lacinia sociis commodo vestibulum natoque egestas. Ut faucibus fringilla habitasse elementum odio euismod adipiscing varius massa in parturient a gravida nostra sit.&nbsp;<br><\\/p>\\r\\n<p>Facilisi parturient tempus parturient interdum leo dis ullamcorper scelerisque odio vulputate feugiat suspendisse a eu varius hac diam neque phasellus tempor. Aenean maecenas a neque sed a a tortor vestibulum ad eu aptent consectetur nullam tortor. Vestibulum facilisis pharetra imperdiet nullam rutrum sem suspendisse a litora a id eu lacinia elit mus morbi a in in sociosqu ad in id torquent sodales.<\\/p>\"}}},\"25\":[\"206\"],\"26\":\"Mary Jane Gocher\",\"27\":\"\"}}', '2017-08-31 14:04:55', '2017-08-31 14:04:55', '145bb472-2cd8-41d6-a6fe-107cc4d81303'),
 ('94', '221', '9', '1', 'en_us', '1', '', '{\"typeId\":null,\"authorId\":\"1\",\"title\":\"The Garden\",\"slug\":\"the-garden\",\"postDate\":null,\"expiryDate\":null,\"enabled\":0,\"parentId\":null,\"fields\":{\"28\":\"\",\"25\":\"\",\"26\":\"\",\"27\":\"\"}}', '2017-08-31 14:07:29', '2017-08-31 14:07:29', '0b513dad-4214-4dd7-9903-0278af2f8b2d'),
 ('95', '221', '9', '1', 'en_us', '2', '', '{\"typeId\":\"9\",\"authorId\":\"1\",\"title\":\"The Garden\",\"slug\":\"the-garden\",\"postDate\":1504189343,\"expiryDate\":null,\"enabled\":1,\"parentId\":null,\"fields\":{\"28\":{\"new1\":{\"type\":\"paragraph\",\"enabled\":\"1\",\"fields\":{\"text\":\"<p>Besides being an oasis of rest and comfort for one and all,&nbsp;the garden provides a small but significant ecological benefit for&nbsp;everyone. The wide expanse of plants, shrubs and trees offsets carbon&nbsp;emissions, and the peace and quiet of the garden offer relief from the&nbsp;city\\u2019s noise pollution.&nbsp;<\\/p><p>Birds stop by to dip their beaks in the fountain.&nbsp;During the week, it\\u2019s a popular lunch spot for people who work in the&nbsp;neighborhood, and on Sundays in warm weather, it\\u2019s the site of coffee hour. This past summer, the garden was enhanced with the generous gift&nbsp;of a young tree from a friend at the nearby James Hotel. Please stop by if&nbsp;you\\u2019re in the neighborhood. You will always be welcome here.<\\/p>\"}}},\"25\":[\"223\"],\"26\":\"\",\"27\":\"\"}}', '2017-08-31 14:22:23', '2017-08-31 14:22:23', 'c682cfd4-e152-4e1b-956e-56cc82d31b2a'),
 ('96', '221', '9', '1', 'en_us', '3', '', '{\"typeId\":\"9\",\"authorId\":\"1\",\"title\":\"The Garden\",\"slug\":\"the-garden\",\"postDate\":1504189320,\"expiryDate\":null,\"enabled\":1,\"parentId\":null,\"fields\":{\"28\":{\"224\":{\"type\":\"paragraph\",\"enabled\":\"1\",\"fields\":{\"text\":\"<p>Besides being an oasis of rest and comfort for one and all,&nbsp;the garden provides a small but significant ecological benefit for&nbsp;everyone. The wide expanse of plants, shrubs and trees offsets carbon&nbsp;emissions, and the peace and quiet of the garden offer relief from the&nbsp;city\\u2019s noise pollution.&nbsp;<\\/p>\\r\\n<p>Birds stop by to dip their beaks in the fountain.&nbsp;During the week, it\\u2019s a popular lunch spot for people who work in the&nbsp;neighborhood, and on Sundays in warm weather, it\\u2019s the site of coffee hour. This past summer, the garden was enhanced with the generous gift&nbsp;of a young tree from a friend at the nearby James Hotel. Please stop by if&nbsp;you\\u2019re in the neighborhood. You will always be welcome here.<\\/p>\"}}},\"25\":[\"223\"],\"26\":\"\",\"27\":\"\"}}', '2017-08-31 14:22:31', '2017-08-31 14:22:31', 'dfb7ed4b-72c9-42d5-ad0a-e210d18ede40'),
 ('97', '221', '9', '1', 'en_us', '4', '', '{\"typeId\":\"9\",\"authorId\":\"1\",\"title\":\"The Garden\",\"slug\":\"the-garden\",\"postDate\":1504189320,\"expiryDate\":null,\"enabled\":1,\"parentId\":null,\"fields\":{\"28\":{\"224\":{\"type\":\"paragraph\",\"enabled\":\"1\",\"fields\":{\"text\":\"<p>Besides being an oasis of rest and comfort for one and all,&nbsp;the garden provides a small but significant ecological benefit for&nbsp;everyone. The wide expanse of plants, shrubs and trees offsets carbon&nbsp;emissions, and the peace and quiet of the garden offer relief from the&nbsp;city\\u2019s noise pollution.&nbsp;<\\/p>\\r\\n<p>Birds stop by to dip their beaks in the fountain.&nbsp;During the week, it\\u2019s a popular lunch spot for people who work in the&nbsp;neighborhood, and on Sundays in warm weather, it\\u2019s the site of coffee hour. This past summer, the garden was enhanced with the generous gift&nbsp;of a young tree from a friend at the nearby James Hotel. Please stop by if&nbsp;you\\u2019re in the neighborhood. You will always be welcome here.<\\/p>\"}}},\"25\":[\"223\"],\"26\":\"Mary Jane Gocher\",\"27\":\"\"}}', '2017-08-31 14:23:40', '2017-08-31 14:23:40', 'b346dd7d-91cc-4541-9457-6bb1783d97a9'),
 ('98', '221', '9', '1', 'en_us', '5', '', '{\"typeId\":\"9\",\"authorId\":\"1\",\"title\":\"The Garden\",\"slug\":\"the-garden\",\"postDate\":1504189320,\"expiryDate\":null,\"enabled\":1,\"parentId\":null,\"fields\":{\"28\":{\"224\":{\"type\":\"paragraph\",\"enabled\":\"1\",\"fields\":{\"text\":\"<p>Besides being an oasis of rest and comfort for one and all,&nbsp;the garden provides a small but significant ecological benefit for&nbsp;everyone. The wide expanse of plants, shrubs and trees offsets carbon&nbsp;emissions, and the peace and quiet of the garden offer relief from the&nbsp;city\\u2019s noise pollution.&nbsp;<\\/p>\\r\\n<p>Birds stop by to dip their beaks in the fountain.&nbsp;During the week, it\\u2019s a popular lunch spot for people who work in the&nbsp;neighborhood, and on Sundays in warm weather, it\\u2019s the site of coffee hour. This past summer, the garden was enhanced with the generous gift&nbsp;of a young tree from a friend at the nearby James Hotel. Please stop by if&nbsp;you\\u2019re in the neighborhood. You will always be welcome here.<\\/p>\"}}},\"25\":[\"223\"],\"26\":\"Mary Jane Gocher\",\"27\":\"\"}}', '2017-08-31 14:23:49', '2017-08-31 14:23:49', '834857e0-3a81-4e9e-9506-cf254e5fee0c'),
 ('99', '221', '9', '1', 'en_us', '6', '', '{\"typeId\":\"9\",\"authorId\":\"1\",\"title\":\"The Garden\",\"slug\":\"the-garden\",\"postDate\":1503930120,\"expiryDate\":null,\"enabled\":1,\"parentId\":null,\"fields\":{\"28\":{\"224\":{\"type\":\"paragraph\",\"enabled\":\"1\",\"fields\":{\"text\":\"<p>Besides being an oasis of rest and comfort for one and all,&nbsp;the garden provides a small but significant ecological benefit for&nbsp;everyone. The wide expanse of plants, shrubs and trees offsets carbon&nbsp;emissions, and the peace and quiet of the garden offer relief from the&nbsp;city\\u2019s noise pollution.&nbsp;<\\/p>\\r\\n<p>Birds stop by to dip their beaks in the fountain.&nbsp;During the week, it\\u2019s a popular lunch spot for people who work in the&nbsp;neighborhood, and on Sundays in warm weather, it\\u2019s the site of coffee hour. This past summer, the garden was enhanced with the generous gift&nbsp;of a young tree from a friend at the nearby James Hotel. Please stop by if&nbsp;you\\u2019re in the neighborhood. You will always be welcome here.<\\/p>\"}}},\"25\":[\"223\"],\"26\":\"Mary Jane Gocher\",\"27\":\"\"}}', '2017-08-31 14:24:08', '2017-08-31 14:24:08', 'bd3a2f26-030e-44e9-833d-b76aaad99e36'),
 ('100', '87', '7', '1', 'en_us', '7', '', '{\"typeId\":\"7\",\"authorId\":\"1\",\"title\":\"Who We Are\",\"slug\":\"who-we-are\",\"postDate\":1503949200,\"expiryDate\":null,\"enabled\":1,\"parentId\":null,\"fields\":{\"3\":\"Who We Are\",\"13\":{\"88\":{\"type\":\"bioGroup\",\"enabled\":\"1\",\"fields\":{\"bioType\":\"Leadership\",\"individual\":[\"78\",\"76\"]}}},\"11\":[\"208\"],\"12\":\"<p>Consequat orci a cum suspendisse pretium orci dui dapibus ultricies nisi vulputate erat a dui. Ultricies enim a ut per egestas augue dis ad tellus mus a hac ac a scelerisque ullamcorper eupraesent quisque adipiscing. Erat purus ante habitasse mus interdum scelerisque a hac fermentum cum conguesuspendisse scelerisque auctor condimentum eu ipsum varius cursus a tempus aenean consectetur et a. Cubilia scelerisque ligula fusce a consequat vel fames a arcu mi nisl et at ultrices nunc. Sem inceptos sociosqu interdum adipiscing quis aliquam adipiscing vel taciti enim penatibus et ullamcorper venenatis.<\\/p>\",\"27\":\"\"}}', '2017-08-31 14:47:19', '2017-08-31 14:47:19', 'bef97cae-f97a-4be5-bfbe-9583f346c003'),
 ('101', '94', '9', '1', 'en_us', '30', '', '{\"typeId\":\"9\",\"authorId\":\"1\",\"title\":\"Good Things Come In Threes\",\"slug\":\"good-things-come-in-threes\",\"postDate\":1504084080,\"expiryDate\":null,\"enabled\":1,\"parentId\":null,\"fields\":{\"28\":{\"107\":{\"type\":\"paragraph\",\"enabled\":\"1\",\"fields\":{\"text\":\"<p>I was paging my way through <em>Holy Men, Holy Women<\\/em> on a fact-checking mission when I came across the entry for December 16<sup>th<\\/sup>.<\\/p>\\r\\n<p>\\r\\n<\\/p>\\r\\n<p>I was stunned to see that this day had been set apart to honor two architects and an artist whose work was represented here at Transfiguration:&nbsp; Ralph Adams Cram, designer of St. Thomas Church NYC and the nave of the Cathedral of St. John the Divine, Richard Upjohn, the designer of Trinity Church on Wall Street in lower Manhattan, and John Lafarge, painter of murals and designer of many notable stained glass windows.<\\/p>\\r\\n<p>\\r\\n<\\/p>\\r\\n<p><em>Holy Men, Holy Women<\\/em> encourages us to offer thanks for \\u201cthe vision of Ralph Adams Cram, John LaFarge and Richard Upjohn, whose harmonious revival of the Gothic enriched our churches with a sacramental understanding of reality in the face of secular materialism&hellip;\\u201d *<\\/p>\"}},\"111\":{\"type\":\"figure\",\"enabled\":\"1\",\"fields\":{\"image\":[\"211\"],\"altAttribute\":\"John LaFarge\\u2019s magnificent window depicting Edwin Booth\",\"caption\":\"<p>John LaFarge\\u2019s magnificent window depicting Edwin Booth<\\/p>\",\"enlarge\":\"1\",\"orientation\":\"vertical\"}},\"108\":{\"type\":\"paragraph\",\"enabled\":\"1\",\"fields\":{\"text\":\"<p><em>Holy Men, Holy Women<\\/em>&nbsp;encourages us to offer thanks for \\u201cthe vision of Ralph Adams Cram, John LaFarge and Richard Upjohn, whose harmonious revival of the Gothic enriched our churches with a sacramental understanding of reality in the face of secular materialism&hellip;\\u201d *<br><\\/p>\\r\\n<p>Ralph Adams Cram was the designer of our beautiful polychromed wood Madonna Shrine, located in the Transept. It was donated by Mr. F. E. Saxham Drury in memory of Elbridge T. Gerry and Mabel Gerry Drury.<br><\\/p>\\r\\n<p>Turn to your right, and there is John LaFarge\\u2019s magnificent window depicting Edwin Booth, the leading Shakespearean actor of his time, holding a mask and dressed in Greco-Roman costume.&nbsp; (Edwin Booth was the brother of the notorious John Wilkes Booth, President Lincoln\\u2019s assassin.) The window was given in his memory in 1898 by members of the Players Club, which he founded.<\\/p>\"}},\"123\":{\"type\":\"paragraph\",\"enabled\":\"1\",\"fields\":{\"text\":\"<p>Ralph Adams Cram was the designer of our beautiful polychromed wood Madonna Shrine, located in the Transept.&nbsp; It was donated by Mr. F. E. Saxham Drury in memory of Elbridge T. Gerry and Mabel Gerry Drury.<\\/p>\\r\\n<p>And a few steps away, near the chancel on the northeast side of the nave, stands Richard Upjohn\\u2019s beautiful and intricate brass filigree pulpit.<\\/p>\"}},\"122\":{\"type\":\"figure\",\"enabled\":\"1\",\"fields\":{\"image\":[\"216\"],\"altAttribute\":\"Richard Upjohn\\u2019s beautiful and intricate brass filigree pulpit\",\"caption\":\"<p>Richard Upjohn\\u2019s beautiful and intricate brass filigree pulpit<\\/p>\",\"enlarge\":\"1\",\"orientation\":\"horizontal\"}},\"126\":{\"type\":\"paragraph\",\"enabled\":\"1\",\"fields\":{\"text\":\"<p>How fortunate we are to have works by all three of these masters under the roof of the \\u201cLittle Church\\u201d.&nbsp; I will give thanks when December 16<sup>th<\\/sup>&nbsp;rolls around.<\\/p>\"}},\"218\":{\"type\":\"footnote\",\"enabled\":\"1\",\"fields\":{\"text\":\"<p><em>Holy Women, Holy Men: Celebrating the Saints<\\/em> by Church Publishing Incorporated<\\/p>\"}}},\"25\":[\"205\"],\"26\":\"Mary Jane Gocher\",\"27\":\"Corey Schneider\"}}', '2017-08-31 17:46:16', '2017-08-31 17:46:16', '20a51b86-7f0b-490d-9020-641575098196'),
 ('106', '234', '7', '1', 'en_us', '1', '', '{\"typeId\":null,\"authorId\":\"1\",\"title\":\"Our History\",\"slug\":\"our-history\",\"postDate\":1504211274,\"expiryDate\":null,\"enabled\":1,\"parentId\":null,\"fields\":{\"3\":\"\",\"13\":\"\",\"11\":\"\",\"12\":\"\",\"27\":\"\"}}', '2017-08-31 20:27:54', '2017-08-31 20:27:54', '786f6212-5de0-4013-978f-5ddf602d70d1'),
 ('107', '234', '7', '1', 'en_us', '2', '', '{\"typeId\":\"7\",\"authorId\":\"1\",\"title\":\"Our History\",\"slug\":\"our-history\",\"postDate\":1504211220,\"expiryDate\":null,\"enabled\":1,\"parentId\":null,\"fields\":{\"3\":\"\",\"13\":{\"new1\":{\"type\":\"generalSection\",\"enabled\":\"1\",\"fields\":{\"text\":\"<h2>Sem inceptos sociosqu interdum<\\/h2>\\r\\n<p>Consequat orci a cum suspendisse pretium orci dui dapibus ultricies nisi vulputate erat a dui. Ultricies enim a ut per egestas augue dis ad tellus mus a hac ac a scelerisque ullamcorper eupraesent quisque adipiscing. Erat purus ante habitasse mus interdum scelerisque a hac fermentum cum conguesuspendisse scelerisque auctor condimentum eu ipsum varius cursus a tempus aenean consectetur et a. Cubilia scelerisque ligula fusce a consequat vel fames a arcu mi nisl et at ultrices nunc. Sem inceptos sociosqu interdum adipiscing quis aliquam adipiscing vel taciti enim penatibus et ullamcorper venenatis.<\\/p>\"}}},\"11\":[\"235\"],\"12\":\"<p>Consequat orci a cum suspendisse pretium orci dui dapibus ultricies nisi vulputate erat a dui. Ultricies enim a ut per egestas augue dis ad tellus mus a hac ac a scelerisque ullamcorper eupraesent quisque adipiscing. Erat purus ante habitasse mus interdum scelerisque a hac fermentum cum conguesuspendisse scelerisque auctor condimentum eu ipsum varius cursus a tempus aenean consectetur et a. Cubilia scelerisque ligula fusce a consequat vel fames a arcu mi nisl et at ultrices nunc. Sem inceptos sociosqu interdum adipiscing quis aliquam adipiscing vel taciti enim penatibus et ullamcorper venenatis.<\\/p>\",\"27\":\"\"}}', '2017-08-31 20:29:51', '2017-08-31 20:29:51', 'f1490147-cd5d-489e-9e63-ed33f864329a');
INSERT INTO `craft_entryversions` (`id`, `entryId`, `sectionId`, `creatorId`, `locale`, `num`, `notes`, `data`, `dateCreated`, `dateUpdated`, `uid`) VALUES
 ('108', '239', '7', '1', 'en_us', '1', '', '{\"typeId\":null,\"authorId\":\"1\",\"title\":\"Parish Life\",\"slug\":\"parish-life\",\"postDate\":1504211776,\"expiryDate\":null,\"enabled\":1,\"parentId\":null,\"fields\":{\"3\":\"\",\"13\":{\"new1\":{\"type\":\"generalSection\",\"enabled\":\"1\",\"fields\":{\"text\":\"<p><span class=\\\"aBn\\\" data-term=\\\"goog_1238699488\\\" tabindex=\\\"0\\\">Sunday<\\/span>&nbsp;Coffee Hours also afford parishioners and newcomers opportunities to interact and to build relationships that often result in invitations to break bread or to take advantage of the many cultural events in New York.&nbsp; Fundraisers, like our Spring Music Gala, are also a great way to interact with fellow parishioners and to enjoy the talent and hospitality of our parish.<\\/p>\\r\\n<p>Sign up for our&nbsp;<a href=\\\"http:\\/\\/lc-craft\\/grace\\/entries\\/about\\/new#\\\">weekly&nbsp;Friday&nbsp;blasts<\\/a>&nbsp;and check&nbsp;<a href=\\\"http:\\/\\/lc-craft\\/grace\\/entries\\/about\\/new#\\\">our calendar<\\/a><span class=\\\"redactor-unlink\\\"><\\/span>&nbsp;for upcoming events and opportunities to participate in the robust Parish Life of Church of the Transfiguration.<\\/p><p><\\/p>\"}}},\"11\":[\"238\"],\"12\":\"<p>Building community is an important part of Church of the Transfiguration both spiritually and socially.&nbsp; Many of our parishioners gather each week&nbsp;<span class=\\\"aBn\\\" data-term=\\\"goog_1238699486\\\" tabindex=\\\"0\\\"><span class=\\\"aQJ\\\">on Thursday<\\/span><\\/span>&nbsp;to participate in worship and Bible Study, while others enjoy going to a local restaurant after&nbsp;<span class=\\\"aBn\\\" data-term=\\\"goog_1238699487\\\" tabindex=\\\"0\\\"><span class=\\\"aQJ\\\">Sunday<\\/span><\\/span>&nbsp;mass to enjoy brunch and social fellowship.<\\/p>\",\"27\":\"\"}}', '2017-08-31 20:36:16', '2017-08-31 20:36:16', '36f59dec-6af5-47d9-95b9-6ca6cfad0339'),
 ('109', '239', '7', '1', 'en_us', '2', '', '{\"typeId\":\"7\",\"authorId\":\"1\",\"title\":\"Parish Life\",\"slug\":\"parish-life\",\"postDate\":1504211760,\"expiryDate\":null,\"enabled\":1,\"parentId\":null,\"fields\":{\"3\":\"\",\"13\":{\"240\":{\"type\":\"generalSection\",\"enabled\":\"1\",\"fields\":{\"text\":\"<p>Sunday&nbsp;Coffee Hours also afford parishioners and newcomers opportunities to interact and to build relationships that often result in invitations to break bread or to take advantage of the many cultural events in New York.&nbsp; Fundraisers, like our Spring Music Gala, are also a great way to interact with fellow parishioners and to enjoy the talent and hospitality of our parish.<\\/p>\\r\\n<p>Sign up for our&nbsp;<a href=\\\"http:\\/\\/lc-craft\\/grace\\/entries\\/about\\/new#\\\">weekly&nbsp;Friday&nbsp;blasts<\\/a>&nbsp;and check&nbsp;<a href=\\\"http:\\/\\/lc-craft\\/grace\\/entries\\/about\\/new#\\\">our calendar<\\/a>&nbsp;for upcoming events and opportunities to participate in the robust Parish Life of Church of the Transfiguration.<\\/p>\"}}},\"11\":[\"238\"],\"12\":\"<p>Building community is an important part of Church of the Transfiguration both spiritually and socially.&nbsp; Many of our parishioners gather each week&nbsp;on Thursday&nbsp;to participate in worship and Bible Study, while others enjoy going to a local restaurant after&nbsp;Sunday&nbsp;mass to enjoy brunch and social fellowship.<\\/p>\",\"27\":\"\"}}', '2017-08-31 20:36:25', '2017-08-31 20:36:25', '61b48381-b8a9-401c-8832-267fd4ae7993'),
 ('110', '239', '7', '1', 'en_us', '3', '', '{\"typeId\":\"7\",\"authorId\":\"1\",\"title\":\"Parish Life\",\"slug\":\"parish-life\",\"postDate\":1504211760,\"expiryDate\":null,\"enabled\":1,\"parentId\":null,\"fields\":{\"3\":\"\",\"13\":{\"240\":{\"type\":\"generalSection\",\"enabled\":\"1\",\"fields\":{\"text\":\"<p>Sunday&nbsp;Coffee Hours also afford parishioners and newcomers opportunities to interact and to build relationships that often result in invitations to break bread or to take advantage of the many cultural events in New York.&nbsp; Fundraisers, like our Spring Music Gala, are also a great way to interact with fellow parishioners and to enjoy the talent and hospitality of our parish.<\\/p>\\r\\n<p>Sign up for our&nbsp;<a href=\\\"http:\\/\\/lc-craft\\/grace\\/entries\\/about\\/new#\\\">weekly&nbsp;Friday&nbsp;blasts<\\/a>&nbsp;and check&nbsp;<a href=\\\"http:\\/\\/lc-craft\\/grace\\/entries\\/about\\/new#\\\">our calendar<\\/a>&nbsp;for upcoming events and opportunities to participate in the robust Parish Life of Church of the Transfiguration.<\\/p>\"}}},\"11\":[\"238\"],\"12\":\"<p>Building community is an important part of Church of the Transfiguration both spiritually and socially.&nbsp; Many of our parishioners gather each week&nbsp;on Thursday&nbsp;to participate in worship and Bible Study, while others enjoy going to a local restaurant after&nbsp;Sunday&nbsp;mass to enjoy brunch and social fellowship.<\\/p>\",\"27\":\"\"}}', '2017-08-31 20:52:38', '2017-08-31 20:52:38', '9ac9424a-5aae-456e-94fd-3b16f2a91fc9'),
 ('111', '239', '7', '1', 'en_us', '4', '', '{\"typeId\":\"7\",\"authorId\":\"1\",\"title\":\"Parish Life\",\"slug\":\"parish-life\",\"postDate\":1504211760,\"expiryDate\":null,\"enabled\":1,\"parentId\":null,\"fields\":{\"3\":\"\",\"13\":{\"240\":{\"type\":\"generalSection\",\"enabled\":\"1\",\"fields\":{\"text\":\"<p>Sunday&nbsp;Coffee Hours also afford parishioners and newcomers opportunities to interact and to build relationships that often result in invitations to break bread or to take advantage of the many cultural events in New York.&nbsp; Fundraisers, like our Spring Music Gala, are also a great way to interact with fellow parishioners and to enjoy the talent and hospitality of our parish.<\\/p>\\r\\n<p>Sign up for our&nbsp;<a href=\\\"http:\\/\\/lc-craft\\/grace\\/entries\\/about\\/new#\\\">weekly&nbsp;Friday&nbsp;blasts<\\/a>&nbsp;and check&nbsp;<a href=\\\"http:\\/\\/lc-craft\\/grace\\/entries\\/about\\/new#\\\">our calendar<\\/a>&nbsp;for upcoming events and opportunities to participate in the robust Parish Life of Church of the Transfiguration.<\\/p>\"}}},\"11\":[\"238\"],\"12\":\"<p>Building community is an important part of Church of the Transfiguration both spiritually and socially.&nbsp; Many of our parishioners gather each week&nbsp;on Thursday&nbsp;to participate in worship and Bible Study, while others enjoy going to a local restaurant after&nbsp;Sunday&nbsp;mass to enjoy brunch and social fellowship.<\\/p>\",\"27\":\"\"}}', '2017-08-31 20:54:45', '2017-08-31 20:54:45', '8902f01d-22ef-40e1-9195-7e28890de752'),
 ('112', '239', '7', '1', 'en_us', '5', '', '{\"typeId\":\"7\",\"authorId\":\"1\",\"title\":\"Parish Life\",\"slug\":\"parish-life\",\"postDate\":1504211760,\"expiryDate\":null,\"enabled\":1,\"parentId\":null,\"fields\":{\"3\":\"\",\"13\":{\"240\":{\"type\":\"generalSection\",\"enabled\":\"1\",\"fields\":{\"text\":\"<p>Sunday&nbsp;Coffee Hours also afford parishioners and newcomers opportunities to interact and to build relationships that often result in invitations to break bread or to take advantage of the many cultural events in New York. Fundraisers, like our Spring Music Gala, are also a great way to interact with fellow parishioners and to enjoy the talent and hospitality of our parish.<\\/p>\\r\\n<p>Sign up for our&nbsp;<a href=\\\"http:\\/\\/lc-craft\\/grace\\/entries\\/about\\/new#\\\">weekly&nbsp;Friday&nbsp;blasts<\\/a>&nbsp;and check&nbsp;<a href=\\\"http:\\/\\/lc-craft\\/grace\\/entries\\/about\\/new#\\\">our calendar<\\/a>&nbsp;for upcoming events and opportunities to participate in the robust Parish Life of Church of the Transfiguration.<\\/p>\"}}},\"11\":[\"238\"],\"12\":\"<p>Building community is an important part of Church of the Transfiguration both spiritually and socially. Many of our parishioners gather each week&nbsp;on Thursday&nbsp;to participate in worship and Bible Study, while others enjoy going to a local restaurant after&nbsp;Sunday&nbsp;mass to enjoy brunch and social fellowship.<\\/p>\",\"27\":\"\"}}', '2017-09-01 09:33:22', '2017-09-01 09:33:22', '291dbd98-854f-43fe-9e04-8964839fbc55'),
 ('113', '244', '10', '1', 'en_us', '1', '', '{\"typeId\":null,\"authorId\":\"1\",\"title\":\"Whorship Schedule\",\"slug\":\"whorship-schedule\",\"postDate\":1504260795,\"expiryDate\":null,\"enabled\":1,\"parentId\":null,\"fields\":{\"3\":\"\",\"13\":{\"new1\":{\"type\":\"generalSection\",\"enabled\":\"1\",\"fields\":{\"text\":\"<p>At the center of our worship is emphasis on both Word and Table. Little Church clergy are considered <a href=\\\"#\\\">excellent preachers<\\/a>&nbsp;who connect lectionary readings with Biblical context and current challenges with a smattering of personal stories and humor. Transfiguration acolytes do an extraordinary job in ensuring the Eucharist is celebrated with majesty and dignity, and the authentic expertise of <a href=\\\"#\\\">our choirs<\\/a>&nbsp;draws worshippers closer to the love of Jesus Christ through some of the most beloved hymns of the Church.<\\/p>\\r\\n<p>Below is the current worship schedule. Please consider joining us!<\\/p>\"}}},\"11\":[\"243\"],\"12\":\"<p>The cornerstone of Transfiguration\\u2019s spirituality is how we express and demonstrate God\\u2019s inclusive love through liturgy, music and worship. As an Anglo-Catholic parish, Transfiguration honors traditional liturgy with a full complement of meaningful preaching and music.<\\/p>\",\"27\":\"\"}}', '2017-09-01 10:13:16', '2017-09-01 10:13:16', '9a72c2e3-7c7c-48d6-a7c6-7f88e7bbb276'),
 ('114', '244', '10', '1', 'en_us', '2', '', '{\"typeId\":\"10\",\"authorId\":\"1\",\"title\":\"Worship Schedule\",\"slug\":\"whorship-schedule\",\"postDate\":1504260780,\"expiryDate\":null,\"enabled\":1,\"parentId\":null,\"fields\":{\"3\":\"\",\"13\":{\"245\":{\"type\":\"generalSection\",\"enabled\":\"1\",\"fields\":{\"text\":\"<p>At the center of our worship is emphasis on both Word and Table. Little Church clergy are considered <a href=\\\"#\\\">excellent preachers<\\/a>&nbsp;who connect lectionary readings with Biblical context and current challenges with a smattering of personal stories and humor. Transfiguration acolytes do an extraordinary job in ensuring the Eucharist is celebrated with majesty and dignity, and the authentic expertise of <a href=\\\"#\\\">our choirs<\\/a>&nbsp;draws worshippers closer to the love of Jesus Christ through some of the most beloved hymns of the Church.<\\/p>\\r\\n<p>Below is the current worship schedule. Please consider joining us!<\\/p>\"}}},\"11\":[\"243\"],\"12\":\"<p>The cornerstone of Transfiguration\\u2019s spirituality is how we express and demonstrate God\\u2019s inclusive love through liturgy, music and worship. As an Anglo-Catholic parish, Transfiguration honors traditional liturgy with a full complement of meaningful preaching and music.<\\/p>\",\"27\":\"\"}}', '2017-09-01 10:13:37', '2017-09-01 10:13:37', '2af9c9cc-81ac-444d-89f7-b95224281972'),
 ('115', '244', '10', '1', 'en_us', '3', '', '{\"typeId\":\"10\",\"authorId\":\"1\",\"title\":\"Worship Schedule\",\"slug\":\"worship-schedule\",\"postDate\":1504260780,\"expiryDate\":null,\"enabled\":1,\"parentId\":null,\"fields\":{\"3\":\"\",\"13\":{\"245\":{\"type\":\"generalSection\",\"enabled\":\"1\",\"fields\":{\"text\":\"<p>At the center of our worship is emphasis on both Word and Table. Little Church clergy are considered <a href=\\\"#\\\">excellent preachers<\\/a>&nbsp;who connect lectionary readings with Biblical context and current challenges with a smattering of personal stories and humor. Transfiguration acolytes do an extraordinary job in ensuring the Eucharist is celebrated with majesty and dignity, and the authentic expertise of <a href=\\\"#\\\">our choirs<\\/a>&nbsp;draws worshippers closer to the love of Jesus Christ through some of the most beloved hymns of the Church.<\\/p>\\r\\n<p>Below is the current worship schedule. Please consider joining us!<\\/p>\"}}},\"11\":[\"243\"],\"12\":\"<p>The cornerstone of Transfiguration\\u2019s spirituality is how we express and demonstrate God\\u2019s inclusive love through liturgy, music and worship. As an Anglo-Catholic parish, Transfiguration honors traditional liturgy with a full complement of meaningful preaching and music.<\\/p>\",\"27\":\"\"}}', '2017-09-01 10:13:45', '2017-09-01 10:13:45', '35f826fc-7a14-4b68-b763-04d6bdf4e1f6'),
 ('116', '244', '10', '1', 'en_us', '4', '', '{\"typeId\":\"10\",\"authorId\":\"1\",\"title\":\"Worship Schedule\",\"slug\":\"worship-schedule\",\"postDate\":1504260780,\"expiryDate\":null,\"enabled\":1,\"parentId\":null,\"fields\":{\"3\":\"\",\"13\":{\"245\":{\"type\":\"generalSection\",\"enabled\":\"1\",\"fields\":{\"text\":\"<p>At the center of our worship is emphasis on both Word and Table. Little Church clergy are considered <a href=\\\"#\\\">excellent preachers<\\/a>&nbsp;who connect lectionary readings with Biblical context and current challenges with a smattering of personal stories and humor. Transfiguration acolytes do an extraordinary job in ensuring the Eucharist is celebrated with majesty and dignity, and the authentic expertise of <a href=\\\"#\\\">our choirs<\\/a>&nbsp;draws worshippers closer to the love of Jesus Christ through some of the most beloved hymns of the Church.<\\/p>\\r\\n<p>Below is the current worship schedule. Please consider joining us!<\\/p>\"}}},\"11\":[\"243\"],\"12\":\"<p>The cornerstone of Transfiguration\\u2019s spirituality is how we express and demonstrate God\\u2019s inclusive love through liturgy, music and worship. As an Anglo-Catholic parish, Transfiguration honors traditional liturgy with a full complement of meaningful preaching and music.<\\/p>\",\"27\":\"\"}}', '2017-09-01 10:13:52', '2017-09-01 10:13:52', 'ebadf824-1e08-4abc-93df-29ac63bbc34c'),
 ('117', '234', '7', '1', 'en_us', '3', '', '{\"typeId\":\"7\",\"authorId\":\"1\",\"title\":\"Our History\",\"slug\":\"our-history\",\"postDate\":1504211220,\"expiryDate\":null,\"enabled\":1,\"parentId\":null,\"fields\":{\"3\":\"\",\"13\":{\"236\":{\"type\":\"generalSection\",\"enabled\":\"1\",\"fields\":{\"text\":\"<h2>The Civil War<\\/h2><p><span class=\\\"s1\\\" <the=\\\"\\\" parish=\\\"\\\" had=\\\"\\\" only=\\\"\\\" been=\\\"\\\" established=\\\"\\\" for=\\\"\\\" a=\\\"\\\" few=\\\"\\\" years,=\\\"\\\" when=\\\"\\\" the=\\\"\\\" civil=\\\"\\\" war=\\\"\\\" broke=\\\"\\\" out.=\\\"\\\">span class=\\\"Apple-converted-space\\\"&gt;&nbsp; <\\/span>During this time, the church was a stop on the Underground Railroad, sheltering escaped slaves on their journey north.<span class=\\\"Apple-converted-space\\\">&nbsp; <\\/span>It was a place of refuge for African Americans during the New York Draft Riots of 1863 --three days of lawlessness, destruction, bloodshed, and lynchings.<\\/p>\\r\\n\"}}},\"11\":[\"235\"],\"12\":\"<p><span class=\\\"s1\\\">The Civil War<\\/span><\\/p><p><span class=\\\"s1\\\">The parish had only been established for a few years, when the Civil War broke out. &nbsp;During this time, the church was a stop on the Underground Railroad, sheltering escaped slaves on their journey north. &nbsp;It was a place of refuge for African Americans during the New York Draft Riots of 1863&mdash;three days of lawlessness, destruction, bloodshed, and lynchings.<\\/span><\\/p>\",\"27\":\"\"}}', '2017-09-04 20:45:14', '2017-09-04 20:45:14', 'd5110712-b60e-41f0-beee-cf09830639dd'),
 ('118', '234', '7', '1', 'en_us', '4', '', '{\"typeId\":\"7\",\"authorId\":\"1\",\"title\":\"A Brief History\",\"slug\":\"our-history\",\"postDate\":1504211220,\"expiryDate\":null,\"enabled\":1,\"parentId\":null,\"fields\":{\"3\":\"\",\"13\":{\"236\":{\"type\":\"generalSection\",\"enabled\":\"1\",\"fields\":{\"text\":\"<h2>The Civil War<\\/h2>\\r\\n<p>span class=\\\"Apple-converted-space\\\"&gt;&nbsp; During this time, the church was a stop on the Underground Railroad, sheltering escaped slaves on their journey north.&nbsp; It was a place of refuge for African Americans during the New York Draft Riots of 1863 --three days of lawlessness, destruction, bloodshed, and lynchings.<\\/p>\"}}},\"11\":[\"235\"],\"12\":\"<p>Church of the Transfiguration parish was founded in 1848. &nbsp;The building itself dates from 1850; it was made a national landmark in 1973. &nbsp;The founder, the Rev. Dr. George Hendric Houghton wanted to build a church that would serve the needs of the poor and marginalized, and would welcome all regardless of race, class or background.<\\/p>\",\"27\":\"\"}}', '2017-09-04 20:47:46', '2017-09-04 20:47:46', '08a3212e-6f8b-4df0-aa41-d81e9749f0bd'),
 ('119', '234', '7', '1', 'en_us', '5', '', '{\"typeId\":\"7\",\"authorId\":\"1\",\"title\":\"A Brief History\",\"slug\":\"our-history\",\"postDate\":1504211220,\"expiryDate\":null,\"enabled\":1,\"parentId\":null,\"fields\":{\"3\":\"\",\"13\":{\"236\":{\"type\":\"generalSection\",\"enabled\":\"1\",\"fields\":{\"text\":\"<h2>The Civil War<\\/h2><p>The parish had only been established for a few years, when the Civil War broke out. &nbsp;During this time, the church was a stop on the Underground Railroad, sheltering escaped slaves on their journey north. &nbsp;It was a place of refuge for African Americans during the New York Draft Riots of 1863&mdash;three days of lawlessness, destruction, bloodshed, and lynchings<\\/p>\"}}},\"11\":[\"235\"],\"12\":\"<p>Church of the Transfiguration parish was founded in 1848. &nbsp;The building itself dates from 1850; it was made a national landmark in 1973. &nbsp;The founder, the Rev. Dr. George Hendric Houghton wanted to build a church that would serve the needs of the poor and marginalized, and would welcome all regardless of race, class or background.<\\/p>\",\"27\":\"\"}}', '2017-09-04 20:48:57', '2017-09-04 20:48:57', 'be909ff5-c873-4568-86b3-f9da956a2419'),
 ('120', '234', '7', '1', 'en_us', '6', '', '{\"typeId\":\"7\",\"authorId\":\"1\",\"title\":\"A Brief History\",\"slug\":\"our-history\",\"postDate\":1504211220,\"expiryDate\":null,\"enabled\":1,\"parentId\":null,\"fields\":{\"3\":\"\",\"13\":{\"236\":{\"type\":\"generalSection\",\"enabled\":\"1\",\"fields\":{\"text\":\"<h2>The Civil War<\\/h2>\\r\\n<p>The parish had only been established for a few years, when the Civil War broke out. &nbsp;During this time, the church was a stop on the Underground Railroad, sheltering escaped slaves on their journey north. It was a place of refuge for African Americans during the New York Draft Riots of 1863&mdash;three days of lawlessness, destruction, bloodshed, and lynchings.<\\/p>\"}}},\"11\":[\"235\"],\"12\":\"<p>Church of the Transfiguration parish was founded in 1848. &nbsp;The building itself dates from 1850; it was made a national landmark in 1973. &nbsp;The founder, the Rev. Dr. George Hendric Houghton wanted to build a church that would serve the needs of the poor and marginalized, and would welcome all regardless of race, class or background.<\\/p>\",\"27\":\"\"}}', '2017-09-04 20:49:59', '2017-09-04 20:49:59', '8913e68a-4e85-49aa-ba36-8cd9403f8a05'),
 ('121', '234', '7', '1', 'en_us', '7', '', '{\"typeId\":\"7\",\"authorId\":\"1\",\"title\":\"A Brief History\",\"slug\":\"our-history\",\"postDate\":1504211220,\"expiryDate\":null,\"enabled\":1,\"parentId\":null,\"fields\":{\"3\":\"\",\"13\":{\"236\":{\"type\":\"generalSection\",\"enabled\":\"1\",\"fields\":{\"text\":\"<h2>The Civil War<\\/h2>\\r\\n<p>The parish had only been established for a few years, when the Civil War broke out. &nbsp;During this time, the church was a stop on the Underground Railroad, sheltering escaped slaves on their journey north. It was a place of refuge for African Americans during the New York Draft Riots of 1863&mdash;three days of lawlessness, destruction, bloodshed, and lynchings.<\\/p><h2>The Nickname<\\/h2><p>A few days before Christmas in 1890, Joseph Jefferson, an actor renowned for his portrayal of Rip Van Winkle, approached the rector of the now-defunct Church of the Atonement to request a funeral for his friend and fellow actor, George Holland. &nbsp;Upon learning that the deceased was an actor, the rector refused to hold a funeral for the man in his church. &nbsp;Joseph Jefferson persisted, and asked if there was a church in the area that would hold services for his friend. &nbsp;The rector said, \\u201cI believe there is a little church around the corner where it might be done.\\u201d &nbsp;Jefferson replied,&nbsp;<\\/p><blockquote>\\u201cThen I say to you, sir, God bless the little church around the corner.\\u201d<\\/blockquote>\"}}},\"11\":[\"235\"],\"12\":\"<blockquote>Church of the Transfiguration parish was founded in 1848. &nbsp;The building itself dates from 1850; it was made a national landmark in 1973. &nbsp;The founder, the Rev. Dr. George Hendric Houghton wanted to build a church that would serve the needs of the poor and marginalized, and would welcome all regardless of race, class or background.<\\/blockquote>\",\"27\":\"\"}}', '2017-09-04 20:51:38', '2017-09-04 20:51:38', '88ca2061-8b85-4ebd-be90-86faac1ad8fe'),
 ('122', '234', '7', '1', 'en_us', '8', '', '{\"typeId\":\"7\",\"authorId\":\"1\",\"title\":\"A Brief History\",\"slug\":\"our-history\",\"postDate\":1504211220,\"expiryDate\":null,\"enabled\":1,\"parentId\":null,\"fields\":{\"3\":\"\",\"13\":{\"236\":{\"type\":\"generalSection\",\"enabled\":\"1\",\"fields\":{\"text\":\"<h2>The Civil War<\\/h2>\\r\\n<p>The parish had only been established for a few years, when the Civil War broke out. &nbsp;During this time, the church was a stop on the Underground Railroad, sheltering escaped slaves on their journey north. It was a place of refuge for African Americans during the New York Draft Riots of 1863&mdash;three days of lawlessness, destruction, bloodshed, and lynchings.<\\/p>\\r\\n<h2>The Nickname<\\/h2>\\r\\n<p>A few days before Christmas in 1890, Joseph Jefferson, an actor renowned for his portrayal of Rip Van Winkle, approached the rector of the now-defunct Church of the Atonement to request a funeral for his friend and fellow actor, George Holland. &nbsp;Upon learning that the deceased was an actor, the rector refused to hold a funeral for the man in his church. &nbsp;Joseph Jefferson persisted, and asked if there was a church in the area that would hold services for his friend. &nbsp;The rector said, \\u201cI believe there is a little church around the corner where it might be done.\\u201d &nbsp;Jefferson replied,&nbsp;<\\/p>\\r\\n<blockquote>\\u201cThen I say to you, sir, God bless the little church around the corner.\\u201d<\\/blockquote>\"}}},\"11\":[\"235\"],\"12\":\"<p>Church of the Transfiguration parish was founded in 1848. &nbsp;The building itself dates from 1850; it was made a national landmark in 1973. &nbsp;The founder, the Rev. Dr. George Hendric Houghton wanted to build a church that would serve the needs of the poor and marginalized, and would welcome all regardless of race, class or background.<\\/p>\",\"27\":\"\"}}', '2017-09-04 20:51:54', '2017-09-04 20:51:54', '5b23d52a-f7c1-4ee3-930f-8a473ebee53c'),
 ('123', '234', '7', '1', 'en_us', '9', '', '{\"typeId\":\"7\",\"authorId\":\"1\",\"title\":\"A Brief History\",\"slug\":\"our-history\",\"postDate\":1504211220,\"expiryDate\":null,\"enabled\":1,\"parentId\":null,\"fields\":{\"3\":\"\",\"13\":{\"236\":{\"type\":\"generalSection\",\"enabled\":\"1\",\"fields\":{\"text\":\"<h2>The Civil War<\\/h2>\\r\\n<p>The parish had only been established for a few years, when the Civil War broke out. During this time, the church was a stop on the Underground Railroad, sheltering escaped slaves on their journey north. It was a place of refuge for African Americans during the New York Draft Riots of 1863&mdash;three days of lawlessness, destruction, bloodshed, and lynchings.<\\/p>\\r\\n<h2>The Nickname<\\/h2>\\r\\n<p>A few days before Christmas in 1890, Joseph Jefferson, an actor renowned for his portrayal of Rip Van Winkle, approached the rector of the now-defunct Church of the Atonement to request a funeral for his friend and fellow actor, George Holland. &nbsp;Upon learning that the deceased was an actor, the rector refused to hold a funeral for the man in his church. Joseph Jefferson persisted, and asked if there was a church in the area that would hold services for his friend. The rector said, \\u201cI believe there is a little church around the corner where it might be done.\\u201d Jefferson replied,&nbsp;<\\/p>\\r\\n<blockquote>\\u201cThen I say to you, sir, God bless the little church around the corner.\\u201d<\\/blockquote>\"}}},\"11\":[\"235\"],\"12\":\"<p>Church of the Transfiguration parish was founded in 1848. The building itself dates from 1850; it was made a national landmark in 1973. The founder, the Rev. Dr. George Hendric Houghton wanted to build a church that would serve the needs of the poor and marginalized, and would welcome all regardless of race, class or background.<\\/p>\",\"27\":\"\"}}', '2017-09-04 20:54:34', '2017-09-04 20:54:34', 'ef38c97e-e72c-4a84-bcf7-2d5d1aebabf0'),
 ('124', '234', '7', '1', 'en_us', '10', '', '{\"typeId\":\"7\",\"authorId\":\"1\",\"title\":\"A Brief History\",\"slug\":\"our-history\",\"postDate\":1504211220,\"expiryDate\":null,\"enabled\":1,\"parentId\":null,\"fields\":{\"3\":\"\",\"13\":{\"236\":{\"type\":\"generalSection\",\"enabled\":\"1\",\"fields\":{\"text\":\"<h2>The Civil War<\\/h2>\\r\\n<p>The parish had only been established for a few years, when the Civil War broke out. During this time, the church was a stop on the Underground Railroad, sheltering escaped slaves on their journey north. It was a place of refuge for African Americans during the New York Draft Riots of 1863&mdash;three days of lawlessness, destruction, bloodshed, and lynchings.<\\/p>\\r\\n<h2>The Nickname<\\/h2>\\r\\n<p>A few days before Christmas in 1890, Joseph Jefferson, an actor renowned for his portrayal of Rip Van Winkle, approached the rector of the now-defunct Church of the Atonement to request a funeral for his friend and fellow actor, George Holland. &nbsp;Upon learning that the deceased was an actor, the rector refused to hold a funeral for the man in his church. Joseph Jefferson persisted, and asked if there was a church in the area that would hold services for his friend. The rector said, \\u201cI believe there is a little church around the corner where it might be done.\\u201d Jefferson replied,&nbsp;<\\/p>\\r\\n<blockquote>\\u201cThen I say to you, sir, God bless the little church around the corner.\\u201d<\\/blockquote>\"}},\"new1\":{\"type\":\"figureFull\",\"enabled\":\"1\",\"fields\":{\"image\":[\"204\"],\"altAttribute\":\"\",\"caption\":\"\",\"credit\":\"\"}}},\"11\":[\"235\"],\"12\":\"<p>Church of the Transfiguration parish was founded in 1848. The building itself dates from 1850; it was made a national landmark in 1973. The founder, the Rev. Dr. George Hendric Houghton wanted to build a church that would serve the needs of the poor and marginalized, and would welcome all regardless of race, class or background.<\\/p>\",\"27\":\"\"}}', '2017-09-04 20:55:33', '2017-09-04 20:55:33', '9859281b-6119-4454-ac63-52f3b4b65fe5'),
 ('125', '234', '7', '1', 'en_us', '11', '', '{\"typeId\":\"7\",\"authorId\":\"1\",\"title\":\"A Brief History\",\"slug\":\"our-history\",\"postDate\":1504211220,\"expiryDate\":null,\"enabled\":1,\"parentId\":null,\"fields\":{\"3\":\"\",\"13\":{\"236\":{\"type\":\"generalSection\",\"enabled\":\"1\",\"fields\":{\"text\":\"<h2>The Civil War<\\/h2>\\r\\n<p>The parish had only been established for a few years, when the Civil War broke out. During this time, the church was a stop on the Underground Railroad, sheltering escaped slaves on their journey north. It was a place of refuge for African Americans during the New York Draft Riots of 1863&mdash;three days of lawlessness, destruction, bloodshed, and lynchings.<\\/p>\\r\\n<h2>The Nickname<\\/h2>\\r\\n<p>A few days before Christmas in 1890, Joseph Jefferson, an actor renowned for his portrayal of Rip Van Winkle, approached the rector of the now-defunct Church of the Atonement to request a funeral for his friend and fellow actor, George Holland. &nbsp;Upon learning that the deceased was an actor, the rector refused to hold a funeral for the man in his church. Joseph Jefferson persisted, and asked if there was a church in the area that would hold services for his friend. The rector said, \\u201cI believe there is a little church around the corner where it might be done.\\u201d Jefferson replied,&nbsp;<\\/p>\\r\\n<blockquote>\\u201cThen I say to you, sir, God bless the little church around the corner.\\u201d<\\/blockquote>\"}},\"269\":{\"type\":\"figureFull\",\"enabled\":\"1\",\"fields\":{\"image\":[\"204\"],\"altAttribute\":\"\",\"caption\":\"\",\"credit\":\"\"}},\"new1\":{\"type\":\"generalSection\",\"enabled\":\"1\",\"fields\":{\"text\":\"<p>The Theatre<\\/p>\\r\\n<p><span class=\\\"s1\\\">To this day, the church maintains close ties with the theater. It has served as the national headquarters of the Episcopal Actors\' Guild since its&nbsp;<\\/span>founding in 1923, by the third rector, Dr. Randolph Ray.<\\/p>\\r\\n<p><span class=\\\"s1\\\"><\\/span>\\r\\n<\\/p>\\r\\n<h2>Weddings<\\/h2><p>Our historic buildings and lovely garden have drawn couples from all over the world to be married here. These couples are members of the \\\"Little Family,\\\" and many have stayed in touch with us over the years.&nbsp;Continuing its long tradition of inclusiveness, the \\\"Little Church\\\" is proud to have celebrated the first same-sex wedding in the Diocese of New York in July 2012 and has performed several more since the formal rite of Blessing of a Lifelong Covenant was adopted by the General Convention.<\\/p>\\r\\n<p><span class=\\\"s1\\\"><\\/span>\\r\\n<\\/p>\\r\\n<p><span class=\\\"s1\\\">We invite you to stop by for a visit, join us in worship, or simply contact us for more information.<\\/span><\\/p>\"}}},\"11\":[\"235\"],\"12\":\"<p>Church of the Transfiguration parish was founded in 1848. The building itself dates from 1850; it was made a national landmark in 1973. The founder, the Rev. Dr. George Hendric Houghton wanted to build a church that would serve the needs of the poor and marginalized, and would welcome all regardless of race, class or background.<\\/p>\",\"27\":\"\"}}', '2017-09-04 20:56:38', '2017-09-04 20:56:38', 'f2abbede-792f-4b2e-a872-744c518e6ef8'),
 ('126', '239', '7', '1', 'en_us', '6', '', '{\"typeId\":\"7\",\"authorId\":\"1\",\"title\":\"Parish Life\",\"slug\":\"parish-life\",\"postDate\":1504211760,\"expiryDate\":null,\"enabled\":1,\"parentId\":null,\"fields\":{\"3\":\"\",\"13\":{\"240\":{\"type\":\"generalSection\",\"enabled\":\"1\",\"fields\":{\"text\":\"<p>Sunday&nbsp;Coffee Hours also afford parishioners and newcomers opportunities to interact and to build relationships that often result in invitations to break bread or to take advantage of the many cultural events in New York. Fundraisers, like our Spring Music Gala, are also a great way to interact with fellow parishioners and to enjoy the talent and hospitality of our parish.<\\/p>\\r\\n<p>Sign up for our&nbsp;<a href=\\\"http:\\/\\/lc-craft\\/grace\\/entries\\/about\\/new#\\\">weekly&nbsp;Friday&nbsp;blasts<\\/a>&nbsp;and check&nbsp;<a href=\\\"http:\\/\\/lc-craft\\/grace\\/entries\\/about\\/new#\\\">our calendar<\\/a>&nbsp;for upcoming events and opportunities to participate in the robust Parish Life of Church of the Transfiguration.<\\/p>\"}}},\"11\":[\"238\"],\"12\":\"<p>Building community is an important part of Church of the Transfiguration both spiritually and socially. Many of our parishioners gather each week&nbsp;on Thursday&nbsp;to participate in worship and Bible Study, while others enjoy going to a local restaurant after&nbsp;Sunday&nbsp;mass to enjoy brunch and social fellowship.<\\/p>\",\"27\":\"\"}}', '2017-09-04 20:56:44', '2017-09-04 20:56:44', '95bcb00d-60ac-45d4-8c98-bb6f55637da4'),
 ('127', '234', '7', '1', 'en_us', '12', '', '{\"typeId\":\"7\",\"authorId\":\"1\",\"title\":\"A Brief History\",\"slug\":\"our-history\",\"postDate\":1504211220,\"expiryDate\":null,\"enabled\":1,\"parentId\":null,\"fields\":{\"3\":\"\",\"13\":{\"236\":{\"type\":\"generalSection\",\"enabled\":\"1\",\"fields\":{\"text\":\"<h2>The Civil War<\\/h2>\\r\\n<p>The parish had only been established for a few years, when the Civil War broke out. During this time, the church was a stop on the Underground Railroad, sheltering escaped slaves on their journey north. It was a place of refuge for African Americans during the New York Draft Riots of 1863&mdash;three days of lawlessness, destruction, bloodshed, and lynchings.<\\/p>\\r\\n<h2>The Nickname<\\/h2>\\r\\n<p>A few days before Christmas in 1890, Joseph Jefferson, an actor renowned for his portrayal of Rip Van Winkle, approached the rector of the now-defunct Church of the Atonement to request a funeral for his friend and fellow actor, George Holland. &nbsp;Upon learning that the deceased was an actor, the rector refused to hold a funeral for the man in his church. Joseph Jefferson persisted, and asked if there was a church in the area that would hold services for his friend. The rector said, \\u201cI believe there is a little church around the corner where it might be done.\\u201d Jefferson replied,&nbsp;<\\/p>\\r\\n<blockquote>\\u201cThen I say to you, sir, God bless the little church around the corner.\\u201d<\\/blockquote>\"}},\"269\":{\"type\":\"figureFull\",\"enabled\":\"1\",\"fields\":{\"image\":[\"204\"],\"altAttribute\":\"\",\"caption\":\"\",\"credit\":\"\"}},\"270\":{\"type\":\"generalSection\",\"enabled\":\"1\",\"fields\":{\"text\":\"<h2>The Theatre<\\/h2>\\r\\n<p>To this day, the church maintains close ties with the theater. It has served as the national headquarters of the Episcopal Actors\' Guild since its&nbsp;founding in 1923, by the third rector, Dr. Randolph Ray.<\\/p>\\r\\n<p>\\r\\n<\\/p>\\r\\n<h2>Weddings<\\/h2>\\r\\n<p>Our historic buildings and lovely garden have drawn couples from all over the world to be married here. These couples are members of the \\\"Little Family,\\\" and many have stayed in touch with us over the years.&nbsp;Continuing its long tradition of inclusiveness, the \\\"Little Church\\\" is proud to have celebrated the first same-sex wedding in the Diocese of New York in July 2012 and has performed several more since the formal rite of Blessing of a Lifelong Covenant was adopted by the General Convention.<\\/p>\\r\\n<p>\\r\\n<\\/p>\\r\\n<p>We invite you to stop by for a visit, join us in worship, or simply contact us for more information.<\\/p>\"}}},\"11\":[\"235\"],\"12\":\"<p>Church of the Transfiguration parish was founded in 1848. The building itself dates from 1850; it was made a national landmark in 1973. The founder, the Rev. Dr. George Hendric Houghton wanted to build a church that would serve the needs of the poor and marginalized, and would welcome all regardless of race, class or background.<\\/p>\",\"27\":\"\"}}', '2017-09-04 20:57:19', '2017-09-04 20:57:19', 'f5fb4b85-3f9e-4f06-8c74-001cf14478f6'),
 ('128', '234', '7', '1', 'en_us', '13', '', '{\"typeId\":\"7\",\"authorId\":\"1\",\"title\":\"A Brief History\",\"slug\":\"our-history\",\"postDate\":1504211220,\"expiryDate\":null,\"enabled\":1,\"parentId\":null,\"fields\":{\"3\":\"\",\"13\":{\"236\":{\"type\":\"generalSection\",\"enabled\":\"1\",\"fields\":{\"text\":\"<h2>The Civil War<\\/h2>\\r\\n<p>The parish had only been established for a few years, when the Civil War broke out. During this time, the church was a stop on the Underground Railroad, sheltering escaped slaves on their journey north. It was a place of refuge for African Americans during the New York Draft Riots of 1863&mdash;three days of lawlessness, destruction, bloodshed, and lynchings.<\\/p>\\r\\n<h2>The Nickname<\\/h2>\\r\\n<p>A few days before Christmas in 1890, Joseph Jefferson, an actor renowned for his portrayal of Rip Van Winkle, approached the rector of the now-defunct Church of the Atonement to request a funeral for his friend and fellow actor, George Holland. &nbsp;Upon learning that the deceased was an actor, the rector refused to hold a funeral for the man in his church. Joseph Jefferson persisted, and asked if there was a church in the area that would hold services for his friend. The rector said, \\u201cI believe there is a little church around the corner where it might be done.\\u201d Jefferson replied,&nbsp;<\\/p>\\r\\n<blockquote>\\u201cThen I say to you, sir, God bless the little church around the corner.\\u201d<\\/blockquote>\"}},\"269\":{\"type\":\"figureFull\",\"enabled\":\"1\",\"fields\":{\"image\":[\"204\"],\"altAttribute\":\"\",\"caption\":\"\",\"credit\":\"\"}},\"270\":{\"type\":\"generalSection\",\"enabled\":\"1\",\"fields\":{\"text\":\"<h2>The Theatre<\\/h2>\\r\\n<p>To this day, the church maintains close ties with the theater. It has served as the national headquarters of the Episcopal Actors\' Guild since its&nbsp;founding in 1923, by the third rector, Dr. Randolph Ray.<\\/p>\\r\\n<p>\\r\\n<\\/p>\\r\\n<h2>Weddings<\\/h2>\\r\\n<p>Our historic buildings and lovely garden have drawn couples from all over the world to be married here. These couples are members of the \\\"Little Family,\\\" and many have stayed in touch with us over the years.&nbsp;Continuing its long tradition of inclusiveness, the \\\"Little Church\\\" is proud to have celebrated the first same-sex wedding in the Diocese of New York in July 2012 and has performed several more since the formal rite of Blessing of a Lifelong Covenant was adopted by the General Convention.<\\/p>\\r\\n<p>\\r\\n<\\/p>\\r\\n<p>We invite you to stop by for a <a href=\\\"#\\\">visit<\\/a>, join us in <a href=\\\"http:\\/\\/lc-craft\\/worship\\/worship-schedule#entry:244\\\">worship<\\/a>, or simply contact us for more information.<\\/p>\"}}},\"11\":[\"235\"],\"12\":\"<p>Church of the Transfiguration parish was founded in 1848. The building itself dates from 1850; it was made a national landmark in 1973. The founder, the Rev. Dr. George Hendric Houghton wanted to build a church that would serve the needs of the poor and marginalized, and would welcome all regardless of race, class or background.<\\/p>\",\"27\":\"\"}}', '2017-09-04 20:58:26', '2017-09-04 20:58:26', 'f3d78b72-fae3-4441-9ab6-fb8f8218f209'),
 ('129', '271', '7', '1', 'en_us', '1', '', '{\"typeId\":null,\"authorId\":\"1\",\"title\":\"Outreach\",\"slug\":\"outreach\",\"postDate\":1504623411,\"expiryDate\":null,\"enabled\":1,\"parentId\":null,\"fields\":{\"3\":\"\",\"13\":\"\",\"11\":\"\",\"12\":\"<h2>Ecclesia Ministries<\\/h2><p>takes religious services to the homeless in Madison Square Park. It is a cooperative program supported by various churches and clergy in the NoMad (North of Madison Square Park) area. Transfiguration is one of those congregations; it is also the alternate location when inclement weather makes an outdoor service impractical. Last Christmas, our parishioners donated an abundance of warm gloves, scarves, gloves, hats, long underwear, and other items to people served by Ecclesia Ministries.<\\/p><p><\\/p>\",\"27\":\"\"}}', '2017-09-05 14:56:51', '2017-09-05 14:56:51', '783f958c-ff9c-4fa5-8f10-610bf397dcea'),
 ('130', '271', '7', '1', 'en_us', '2', '', '{\"typeId\":\"7\",\"authorId\":\"1\",\"title\":\"Outreach\",\"slug\":\"outreach\",\"postDate\":1504623360,\"expiryDate\":null,\"enabled\":1,\"parentId\":null,\"fields\":{\"3\":\"\",\"13\":{\"new1\":{\"type\":\"generalSection\",\"enabled\":\"1\",\"fields\":{\"text\":\"<h2>Ecclesia Ministries<\\/h2>\\r\\n<p>takes religious services to the homeless in Madison Square Park. It is a cooperative program supported by various churches and clergy in the NoMad (North of Madison Square Park) area. Transfiguration is one of those congregations; it is also the alternate location when inclement weather makes an outdoor service impractical. Last Christmas, our parishioners donated an abundance of warm gloves, scarves, gloves, hats, long underwear, and other items to people served by Ecclesia Ministries.<\\/p>\"}}},\"11\":\"\",\"12\":\"<h2><\\/h2>\",\"27\":\"\"}}', '2017-09-05 15:02:17', '2017-09-05 15:02:17', '67eeb4bb-9c4b-4a17-a2aa-b3d07893cf32'),
 ('131', '271', '7', '1', 'en_us', '3', '', '{\"typeId\":\"7\",\"authorId\":\"1\",\"title\":\"Outreach\",\"slug\":\"outreach\",\"postDate\":1504623360,\"expiryDate\":null,\"enabled\":1,\"parentId\":null,\"fields\":{\"3\":\"\",\"13\":{\"272\":{\"type\":\"generalSection\",\"enabled\":\"1\",\"fields\":{\"text\":\"<p><a href=\\\"#\\\"><strong>Ecclesia Ministries<\\/strong><\\/a><strong><\\/strong> takes religious services to the homeless in Madison Square Park. It is a cooperative program supported by various churches and clergy in the NoMad (North of Madison Square Park) area. Transfiguration is one of those congregations; it is also the alternate location when inclement weather makes an outdoor service impractical. Last Christmas, our parishioners donated an abundance of warm gloves, scarves, gloves, hats, long underwear, and other items to people served by Ecclesia Ministries.<\\/p><p><strong><a href=\\\"#\\\">The Episcopal Actors Guild<\\/a>&nbsp;<\\/strong>was founded in 1923 by our third rector,&nbsp;the Rev. Dr. Randolph Ray to bridge the worlds of church and theater. Today,&nbsp;the Guild is a philanthropic organization that raises money and dispenses&nbsp;emergency funds to members of the acting profession facing severe financial&nbsp;hardship. It also has entertainment programs, educational, career development&nbsp;and social events for its members.<\\/p><p>Each November, the Guild holds a memorial service in the church dedicated to members of the profession who died in the previous year. In December, they present a Service of Lessons and Carols with outstanding music, often performed by Broadway veterans. Both events are open to the public.<\\/p><p><br><\\/p>\"}}},\"11\":\"\",\"12\":\"\",\"27\":\"\"}}', '2017-09-05 15:08:31', '2017-09-05 15:08:31', 'bd180617-caf0-4940-9d1b-b0d06ed681f8'),
 ('132', '271', '7', '1', 'en_us', '4', '', '{\"typeId\":\"7\",\"authorId\":\"1\",\"title\":\"Outreach\",\"slug\":\"outreach\",\"postDate\":1504623360,\"expiryDate\":null,\"enabled\":1,\"parentId\":null,\"fields\":{\"3\":\"\",\"13\":{\"272\":{\"type\":\"generalSection\",\"enabled\":\"1\",\"fields\":{\"text\":\"<h2>Ecclesia Ministries<\\/h2><p><strong><a href=\\\"#\\\">Ecclesia Ministries<\\/a><\\/strong> takes religious services to the homeless in Madison Square Park. It is a cooperative program supported by various churches and clergy in the NoMad (North of Madison Square Park) area. Transfiguration is one of those congregations; it is also the alternate location when inclement weather makes an outdoor service impractical. Last Christmas, our parishioners donated an abundance of warm gloves, scarves, gloves, hats, long underwear, and other items to people served by Ecclesia Ministries.<\\/p><h2>The Episcopal Actors Guild<\\/h2>\\r\\n<p><strong><a href=\\\"#\\\">The Episcopal Actors Guild<\\/a>&nbsp;<\\/strong>was founded in 1923 by our third rector,&nbsp;the Rev. Dr. Randolph Ray to bridge the worlds of church and theater. Today,&nbsp;the Guild is a philanthropic organization that raises money and dispenses&nbsp;emergency funds to members of the acting profession facing severe financial&nbsp;hardship. It also has entertainment programs, educational, career development&nbsp;and social events for its members.<\\/p>\\r\\n<p>Each November, the Guild holds a memorial service in the church dedicated to members of the profession who died in the previous year. In December, they present a Service of Lessons and Carols with outstanding music, often performed by Broadway veterans. Both events are open to the public.<\\/p><p><br><\\/p><h3>Actor\\u2019s Pantry Food Bank<\\/h3><p><\\/p><p>Our parishioners support the Episcopal Actors Guild\\u2019s Actors Pantry (hyperlink)<br>program. Each Sunday, we collect non-perishable food. The Guild then fills<br>bags with the donated items and gives them to artists in need who have applied<br>to the Guild for help. No one leaves empty-handed.<\\/p>\\r\\n<p><br><\\/p>\"}}},\"11\":\"\",\"12\":\"\",\"27\":\"\"}}', '2017-09-05 15:14:30', '2017-09-05 15:14:30', 'c336488a-c9e3-4719-836e-c687d77a87ac'),
 ('133', '271', '7', '1', 'en_us', '5', '', '{\"typeId\":\"7\",\"authorId\":\"1\",\"title\":\"Outreach\",\"slug\":\"outreach\",\"postDate\":1504623360,\"expiryDate\":null,\"enabled\":1,\"parentId\":null,\"fields\":{\"3\":\"\",\"13\":{\"272\":{\"type\":\"generalSection\",\"enabled\":\"1\",\"fields\":{\"text\":\"<h2>Ecclesia Ministries<\\/h2>\\r\\n<p><strong><a href=\\\"#\\\">Ecclesia Ministries<\\/a><\\/strong> takes religious services to the homeless in Madison Square Park. It is a cooperative program supported by various churches and clergy in the NoMad (North of Madison Square Park) area. Transfiguration is one of those congregations; it is also the alternate location when inclement weather makes an outdoor service impractical. Last Christmas, our parishioners donated an abundance of warm gloves, scarves, gloves, hats, long underwear, and other items to people served by Ecclesia Ministries.<\\/p>\\r\\n<h2>The Episcopal Actors Guild<\\/h2>\\r\\n<p><strong><a href=\\\"#\\\">The Episcopal Actors Guild<\\/a>&nbsp;<\\/strong>was founded in 1923 by our third rector,&nbsp;the Rev. Dr. Randolph Ray to bridge the worlds of church and theater. Today,&nbsp;the Guild is a philanthropic organization that raises money and dispenses&nbsp;emergency funds to members of the acting profession facing severe financial&nbsp;hardship. It also has entertainment programs, educational, career development&nbsp;and social events for its members.<\\/p>\\r\\n<p>Each November, the Guild holds a memorial service in the church dedicated to members of the profession who died in the previous year. In December, they present a Service of Lessons and Carols with outstanding music, often performed by Broadway veterans. Both events are open to the public.<\\/p>\\r\\n<h3>Actor\\u2019s Pantry Food Bank<\\/h3>\\r\\n<p>Our parishioners support the Episcopal Actors Guild\\u2019s Actors Pantry (hyperlink) program. Each Sunday, we collect non-perishable food. The Guild then fills bags with the donated items and gives them to artists in need who have applied to the Guild for help. No one leaves empty-handed.<\\/p>\"}}},\"11\":\"\",\"12\":\"\",\"27\":\"\"}}', '2017-09-06 16:30:07', '2017-09-06 16:30:07', 'ab407756-0944-4194-a6ee-36bbbaadce1a'),
 ('135', '239', '7', '1', 'en_us', '7', '', '{\"typeId\":\"7\",\"authorId\":\"1\",\"title\":\"Parish Life\",\"slug\":\"parish-life\",\"postDate\":1504211760,\"expiryDate\":null,\"enabled\":1,\"parentId\":null,\"fields\":{\"3\":\"\",\"13\":{\"240\":{\"type\":\"generalSection\",\"enabled\":\"1\",\"fields\":{\"text\":\"<h2>Coffee, conversation, and culture<\\/h2><p>Sunday&nbsp;Coffee Hours also afford parishioners and newcomers opportunities to interact and to build relationships that often result in invitations to break bread or to take advantage of the many cultural events in New York. Fundraisers, like our Spring Music Gala, are also a great way to interact with fellow parishioners and to enjoy the talent and hospitality of our parish.<\\/p>\\r\\n<p>Sign up for our&nbsp;<a href=\\\"http:\\/\\/lc-craft\\/grace\\/entries\\/about\\/new#\\\">weekly&nbsp;Friday&nbsp;blasts<\\/a>&nbsp;and check&nbsp;<a href=\\\"http:\\/\\/lc-craft\\/grace\\/entries\\/about\\/new#\\\">our calendar<\\/a>&nbsp;for upcoming events and opportunities to participate in the robust Parish Life of Church of the Transfiguration.<\\/p>\"}}},\"11\":[\"238\"],\"12\":\"<p>Building community is an important part of Church of the Transfiguration both spiritually and socially. Many of our parishioners gather each week&nbsp;on Thursday&nbsp;to participate in worship and Bible Study, while others enjoy going to a local restaurant after&nbsp;Sunday&nbsp;mass to enjoy brunch and social fellowship.<\\/p>\",\"27\":\"\"}}', '2017-09-06 16:54:15', '2017-09-06 16:54:15', 'b9e0d79b-6e05-43c6-be40-d6d90d49b0a0'),
 ('136', '278', '12', '1', 'en_us', '1', NULL, '{\"typeId\":\"12\",\"authorId\":null,\"title\":\"Events Landing\",\"slug\":\"events-landing\",\"postDate\":1504721176,\"expiryDate\":null,\"enabled\":1,\"parentId\":null,\"fields\":[]}', '2017-09-06 18:06:17', '2017-09-06 18:06:17', '5f719fff-9a57-42f3-952c-27e8b821e76d'),
 ('138', '287', '10', '1', 'en_us', '1', '', '{\"typeId\":null,\"authorId\":\"1\",\"title\":\"Audio Sermons\",\"slug\":\"audio-sermons\",\"postDate\":1505209599,\"expiryDate\":null,\"enabled\":1,\"parentId\":null,\"fields\":{\"3\":\"\",\"13\":{\"new1\":{\"type\":\"sermonAudio\",\"enabled\":\"1\",\"fields\":{\"mp3\":[\"284\"]}}},\"11\":\"\",\"12\":\"\",\"27\":\"\"}}', '2017-09-12 09:46:39', '2017-09-12 09:46:39', 'c2f733db-aa00-430e-86ca-5d232f0ad16b'),
 ('139', '287', '10', '1', 'en_us', '2', '', '{\"typeId\":\"10\",\"authorId\":\"1\",\"title\":\"Audio Sermons\",\"slug\":\"audio-sermons\",\"postDate\":1505209560,\"expiryDate\":null,\"enabled\":1,\"parentId\":null,\"fields\":{\"3\":\"\",\"13\":{\"288\":{\"type\":\"sermonAudio\",\"enabled\":\"1\",\"fields\":{\"mp3\":[\"284\"]}}},\"11\":\"\",\"12\":\"\",\"27\":\"\"}}', '2017-09-12 09:46:47', '2017-09-12 09:46:47', '71e91e5f-910f-4e81-9f9b-af3b3a3128c2'),
 ('140', '287', '10', '1', 'en_us', '3', '', '{\"typeId\":\"10\",\"authorId\":\"1\",\"title\":\"Audio Sermons\",\"slug\":\"audio-sermons\",\"postDate\":1505209560,\"expiryDate\":null,\"enabled\":1,\"parentId\":null,\"fields\":{\"3\":\"\",\"13\":{\"288\":{\"type\":\"sermonAudio\",\"enabled\":\"1\",\"fields\":{\"currentSermons\":[\"289\"]}}},\"11\":\"\",\"12\":\"\",\"27\":\"\"}}', '2017-09-12 10:24:49', '2017-09-12 10:24:49', '0fb0b09f-1120-4541-8539-cedcc2048e83'),
 ('141', '287', '10', '1', 'en_us', '4', '', '{\"typeId\":\"10\",\"authorId\":\"1\",\"title\":\"Audio Sermons\",\"slug\":\"audio-sermons\",\"postDate\":1505209560,\"expiryDate\":null,\"enabled\":1,\"parentId\":null,\"fields\":{\"3\":\"\",\"13\":{\"288\":{\"type\":\"sermonAudio\",\"enabled\":\"1\",\"fields\":{\"currentSermons\":[\"292\",\"289\"]}}},\"11\":\"\",\"12\":\"\",\"27\":\"\"}}', '2017-09-12 12:30:03', '2017-09-12 12:30:03', '19c1dd74-d6a2-4d99-a68f-07b01692954c'),
 ('142', '287', '10', '1', 'en_us', '5', '', '{\"typeId\":\"10\",\"authorId\":\"1\",\"title\":\"Audio Sermons\",\"slug\":\"audio-sermons\",\"postDate\":1505209560,\"expiryDate\":null,\"enabled\":1,\"parentId\":null,\"fields\":{\"3\":\"\",\"13\":{\"288\":{\"type\":\"sermonAudio\",\"enabled\":\"1\",\"fields\":{\"currentSermons\":[\"292\",\"289\"]}}},\"11\":\"\",\"12\":\"<p>Orci orci non condimentum elit scelerisque facilisis non a velit facilisi parturient a curae a non id scelerisque ut a malesuada elementum eget egestas ultrices ut scelerisque vehicula.<\\/p>\",\"27\":\"\"}}', '2017-09-12 12:37:28', '2017-09-12 12:37:28', '938644ae-0fea-44d1-be11-27ee4bc48519'),
 ('143', '287', '10', '1', 'en_us', '6', '', '{\"typeId\":\"10\",\"authorId\":\"1\",\"title\":\"Audio Sermons\",\"slug\":\"audio-sermons\",\"postDate\":1505209560,\"expiryDate\":null,\"enabled\":1,\"parentId\":null,\"fields\":{\"3\":\"\",\"13\":{\"288\":{\"type\":\"sermonAudio\",\"enabled\":\"1\",\"fields\":{\"currentSermons\":[\"292\",\"289\",\"294\"]}}},\"11\":\"\",\"12\":\"<p>Orci orci non condimentum elit scelerisque facilisis non a velit facilisi parturient a curae a non id scelerisque ut a malesuada elementum eget egestas ultrices ut scelerisque vehicula.<\\/p>\",\"27\":\"\"}}', '2017-09-12 12:52:08', '2017-09-12 12:52:08', 'f99de031-0848-431f-b993-d56cea36cd66'),
 ('144', '287', '10', '1', 'en_us', '7', '', '{\"typeId\":\"10\",\"authorId\":\"1\",\"title\":\"Audio Sermons\",\"slug\":\"audio-sermons\",\"postDate\":1505209560,\"expiryDate\":null,\"enabled\":1,\"parentId\":null,\"fields\":{\"3\":\"\",\"13\":{\"288\":{\"type\":\"sermonAudio\",\"enabled\":\"1\",\"fields\":{\"currentSermons\":[\"289\",\"302\"]}}},\"11\":\"\",\"12\":\"<p>Orci orci non condimentum elit scelerisque facilisis non a velit facilisi parturient a curae a non id scelerisque ut a malesuada elementum eget egestas ultrices ut scelerisque vehicula.<\\/p>\",\"27\":\"\"}}', '2017-09-12 16:51:40', '2017-09-12 16:51:40', '1f2f619e-165c-4a55-bcc0-e5de07db9998'),
 ('145', '287', '10', '1', 'en_us', '8', '', '{\"typeId\":\"10\",\"authorId\":\"1\",\"title\":\"Audio Sermons\",\"slug\":\"audio-sermons\",\"postDate\":1505209560,\"expiryDate\":null,\"enabled\":1,\"parentId\":null,\"fields\":{\"3\":\"\",\"13\":{\"288\":{\"type\":\"sermonAudio\",\"enabled\":\"1\",\"fields\":{\"currentSermons\":[\"289\",\"302\",\"303\"]}}},\"11\":\"\",\"12\":\"<p>Orci orci non condimentum elit scelerisque facilisis non a velit facilisi parturient a curae a non id scelerisque ut a malesuada elementum eget egestas ultrices ut scelerisque vehicula.<\\/p>\",\"27\":\"\"}}', '2017-09-12 16:55:12', '2017-09-12 16:55:12', '0c246bd9-7ea1-4dee-94a9-1fc20b4f68ac'),
 ('146', '287', '10', '1', 'en_us', '9', '', '{\"typeId\":\"10\",\"authorId\":\"1\",\"title\":\"Audio Sermons\",\"slug\":\"audio-sermons\",\"postDate\":1505209560,\"expiryDate\":null,\"enabled\":1,\"parentId\":null,\"fields\":{\"3\":\"\",\"13\":{\"288\":{\"type\":\"sermonAudio\",\"enabled\":\"1\",\"fields\":{\"currentSermons\":[\"289\",\"302\",\"303\",\"304\"]}}},\"11\":\"\",\"12\":\"<p>Orci orci non condimentum elit scelerisque facilisis non a velit facilisi parturient a curae a non id scelerisque ut a malesuada elementum eget egestas ultrices ut scelerisque vehicula.<\\/p>\",\"27\":\"\"}}', '2017-09-12 16:59:56', '2017-09-12 16:59:56', '24907362-b101-4b2f-ad7c-046801c75ca0'),
 ('147', '287', '10', '1', 'en_us', '10', '', '{\"typeId\":\"10\",\"authorId\":\"1\",\"title\":\"Audio Sermons\",\"slug\":\"audio-sermons\",\"postDate\":1505209560,\"expiryDate\":null,\"enabled\":1,\"parentId\":null,\"fields\":{\"3\":\"\",\"13\":{\"288\":{\"type\":\"sermonAudio\",\"enabled\":\"1\",\"fields\":{\"currentSermons\":[\"289\",\"302\",\"303\",\"304\"]}}},\"11\":\"\",\"12\":\"<p>Never miss a message. &nbsp;Malesuada elementum eget egestas ultrices ut scelerisque vehicula.<\\/p>\",\"27\":\"\"}}', '2017-09-12 17:10:16', '2017-09-12 17:10:16', 'd22d7e4e-2e1c-491d-aefc-4bf8cbff5004'),
 ('148', '287', '10', '1', 'en_us', '11', '', '{\"typeId\":\"10\",\"authorId\":\"1\",\"title\":\"Audio Sermons\",\"slug\":\"audio-sermons\",\"postDate\":1505209560,\"expiryDate\":null,\"enabled\":1,\"parentId\":null,\"fields\":{\"3\":\"\",\"13\":{\"288\":{\"type\":\"sermonAudio\",\"enabled\":\"1\",\"fields\":{\"currentSermons\":[\"289\",\"302\",\"303\",\"304\"]}}},\"11\":[\"306\"],\"12\":\"<p>Never miss the message. &nbsp;Malesuada elementum eget egestas ultrices ut scelerisque vehicula.<\\/p>\",\"27\":\"\"}}', '2017-09-12 17:17:47', '2017-09-12 17:17:47', 'be4df143-66f8-4f94-809c-1d0efd7c0f09'),
 ('149', '287', '10', '1', 'en_us', '12', '', '{\"typeId\":\"10\",\"authorId\":\"1\",\"title\":\"Audio Sermons\",\"slug\":\"audio-sermons\",\"postDate\":1505209560,\"expiryDate\":null,\"enabled\":1,\"parentId\":null,\"fields\":{\"3\":\"\",\"13\":{\"288\":{\"type\":\"sermonAudio\",\"enabled\":\"1\",\"fields\":{\"currentSermons\":[\"289\",\"302\",\"303\",\"304\"]}}},\"11\":[\"306\"],\"12\":\"<p>Never miss the message. Play our sermons directly in your browser or download them to listen on-the-go. Already heard the message? Listen again \\u2013 you might here something new.&nbsp;<\\/p>\",\"27\":\"\"}}', '2017-09-12 17:25:01', '2017-09-12 17:25:01', '869b7208-31e0-49a5-a72f-752b9c4b7a70'),
 ('150', '287', '10', '1', 'en_us', '13', '', '{\"typeId\":\"10\",\"authorId\":\"1\",\"title\":\"Audio Sermons\",\"slug\":\"audio-sermons\",\"postDate\":1505209560,\"expiryDate\":null,\"enabled\":1,\"parentId\":null,\"fields\":{\"3\":\"\",\"13\":{\"288\":{\"type\":\"sermonAudio\",\"enabled\":\"1\",\"fields\":{\"currentSermons\":[\"289\",\"302\",\"303\",\"304\"]}}},\"11\":[\"306\"],\"12\":\"<p>Never miss the message. Play our sermons directly in your browser or download them for listening on-the-go. Already heard the message? Listen again for you might discover something new.<\\/p>\",\"27\":\"\"}}', '2017-09-12 17:27:31', '2017-09-12 17:27:31', 'cb7ed055-b8ba-404f-8ccb-f1f6c3b614b6'),
 ('151', '287', '10', '1', 'en_us', '14', '', '{\"typeId\":\"10\",\"authorId\":\"1\",\"title\":\"Audio Sermons\",\"slug\":\"audio-sermons\",\"postDate\":1505209560,\"expiryDate\":null,\"enabled\":1,\"parentId\":null,\"fields\":{\"3\":\"\",\"13\":{\"288\":{\"type\":\"sermonAudio\",\"enabled\":\"1\",\"fields\":{\"currentSermons\":[\"289\",\"302\",\"303\",\"304\"]}}},\"11\":\"\",\"12\":\"<p>Never miss the message. Play our sermons directly in your browser or download them for listening on-the-go. Already heard the message? Listen again for you might discover something new.<\\/p>\",\"27\":\"\"}}', '2017-09-12 19:08:11', '2017-09-12 19:08:11', '522359cf-ca51-4e58-936a-7b2678ac3775'),
 ('152', '287', '10', '1', 'en_us', '15', '', '{\"typeId\":\"10\",\"authorId\":\"1\",\"title\":\"Audio Sermons\",\"slug\":\"audio-sermons\",\"postDate\":1505209560,\"expiryDate\":null,\"enabled\":1,\"parentId\":null,\"fields\":{\"3\":\"\",\"13\":{\"288\":{\"type\":\"sermonAudio\",\"enabled\":\"1\",\"fields\":{\"currentSermons\":[\"289\",\"302\",\"303\",\"304\"]}}},\"11\":\"\",\"12\":\"<p>Never miss the message. Play our sermons directly in your browser or download them for listening on-the-go. Already heard the message? Refresh your memory and listen again.<\\/p>\",\"27\":\"\"}}', '2017-09-12 19:11:02', '2017-09-12 19:11:02', 'cee3a0d4-02c0-48f8-aa12-1ac3d72a7820'),
 ('153', '87', '7', '1', 'en_us', '8', '', '{\"typeId\":\"7\",\"authorId\":\"1\",\"title\":\"Who We Are\",\"slug\":\"who-we-are\",\"postDate\":1503949200,\"expiryDate\":null,\"enabled\":1,\"parentId\":null,\"fields\":{\"3\":\"Who We Are\",\"13\":{\"88\":{\"type\":\"bioGroup\",\"enabled\":\"1\",\"fields\":{\"bioType\":\"Leadership\",\"individual\":[\"78\",\"76\",\"229\"]}}},\"11\":[\"208\"],\"12\":\"<p>Consequat orci a cum suspendisse pretium orci dui dapibus ultricies nisi vulputate erat a dui. Ultricies enim a ut per egestas augue dis ad tellus mus a hac ac a scelerisque ullamcorper eupraesent quisque adipiscing. Erat purus ante habitasse mus interdum scelerisque a hac fermentum cum conguesuspendisse scelerisque auctor condimentum eu ipsum varius cursus a tempus aenean consectetur et a. Cubilia scelerisque ligula fusce a consequat vel fames a arcu mi nisl et at ultrices nunc. Sem inceptos sociosqu interdum adipiscing quis aliquam adipiscing vel taciti enim penatibus et ullamcorper venenatis.<\\/p>\",\"27\":\"\"}}', '2017-09-13 07:31:57', '2017-09-13 07:31:57', 'f3c5db86-f1c3-4e2b-9a6b-f4791c42da21'),
 ('154', '87', '7', '1', 'en_us', '9', '', '{\"typeId\":\"7\",\"authorId\":\"1\",\"title\":\"Who We Are\",\"slug\":\"who-we-are\",\"postDate\":1503949200,\"expiryDate\":null,\"enabled\":1,\"parentId\":null,\"fields\":{\"3\":\"Who We Are\",\"13\":{\"88\":{\"type\":\"bioGroup\",\"enabled\":\"1\",\"fields\":{\"bioType\":\"Leadership\",\"individual\":[\"78\",\"229\",\"76\"]}}},\"11\":[\"208\"],\"12\":\"<p>Consequat orci a cum suspendisse pretium orci dui dapibus ultricies nisi vulputate erat a dui. Ultricies enim a ut per egestas augue dis ad tellus mus a hac ac a scelerisque ullamcorper eupraesent quisque adipiscing. Erat purus ante habitasse mus interdum scelerisque a hac fermentum cum conguesuspendisse scelerisque auctor condimentum eu ipsum varius cursus a tempus aenean consectetur et a. Cubilia scelerisque ligula fusce a consequat vel fames a arcu mi nisl et at ultrices nunc. Sem inceptos sociosqu interdum adipiscing quis aliquam adipiscing vel taciti enim penatibus et ullamcorper venenatis.<\\/p>\",\"27\":\"\"}}', '2017-09-13 07:32:40', '2017-09-13 07:32:40', 'b91e1757-40d4-4e76-9952-ca10687a9d52'),
 ('155', '87', '7', '1', 'en_us', '10', '', '{\"typeId\":\"7\",\"authorId\":\"1\",\"title\":\"Who We Are\",\"slug\":\"who-we-are\",\"postDate\":1503949200,\"expiryDate\":null,\"enabled\":1,\"parentId\":null,\"fields\":{\"3\":\"Who We Are\",\"13\":{\"88\":{\"type\":\"bioGroup\",\"enabled\":\"1\",\"fields\":{\"bioType\":\"Leadership\",\"individual\":[\"78\",\"229\",\"76\"]}}},\"11\":[\"208\"],\"12\":\"<p>Consequat orci a cum suspendisse pretium orci dui dapibus ultricies nisi vulputate erat a dui. Ultricies enim a ut per egestas augue dis ad tellus mus a hac ac a scelerisque ullamcorper eupraesent quisque adipiscing. Erat purus ante habitasse mus interdum scelerisque a hac fermentum cum conguesuspendisse scelerisque auctor condimentum eu ipsum varius cursus a tempus aenean consectetur.<\\/p>\",\"27\":\"\"}}', '2017-09-13 08:28:31', '2017-09-13 08:28:31', '77808614-2548-4276-8fbf-ddf7a924f918'),
 ('156', '87', '7', '1', 'en_us', '11', '', '{\"typeId\":\"7\",\"authorId\":\"1\",\"title\":\"Who We Are\",\"slug\":\"who-we-are\",\"postDate\":1503949200,\"expiryDate\":null,\"enabled\":1,\"parentId\":null,\"fields\":{\"3\":\"Who We Are\",\"13\":{\"88\":{\"type\":\"bioGroup\",\"enabled\":\"1\",\"fields\":{\"bioType\":\"Leadership\",\"individual\":[\"78\",\"229\",\"76\",\"321\"]}}},\"11\":[\"208\"],\"12\":\"<p>Consequat orci a cum suspendisse pretium orci dui dapibus ultricies nisi vulputate erat a dui. Ultricies enim a ut per egestas augue dis ad tellus mus a hac ac a scelerisque ullamcorper eupraesent quisque adipiscing. Erat purus ante habitasse mus interdum scelerisque a hac fermentum cum conguesuspendisse scelerisque auctor condimentum eu ipsum varius cursus a tempus aenean consectetur.<\\/p>\",\"27\":\"\"}}', '2017-09-13 08:50:17', '2017-09-13 08:50:17', 'df139a9d-77c9-40d0-86f5-dbe510a64861'),
 ('157', '87', '7', '1', 'en_us', '12', '', '{\"typeId\":\"7\",\"authorId\":\"1\",\"title\":\"Who We Are\",\"slug\":\"who-we-are\",\"postDate\":1503949200,\"expiryDate\":null,\"enabled\":1,\"parentId\":null,\"fields\":{\"3\":\"Who We Are\",\"13\":{\"88\":{\"type\":\"bioGroup\",\"enabled\":\"1\",\"fields\":{\"bioType\":\"Leadership\",\"individual\":[\"78\",\"229\",\"321\",\"76\"]}},\"new1\":{\"type\":\"bioGroup\",\"enabled\":\"1\",\"fields\":{\"bioType\":\"Staff\",\"individual\":[\"322\"]}}},\"11\":[\"208\"],\"12\":\"<p>Consequat orci a cum suspendisse pretium orci dui dapibus ultricies nisi vulputate erat a dui. Ultricies enim a ut per egestas augue dis ad tellus mus a hac ac a scelerisque ullamcorper eupraesent quisque adipiscing. Erat purus ante habitasse mus interdum scelerisque a hac fermentum cum conguesuspendisse scelerisque auctor condimentum eu ipsum varius cursus a tempus aenean consectetur.<\\/p>\",\"27\":\"\"}}', '2017-09-13 08:53:56', '2017-09-13 08:53:56', 'aa8fb348-d8f4-41c4-b8a5-ef9b3700c199');



DROP TABLE IF EXISTS `craft_fieldgroups`;


--
-- Schema for table `craft_fieldgroups`
--
CREATE TABLE `craft_fieldgroups` (
  `id` int(11) NOT NULL AUTO_INCREMENT,
  `name` varchar(255) COLLATE utf8_unicode_ci NOT NULL,
  `dateCreated` datetime NOT NULL,
  `dateUpdated` datetime NOT NULL,
  `uid` char(36) COLLATE utf8_unicode_ci NOT NULL DEFAULT '0',
  PRIMARY KEY (`id`),
  UNIQUE KEY `craft_fieldgroups_name_unq_idx` (`name`)
) ENGINE=InnoDB AUTO_INCREMENT=8 DEFAULT CHARSET=utf8 COLLATE=utf8_unicode_ci;

--
-- Data for table `craft_fieldgroups`
--

INSERT INTO `craft_fieldgroups` (`id`, `name`, `dateCreated`, `dateUpdated`, `uid`) VALUES
 ('2', 'Global', '2017-08-25 13:22:49', '2017-08-25 13:22:49', '5bbb7df9-3629-441d-94ca-1e475713b87c'),
 ('3', 'Articles', '2017-08-26 11:18:13', '2017-08-26 11:18:13', '5167b424-a132-4ee9-86aa-6f16ee7d21e7'),
 ('4', 'Home', '2017-08-26 13:35:39', '2017-08-26 13:35:39', '76dd409f-94d6-4afe-b3e0-404a5d8fd380'),
 ('5', 'Blog', '2017-08-30 09:02:32', '2017-08-30 09:02:32', 'b4df1a20-743c-4d04-b83e-f56a6117157a'),
 ('6', 'Virtual Tour', '2017-09-01 11:35:27', '2017-09-01 11:35:27', '2215f8f7-e3e3-46b9-b48d-2e980ded1190'),
 ('7', 'Events', '2017-09-12 13:56:55', '2017-09-12 13:56:55', '8a26d4c2-0d4a-417d-8444-a83a7428f36a');



DROP TABLE IF EXISTS `craft_fieldlayoutfields`;


--
-- Schema for table `craft_fieldlayoutfields`
--
CREATE TABLE `craft_fieldlayoutfields` (
  `id` int(11) NOT NULL AUTO_INCREMENT,
  `layoutId` int(11) NOT NULL,
  `tabId` int(11) NOT NULL,
  `fieldId` int(11) NOT NULL,
  `required` tinyint(1) unsigned NOT NULL DEFAULT '0',
  `sortOrder` smallint(6) unsigned DEFAULT NULL,
  `dateCreated` datetime NOT NULL,
  `dateUpdated` datetime NOT NULL,
  `uid` char(36) COLLATE utf8_unicode_ci NOT NULL DEFAULT '0',
  PRIMARY KEY (`id`),
  UNIQUE KEY `craft_fieldlayoutfields_layoutId_fieldId_unq_idx` (`layoutId`,`fieldId`),
  KEY `craft_fieldlayoutfields_sortOrder_idx` (`sortOrder`),
  KEY `craft_fieldlayoutfields_tabId_fk` (`tabId`),
  KEY `craft_fieldlayoutfields_fieldId_fk` (`fieldId`)
) ENGINE=InnoDB AUTO_INCREMENT=454 DEFAULT CHARSET=utf8 COLLATE=utf8_unicode_ci;

--
-- Data for table `craft_fieldlayoutfields`
--

INSERT INTO `craft_fieldlayoutfields` (`id`, `layoutId`, `tabId`, `fieldId`, `required`, `sortOrder`, `dateCreated`, `dateUpdated`, `uid`) VALUES
 ('52', '25', '14', '6', '0', '1', '2017-08-25 18:22:17', '2017-08-25 18:22:17', '3ccb5d88-bcd1-4824-bbda-9153c620c02a'),
 ('53', '25', '14', '7', '0', '2', '2017-08-25 18:22:17', '2017-08-25 18:22:17', 'fa2a3174-39af-482d-a331-976c0acbdfd9'),
 ('54', '25', '14', '8', '0', '3', '2017-08-25 18:22:17', '2017-08-25 18:22:17', 'f7d4de49-6c8e-4e74-a5b7-42cae5aaf2d0'),
 ('55', '25', '14', '4', '0', '4', '2017-08-25 18:22:17', '2017-08-25 18:22:17', '1cd4bab7-1451-4805-a868-c4145d4769d9'),
 ('56', '25', '14', '5', '0', '5', '2017-08-25 18:22:17', '2017-08-25 18:22:17', 'e665a8a0-b5d7-4c07-b6a6-7edfed9824aa'),
 ('160', '75', '57', '24', '0', '1', '2017-08-28 15:13:24', '2017-08-28 15:13:24', 'c27f7fef-34da-48f2-9f1b-b347d066e68f'),
 ('161', '75', '57', '1', '0', '2', '2017-08-28 15:13:24', '2017-08-28 15:13:24', 'ec5e0b72-d1ca-4a5d-947d-26506a08d2d1'),
 ('162', '75', '57', '10', '0', '3', '2017-08-28 15:13:24', '2017-08-28 15:13:24', '4743e7ca-4dd2-419e-83e6-79f9af3391b7'),
 ('201', '97', '75', '10', '0', '1', '2017-08-30 11:31:05', '2017-08-30 11:31:05', '11aa5d5a-14fd-429a-a01e-b02b6d477b18'),
 ('202', '97', '75', '3', '0', '2', '2017-08-30 11:31:05', '2017-08-30 11:31:05', '37660127-e07d-40f4-be95-065643aa6764'),
 ('217', '106', '82', '11', '0', '1', '2017-08-30 12:14:39', '2017-08-30 12:14:39', '99262377-1ba4-45aa-84b0-55557b5f83b7'),
 ('218', '106', '82', '27', '0', '2', '2017-08-30 12:14:39', '2017-08-30 12:14:39', '77727224-b0a6-43ef-9551-2d58f4674c0b'),
 ('219', '106', '82', '3', '0', '3', '2017-08-30 12:14:39', '2017-08-30 12:14:39', '8ce0ea82-8edd-4beb-916a-484eb99e3566'),
 ('220', '106', '82', '12', '0', '4', '2017-08-30 12:14:39', '2017-08-30 12:14:39', '4c9db177-c921-4858-a483-9b11bde0544b'),
 ('221', '106', '82', '13', '0', '5', '2017-08-30 12:14:39', '2017-08-30 12:14:39', '097305b7-d4af-4d32-96b0-b7e79a3827d1'),
 ('226', '109', '85', '26', '0', '1', '2017-08-30 13:54:24', '2017-08-30 13:54:24', '6ac738d1-2b93-4e29-9c75-68ddab38cb52'),
 ('227', '109', '85', '25', '0', '2', '2017-08-30 13:54:24', '2017-08-30 13:54:24', 'd30e3ee8-b32c-41ad-b092-c60553905482'),
 ('228', '109', '85', '27', '0', '3', '2017-08-30 13:54:24', '2017-08-30 13:54:24', 'f05733e4-f676-4dcf-962d-0d5fb11f5fd1'),
 ('229', '109', '85', '28', '0', '4', '2017-08-30 13:54:24', '2017-08-30 13:54:24', '0dc02f71-a11c-4054-bc35-22a2456a10b3'),
 ('290', '141', '113', '36', '0', '1', '2017-08-31 11:33:36', '2017-08-31 11:33:36', '47aef18d-07c0-4b67-b1f3-4032f8550114'),
 ('291', '141', '113', '3', '0', '2', '2017-08-31 11:33:36', '2017-08-31 11:33:36', '98324118-0937-49b2-ac83-e0d1d9fc26ab'),
 ('292', '141', '113', '5', '0', '3', '2017-08-31 11:33:36', '2017-08-31 11:33:36', '83c03938-0ac3-4003-9b9f-777e09a2e957'),
 ('293', '142', '114', '29', '0', '1', '2017-08-31 11:53:28', '2017-08-31 11:53:28', 'dc5f9802-a0dc-495c-a5a1-054ec588f7d6'),
 ('294', '143', '115', '30', '1', '1', '2017-08-31 11:53:28', '2017-08-31 11:53:28', '747c643e-1820-410d-a517-a9d86c2c2d7d'),
 ('295', '143', '115', '31', '0', '2', '2017-08-31 11:53:28', '2017-08-31 11:53:28', '5c4c1609-4aab-40a7-aada-306b6c3859e8'),
 ('296', '143', '115', '32', '0', '3', '2017-08-31 11:53:28', '2017-08-31 11:53:28', '40de48ce-2ee5-4e8c-9756-da06e99fa366'),
 ('297', '143', '115', '33', '0', '4', '2017-08-31 11:53:28', '2017-08-31 11:53:28', '8d97f52e-d6d9-4c3b-a533-60b7c5145eba'),
 ('298', '143', '115', '34', '0', '5', '2017-08-31 11:53:28', '2017-08-31 11:53:28', '7b7479ba-3d0a-4488-afcd-21338c0034a7'),
 ('299', '144', '116', '35', '0', '1', '2017-08-31 11:53:28', '2017-08-31 11:53:28', '528ad799-058f-4364-b1f9-222812febb43'),
 ('309', '149', '120', '7', '0', '1', '2017-08-31 18:57:51', '2017-08-31 18:57:51', 'acce8f92-0016-473a-8c72-39cb6cf31887'),
 ('310', '149', '120', '8', '0', '2', '2017-08-31 18:57:51', '2017-08-31 18:57:51', '156eba3d-0ea2-4e22-a763-62631faaad89'),
 ('311', '149', '121', '37', '0', '1', '2017-08-31 18:57:51', '2017-08-31 18:57:51', '9526d03b-2090-4afb-ae97-4c4036f61abf'),
 ('312', '149', '121', '3', '0', '2', '2017-08-31 18:57:51', '2017-08-31 18:57:51', 'bd0db75b-6281-4844-b12d-7c1daa723fb2'),
 ('313', '149', '121', '38', '0', '3', '2017-08-31 18:57:51', '2017-08-31 18:57:51', 'e028352f-2b7c-4d94-8a72-420aa0b9fa85'),
 ('314', '149', '121', '39', '0', '4', '2017-08-31 18:57:51', '2017-08-31 18:57:51', '0e690646-a2e2-44d9-a8bd-6a81072e81f5'),
 ('315', '149', '121', '4', '0', '5', '2017-08-31 18:57:51', '2017-08-31 18:57:51', '9d79b62a-30ca-4dd7-9424-819fe7d2a190'),
 ('316', '149', '121', '5', '0', '6', '2017-08-31 18:57:51', '2017-08-31 18:57:51', 'ecd4a993-d403-4654-93a8-c6f40b702a76'),
 ('317', '151', '122', '11', '0', '1', '2017-09-01 10:07:56', '2017-09-01 10:07:56', '1b309674-75e7-4806-8e6c-eef12d12eabf'),
 ('318', '151', '122', '27', '0', '2', '2017-09-01 10:07:56', '2017-09-01 10:07:56', 'f71d1156-b13c-481e-a00b-826828a7aba6'),
 ('319', '151', '122', '3', '0', '3', '2017-09-01 10:07:56', '2017-09-01 10:07:56', 'a8f227e3-6387-4627-abb1-e461619211dc'),
 ('320', '151', '122', '12', '0', '4', '2017-09-01 10:07:56', '2017-09-01 10:07:56', 'be4fd761-6c27-4c27-80eb-71b19a86b040'),
 ('321', '151', '122', '13', '0', '5', '2017-09-01 10:07:56', '2017-09-01 10:07:56', 'ab4b2e0c-74f5-414a-bd55-9fb7a54d1a06'),
 ('340', '158', '127', '41', '0', '1', '2017-09-01 11:42:38', '2017-09-01 11:42:38', '18d2ccd1-80ce-4493-a0d4-3ebe8215c5ac'),
 ('341', '158', '127', '3', '0', '2', '2017-09-01 11:42:38', '2017-09-01 11:42:38', 'eb60ac0b-7ba0-42f2-bf5e-a0589282905f'),
 ('342', '158', '127', '27', '0', '3', '2017-09-01 11:42:38', '2017-09-01 11:42:38', '68841d8c-4d93-454e-bca0-83f9292ee3a7'),
 ('343', '158', '127', '42', '0', '4', '2017-09-01 11:42:38', '2017-09-01 11:42:38', 'b0675816-5b76-40a9-8be6-ff52dcc9297b'),
 ('421', '205', '166', '23', '0', '1', '2017-09-12 16:43:47', '2017-09-12 16:43:47', 'd569cc47-23db-496e-8b84-cdf7a4d7905a'),
 ('422', '205', '166', '46', '0', '2', '2017-09-12 16:43:47', '2017-09-12 16:43:47', '1ba95994-7c20-4161-b013-928ed7f03c51'),
 ('423', '206', '167', '14', '0', '1', '2017-09-12 16:44:53', '2017-09-12 16:44:53', '45ebf358-34da-48b7-a02a-73d0b07472cf'),
 ('424', '207', '168', '15', '1', '1', '2017-09-12 16:44:53', '2017-09-12 16:44:53', 'b2efc9ab-0cc3-40dc-903a-4b55f3837c12'),
 ('425', '207', '168', '16', '0', '2', '2017-09-12 16:44:53', '2017-09-12 16:44:53', 'bf396584-851d-4a76-9b0c-503fc7695bb6'),
 ('426', '207', '168', '17', '0', '3', '2017-09-12 16:44:53', '2017-09-12 16:44:53', '4bd30156-6ed7-4e14-bb42-d7446654d0f5'),
 ('427', '207', '168', '18', '0', '4', '2017-09-12 16:44:53', '2017-09-12 16:44:53', 'f218c6d1-90a1-4914-8e37-88bc1f4d2a87'),
 ('428', '208', '169', '21', '1', '1', '2017-09-12 16:44:53', '2017-09-12 16:44:53', 'd53e7f61-82f4-482d-a17c-20ee16da8e0f'),
 ('429', '208', '169', '22', '1', '2', '2017-09-12 16:44:53', '2017-09-12 16:44:53', '54b2d3aa-1587-4d6b-94d1-a25169d70191'),
 ('430', '209', '170', '45', '0', '1', '2017-09-12 16:44:53', '2017-09-12 16:44:53', 'ed196502-72c2-47ba-86de-d34838c4b16d'),
 ('431', '211', '171', '11', '0', '1', '2017-09-13 09:22:28', '2017-09-13 09:22:28', '9fdb6803-2678-4a82-b6f1-790b81471693'),
 ('432', '211', '171', '27', '0', '2', '2017-09-13 09:22:28', '2017-09-13 09:22:28', 'e0a0bfa4-6b9d-41be-8763-c99cb07443f9'),
 ('433', '211', '171', '3', '0', '3', '2017-09-13 09:22:28', '2017-09-13 09:22:28', 'f5d676b5-9963-4ed6-bbde-86323c410de2'),
 ('434', '211', '171', '12', '0', '4', '2017-09-13 09:22:28', '2017-09-13 09:22:28', '961d63da-0f65-4505-b8f6-c624b953e961'),
 ('435', '211', '171', '13', '0', '5', '2017-09-13 09:22:28', '2017-09-13 09:22:28', '5a1d5085-1948-4dc1-aaea-4fc1e3522f4e'),
 ('448', '216', '175', '11', '0', '1', '2017-09-13 13:57:49', '2017-09-13 13:57:49', 'd670dcfd-ed08-451b-afff-165427ecdeb3'),
 ('449', '216', '175', '3', '0', '2', '2017-09-13 13:57:49', '2017-09-13 13:57:49', '43996271-5308-4b0f-a7a8-8948a5482628'),
 ('450', '216', '175', '1', '0', '3', '2017-09-13 13:57:49', '2017-09-13 13:57:49', 'a6a17ead-8cbd-4d0e-b8e9-a1911db47aef'),
 ('451', '216', '175', '4', '0', '4', '2017-09-13 13:57:49', '2017-09-13 13:57:49', '4504950c-f20f-484b-b0cb-e0519b5d4c64'),
 ('452', '216', '175', '5', '0', '5', '2017-09-13 13:57:49', '2017-09-13 13:57:49', '7a94d271-db49-4038-b709-f2c33e144b5d'),
 ('453', '216', '175', '48', '0', '6', '2017-09-13 13:57:49', '2017-09-13 13:57:49', 'f8c098ea-c432-4fcd-830a-000f5bc1f1b9');



DROP TABLE IF EXISTS `craft_fieldlayouts`;


--
-- Schema for table `craft_fieldlayouts`
--
CREATE TABLE `craft_fieldlayouts` (
  `id` int(11) NOT NULL AUTO_INCREMENT,
  `type` varchar(150) COLLATE utf8_unicode_ci NOT NULL,
  `dateCreated` datetime NOT NULL,
  `dateUpdated` datetime NOT NULL,
  `uid` char(36) COLLATE utf8_unicode_ci NOT NULL DEFAULT '0',
  PRIMARY KEY (`id`),
  KEY `craft_fieldlayouts_type_idx` (`type`)
) ENGINE=InnoDB AUTO_INCREMENT=217 DEFAULT CHARSET=utf8 COLLATE=utf8_unicode_ci;

--
-- Data for table `craft_fieldlayouts`
--

INSERT INTO `craft_fieldlayouts` (`id`, `type`, `dateCreated`, `dateUpdated`, `uid`) VALUES
 ('1', 'Tag', '2017-08-24 19:10:40', '2017-08-24 19:10:40', 'b64f6a25-1e38-4d36-becc-401696d4a7d1'),
 ('6', 'Asset', '2017-08-25 13:18:29', '2017-08-25 13:18:29', '51a9be07-1b5e-40fa-a289-74ae0d8eec56'),
 ('25', 'Entry', '2017-08-25 18:22:17', '2017-08-25 18:22:17', '9e65b547-de05-4d59-8014-5768a7b43927'),
 ('54', 'Asset', '2017-08-28 12:31:18', '2017-08-28 12:31:18', 'd0a191e2-1395-440e-9a80-8718aa1fc2f0'),
 ('75', 'Entry', '2017-08-28 15:13:24', '2017-08-28 15:13:24', '81da0517-57fa-40a9-b654-4caf169d2b88'),
 ('88', 'Venti_Event', '2017-08-28 20:06:31', '2017-08-28 20:06:31', 'a7d2a976-66e4-4a89-ae10-230748cdfd6c'),
 ('93', 'Asset', '2017-08-30 09:01:33', '2017-08-30 09:01:33', 'a3d9d513-ab0c-4cfb-8087-e6cda88dcc26'),
 ('97', 'Asset', '2017-08-30 11:31:04', '2017-08-30 11:31:04', '07999349-0eb0-40f9-83d5-2a77ab7c0f73'),
 ('98', 'Asset', '2017-08-30 11:39:40', '2017-08-30 11:39:40', '2eed3c73-f8fd-4a3a-9838-60f5d11d47aa'),
 ('99', 'Asset', '2017-08-30 11:51:19', '2017-08-30 11:51:19', '147854ef-dce9-4338-9622-aa63d40b96dc'),
 ('106', 'Entry', '2017-08-30 12:14:39', '2017-08-30 12:14:39', '3df8a9b0-df05-46a3-b1f8-26b71feb4c4a'),
 ('109', 'Entry', '2017-08-30 13:54:24', '2017-08-30 13:54:24', 'f04c5c96-6658-4f33-880f-79e1db271c5f'),
 ('112', 'Asset', '2017-08-30 14:06:23', '2017-08-30 14:06:23', '59079d1b-3f09-42e9-b414-e929249b2831'),
 ('140', 'Asset', '2017-08-31 11:31:06', '2017-08-31 11:31:06', '349fe8ae-54f0-4471-8e9f-8b3ddefdf442'),
 ('141', 'Entry', '2017-08-31 11:33:36', '2017-08-31 11:33:36', '7744e4ec-3cd7-4b8e-9ffe-8c8e811113ba'),
 ('142', 'MatrixBlock', '2017-08-31 11:53:28', '2017-08-31 11:53:28', '4b0b491e-24b3-4c73-bacc-de5c347dd8bc'),
 ('143', 'MatrixBlock', '2017-08-31 11:53:28', '2017-08-31 11:53:28', 'b5501d73-7611-4ac7-a390-c934352af7e0'),
 ('144', 'MatrixBlock', '2017-08-31 11:53:28', '2017-08-31 11:53:28', '3f4ad625-3121-4ad4-bccb-437500d9549c'),
 ('148', 'Asset', '2017-08-31 18:49:23', '2017-08-31 18:49:23', '4f4f5fb1-e8ee-4b2f-b58d-c77dbebed564'),
 ('149', 'Entry', '2017-08-31 18:57:51', '2017-08-31 18:57:51', '67a717d4-15df-4790-a2bc-2fca276bd4b5'),
 ('151', 'Entry', '2017-09-01 10:07:56', '2017-09-01 10:07:56', 'bedbc8a5-80de-4da0-956c-20dc94d5bbb4'),
 ('155', 'Asset', '2017-09-01 11:34:41', '2017-09-01 11:34:41', '1a70a28a-aaee-486e-adcb-cf8231e2b456'),
 ('158', 'Entry', '2017-09-01 11:42:38', '2017-09-01 11:42:38', 'f0744eba-def2-4808-a946-440fc655f0a0'),
 ('159', 'Entry', '2017-09-06 18:06:16', '2017-09-06 18:06:16', '320f6580-6642-43f3-9baf-84cf14c86bbb'),
 ('162', 'Venti_Event', '2017-09-07 16:44:02', '2017-09-07 16:44:02', '35cfed4e-2051-473e-86c6-af0a6448535d'),
 ('163', 'Venti_Event', '2017-09-07 16:44:30', '2017-09-07 16:44:30', 'bc4c5f67-73d3-460f-8f90-9a9c53c42c9e'),
 ('169', 'Asset', '2017-09-12 09:39:45', '2017-09-12 09:39:45', 'fe11942e-b49f-49d0-879d-58ab812df1bf'),
 ('205', 'Entry', '2017-09-12 16:43:47', '2017-09-12 16:43:47', 'a6f9069f-57f0-4410-b954-6aea667eefd2'),
 ('206', 'MatrixBlock', '2017-09-12 16:44:53', '2017-09-12 16:44:53', '52fe1e8e-9e32-4b37-8a8b-8671ad3f915c'),
 ('207', 'MatrixBlock', '2017-09-12 16:44:53', '2017-09-12 16:44:53', 'a3c53d77-bb0a-4b7c-ad34-c9b69b67d5c8'),
 ('208', 'MatrixBlock', '2017-09-12 16:44:53', '2017-09-12 16:44:53', 'dfe3742c-0c1d-4dfa-a2f9-9a48937cac8c'),
 ('209', 'MatrixBlock', '2017-09-12 16:44:53', '2017-09-12 16:44:53', '5f5fe6b3-cac9-4138-a9ed-eff857fba8b0'),
 ('211', 'Entry', '2017-09-13 09:22:28', '2017-09-13 09:22:28', '140d19cb-d00a-4be2-8e7b-636d26da80b7'),
 ('216', 'Venti_Event_Default', '2017-09-13 13:57:49', '2017-09-13 13:57:49', '0f9c903a-c008-48fd-aa6a-1e1a29a8c984');



DROP TABLE IF EXISTS `craft_fieldlayouttabs`;


--
-- Schema for table `craft_fieldlayouttabs`
--
CREATE TABLE `craft_fieldlayouttabs` (
  `id` int(11) NOT NULL AUTO_INCREMENT,
  `layoutId` int(11) NOT NULL,
  `name` varchar(255) COLLATE utf8_unicode_ci NOT NULL,
  `sortOrder` smallint(6) unsigned DEFAULT NULL,
  `dateCreated` datetime NOT NULL,
  `dateUpdated` datetime NOT NULL,
  `uid` char(36) COLLATE utf8_unicode_ci NOT NULL DEFAULT '0',
  PRIMARY KEY (`id`),
  KEY `craft_fieldlayouttabs_sortOrder_idx` (`sortOrder`),
  KEY `craft_fieldlayouttabs_layoutId_fk` (`layoutId`)
) ENGINE=InnoDB AUTO_INCREMENT=176 DEFAULT CHARSET=utf8 COLLATE=utf8_unicode_ci;

--
-- Data for table `craft_fieldlayouttabs`
--

INSERT INTO `craft_fieldlayouttabs` (`id`, `layoutId`, `name`, `sortOrder`, `dateCreated`, `dateUpdated`, `uid`) VALUES
 ('14', '25', 'Marquee', '1', '2017-08-25 18:22:17', '2017-08-25 18:22:17', '3370beda-26a5-4df8-ac3c-43c3fc02f693'),
 ('57', '75', 'Bio', '1', '2017-08-28 15:13:24', '2017-08-28 15:13:24', 'b9eac052-0190-41c1-8b07-f7f6cc2eb3f2'),
 ('75', '97', 'Content', '1', '2017-08-30 11:31:04', '2017-08-30 11:31:04', '1ce05f23-a4d0-42fc-9c75-87953e457596'),
 ('82', '106', 'Article Body', '1', '2017-08-30 12:14:39', '2017-08-30 12:14:39', 'fa46117a-eea4-48a6-9f9a-509a350f5059'),
 ('85', '109', 'Content', '1', '2017-08-30 13:54:24', '2017-08-30 13:54:24', 'e4d2272d-73b7-41a8-93d0-1b1565851cd8'),
 ('113', '141', 'Quadrants', '1', '2017-08-31 11:33:36', '2017-08-31 11:33:36', 'f3d4698b-952e-4319-a2a6-271a4635f53b'),
 ('114', '142', 'Content', '1', '2017-08-31 11:53:28', '2017-08-31 11:53:28', '737caa71-5641-4504-8673-79a87a16a260'),
 ('115', '143', 'Content', '1', '2017-08-31 11:53:28', '2017-08-31 11:53:28', 'e4f0fb33-7b3c-48b3-9174-2ebf6432ff5a'),
 ('116', '144', 'Content', '1', '2017-08-31 11:53:28', '2017-08-31 11:53:28', '39decd06-5903-4590-9f67-2b1d04b0b33a'),
 ('120', '149', 'Introduction', '1', '2017-08-31 18:57:51', '2017-08-31 18:57:51', '36891fcb-d2fc-4220-9985-0a5a7323ab36'),
 ('121', '149', 'Graphic  Feature', '2', '2017-08-31 18:57:51', '2017-08-31 18:57:51', 'e0673e51-c8bb-424d-bbfb-030b60fc3bdc'),
 ('122', '151', 'Article Body', '1', '2017-09-01 10:07:56', '2017-09-01 10:07:56', '4c5adf87-4fa3-4fed-9d32-6a29cb1a279d'),
 ('127', '158', 'Tour Slides', '1', '2017-09-01 11:42:38', '2017-09-01 11:42:38', '5ec5ed0f-d724-4ac9-9f34-4b39977aea6c'),
 ('166', '205', 'Sermon', '1', '2017-09-12 16:43:47', '2017-09-12 16:43:47', 'b0ce6b1c-4842-42e4-a808-06f5715300dc'),
 ('167', '206', 'Content', '1', '2017-09-12 16:44:53', '2017-09-12 16:44:53', 'b53fc0a7-9102-448f-9e75-22b4d1d938d2'),
 ('168', '207', 'Content', '1', '2017-09-12 16:44:53', '2017-09-12 16:44:53', '64dc6d59-0e6a-4d8e-8669-cfebdc643e4e'),
 ('169', '208', 'Content', '1', '2017-09-12 16:44:53', '2017-09-12 16:44:53', '707403e1-312f-4c13-b013-a910af11b827'),
 ('170', '209', 'Content', '1', '2017-09-12 16:44:53', '2017-09-12 16:44:53', 'c13ad5cb-68e5-4742-a729-e9d574af2e3e'),
 ('171', '211', 'Article Body', '1', '2017-09-13 09:22:28', '2017-09-13 09:22:28', '3b36b741-d556-48b9-801c-d12bfb7584a4'),
 ('175', '216', 'Events', '1', '2017-09-13 13:57:49', '2017-09-13 13:57:49', '34248a82-09c2-41ae-82f7-d785ee3c59d9');



DROP TABLE IF EXISTS `craft_fields`;


--
-- Schema for table `craft_fields`
--
CREATE TABLE `craft_fields` (
  `id` int(11) NOT NULL AUTO_INCREMENT,
  `groupId` int(11) DEFAULT NULL,
  `name` varchar(255) COLLATE utf8_unicode_ci NOT NULL,
  `handle` varchar(58) COLLATE utf8_unicode_ci NOT NULL,
  `context` varchar(255) COLLATE utf8_unicode_ci NOT NULL DEFAULT 'global',
  `instructions` text COLLATE utf8_unicode_ci,
  `translatable` tinyint(1) unsigned NOT NULL DEFAULT '0',
  `type` varchar(150) COLLATE utf8_unicode_ci NOT NULL,
  `settings` text COLLATE utf8_unicode_ci,
  `dateCreated` datetime NOT NULL,
  `dateUpdated` datetime NOT NULL,
  `uid` char(36) COLLATE utf8_unicode_ci NOT NULL DEFAULT '0',
  PRIMARY KEY (`id`),
  UNIQUE KEY `craft_fields_handle_context_unq_idx` (`handle`,`context`),
  KEY `craft_fields_context_idx` (`context`),
  KEY `craft_fields_groupId_fk` (`groupId`)
) ENGINE=InnoDB AUTO_INCREMENT=49 DEFAULT CHARSET=utf8 COLLATE=utf8_unicode_ci;

--
-- Data for table `craft_fields`
--

INSERT INTO `craft_fields` (`id`, `groupId`, `name`, `handle`, `context`, `instructions`, `translatable`, `type`, `settings`, `dateCreated`, `dateUpdated`, `uid`) VALUES
 ('1', '2', 'Body', 'body', 'global', '', '0', 'RichText', '{\"configFile\":\"Standard.json\",\"availableAssetSources\":\"*\",\"availableTransforms\":\"*\",\"cleanupHtml\":\"1\",\"purifyHtml\":\"1\",\"purifierConfig\":\"\",\"columnType\":\"text\"}', '2017-08-24 19:10:40', '2017-09-13 08:14:29', '367e63a7-d510-4a13-ae5c-1eb2f453eb12'),
 ('3', '2', 'Alt Attribute', 'altAttribute', 'global', '', '0', 'PlainText', '{\"placeholder\":\"\",\"maxLength\":\"\",\"multiline\":\"\",\"initialRows\":\"4\"}', '2017-08-25 13:25:45', '2017-08-25 13:25:45', 'b9d5a2e7-4d40-4aa5-a7d4-75e2210afb13'),
 ('4', '2', 'Link Text', 'linkText', 'global', '', '0', 'PlainText', '{\"placeholder\":\"\",\"maxLength\":\"\",\"multiline\":\"\",\"initialRows\":\"4\"}', '2017-08-25 13:26:15', '2017-08-26 13:34:54', 'cf31b716-a079-4068-a2a4-e5d593574515'),
 ('5', '2', 'Link URL', 'linkUrl', 'global', '', '0', 'PlainText', '{\"placeholder\":\"\",\"maxLength\":\"\",\"multiline\":\"\",\"initialRows\":\"4\"}', '2017-08-25 13:26:41', '2017-08-25 13:26:41', 'b6d8960e-c300-4ca4-b891-6a52f37155d9'),
 ('6', '4', 'Marquee Image', 'marqueeImage', 'global', '', '0', 'Assets', '{\"useSingleFolder\":\"1\",\"sources\":\"*\",\"defaultUploadLocationSource\":\"2\",\"defaultUploadLocationSubpath\":\"\",\"singleUploadLocationSource\":\"2\",\"singleUploadLocationSubpath\":\"\",\"restrictFiles\":\"\",\"limit\":\"1\",\"viewMode\":\"large\",\"selectionLabel\":\"\"}', '2017-08-25 13:33:59', '2017-08-30 11:40:54', '430db206-7da4-468b-94a5-facba41df475'),
 ('7', '2', 'Headline A', 'headlineA', 'global', '', '0', 'PlainText', '{\"placeholder\":\"\",\"maxLength\":\"\",\"multiline\":\"\",\"initialRows\":\"4\"}', '2017-08-25 13:35:09', '2017-08-26 13:34:38', '546e3c4a-2017-485c-9ae2-0f409df800d1'),
 ('8', '2', 'Headline B', 'headlineB', 'global', '', '0', 'PlainText', '{\"placeholder\":\"\",\"maxLength\":\"\",\"multiline\":\"\",\"initialRows\":\"4\"}', '2017-08-25 13:35:19', '2017-08-26 13:34:46', '2ef0dd93-a4fc-4f3f-9c3a-cf00fb12068a'),
 ('10', '2', 'Single Image', 'singleImage', 'global', '', '0', 'Assets', '{\"useSingleFolder\":\"\",\"sources\":\"*\",\"defaultUploadLocationSource\":\"1\",\"defaultUploadLocationSubpath\":\"\",\"singleUploadLocationSource\":\"1\",\"singleUploadLocationSubpath\":\"\",\"restrictFiles\":\"\",\"limit\":\"1\",\"viewMode\":\"large\",\"selectionLabel\":\"\"}', '2017-08-25 16:39:51', '2017-08-26 11:10:11', '1891ffd5-5618-4b58-989b-ce9c6412d669'),
 ('11', '3', 'Hero', 'hero', 'global', '', '0', 'Assets', '{\"useSingleFolder\":\"1\",\"sources\":[\"folder:5\"],\"defaultUploadLocationSource\":\"3\",\"defaultUploadLocationSubpath\":\"\",\"singleUploadLocationSource\":\"3\",\"singleUploadLocationSubpath\":\"\",\"restrictFiles\":\"\",\"limit\":\"1\",\"viewMode\":\"large\",\"selectionLabel\":\"\"}', '2017-08-26 11:17:20', '2017-08-30 11:32:01', 'a614b82f-9332-4add-94b1-06f7c354f59b'),
 ('12', '3', 'Introduction', 'introduction', 'global', '', '0', 'RichText', '{\"configFile\":\"Standard.json\",\"availableAssetSources\":\"*\",\"availableTransforms\":\"*\",\"cleanupHtml\":\"1\",\"purifyHtml\":\"1\",\"purifierConfig\":\"\",\"columnType\":\"text\"}', '2017-08-28 11:47:07', '2017-08-28 11:57:27', '4468a89a-cbcb-4a2b-b008-345dd0c19c15'),
 ('13', '3', 'Content Matrix', 'contentMatrix', 'global', '', '0', 'Matrix', '{\"maxBlocks\":null}', '2017-08-28 12:09:51', '2017-09-12 16:44:52', 'fffa7d9c-a544-453e-8f83-24210817017e'),
 ('14', NULL, 'Text', 'text', 'matrixBlockType:1', '', '0', 'RichText', '{\"configFile\":\"Standard.json\",\"availableAssetSources\":\"*\",\"availableTransforms\":\"*\",\"cleanupHtml\":\"1\",\"purifyHtml\":\"1\",\"purifierConfig\":\"\",\"columnType\":\"text\"}', '2017-08-28 12:09:51', '2017-09-12 16:44:53', '69421993-5125-4c00-8928-5864fd7cf20a'),
 ('15', NULL, 'Image', 'image', 'matrixBlockType:2', '', '0', 'Assets', '{\"useSingleFolder\":\"\",\"sources\":[\"folder:7\"],\"defaultUploadLocationSource\":\"4\",\"defaultUploadLocationSubpath\":\"\",\"singleUploadLocationSource\":\"1\",\"singleUploadLocationSubpath\":\"\",\"restrictFiles\":\"1\",\"allowedKinds\":[\"image\"],\"limit\":\"1\",\"viewMode\":\"large\",\"selectionLabel\":\"\"}', '2017-08-28 12:09:51', '2017-09-12 16:44:53', '3c20f7f5-a4d7-4b7b-9ad5-d97ca9475a03'),
 ('16', NULL, 'Alt Attribute', 'altAttribute', 'matrixBlockType:2', '', '0', 'PlainText', '{\"placeholder\":\"\",\"maxLength\":\"\",\"multiline\":\"\",\"initialRows\":\"4\"}', '2017-08-28 12:13:49', '2017-09-12 16:44:53', '3cd0b646-b5d3-426a-8ca0-c232d8d11130'),
 ('17', NULL, 'Caption', 'caption', 'matrixBlockType:2', '', '0', 'RichText', '{\"configFile\":\"Simple.json\",\"availableAssetSources\":\"*\",\"availableTransforms\":\"*\",\"cleanupHtml\":\"\",\"purifyHtml\":\"\",\"purifierConfig\":\"\",\"columnType\":\"text\"}', '2017-08-28 12:13:49', '2017-09-12 16:44:53', '149d31c8-6e42-4e09-9362-84d478692c0f'),
 ('18', NULL, 'Credit', 'credit', 'matrixBlockType:2', '', '0', 'PlainText', '{\"placeholder\":\"\",\"maxLength\":\"\",\"multiline\":\"\",\"initialRows\":\"4\"}', '2017-08-28 12:15:44', '2017-09-12 16:44:53', 'b3e897e3-575e-4c8c-a944-e4132221f837'),
 ('21', NULL, 'Bio Type', 'bioType', 'matrixBlockType:3', '', '0', 'PlainText', '{\"placeholder\":\"\",\"maxLength\":\"\",\"multiline\":\"\",\"initialRows\":\"4\"}', '2017-08-28 15:03:35', '2017-09-12 16:44:53', 'cf71662c-1050-4054-82ba-231eec580918'),
 ('22', NULL, 'Individual', 'individual', 'matrixBlockType:3', '', '0', 'Entries', '{\"sources\":[\"section:8\"],\"limit\":\"\",\"selectionLabel\":\"\"}', '2017-08-28 15:03:35', '2017-09-12 16:44:53', 'a49c16ee-1100-4769-9d67-fdf4f03ba1bb'),
 ('23', '2', 'Full Name', 'fullName', 'global', '', '0', 'PlainText', '{\"placeholder\":\"\",\"maxLength\":\"\",\"multiline\":\"\",\"initialRows\":\"4\"}', '2017-08-28 15:07:56', '2017-08-28 15:07:56', '666c90bb-3cda-49f7-935c-9cb19ffb47ff'),
 ('24', '2', 'Professional Title', 'professionalTitle', 'global', '', '0', 'PlainText', '{\"placeholder\":\"\",\"maxLength\":\"\",\"multiline\":\"\",\"initialRows\":\"4\"}', '2017-08-28 15:08:26', '2017-08-28 15:08:26', '62724c56-6ec2-456e-ade7-7fa5b1c4986f'),
 ('25', '5', 'Blog Feature', 'blogFeature', 'global', '', '0', 'Assets', '{\"useSingleFolder\":\"1\",\"sources\":[\"folder:11\"],\"defaultUploadLocationSource\":\"1\",\"defaultUploadLocationSubpath\":\"\",\"singleUploadLocationSource\":\"6\",\"singleUploadLocationSubpath\":\"\",\"restrictFiles\":\"\",\"limit\":\"1\",\"viewMode\":\"large\",\"selectionLabel\":\"\"}', '2017-08-30 09:03:15', '2017-08-30 09:05:32', 'e9d777d7-df9a-4263-9094-d6f8361bbf9f'),
 ('26', '5', 'By Line', 'byLine', 'global', '', '0', 'PlainText', '{\"placeholder\":\"\",\"maxLength\":\"\",\"multiline\":\"\",\"initialRows\":\"4\"}', '2017-08-30 09:06:56', '2017-08-30 09:06:56', 'a464962f-c094-468b-a48f-5a797897dda1'),
 ('27', '2', 'Photo Credit', 'photoCredit', 'global', '', '0', 'PlainText', '{\"placeholder\":\"\",\"maxLength\":\"\",\"multiline\":\"\",\"initialRows\":\"4\"}', '2017-08-30 12:14:01', '2017-08-30 12:14:01', '667d34f1-cb1d-4f9b-a3d2-f63c662b81ed'),
 ('28', '5', 'Blog Article Matrix', 'blogArticleMatrix', 'global', '', '0', 'Matrix', '{\"maxBlocks\":null}', '2017-08-30 13:48:23', '2017-08-31 11:53:28', 'bed625c3-cdd1-4ffc-a549-86253b9a7762'),
 ('29', NULL, 'Text', 'text', 'matrixBlockType:4', '', '0', 'RichText', '{\"configFile\":\"Standard.json\",\"availableAssetSources\":\"*\",\"availableTransforms\":\"*\",\"cleanupHtml\":\"1\",\"purifyHtml\":\"1\",\"purifierConfig\":\"\",\"columnType\":\"text\"}', '2017-08-30 13:48:23', '2017-08-31 11:53:28', 'ffe55a34-9e74-40df-a1ba-fc9d3db7c328'),
 ('30', NULL, 'Image', 'image', 'matrixBlockType:5', '', '0', 'Assets', '{\"useSingleFolder\":\"1\",\"sources\":\"*\",\"defaultUploadLocationSource\":\"1\",\"defaultUploadLocationSubpath\":\"\",\"singleUploadLocationSource\":\"7\",\"singleUploadLocationSubpath\":\"\",\"restrictFiles\":\"\",\"limit\":\"1\",\"viewMode\":\"large\",\"selectionLabel\":\"\"}', '2017-08-30 14:04:53', '2017-08-31 11:53:28', '7b2d4d67-aaf8-4394-a1a1-1c37ad42cca7'),
 ('31', NULL, 'Alt Attribute', 'altAttribute', 'matrixBlockType:5', '', '0', 'PlainText', '{\"placeholder\":\"\",\"maxLength\":\"\",\"multiline\":\"\",\"initialRows\":\"4\"}', '2017-08-30 14:07:19', '2017-08-31 11:53:28', '61a7e16a-5c86-4d24-858f-bfa9bf99fa25'),
 ('32', NULL, 'Caption', 'caption', 'matrixBlockType:5', '', '0', 'RichText', '{\"configFile\":\"Simple.json\",\"availableAssetSources\":\"*\",\"availableTransforms\":\"*\",\"cleanupHtml\":\"\",\"purifyHtml\":\"\",\"purifierConfig\":\"\",\"columnType\":\"text\"}', '2017-08-30 14:08:31', '2017-08-31 11:53:28', 'a1364d44-bb9b-482f-ac88-d0e5395b389b'),
 ('33', NULL, 'Enlarge', 'enlarge', 'matrixBlockType:5', '', '0', 'Lightswitch', '{\"default\":\"\"}', '2017-08-30 14:10:03', '2017-08-31 11:53:28', 'b289026d-f128-4ea6-8f26-cafe42548350'),
 ('34', NULL, 'Orientation', 'orientation', 'matrixBlockType:5', '', '0', 'Dropdown', '{\"options\":[{\"label\":\"Horizontal\",\"value\":\"horizontal\",\"default\":\"1\"},{\"label\":\"Vertical\",\"value\":\"vertical\",\"default\":\"\"},{\"label\":\"Full Width\",\"value\":\"fullWidth\",\"default\":\"\"}]}', '2017-08-30 22:50:49', '2017-08-31 11:53:28', '28fad6b5-3c04-40c6-8e0d-a7dc62a21ba4'),
 ('35', NULL, 'Text', 'text', 'matrixBlockType:6', '', '0', 'RichText', '{\"configFile\":\"Simple.json\",\"availableAssetSources\":\"*\",\"availableTransforms\":\"*\",\"cleanupHtml\":\"1\",\"purifyHtml\":\"1\",\"purifierConfig\":\"\",\"columnType\":\"text\"}', '2017-08-30 23:35:32', '2017-08-31 11:53:28', 'f49ea587-ff87-47a7-8f02-1278a81b4cdc'),
 ('36', '4', 'Home Quadtrant', 'homeQuadtrant', 'global', '', '0', 'Assets', '{\"useSingleFolder\":\"1\",\"sources\":\"*\",\"defaultUploadLocationSource\":\"1\",\"defaultUploadLocationSubpath\":\"\",\"singleUploadLocationSource\":\"8\",\"singleUploadLocationSubpath\":\"\",\"restrictFiles\":\"\",\"limit\":\"\",\"viewMode\":\"list\",\"selectionLabel\":\"\"}', '2017-08-31 11:29:41', '2017-08-31 11:29:41', '417ec210-e26d-47a7-b30f-834830bf7cd0'),
 ('37', '4', 'Graphic Feature Image ', 'graphicFeatureImage', 'global', '', '0', 'Assets', '{\"useSingleFolder\":\"1\",\"sources\":\"*\",\"defaultUploadLocationSource\":\"1\",\"defaultUploadLocationSubpath\":\"\",\"singleUploadLocationSource\":\"9\",\"singleUploadLocationSubpath\":\"\",\"restrictFiles\":\"\",\"limit\":\"1\",\"viewMode\":\"large\",\"selectionLabel\":\"\"}', '2017-08-31 18:44:16', '2017-08-31 18:44:16', '4d7f649d-4aaa-458e-b2cb-0ff7c00f46de'),
 ('38', '4', 'Graphic Feature Headline', 'graphicFeatureHeadline', 'global', '', '0', 'RichText', '{\"configFile\":\"Simple.json\",\"availableAssetSources\":\"*\",\"availableTransforms\":\"*\",\"cleanupHtml\":\"\",\"purifyHtml\":\"\",\"purifierConfig\":\"\",\"columnType\":\"text\"}', '2017-08-31 18:55:33', '2017-08-31 18:55:33', '8d502b60-28f5-4ee2-99bd-68eddf572bc4'),
 ('39', '4', 'Graphic Feature Text', 'graphicFeatureText', 'global', '', '0', 'RichText', '{\"configFile\":\"Simple.json\",\"availableAssetSources\":\"*\",\"availableTransforms\":\"*\",\"cleanupHtml\":\"\",\"purifyHtml\":\"\",\"purifierConfig\":\"\",\"columnType\":\"text\"}', '2017-08-31 18:56:13', '2017-08-31 18:56:13', 'acd2314e-5131-47bf-b2d2-c3130428d2f3'),
 ('40', '2', 'Headline', 'headline', 'global', '', '0', 'RichText', '{\"configFile\":\"Simple.json\",\"availableAssetSources\":\"\",\"availableTransforms\":\"\",\"cleanupHtml\":\"\",\"purifyHtml\":\"\",\"purifierConfig\":\"\",\"columnType\":\"text\"}', '2017-09-01 11:29:09', '2017-09-01 11:29:09', '13a9f409-351c-4cd5-8ef4-dc069359d1c0'),
 ('41', '6', 'Tour Image', 'tourImage', 'global', '', '0', 'Assets', '{\"useSingleFolder\":\"1\",\"sources\":\"*\",\"defaultUploadLocationSource\":\"1\",\"defaultUploadLocationSubpath\":\"\",\"singleUploadLocationSource\":\"10\",\"singleUploadLocationSubpath\":\"\",\"restrictFiles\":\"\",\"limit\":\"1\",\"viewMode\":\"large\",\"selectionLabel\":\"\"}', '2017-09-01 11:36:03', '2017-09-01 11:36:27', '1cfbf6cb-4966-48d3-97eb-56ef3e2a1701'),
 ('42', '6', 'Tour Description', 'tourDescription', 'global', '', '0', 'RichText', '{\"configFile\":\"Simple.json\",\"availableAssetSources\":\"*\",\"availableTransforms\":\"*\",\"cleanupHtml\":\"\",\"purifyHtml\":\"\",\"purifierConfig\":\"\",\"columnType\":\"text\"}', '2017-09-01 11:41:44', '2017-09-01 11:42:08', 'cab246f1-6c6f-49b5-966f-6aef1b2e3260'),
 ('45', NULL, 'Current Sermons', 'currentSermons', 'matrixBlockType:7', '', '0', 'Entries', '{\"sources\":[\"section:13\"],\"limit\":\"\",\"selectionLabel\":\"\"}', '2017-09-12 10:16:25', '2017-09-12 16:44:53', 'ffb17a48-929b-4b01-b741-6407c857837b'),
 ('46', '3', 'Audio File', 'audioFile', 'global', '', '0', 'Assets', '{\"useSingleFolder\":\"1\",\"sources\":\"*\",\"defaultUploadLocationSource\":\"1\",\"defaultUploadLocationSubpath\":\"\",\"singleUploadLocationSource\":\"11\",\"singleUploadLocationSubpath\":\"\",\"restrictFiles\":\"\",\"limit\":\"1\",\"viewMode\":\"list\",\"selectionLabel\":\"\"}', '2017-09-12 10:17:27', '2017-09-12 16:59:30', '23df8452-f9c5-4c8e-bb01-2fc2a99e2d0e'),
 ('47', '2', 'Date', 'date', 'global', '', '0', 'PlainText', '{\"placeholder\":\"\",\"maxLength\":\"\",\"multiline\":\"\",\"initialRows\":\"4\"}', '2017-09-12 10:21:36', '2017-09-12 10:21:36', '6b43921a-281a-43c8-8443-370d2cb466ca'),
 ('48', '7', 'Detail Page', 'detailPage', 'global', '', '0', 'Lightswitch', '{\"default\":\"\"}', '2017-09-12 13:57:39', '2017-09-12 13:57:39', '1006c0e2-1dc7-4d35-aebb-cb8f0927670a');



DROP TABLE IF EXISTS `craft_globalsets`;


--
-- Schema for table `craft_globalsets`
--
CREATE TABLE `craft_globalsets` (
  `id` int(11) NOT NULL,
  `name` varchar(255) COLLATE utf8_unicode_ci NOT NULL,
  `handle` varchar(255) COLLATE utf8_unicode_ci NOT NULL,
  `fieldLayoutId` int(10) DEFAULT NULL,
  `dateCreated` datetime NOT NULL,
  `dateUpdated` datetime NOT NULL,
  `uid` char(36) COLLATE utf8_unicode_ci NOT NULL DEFAULT '0',
  PRIMARY KEY (`id`),
  UNIQUE KEY `craft_globalsets_name_unq_idx` (`name`),
  UNIQUE KEY `craft_globalsets_handle_unq_idx` (`handle`),
  KEY `craft_globalsets_fieldLayoutId_fk` (`fieldLayoutId`)
) ENGINE=InnoDB DEFAULT CHARSET=utf8 COLLATE=utf8_unicode_ci;

DROP TABLE IF EXISTS `craft_info`;


--
-- Schema for table `craft_info`
--
CREATE TABLE `craft_info` (
  `id` int(11) NOT NULL AUTO_INCREMENT,
  `version` varchar(50) COLLATE utf8_unicode_ci NOT NULL,
  `schemaVersion` varchar(15) COLLATE utf8_unicode_ci NOT NULL,
  `edition` tinyint(1) unsigned NOT NULL DEFAULT '0',
  `siteName` varchar(100) COLLATE utf8_unicode_ci NOT NULL,
  `siteUrl` varchar(255) COLLATE utf8_unicode_ci NOT NULL,
  `timezone` varchar(30) COLLATE utf8_unicode_ci DEFAULT NULL,
  `on` tinyint(1) unsigned NOT NULL DEFAULT '0',
  `maintenance` tinyint(1) unsigned NOT NULL DEFAULT '0',
  `dateCreated` datetime NOT NULL,
  `dateUpdated` datetime NOT NULL,
  `uid` char(36) COLLATE utf8_unicode_ci NOT NULL DEFAULT '0',
  PRIMARY KEY (`id`)
) ENGINE=InnoDB AUTO_INCREMENT=2 DEFAULT CHARSET=utf8 COLLATE=utf8_unicode_ci;

--
-- Data for table `craft_info`
--

INSERT INTO `craft_info` (`id`, `version`, `schemaVersion`, `edition`, `siteName`, `siteUrl`, `timezone`, `on`, `maintenance`, `dateCreated`, `dateUpdated`, `uid`) VALUES
 ('1', '2.6.2989', '2.6.10', '1', 'Little Church', 'http://lc-craft/', 'UTC', '1', '0', '2017-08-24 19:10:34', '2017-08-26 13:56:50', 'e014da8e-4145-4e41-bdff-568093b2f68f');



DROP TABLE IF EXISTS `craft_locales`;


--
-- Schema for table `craft_locales`
--
CREATE TABLE `craft_locales` (
  `locale` char(12) COLLATE utf8_unicode_ci NOT NULL,
  `sortOrder` smallint(6) unsigned DEFAULT NULL,
  `dateCreated` datetime NOT NULL,
  `dateUpdated` datetime NOT NULL,
  `uid` char(36) COLLATE utf8_unicode_ci NOT NULL DEFAULT '0',
  PRIMARY KEY (`locale`),
  KEY `craft_locales_sortOrder_idx` (`sortOrder`)
) ENGINE=InnoDB DEFAULT CHARSET=utf8 COLLATE=utf8_unicode_ci;

--
-- Data for table `craft_locales`
--

INSERT INTO `craft_locales` (`locale`, `sortOrder`, `dateCreated`, `dateUpdated`, `uid`) VALUES
 ('en_us', '1', '2017-08-24 19:10:34', '2017-08-24 19:10:34', '094ac592-ce1d-4949-a2f5-cf5b0903ee9d');



DROP TABLE IF EXISTS `craft_matrixblocks`;


--
-- Schema for table `craft_matrixblocks`
--
CREATE TABLE `craft_matrixblocks` (
  `id` int(11) NOT NULL,
  `ownerId` int(11) NOT NULL,
  `fieldId` int(11) NOT NULL,
  `typeId` int(11) DEFAULT NULL,
  `sortOrder` smallint(6) unsigned DEFAULT NULL,
  `ownerLocale` char(12) COLLATE utf8_unicode_ci DEFAULT NULL,
  `dateCreated` datetime NOT NULL,
  `dateUpdated` datetime NOT NULL,
  `uid` char(36) COLLATE utf8_unicode_ci NOT NULL DEFAULT '0',
  PRIMARY KEY (`id`),
  KEY `craft_matrixblocks_ownerId_idx` (`ownerId`),
  KEY `craft_matrixblocks_fieldId_idx` (`fieldId`),
  KEY `craft_matrixblocks_typeId_idx` (`typeId`),
  KEY `craft_matrixblocks_sortOrder_idx` (`sortOrder`),
  KEY `craft_matrixblocks_ownerLocale_fk` (`ownerLocale`)
) ENGINE=InnoDB DEFAULT CHARSET=utf8 COLLATE=utf8_unicode_ci;

--
-- Data for table `craft_matrixblocks`
--

INSERT INTO `craft_matrixblocks` (`id`, `ownerId`, `fieldId`, `typeId`, `sortOrder`, `ownerLocale`, `dateCreated`, `dateUpdated`, `uid`) VALUES
 ('71', '69', '13', '1', '1', NULL, '2017-08-28 12:21:30', '2017-08-31 12:14:10', '7532dd13-b3ac-42ea-b51d-69629dbf7ec4'),
 ('88', '87', '13', '3', '1', NULL, '2017-08-28 19:41:48', '2017-09-13 08:53:56', 'bdfd7b9f-16d2-499c-861a-31abfbbd22f7'),
 ('107', '94', '28', '4', '1', NULL, '2017-08-30 13:55:36', '2017-08-31 17:46:16', 'af29d29d-b86d-4123-996a-e6b35c496832'),
 ('108', '94', '28', '4', '3', NULL, '2017-08-30 14:03:42', '2017-08-31 17:46:16', '8e43b66d-be77-4534-bc8d-2a11c0a092de'),
 ('111', '94', '28', '5', '2', NULL, '2017-08-30 14:11:22', '2017-08-31 17:46:16', 'ab2e898a-26bd-4d41-b7f7-18e958cfacd4'),
 ('116', '115', '28', '4', '1', NULL, '2017-08-30 15:21:41', '2017-08-31 14:04:55', 'c257a56e-8952-43d1-9ccb-2776dfafae71'),
 ('122', '94', '28', '5', '5', NULL, '2017-08-30 23:13:51', '2017-08-31 17:46:16', '1fecd9ea-f3e4-4531-a1b7-7b78b7f632c2'),
 ('123', '94', '28', '4', '4', NULL, '2017-08-30 23:13:51', '2017-08-31 17:46:16', 'e440aedf-368a-4199-99c4-40218d6c2b50'),
 ('126', '94', '28', '4', '6', NULL, '2017-08-30 23:20:46', '2017-08-31 17:46:16', '8c54d6f9-d268-4adf-91b1-2b6ec4e59e64'),
 ('218', '94', '28', '6', '7', NULL, '2017-08-31 11:49:46', '2017-08-31 17:46:16', 'bf2253c8-c7b9-438c-afd9-3b9c57044ecb'),
 ('224', '221', '28', '4', '1', NULL, '2017-08-31 14:22:23', '2017-08-31 14:24:08', 'e9d89430-bfb7-4d7e-8119-abb22fc660b6'),
 ('236', '234', '13', '1', '1', NULL, '2017-08-31 20:29:51', '2017-09-04 20:58:26', '2b5c2e41-5ebc-49b4-9dab-4606f1188291'),
 ('240', '239', '13', '1', '1', NULL, '2017-08-31 20:36:16', '2017-09-06 16:54:15', 'e25f7b3e-3f2b-42ce-8ccb-6099a14cb216'),
 ('245', '244', '13', '1', '1', NULL, '2017-09-01 10:13:16', '2017-09-01 10:13:52', 'd02a6170-0061-4c28-9d67-2deae5030f2c'),
 ('269', '234', '13', '2', '2', NULL, '2017-09-04 20:55:33', '2017-09-04 20:58:26', '4ff2d0d1-98ab-458c-993c-96d785c74f87'),
 ('270', '234', '13', '1', '3', NULL, '2017-09-04 20:56:38', '2017-09-04 20:58:26', '9e0d5470-dc97-4665-bb17-7ac10b6d9275'),
 ('272', '271', '13', '1', '1', NULL, '2017-09-05 15:02:17', '2017-09-06 16:30:07', '1faca2a7-6b26-49f0-9646-528ccbde5544'),
 ('288', '287', '13', '7', '1', NULL, '2017-09-12 09:46:39', '2017-09-12 19:11:02', '10ac46ae-584f-431d-b2ea-319971f3c763'),
 ('323', '87', '13', '3', '2', NULL, '2017-09-13 08:53:56', '2017-09-13 08:53:56', '018a9c54-6d6d-4194-9c58-5b29c74195ff'),
 ('330', '329', '13', '1', '1', NULL, '2017-09-13 09:42:53', '2017-09-13 10:47:26', '8a1a8f55-d0d3-4050-9024-4f0d0ab96aa7'),
 ('336', '329', '13', '2', '3', NULL, '2017-09-13 10:42:19', '2017-09-13 10:47:26', 'f8d7e10a-e6ae-4f13-bfda-0b5d924ab774'),
 ('337', '329', '13', '1', '2', NULL, '2017-09-13 10:45:04', '2017-09-13 10:47:26', 'bdf40617-b804-4764-9082-de27c7d0ab3f'),
 ('340', '333', '13', '1', '1', NULL, '2017-09-13 11:04:37', '2017-09-13 11:50:57', '6438c067-dffe-4e1e-a57c-94b4156dba91');



DROP TABLE IF EXISTS `craft_matrixblocktypes`;


--
-- Schema for table `craft_matrixblocktypes`
--
CREATE TABLE `craft_matrixblocktypes` (
  `id` int(11) NOT NULL AUTO_INCREMENT,
  `fieldId` int(11) NOT NULL,
  `fieldLayoutId` int(11) DEFAULT NULL,
  `name` varchar(255) COLLATE utf8_unicode_ci NOT NULL,
  `handle` varchar(255) COLLATE utf8_unicode_ci NOT NULL,
  `sortOrder` smallint(6) unsigned DEFAULT NULL,
  `dateCreated` datetime NOT NULL,
  `dateUpdated` datetime NOT NULL,
  `uid` char(36) COLLATE utf8_unicode_ci NOT NULL DEFAULT '0',
  PRIMARY KEY (`id`),
  UNIQUE KEY `craft_matrixblocktypes_name_fieldId_unq_idx` (`name`,`fieldId`),
  UNIQUE KEY `craft_matrixblocktypes_handle_fieldId_unq_idx` (`handle`,`fieldId`),
  KEY `craft_matrixblocktypes_fieldId_fk` (`fieldId`),
  KEY `craft_matrixblocktypes_fieldLayoutId_fk` (`fieldLayoutId`)
) ENGINE=InnoDB AUTO_INCREMENT=8 DEFAULT CHARSET=utf8 COLLATE=utf8_unicode_ci;

--
-- Data for table `craft_matrixblocktypes`
--

INSERT INTO `craft_matrixblocktypes` (`id`, `fieldId`, `fieldLayoutId`, `name`, `handle`, `sortOrder`, `dateCreated`, `dateUpdated`, `uid`) VALUES
 ('1', '13', '206', 'General Section', 'generalSection', '1', '2017-08-28 12:09:51', '2017-09-12 16:44:53', '926f404b-304d-464e-af6a-ea5eeb3ec55d'),
 ('2', '13', '207', 'Figure Full', 'figureFull', '2', '2017-08-28 12:09:51', '2017-09-12 16:44:53', '17618ed5-b008-460e-893e-6e7dbccde69a'),
 ('3', '13', '208', 'Bio Group', 'bioGroup', '3', '2017-08-28 14:54:03', '2017-09-12 16:44:53', '196cea1f-83d6-42e5-bd6f-38e2a00f8166'),
 ('4', '28', '142', 'Paragraph', 'paragraph', '1', '2017-08-30 13:48:23', '2017-08-31 11:53:28', '40bbaf07-c93c-42b3-ad0f-a4b4899ddbc1'),
 ('5', '28', '143', 'Figure', 'figure', '2', '2017-08-30 14:04:53', '2017-08-31 11:53:28', '4af8e5d1-19dc-481f-b24e-7344b2192aa6'),
 ('6', '28', '144', 'Footnote', 'footnote', '3', '2017-08-30 23:35:32', '2017-08-31 11:53:28', '08133eea-053f-488f-b18c-305f1d89f6b2'),
 ('7', '13', '209', 'Sermon Audio', 'sermonAudio', '4', '2017-09-12 09:37:37', '2017-09-12 16:44:53', 'dfa32fcd-7556-4c8b-bbba-a734d7177268');



DROP TABLE IF EXISTS `craft_matrixcontent_blogarticlematrix`;


--
-- Schema for table `craft_matrixcontent_blogarticlematrix`
--
CREATE TABLE `craft_matrixcontent_blogarticlematrix` (
  `id` int(11) NOT NULL AUTO_INCREMENT,
  `elementId` int(11) NOT NULL,
  `locale` char(12) COLLATE utf8_unicode_ci NOT NULL,
  `field_paragraph_text` text COLLATE utf8_unicode_ci,
  `field_figure_altAttribute` text COLLATE utf8_unicode_ci,
  `field_figure_caption` text COLLATE utf8_unicode_ci,
  `field_figure_enlarge` tinyint(1) unsigned NOT NULL DEFAULT '0',
  `field_figure_orientation` varchar(255) COLLATE utf8_unicode_ci DEFAULT 'horizontal',
  `field_footnote_text` text COLLATE utf8_unicode_ci,
  `dateCreated` datetime NOT NULL,
  `dateUpdated` datetime NOT NULL,
  `uid` char(36) COLLATE utf8_unicode_ci NOT NULL DEFAULT '0',
  PRIMARY KEY (`id`),
  UNIQUE KEY `craft_matrixcontent_blogarticlematrix_elementId_locale_unq_idx` (`elementId`,`locale`),
  KEY `craft_matrixcontent_blogarticlematrix_locale_fk` (`locale`)
) ENGINE=InnoDB AUTO_INCREMENT=11 DEFAULT CHARSET=utf8 COLLATE=utf8_unicode_ci;

--
-- Data for table `craft_matrixcontent_blogarticlematrix`
--

INSERT INTO `craft_matrixcontent_blogarticlematrix` (`id`, `elementId`, `locale`, `field_paragraph_text`, `field_figure_altAttribute`, `field_figure_caption`, `field_figure_enlarge`, `field_figure_orientation`, `field_footnote_text`, `dateCreated`, `dateUpdated`, `uid`) VALUES
 ('1', '107', 'en_us', '<p>I was paging my way through <em>Holy Men, Holy Women</em> on a fact-checking mission when I came across the entry for December 16<sup>th</sup>.</p>\n<p>\n</p>\n<p>I was stunned to see that this day had been set apart to honor two architects and an artist whose work was represented here at Transfiguration:  Ralph Adams Cram, designer of St. Thomas Church NYC and the nave of the Cathedral of St. John the Divine, Richard Upjohn, the designer of Trinity Church on Wall Street in lower Manhattan, and John Lafarge, painter of murals and designer of many notable stained glass windows.</p>\n<p>\n</p>\n<p><em>Holy Men, Holy Women</em> encourages us to offer thanks for “the vision of Ralph Adams Cram, John LaFarge and Richard Upjohn, whose harmonious revival of the Gothic enriched our churches with a sacramental understanding of reality in the face of secular materialism…” *</p>', NULL, NULL, '0', NULL, NULL, '2017-08-30 13:55:36', '2017-08-31 17:46:16', 'ef686f01-e96c-4d61-abf2-889167ff0e4e'),
 ('2', '108', 'en_us', '<p><em>Holy Men, Holy Women</em> encourages us to offer thanks for “the vision of Ralph Adams Cram, John LaFarge and Richard Upjohn, whose harmonious revival of the Gothic enriched our churches with a sacramental understanding of reality in the face of secular materialism…” *<br /></p>\n<p>Ralph Adams Cram was the designer of our beautiful polychromed wood Madonna Shrine, located in the Transept. It was donated by Mr. F. E. Saxham Drury in memory of Elbridge T. Gerry and Mabel Gerry Drury.<br /></p>\n<p>Turn to your right, and there is John LaFarge’s magnificent window depicting Edwin Booth, the leading Shakespearean actor of his time, holding a mask and dressed in Greco-Roman costume.  (Edwin Booth was the brother of the notorious John Wilkes Booth, President Lincoln’s assassin.) The window was given in his memory in 1898 by members of the Players Club, which he founded.</p>', NULL, NULL, '0', NULL, NULL, '2017-08-30 14:03:42', '2017-08-31 17:46:16', 'a6c9e6ea-3785-4259-b4b1-4116dee5c543'),
 ('3', '111', 'en_us', NULL, 'John LaFarge’s magnificent window depicting Edwin Booth', '<p>John LaFarge’s magnificent window depicting Edwin Booth</p>', '1', 'vertical', NULL, '2017-08-30 14:11:22', '2017-08-31 17:46:16', '388c54de-7872-4860-9c23-4a26626f9fa0'),
 ('4', '116', 'en_us', '<p>Sem natoque nulla ligula ullamcorper facilisi semper conubia inceptos a risus aptent egestas dictumst vulputate at ultrices fermentum pretium hendrerit ad a. Suspendisse tristique consequat torquent ipsum hac cum a at ac at phasellus id fringilla dis risus auctor himenaeos parturient ac vestibulum dis faucibus litora. Ultrices et facilisi neque suscipit ad torquent convallis cras nisl condimentum a suspendisse felis vestibulum ridiculus suscipit nunc dapibus ac velit a. </p>\n<h2>Blessing of the Animals</h2><p>Eleifend ut vivamus parturient hendrerit est parturient a nec elit a ante nec adipiscing condimentum velit montes metus eu sagittis enim. Turpis a diam ultricies arcu curabitur dignissim eleifend non aliquam interdum ad nulla tincidunt aenean aptent fringilla consectetur primis neque. Id scelerisque laoreet ad scelerisque ligula ut vestibulum praesent cras a habitant consectetur purus parturient. Eu laoreet nam in hac inceptos in hendrerit lobortis sociosqu cum elit aliquam condimentum ad a. </p>\n<p>Vestibulum mi parturient auctor lectus suscipit curae litora lectus condimentum cubilia dui porttitor blandit ut. Faucibus penatibus a eros etiam pulvinar ultricies in a egestas vestibulum cum massa quisque interdum. Ullamcorper vestibulum parturient et mattis mi parturient sagittis praesent morbi netus condimentum fermentum ullamcorper ligula ante molestie hac phasellus facilisi class mattis blandit urna ridiculus ante magnis sociosqu a. Aliquet turpis ligula eros ad parturient parturient malesuada penatibus aliquet mi adipiscing ad pulvinar cubilia scelerisque laoreet penatibus vivamus a a scelerisque. Parturient ad massa cum nisi senectus massa taciti vestibulum accumsan magna in parturient nibh odio. A mi velit erat ullamcorper rutrum lacus vestibulum donec sit duis maecenas nam hendrerit gravida sed turpis enim scelerisque senectus laoreet quam lectus id adipiscing. </p>\n<p>Adipiscing parturient ad condimentum at a ac lacus montes rhoncus arcu vel condimentum magnis venenatis praesent sem scelerisque dis eleifend urna gravida a ullamcorper a nisi ullamcorper sed lacus. Natoque vel nullam curabitur eu sem eu purus suspendisse et accumsan scelerisque adipiscing sit adipiscing suspendisse consectetur lacinia sociis commodo vestibulum natoque egestas. Ut faucibus fringilla habitasse elementum odio euismod adipiscing varius massa in parturient a gravida nostra sit. <br /></p>\n<p>Facilisi parturient tempus parturient interdum leo dis ullamcorper scelerisque odio vulputate feugiat suspendisse a eu varius hac diam neque phasellus tempor. Aenean maecenas a neque sed a a tortor vestibulum ad eu aptent consectetur nullam tortor. Vestibulum facilisis pharetra imperdiet nullam rutrum sem suspendisse a litora a id eu lacinia elit mus morbi a in in sociosqu ad in id torquent sodales.</p>', NULL, NULL, '0', NULL, NULL, '2017-08-30 15:21:41', '2017-08-31 14:04:55', '4810b30c-013b-4ebc-8657-70f5da206132'),
 ('5', '122', 'en_us', NULL, 'Richard Upjohn’s beautiful and intricate brass filigree pulpit', '<p>Richard Upjohn’s beautiful and intricate brass filigree pulpit</p>', '1', 'horizontal', NULL, '2017-08-30 23:13:51', '2017-08-31 17:46:16', '32537d6d-5330-4097-b52d-e842bdd7dd27'),
 ('6', '123', 'en_us', '<p>Ralph Adams Cram was the designer of our beautiful polychromed wood Madonna Shrine, located in the Transept.  It was donated by Mr. F. E. Saxham Drury in memory of Elbridge T. Gerry and Mabel Gerry Drury.</p>\n<p>And a few steps away, near the chancel on the northeast side of the nave, stands Richard Upjohn’s beautiful and intricate brass filigree pulpit.</p>', NULL, NULL, '0', NULL, NULL, '2017-08-30 23:13:51', '2017-08-31 17:46:16', '2427c040-21be-412c-9813-366c60df2a60'),
 ('7', '126', 'en_us', '<p>How fortunate we are to have works by all three of these masters under the roof of the “Little Church”.  I will give thanks when December 16<sup>th</sup> rolls around.</p>', NULL, NULL, '0', NULL, NULL, '2017-08-30 23:20:46', '2017-08-31 17:46:16', 'ac98a5c2-7bca-4ca5-9e8b-29c9d67d081c'),
 ('9', '218', 'en_us', NULL, NULL, NULL, '0', NULL, '<p><em>Holy Women, Holy Men: Celebrating the Saints</em> by Church Publishing Incorporated</p>', '2017-08-31 11:49:46', '2017-08-31 17:46:16', 'dd4379b0-0e26-4f52-b243-74e7ca4f240c'),
 ('10', '224', 'en_us', '<p>Besides being an oasis of rest and comfort for one and all, the garden provides a small but significant ecological benefit for everyone. The wide expanse of plants, shrubs and trees offsets carbon emissions, and the peace and quiet of the garden offer relief from the city’s noise pollution. </p>\n<p>Birds stop by to dip their beaks in the fountain. During the week, it’s a popular lunch spot for people who work in the neighborhood, and on Sundays in warm weather, it’s the site of coffee hour. This past summer, the garden was enhanced with the generous gift of a young tree from a friend at the nearby James Hotel. Please stop by if you’re in the neighborhood. You will always be welcome here.</p>', NULL, NULL, '0', NULL, NULL, '2017-08-31 14:22:23', '2017-08-31 14:24:08', '620562e0-11f6-4f4f-9512-0b3889505ca3');



DROP TABLE IF EXISTS `craft_matrixcontent_contentmatrix`;


--
-- Schema for table `craft_matrixcontent_contentmatrix`
--
CREATE TABLE `craft_matrixcontent_contentmatrix` (
  `id` int(11) NOT NULL AUTO_INCREMENT,
  `elementId` int(11) NOT NULL,
  `locale` char(12) COLLATE utf8_unicode_ci NOT NULL,
  `field_generalSection_text` text COLLATE utf8_unicode_ci,
  `field_figureFull_altAttribute` text COLLATE utf8_unicode_ci,
  `field_figureFull_caption` text COLLATE utf8_unicode_ci,
  `field_figureFull_credit` text COLLATE utf8_unicode_ci,
  `field_bioGroup_bioType` text COLLATE utf8_unicode_ci,
  `dateCreated` datetime NOT NULL,
  `dateUpdated` datetime NOT NULL,
  `uid` char(36) COLLATE utf8_unicode_ci NOT NULL DEFAULT '0',
  PRIMARY KEY (`id`),
  UNIQUE KEY `craft_matrixcontent_contentmatrix_elementId_locale_unq_idx` (`elementId`,`locale`),
  KEY `craft_matrixcontent_contentmatrix_locale_idx` (`locale`)
) ENGINE=InnoDB AUTO_INCREMENT=21 DEFAULT CHARSET=utf8 COLLATE=utf8_unicode_ci;

--
-- Data for table `craft_matrixcontent_contentmatrix`
--

INSERT INTO `craft_matrixcontent_contentmatrix` (`id`, `elementId`, `locale`, `field_generalSection_text`, `field_figureFull_altAttribute`, `field_figureFull_caption`, `field_figureFull_credit`, `field_bioGroup_bioType`, `dateCreated`, `dateUpdated`, `uid`) VALUES
 ('1', '71', 'en_us', '<h2>Faith and Works</h2><p>From the time of our founding in the mid 19th century, our motto has remained Fides Opera (Faith and Works). Our faith is expressed in the depth of resplendent worship, offering our very best in praise of God in the person of Jesus Christ. From this worship flows an outward ministry of works to a city and world crying for mindful and responsive hands, feet, and hearts.  </p>\n<p>“In God, that which is ancient never becomes old,” and we embrace this sentiment combining traditional liturgical worship with a radical inclusiveness deeply rooted in our parish’s history and celebrated by a vibrant diocese in which we serve.  Please consider this parish as you look for a spiritual home. All are welcome.</p>\n<p>With loving wishes, </p>\n<p>Fr. John David van Dooren<br />Rector</p>', NULL, NULL, NULL, NULL, '2017-08-28 12:21:29', '2017-08-31 12:14:10', '4efea349-f217-4160-85b7-fb6fad4d8eea'),
 ('6', '88', 'en_us', NULL, NULL, NULL, NULL, 'Leadership', '2017-08-28 19:41:48', '2017-09-13 08:53:56', '0e26c93d-dfb4-4626-ab43-0a809e7e7f98'),
 ('8', '236', 'en_us', '<h2>The Civil War</h2>\n<p>The parish had only been established for a few years, when the Civil War broke out. During this time, the church was a stop on the Underground Railroad, sheltering escaped slaves on their journey north. It was a place of refuge for African Americans during the New York Draft Riots of 1863—three days of lawlessness, destruction, bloodshed, and lynchings.</p>\n<h2>The Nickname</h2>\n<p>A few days before Christmas in 1890, Joseph Jefferson, an actor renowned for his portrayal of Rip Van Winkle, approached the rector of the now-defunct Church of the Atonement to request a funeral for his friend and fellow actor, George Holland.  Upon learning that the deceased was an actor, the rector refused to hold a funeral for the man in his church. Joseph Jefferson persisted, and asked if there was a church in the area that would hold services for his friend. The rector said, “I believe there is a little church around the corner where it might be done.” Jefferson replied, </p>\n<blockquote>“Then I say to you, sir, God bless the little church around the corner.”</blockquote>', NULL, NULL, NULL, NULL, '2017-08-31 20:29:51', '2017-09-04 20:58:26', '95a47034-3045-4f2f-a8c1-23423df1e32d'),
 ('9', '240', 'en_us', '<h2>Coffee, conversation, and culture</h2><p>Sunday Coffee Hours also afford parishioners and newcomers opportunities to interact and to build relationships that often result in invitations to break bread or to take advantage of the many cultural events in New York. Fundraisers, like our Spring Music Gala, are also a great way to interact with fellow parishioners and to enjoy the talent and hospitality of our parish.</p>\n<p>Sign up for our <a href=\"http://lc-craft/grace/entries/about/new#\">weekly Friday blasts</a> and check <a href=\"http://lc-craft/grace/entries/about/new#\">our calendar</a> for upcoming events and opportunities to participate in the robust Parish Life of Church of the Transfiguration.</p>', NULL, NULL, NULL, NULL, '2017-08-31 20:36:16', '2017-09-06 16:54:15', 'a5bedbb0-9db6-4341-a650-1b3dead7ad93'),
 ('10', '245', 'en_us', '<p>At the center of our worship is emphasis on both Word and Table. Little Church clergy are considered <a href=\"#\">excellent preachers</a> who connect lectionary readings with Biblical context and current challenges with a smattering of personal stories and humor. Transfiguration acolytes do an extraordinary job in ensuring the Eucharist is celebrated with majesty and dignity, and the authentic expertise of <a href=\"#\">our choirs</a> draws worshippers closer to the love of Jesus Christ through some of the most beloved hymns of the Church.</p>\n<p>Below is the current worship schedule. Please consider joining us!</p>', NULL, NULL, NULL, NULL, '2017-09-01 10:13:16', '2017-09-01 10:13:52', '5a3b9ab1-6b50-436d-9ec0-0bda511fb980'),
 ('11', '269', 'en_us', NULL, '', '', '', NULL, '2017-09-04 20:55:33', '2017-09-04 20:58:26', '5703149d-2cd0-4258-877f-5ccaf187433a'),
 ('12', '270', 'en_us', '<h2>The Theatre</h2>\n<p>To this day, the church maintains close ties with the theater. It has served as the national headquarters of the Episcopal Actors\' Guild since its founding in 1923, by the third rector, Dr. Randolph Ray.</p>\n<p>\n</p>\n<h2>Weddings</h2>\n<p>Our historic buildings and lovely garden have drawn couples from all over the world to be married here. These couples are members of the \"Little Family,\" and many have stayed in touch with us over the years. Continuing its long tradition of inclusiveness, the \"Little Church\" is proud to have celebrated the first same-sex wedding in the Diocese of New York in July 2012 and has performed several more since the formal rite of Blessing of a Lifelong Covenant was adopted by the General Convention.</p>\n<p>\n</p>\n<p>We invite you to stop by for a <a href=\"#\">visit</a>, join us in <a href=\"{entry:244:url}\">worship</a>, or simply contact us for more information.</p>', NULL, NULL, NULL, NULL, '2017-09-04 20:56:38', '2017-09-04 20:58:26', 'efba149f-13c7-4754-9131-9173a196425e'),
 ('13', '272', 'en_us', '<h2>Ecclesia Ministries</h2>\n<p><strong><a href=\"#\">Ecclesia Ministries</a></strong> takes religious services to the homeless in Madison Square Park. It is a cooperative program supported by various churches and clergy in the NoMad (North of Madison Square Park) area. Transfiguration is one of those congregations; it is also the alternate location when inclement weather makes an outdoor service impractical. Last Christmas, our parishioners donated an abundance of warm gloves, scarves, gloves, hats, long underwear, and other items to people served by Ecclesia Ministries.</p>\n<h2>The Episcopal Actors Guild</h2>\n<p><strong><a href=\"#\">The Episcopal Actors Guild</a> </strong>was founded in 1923 by our third rector, the Rev. Dr. Randolph Ray to bridge the worlds of church and theater. Today, the Guild is a philanthropic organization that raises money and dispenses emergency funds to members of the acting profession facing severe financial hardship. It also has entertainment programs, educational, career development and social events for its members.</p>\n<p>Each November, the Guild holds a memorial service in the church dedicated to members of the profession who died in the previous year. In December, they present a Service of Lessons and Carols with outstanding music, often performed by Broadway veterans. Both events are open to the public.</p>\n<h3>Actor’s Pantry Food Bank</h3>\n<p>Our parishioners support the Episcopal Actors Guild’s Actors Pantry (hyperlink) program. Each Sunday, we collect non-perishable food. The Guild then fills bags with the donated items and gives them to artists in need who have applied to the Guild for help. No one leaves empty-handed.</p>', NULL, NULL, NULL, NULL, '2017-09-05 15:02:17', '2017-09-06 16:30:07', 'd269c35a-7d61-4f78-b51f-d35ccc4c178a'),
 ('15', '288', 'en_us', NULL, NULL, NULL, NULL, NULL, '2017-09-12 09:46:39', '2017-09-12 19:11:02', '0b6ed260-9933-4606-a4f8-cef261f784bd'),
 ('16', '323', 'en_us', NULL, NULL, NULL, NULL, 'Staff', '2017-09-13 08:53:56', '2017-09-13 08:53:56', '9525d455-7952-4d17-a26c-4a2b21d7a021'),
 ('17', '330', 'en_us', '<h2>About Claudia</h2>\n<p>Dr. Dumschat received her doctorate from the Manhattan School of Music and has performed organ concerts throughout the United States and Europe. She is the recipient of many awards and has been recorded on CD and is heard frequently on the radio. Many of her performances may also be viewed on <a href=\"https://www.youtube.com/channel/UCtDTSov-BBN5dNcG7OlKn5A\" target=\"_blank\" rel=\"noreferrer noopener\">her YouTube channel</a>.</p>\n<p>She is currently on the Board of the New York Chapter of the American Guild of Organists, a Council member of the Episcopal Actors Guild, and Chair of the Music Committee of the Greenwich Pen Women.</p>', NULL, NULL, NULL, NULL, '2017-09-13 09:42:53', '2017-09-13 10:47:26', '165b7b17-941d-4526-b5e0-2b3d7627f62d'),
 ('18', '336', 'en_us', NULL, 'The Arnold Schwartz Memorial Organ', '', 'Carl Avidano', NULL, '2017-09-13 10:42:19', '2017-09-13 10:47:26', '64cd04ed-22f3-4c39-a3d2-32bb74ff5313'),
 ('19', '337', 'en_us', '<h2>The Arnold Schwartz Memorial Organ</h2>\n<p>Our beautiful organ is named for the major donor, is Opus 92 of the C. B. Fiske Company. Church of the Transfiguration has an extensive music program including a Men and Boys Choir and a Girls Choir. Our Music Director, Dr. Claudia Dumschat auditions children from all over the city. Those accepted for the choirs receive an excellent musical education and ample opportunities to perform.</p>', NULL, NULL, NULL, NULL, '2017-09-13 10:45:04', '2017-09-13 10:47:26', 'e6232f71-97d0-4a31-9a10-ffa3daa2da9a'),
 ('20', '340', 'en_us', '<h2>A Litte Midday Music</h2>\n<p>Lunchtime concerts at Little Church <strong>Tuesdays at 12:30 pm</strong>. $5 suggested donation. </p>\n<h3>2017 Fall Schedule </h3>\n<p>Schedule here</p>\n<h3>2018 Spring Schedule </h3>\n<p>Schedule here</p><p><br /></p>', NULL, NULL, NULL, NULL, '2017-09-13 11:04:37', '2017-09-13 11:50:57', '2b967c7c-a3e5-4b3b-bbe9-4e691d714397');



DROP TABLE IF EXISTS `craft_migrations`;


--
-- Schema for table `craft_migrations`
--
CREATE TABLE `craft_migrations` (
  `id` int(11) NOT NULL AUTO_INCREMENT,
  `pluginId` int(11) DEFAULT NULL,
  `version` varchar(255) COLLATE utf8_unicode_ci NOT NULL,
  `applyTime` datetime NOT NULL,
  `dateCreated` datetime NOT NULL,
  `dateUpdated` datetime NOT NULL,
  `uid` char(36) COLLATE utf8_unicode_ci NOT NULL DEFAULT '0',
  PRIMARY KEY (`id`),
  UNIQUE KEY `craft_migrations_version_unq_idx` (`version`),
  KEY `craft_migrations_pluginId_fk` (`pluginId`)
) ENGINE=InnoDB AUTO_INCREMENT=40 DEFAULT CHARSET=utf8 COLLATE=utf8_unicode_ci;

--
-- Data for table `craft_migrations`
--

INSERT INTO `craft_migrations` (`id`, `pluginId`, `version`, `applyTime`, `dateCreated`, `dateUpdated`, `uid`) VALUES
 ('1', NULL, 'm000000_000000_base', '2017-08-24 19:10:34', '2017-08-24 19:10:34', '2017-08-24 19:10:34', '43d57137-a5d6-44e0-a045-3bd0347bda4b'),
 ('2', NULL, 'm140730_000001_add_filename_and_format_to_transformindex', '2017-08-24 19:10:34', '2017-08-24 19:10:34', '2017-08-24 19:10:34', 'd4460481-12ff-43e7-a9ce-a03a97e8adc2'),
 ('3', NULL, 'm140815_000001_add_format_to_transforms', '2017-08-24 19:10:34', '2017-08-24 19:10:34', '2017-08-24 19:10:34', '542d40a3-a407-40dd-9d29-dd75c1a9d9e1'),
 ('4', NULL, 'm140822_000001_allow_more_than_128_items_per_field', '2017-08-24 19:10:34', '2017-08-24 19:10:34', '2017-08-24 19:10:34', '061e8eea-f600-4e92-9ff8-1738b1fa2b0f'),
 ('5', NULL, 'm140829_000001_single_title_formats', '2017-08-24 19:10:34', '2017-08-24 19:10:34', '2017-08-24 19:10:34', '15bfbc2b-8288-433b-ad61-11f78a8553e7'),
 ('6', NULL, 'm140831_000001_extended_cache_keys', '2017-08-24 19:10:34', '2017-08-24 19:10:34', '2017-08-24 19:10:34', 'b629be8e-ab58-4980-a463-3bac54110192'),
 ('7', NULL, 'm140922_000001_delete_orphaned_matrix_blocks', '2017-08-24 19:10:34', '2017-08-24 19:10:34', '2017-08-24 19:10:34', 'c4c01dfd-1b28-41dd-ad89-5a26bbacde29'),
 ('8', NULL, 'm141008_000001_elements_index_tune', '2017-08-24 19:10:34', '2017-08-24 19:10:34', '2017-08-24 19:10:34', '4e47aaa2-7483-4c9c-aaae-9d797fc17983'),
 ('9', NULL, 'm141009_000001_assets_source_handle', '2017-08-24 19:10:34', '2017-08-24 19:10:34', '2017-08-24 19:10:34', '05cfb61c-f760-45e1-9fa8-dd2b349a9d12'),
 ('10', NULL, 'm141024_000001_field_layout_tabs', '2017-08-24 19:10:34', '2017-08-24 19:10:34', '2017-08-24 19:10:34', '7034b383-e650-4445-8f83-5727a0e25b9e'),
 ('11', NULL, 'm141030_000000_plugin_schema_versions', '2017-08-24 19:10:34', '2017-08-24 19:10:34', '2017-08-24 19:10:34', 'ce9a3c34-a0d8-4466-8b4b-55d0075f9a8c'),
 ('12', NULL, 'm141030_000001_drop_structure_move_permission', '2017-08-24 19:10:34', '2017-08-24 19:10:34', '2017-08-24 19:10:34', 'a66b6f3c-74a1-4463-a147-0852ce935b33'),
 ('13', NULL, 'm141103_000001_tag_titles', '2017-08-24 19:10:34', '2017-08-24 19:10:34', '2017-08-24 19:10:34', 'f13b7ba2-e968-4fd3-b7ca-84a316e1002c'),
 ('14', NULL, 'm141109_000001_user_status_shuffle', '2017-08-24 19:10:34', '2017-08-24 19:10:34', '2017-08-24 19:10:34', '08e1db66-4053-4529-8fb8-420b7fcdc70a'),
 ('15', NULL, 'm141126_000001_user_week_start_day', '2017-08-24 19:10:34', '2017-08-24 19:10:34', '2017-08-24 19:10:34', '5ff8e4fa-b95a-442e-b0ef-ddd38cde39d4'),
 ('16', NULL, 'm150210_000001_adjust_user_photo_size', '2017-08-24 19:10:34', '2017-08-24 19:10:34', '2017-08-24 19:10:34', '5498da80-0774-4c2e-a95f-5b4bf9ea827c'),
 ('17', NULL, 'm150724_000001_adjust_quality_settings', '2017-08-24 19:10:34', '2017-08-24 19:10:34', '2017-08-24 19:10:34', '5b787e9e-ab57-4e9a-91d1-2e2315b2904d'),
 ('18', NULL, 'm150827_000000_element_index_settings', '2017-08-24 19:10:34', '2017-08-24 19:10:34', '2017-08-24 19:10:34', '09e89f08-fd10-496a-a3a3-1f6b1f9eee5f'),
 ('19', NULL, 'm150918_000001_add_colspan_to_widgets', '2017-08-24 19:10:34', '2017-08-24 19:10:34', '2017-08-24 19:10:34', 'e0f89c72-6103-447b-948a-796363556412'),
 ('20', NULL, 'm151007_000000_clear_asset_caches', '2017-08-24 19:10:34', '2017-08-24 19:10:34', '2017-08-24 19:10:34', '5f07b49e-9a30-45e7-a736-0856a0bcc4e8'),
 ('21', NULL, 'm151109_000000_text_url_formats', '2017-08-24 19:10:34', '2017-08-24 19:10:34', '2017-08-24 19:10:34', 'ed95dfed-3317-47d8-9844-9a6e007ec43c'),
 ('22', NULL, 'm151110_000000_move_logo', '2017-08-24 19:10:34', '2017-08-24 19:10:34', '2017-08-24 19:10:34', '59298f92-79f7-4f84-af68-64aa50dfeb95'),
 ('23', NULL, 'm151117_000000_adjust_image_widthheight', '2017-08-24 19:10:34', '2017-08-24 19:10:34', '2017-08-24 19:10:34', '383b7350-b40c-4473-bb50-0f500d535f00'),
 ('24', NULL, 'm151127_000000_clear_license_key_status', '2017-08-24 19:10:34', '2017-08-24 19:10:34', '2017-08-24 19:10:34', '5a333940-2a77-4f5c-9e4f-8164a882938c'),
 ('25', NULL, 'm151127_000000_plugin_license_keys', '2017-08-24 19:10:34', '2017-08-24 19:10:34', '2017-08-24 19:10:34', '62c56e24-3cb9-4986-baad-6dc999b455a1'),
 ('26', NULL, 'm151130_000000_update_pt_widget_feeds', '2017-08-24 19:10:34', '2017-08-24 19:10:34', '2017-08-24 19:10:34', '34de4e3e-cc49-4f6c-a1a3-f60e40591c67'),
 ('27', NULL, 'm160114_000000_asset_sources_public_url_default_true', '2017-08-24 19:10:34', '2017-08-24 19:10:34', '2017-08-24 19:10:34', '5d26c1cd-435a-442c-a858-1619a69952f3'),
 ('28', NULL, 'm160223_000000_sortorder_to_smallint', '2017-08-24 19:10:34', '2017-08-24 19:10:34', '2017-08-24 19:10:34', 'e3a16a16-f902-4763-a049-32cc9ca76a78'),
 ('29', NULL, 'm160229_000000_set_default_entry_statuses', '2017-08-24 19:10:34', '2017-08-24 19:10:34', '2017-08-24 19:10:34', '568dacaf-aba6-49b9-a554-cfa7bfecfb7c'),
 ('30', NULL, 'm160304_000000_client_permissions', '2017-08-24 19:10:34', '2017-08-24 19:10:34', '2017-08-24 19:10:34', 'a5e20ed5-911b-41b9-8f6f-1cfae823bb37'),
 ('31', NULL, 'm160322_000000_asset_filesize', '2017-08-24 19:10:34', '2017-08-24 19:10:34', '2017-08-24 19:10:34', '4086adeb-d9e7-423b-a423-0ec57ad00e4d'),
 ('32', NULL, 'm160503_000000_orphaned_fieldlayouts', '2017-08-24 19:10:34', '2017-08-24 19:10:34', '2017-08-24 19:10:34', '7de096ff-6f56-41d8-aeda-2c17cf1af250'),
 ('33', NULL, 'm160510_000000_tasksettings', '2017-08-24 19:10:34', '2017-08-24 19:10:34', '2017-08-24 19:10:34', '1998dc8b-4562-43ed-93c8-3d812754bef5'),
 ('34', NULL, 'm160829_000000_pending_user_content_cleanup', '2017-08-24 19:10:34', '2017-08-24 19:10:34', '2017-08-24 19:10:34', '8ffa5313-de86-4042-8624-70d6bd08710d'),
 ('35', NULL, 'm160830_000000_asset_index_uri_increase', '2017-08-24 19:10:34', '2017-08-24 19:10:34', '2017-08-24 19:10:34', 'f48ab237-4db6-4115-a73c-1c39ce9ed281'),
 ('36', NULL, 'm160919_000000_usergroup_handle_title_unique', '2017-08-24 19:10:34', '2017-08-24 19:10:34', '2017-08-24 19:10:34', 'f5db8caf-eeb5-46d8-92f3-529aa260c2ac'),
 ('37', NULL, 'm161108_000000_new_version_format', '2017-08-24 19:10:34', '2017-08-24 19:10:34', '2017-08-24 19:10:34', 'd72dc5c6-b6db-4c13-9f48-962a3da30dc7'),
 ('38', NULL, 'm161109_000000_index_shuffle', '2017-08-24 19:10:34', '2017-08-24 19:10:34', '2017-08-24 19:10:34', 'b98dc815-fc3d-461b-856f-9fa9e034d8ac'),
 ('39', NULL, 'm170612_000000_route_index_shuffle', '2017-08-24 19:10:34', '2017-08-24 19:10:34', '2017-08-24 19:10:34', 'cbbe85b8-0344-4822-a8e9-2b47b3d7fd34');



DROP TABLE IF EXISTS `craft_plugins`;


--
-- Schema for table `craft_plugins`
--
CREATE TABLE `craft_plugins` (
  `id` int(11) NOT NULL AUTO_INCREMENT,
  `class` varchar(150) COLLATE utf8_unicode_ci NOT NULL,
  `version` varchar(15) COLLATE utf8_unicode_ci NOT NULL,
  `schemaVersion` varchar(15) COLLATE utf8_unicode_ci DEFAULT NULL,
  `licenseKey` char(24) COLLATE utf8_unicode_ci DEFAULT NULL,
  `licenseKeyStatus` enum('valid','invalid','mismatched','unknown') COLLATE utf8_unicode_ci NOT NULL DEFAULT 'unknown',
  `enabled` tinyint(1) unsigned NOT NULL DEFAULT '0',
  `settings` text COLLATE utf8_unicode_ci,
  `installDate` datetime NOT NULL,
  `dateCreated` datetime NOT NULL,
  `dateUpdated` datetime NOT NULL,
  `uid` char(36) COLLATE utf8_unicode_ci NOT NULL DEFAULT '0',
  PRIMARY KEY (`id`)
) ENGINE=InnoDB AUTO_INCREMENT=5 DEFAULT CHARSET=utf8 COLLATE=utf8_unicode_ci;

--
-- Data for table `craft_plugins`
--

INSERT INTO `craft_plugins` (`id`, `class`, `version`, `schemaVersion`, `licenseKey`, `licenseKeyStatus`, `enabled`, `settings`, `installDate`, `dateCreated`, `dateUpdated`, `uid`) VALUES
 ('2', 'jSocial', '1.1.0a', NULL, NULL, 'unknown', '1', NULL, '2017-08-26 15:29:35', '2017-08-26 15:29:35', '2017-09-13 10:26:24', '2dff082b-08f1-4aae-8222-a4d650b2cf8f'),
 ('4', 'Venti', '2.0.26', '2.0.0', NULL, 'unknown', '1', '{\"timeInterval\":30,\"eventDuration\":60,\"pluginName\":\"Venti Calendar\",\"translate\":false,\"license\":\"E729E04A-D2054165-ADCDFDE1-C3386068\",\"googleMapsApiKey\":\"\",\"country\":\"US\",\"hideRegistration\":\"1\",\"hideLocation\":\"1\"}', '2017-09-06 09:49:41', '2017-09-06 09:49:41', '2017-09-13 13:57:50', '9b4adbf0-388e-46fe-961c-fdbbfd41a3a8');



DROP TABLE IF EXISTS `craft_rackspaceaccess`;


--
-- Schema for table `craft_rackspaceaccess`
--
CREATE TABLE `craft_rackspaceaccess` (
  `id` int(11) NOT NULL AUTO_INCREMENT,
  `connectionKey` varchar(255) COLLATE utf8_unicode_ci NOT NULL,
  `token` varchar(255) COLLATE utf8_unicode_ci NOT NULL,
  `storageUrl` varchar(255) COLLATE utf8_unicode_ci NOT NULL,
  `cdnUrl` varchar(255) COLLATE utf8_unicode_ci NOT NULL,
  `dateCreated` datetime NOT NULL,
  `dateUpdated` datetime NOT NULL,
  `uid` char(36) COLLATE utf8_unicode_ci NOT NULL DEFAULT '0',
  PRIMARY KEY (`id`),
  UNIQUE KEY `craft_rackspaceaccess_connectionKey_unq_idx` (`connectionKey`)
) ENGINE=InnoDB DEFAULT CHARSET=utf8 COLLATE=utf8_unicode_ci;

DROP TABLE IF EXISTS `craft_relations`;


--
-- Schema for table `craft_relations`
--
CREATE TABLE `craft_relations` (
  `id` int(11) NOT NULL AUTO_INCREMENT,
  `fieldId` int(11) NOT NULL,
  `sourceId` int(11) NOT NULL,
  `sourceLocale` char(12) COLLATE utf8_unicode_ci DEFAULT NULL,
  `targetId` int(11) NOT NULL,
  `sortOrder` smallint(6) DEFAULT NULL,
  `dateCreated` datetime NOT NULL,
  `dateUpdated` datetime NOT NULL,
  `uid` char(36) COLLATE utf8_unicode_ci NOT NULL DEFAULT '0',
  PRIMARY KEY (`id`),
  UNIQUE KEY `craft_relations_fieldId_sourceId_sourceLocale_targetId_unq_idx` (`fieldId`,`sourceId`,`sourceLocale`,`targetId`),
  KEY `craft_relations_sourceId_fk` (`sourceId`),
  KEY `craft_relations_sourceLocale_fk` (`sourceLocale`),
  KEY `craft_relations_targetId_fk` (`targetId`)
) ENGINE=InnoDB AUTO_INCREMENT=389 DEFAULT CHARSET=utf8 COLLATE=utf8_unicode_ci;

--
-- Data for table `craft_relations`
--

INSERT INTO `craft_relations` (`id`, `fieldId`, `sourceId`, `sourceLocale`, `targetId`, `sortOrder`, `dateCreated`, `dateUpdated`, `uid`) VALUES
 ('181', '6', '59', NULL, '132', '1', '2017-08-31 11:26:04', '2017-08-31 11:26:04', 'a8515962-3564-43b8-a793-fc81284f95a8'),
 ('184', '36', '62', NULL, '141', '1', '2017-08-31 11:36:00', '2017-08-31 11:36:00', '4ccfec51-4849-424b-a92f-d8a29c2df1aa'),
 ('186', '36', '64', NULL, '139', '1', '2017-08-31 11:38:27', '2017-08-31 11:38:27', 'e99da380-e6f5-47f8-852b-60ad1b81daaa'),
 ('187', '36', '63', NULL, '138', '1', '2017-08-31 11:38:32', '2017-08-31 11:38:32', 'b041fff7-0e31-41d7-9787-be4e5ce0edca'),
 ('188', '36', '65', NULL, '140', '1', '2017-08-31 11:38:41', '2017-08-31 11:38:41', 'a8740963-efbc-460d-bd92-261d879838f8'),
 ('209', '11', '69', NULL, '207', '1', '2017-08-31 12:14:10', '2017-08-31 12:14:10', '6f0662c6-43c6-4839-80dd-ba7b5471a5f3'),
 ('211', '25', '115', NULL, '206', '1', '2017-08-31 14:04:55', '2017-08-31 14:04:55', '2992fa22-dc0d-49e0-a274-184c94dffa3a'),
 ('216', '25', '221', NULL, '223', '1', '2017-08-31 14:24:08', '2017-08-31 14:24:08', '811b448e-affc-44d1-8142-98471f1a2406'),
 ('221', '25', '94', NULL, '205', '1', '2017-08-31 17:46:16', '2017-08-31 17:46:16', '5a7fb31d-d4fd-440a-887c-c8d842d29b66'),
 ('222', '30', '111', NULL, '211', '1', '2017-08-31 17:46:16', '2017-08-31 17:46:16', '7ac10886-97b9-4f82-b856-b1d830b47d16'),
 ('223', '30', '122', NULL, '216', '1', '2017-08-31 17:46:16', '2017-08-31 17:46:16', '808b2b16-35f4-4a32-90c5-76561d5bdb47'),
 ('229', '37', '61', NULL, '227', '1', '2017-08-31 19:20:17', '2017-08-31 19:20:17', '37ab590b-0f03-4939-bb6d-f953a972d1d6'),
 ('247', '11', '244', NULL, '243', '1', '2017-09-01 10:13:52', '2017-09-01 10:13:52', '5a2456cd-b052-4e27-9a5c-333309b32659'),
 ('248', '6', '7', NULL, '131', '1', '2017-09-01 11:23:12', '2017-09-01 11:23:12', '92b80f0f-c2a5-4502-9e72-f675ffebf507'),
 ('249', '6', '60', NULL, '133', '1', '2017-09-01 11:23:38', '2017-09-01 11:23:38', '14fa2803-4859-4a66-b2b5-2d746d8639cc'),
 ('251', '41', '254', NULL, '253', '1', '2017-09-01 11:45:22', '2017-09-01 11:45:22', '1e29a838-2209-4387-a7b7-ab0e7dcfb80a'),
 ('253', '41', '267', NULL, '261', '1', '2017-09-01 11:48:10', '2017-09-01 11:48:10', '2421a521-489d-4958-865e-36fcf8bfc5ac'),
 ('254', '41', '268', NULL, '262', '1', '2017-09-01 11:48:20', '2017-09-01 11:48:20', '4d4511e0-06f6-4fa1-8986-aa2c5fb56809'),
 ('269', '11', '234', NULL, '235', '1', '2017-09-04 20:58:26', '2017-09-04 20:58:26', 'cd559278-6bad-489d-8264-2f8daf5323b3'),
 ('270', '15', '269', NULL, '204', '1', '2017-09-04 20:58:26', '2017-09-04 20:58:26', '1e6b7c76-3f96-47b3-bbcc-cc6a7ceeaffe'),
 ('272', '11', '239', NULL, '238', '1', '2017-09-06 16:54:15', '2017-09-06 16:54:15', '8cc4885a-4281-468f-9501-2f3b42b233b5'),
 ('288', '46', '289', NULL, '301', '1', '2017-09-12 16:50:56', '2017-09-12 16:50:56', 'e96e299f-71b5-4daf-86bb-38da2e4c956a'),
 ('291', '46', '302', NULL, '299', '1', '2017-09-12 16:53:13', '2017-09-12 16:53:13', '43002bc7-610a-4313-9a68-c61b322f7322'),
 ('292', '46', '303', NULL, '296', '1', '2017-09-12 16:54:31', '2017-09-12 16:54:31', '86935e96-5ce2-46c3-9cd4-712b1863c71f'),
 ('301', '46', '304', NULL, '297', '1', '2017-09-12 17:00:22', '2017-09-12 17:00:22', '51686694-be63-4c68-b22f-c5203a0f9f0c'),
 ('325', '45', '288', NULL, '289', '1', '2017-09-12 19:11:02', '2017-09-12 19:11:02', '303a6fcc-cc86-4de7-98f6-1276e14bc6c5'),
 ('326', '45', '288', NULL, '302', '2', '2017-09-12 19:11:02', '2017-09-12 19:11:02', '29bd4ecd-6ddc-4af1-92eb-2b3992dc54e3'),
 ('327', '45', '288', NULL, '303', '3', '2017-09-12 19:11:02', '2017-09-12 19:11:02', '32726b40-99ca-4a1d-824d-e59ecd17a8cd'),
 ('328', '45', '288', NULL, '304', '4', '2017-09-12 19:11:02', '2017-09-12 19:11:02', '62da8999-ed9c-403c-8d36-51b2cd16d4f1'),
 ('336', '10', '229', NULL, '309', '1', '2017-09-13 07:32:21', '2017-09-13 07:32:21', '7e6884d5-b3fe-40bb-99c1-644e5bea440d'),
 ('341', '10', '76', NULL, '209', '1', '2017-09-13 07:33:37', '2017-09-13 07:33:37', 'c87a9ff7-2398-48f9-b330-6133783a2bd5'),
 ('346', '10', '78', NULL, '210', '1', '2017-09-13 08:16:52', '2017-09-13 08:16:52', 'f4569b08-cc35-4b2c-b5e6-291c92fe2d27'),
 ('351', '10', '321', NULL, '311', '1', '2017-09-13 08:49:39', '2017-09-13 08:49:39', '94559c71-9738-4832-8e2c-235df66e6472'),
 ('357', '10', '322', NULL, '313', '1', '2017-09-13 08:53:46', '2017-09-13 08:53:46', 'ce5ccce1-1d10-4f2b-8eb7-291e1001a2a1'),
 ('358', '11', '87', NULL, '208', '1', '2017-09-13 08:53:56', '2017-09-13 08:53:56', 'cb7f2c90-4dd3-4d8b-a43f-14f22283a240'),
 ('359', '22', '88', NULL, '78', '1', '2017-09-13 08:53:56', '2017-09-13 08:53:56', '317f162e-f76c-4f4f-b2c7-4c465f36c63d'),
 ('360', '22', '88', NULL, '229', '2', '2017-09-13 08:53:56', '2017-09-13 08:53:56', '852920db-55db-47ee-97e6-139060fae76f'),
 ('361', '22', '88', NULL, '321', '3', '2017-09-13 08:53:56', '2017-09-13 08:53:56', '8c382aae-9863-4d0f-800f-8952c96e9e17'),
 ('362', '22', '88', NULL, '76', '4', '2017-09-13 08:53:56', '2017-09-13 08:53:56', '2f654812-7009-419b-8f92-92e51967235b'),
 ('363', '22', '323', NULL, '322', '1', '2017-09-13 08:53:56', '2017-09-13 08:53:56', '46ddabc4-2ec3-4e2d-94cf-0fc42c1a6a40'),
 ('380', '11', '329', NULL, '328', '1', '2017-09-13 10:47:26', '2017-09-13 10:47:26', '3d0253ac-d26d-4014-ac13-b5c3bfefbf95'),
 ('381', '15', '336', NULL, '335', '1', '2017-09-13 10:47:26', '2017-09-13 10:47:26', '0a631494-2b0b-400f-959f-840e3f299516'),
 ('382', '11', '324', NULL, '326', '1', '2017-09-13 10:52:00', '2017-09-13 10:52:00', '838c3b72-08b8-4e2e-9b3f-9f21e313cb5b'),
 ('388', '11', '333', NULL, '339', '1', '2017-09-13 11:50:57', '2017-09-13 11:50:57', '7ce4c139-bf0d-4694-a516-8a5ebc8b7d9f');



DROP TABLE IF EXISTS `craft_routes`;


--
-- Schema for table `craft_routes`
--
CREATE TABLE `craft_routes` (
  `id` int(11) NOT NULL AUTO_INCREMENT,
  `locale` char(12) COLLATE utf8_unicode_ci DEFAULT NULL,
  `urlParts` varchar(255) COLLATE utf8_unicode_ci NOT NULL,
  `urlPattern` varchar(255) COLLATE utf8_unicode_ci NOT NULL,
  `template` varchar(255) COLLATE utf8_unicode_ci NOT NULL,
  `sortOrder` smallint(6) unsigned DEFAULT NULL,
  `dateCreated` datetime NOT NULL,
  `dateUpdated` datetime NOT NULL,
  `uid` char(36) COLLATE utf8_unicode_ci NOT NULL DEFAULT '0',
  PRIMARY KEY (`id`),
  KEY `craft_routes_locale_idx` (`locale`),
  KEY `craft_routes_urlPattern_idx` (`urlPattern`)
) ENGINE=InnoDB AUTO_INCREMENT=4 DEFAULT CHARSET=utf8 COLLATE=utf8_unicode_ci;

--
-- Data for table `craft_routes`
--

INSERT INTO `craft_routes` (`id`, `locale`, `urlParts`, `urlPattern`, `template`, `sortOrder`, `dateCreated`, `dateUpdated`, `uid`) VALUES
 ('1', NULL, '[\"ajax\\/calendar\\/\",[\"year\",\"\\\\d{4}\"],\"\\/\",[\"month\",\"(?:0?[1-9]|1[012])\"],\"\\/\",[\"*\",\"[^\\\\\\/]+\"]]', 'ajax\\/calendar\\/(?P<year>\\d{4})\\/(?P<month>(?:0?[1-9]|1[012]))\\/([^\\/]+)', 'events/ajax/_calendar', '1', '2017-09-06 18:08:15', '2017-09-06 18:08:15', 'b96779e2-f353-4482-87a8-4692e82b4a4a'),
 ('2', NULL, '[\"ajax\\/events\\/\",[\"year\",\"\\\\d{4}\"],\"\\/\",[\"month\",\"(?:0?[1-9]|1[012])\"],\"\\/\",[\"*\",\"[^\\\\\\/]+\"]]', 'ajax\\/events\\/(?P<year>\\d{4})\\/(?P<month>(?:0?[1-9]|1[012]))\\/([^\\/]+)', 'events/ajax/_events', '2', '2017-09-06 18:09:25', '2017-09-06 18:09:25', '26c86e5f-ada1-4935-b84d-e500b2624d64'),
 ('3', NULL, '[\"calendar\"]', 'calendar', 'events/eventslanding', '3', '2017-09-06 18:10:07', '2017-09-06 18:10:07', 'a4a17492-cc75-4bc1-8214-59f256dd41be');



DROP TABLE IF EXISTS `craft_searchindex`;


--
-- Schema for table `craft_searchindex`
--
CREATE TABLE `craft_searchindex` (
  `elementId` int(11) NOT NULL,
  `attribute` varchar(25) COLLATE utf8_unicode_ci NOT NULL,
  `fieldId` int(11) NOT NULL,
  `locale` char(12) COLLATE utf8_unicode_ci NOT NULL,
  `keywords` text COLLATE utf8_unicode_ci NOT NULL,
  PRIMARY KEY (`elementId`,`attribute`,`fieldId`,`locale`),
  FULLTEXT KEY `craft_searchindex_keywords_idx` (`keywords`)
) ENGINE=MyISAM DEFAULT CHARSET=utf8 COLLATE=utf8_unicode_ci;

--
-- Data for table `craft_searchindex`
--

INSERT INTO `craft_searchindex` (`elementId`, `attribute`, `fieldId`, `locale`, `keywords`) VALUES
 ('1', 'username', '0', 'en_us', ' cavidano1 '),
 ('1', 'firstname', '0', 'en_us', ''),
 ('1', 'lastname', '0', 'en_us', ''),
 ('1', 'fullname', '0', 'en_us', ''),
 ('1', 'email', '0', 'en_us', ' carl avidanodigital com '),
 ('1', 'slug', '0', 'en_us', ''),
 ('65', 'field', '10', 'en_us', ' tout parish life '),
 ('63', 'field', '5', 'en_us', ''),
 ('63', 'slug', '0', 'en_us', ' liturgy '),
 ('63', 'title', '0', 'en_us', ' liturgy '),
 ('64', 'field', '10', 'en_us', ' tout music '),
 ('64', 'field', '3', 'en_us', ' music '),
 ('64', 'field', '5', 'en_us', ''),
 ('64', 'slug', '0', 'en_us', ' music '),
 ('64', 'title', '0', 'en_us', ' music '),
 ('63', 'field', '3', 'en_us', ' liturgy '),
 ('61', 'field', '8', 'en_us', ' god s inclusive love '),
 ('62', 'field', '10', 'en_us', ' tout who we are '),
 ('62', 'field', '3', 'en_us', ' who we are '),
 ('62', 'field', '4', 'en_us', ''),
 ('62', 'field', '5', 'en_us', ''),
 ('62', 'slug', '0', 'en_us', ' who we are '),
 ('62', 'title', '0', 'en_us', ' who we are '),
 ('63', 'field', '10', 'en_us', ' tout liturgy '),
 ('61', 'field', '7', 'en_us', ' we embrace all who seek '),
 ('61', 'slug', '0', 'en_us', ' introduction '),
 ('61', 'title', '0', 'en_us', ' home '),
 ('140', 'title', '0', 'en_us', ' parish life '),
 ('133', 'filename', '0', 'en_us', ' marquee 03 jpg '),
 ('133', 'extension', '0', 'en_us', ' jpg '),
 ('133', 'kind', '0', 'en_us', ' image '),
 ('133', 'slug', '0', 'en_us', ' marquee 03 '),
 ('133', 'title', '0', 'en_us', ' marquee 03 '),
 ('142', 'kind', '0', 'en_us', ' image '),
 ('132', 'filename', '0', 'en_us', ' marquee 02 jpg '),
 ('132', 'extension', '0', 'en_us', ' jpg '),
 ('132', 'kind', '0', 'en_us', ' image '),
 ('132', 'slug', '0', 'en_us', ' marquee 02 '),
 ('132', 'title', '0', 'en_us', ' marquee 02 '),
 ('7', 'field', '6', 'en_us', ' marquee 01 '),
 ('7', 'field', '3', 'en_us', ''),
 ('7', 'field', '7', 'en_us', ' an anglo catholic parish in manhattan s '),
 ('7', 'field', '8', 'en_us', ' nomad neighborhood '),
 ('7', 'field', '4', 'en_us', ' worship schedule '),
 ('7', 'field', '5', 'en_us', ' worship worship schedule '),
 ('7', 'slug', '0', 'en_us', ' an anglo catholic parish in manhattans nomad neighborhood '),
 ('7', 'title', '0', 'en_us', ' an anglo catholic parish in manhattan s nomad neighborhood '),
 ('183', 'filename', '0', 'en_us', ' little church logo png '),
 ('182', 'slug', '0', 'en_us', ' hero worship schedule '),
 ('182', 'title', '0', 'en_us', ' hero worship schedule '),
 ('182', 'kind', '0', 'en_us', ' image '),
 ('182', 'extension', '0', 'en_us', ' jpg '),
 ('182', 'filename', '0', 'en_us', ' hero worship schedule jpg '),
 ('181', 'title', '0', 'en_us', ' hero who we are '),
 ('181', 'kind', '0', 'en_us', ' image '),
 ('181', 'slug', '0', 'en_us', ' hero who we are '),
 ('181', 'extension', '0', 'en_us', ' jpg '),
 ('181', 'filename', '0', 'en_us', ' hero who we are jpg '),
 ('180', 'title', '0', 'en_us', ' hero welcome '),
 ('180', 'slug', '0', 'en_us', ' hero welcome '),
 ('180', 'kind', '0', 'en_us', ' image '),
 ('180', 'extension', '0', 'en_us', ' jpg '),
 ('180', 'filename', '0', 'en_us', ' hero welcome jpg '),
 ('254', 'field', '3', 'en_us', ''),
 ('254', 'field', '27', 'en_us', ''),
 ('254', 'field', '42', 'en_us', ' adipiscing pulvinar proin a purus gravida ante lobortis ligula tempor ut himenaeos facilisi a odio volutpat a dis scelerisque a magna integer hac dui cum faucibus eu a ad adipiscing molestie condimentum a duis parturient tincidunt '),
 ('178', 'title', '0', 'en_us', ' hero our history '),
 ('178', 'kind', '0', 'en_us', ' image '),
 ('178', 'slug', '0', 'en_us', ' hero our history '),
 ('178', 'extension', '0', 'en_us', ' jpg '),
 ('178', 'filename', '0', 'en_us', ' hero our history jpg '),
 ('177', 'title', '0', 'en_us', ' hero who we are '),
 ('177', 'kind', '0', 'en_us', ' image '),
 ('177', 'slug', '0', 'en_us', ' hero who we are '),
 ('177', 'extension', '0', 'en_us', ' jpg '),
 ('177', 'filename', '0', 'en_us', ' hero who we are jpg '),
 ('176', 'title', '0', 'en_us', ' hero welcome '),
 ('176', 'slug', '0', 'en_us', ' hero welcome '),
 ('176', 'extension', '0', 'en_us', ' jpg '),
 ('176', 'kind', '0', 'en_us', ' image '),
 ('176', 'filename', '0', 'en_us', ' hero welcome jpg '),
 ('175', 'title', '0', 'en_us', ' figure window '),
 ('175', 'kind', '0', 'en_us', ' image '),
 ('175', 'slug', '0', 'en_us', ' figure window '),
 ('175', 'extension', '0', 'en_us', ' jpg '),
 ('175', 'filename', '0', 'en_us', ' figure window jpg '),
 ('174', 'title', '0', 'en_us', ' figure window '),
 ('174', 'kind', '0', 'en_us', ' image '),
 ('174', 'slug', '0', 'en_us', ' figure window '),
 ('174', 'extension', '0', 'en_us', ' jpg '),
 ('174', 'filename', '0', 'en_us', ' figure window jpg '),
 ('173', 'title', '0', 'en_us', ' feature little church '),
 ('173', 'slug', '0', 'en_us', ' feature little church '),
 ('173', 'kind', '0', 'en_us', ' image '),
 ('173', 'extension', '0', 'en_us', ' jpg '),
 ('173', 'filename', '0', 'en_us', ' feature little church jpg '),
 ('172', 'slug', '0', 'en_us', ' episcopal badge '),
 ('172', 'title', '0', 'en_us', ' episcopal badge '),
 ('172', 'kind', '0', 'en_us', ' image '),
 ('172', 'extension', '0', 'en_us', ' svg ');
INSERT INTO `craft_searchindex` (`elementId`, `attribute`, `fieldId`, `locale`, `keywords`) VALUES
 ('172', 'filename', '0', 'en_us', ' episcopal badge svg '),
 ('171', 'title', '0', 'en_us', ' episcopal badge '),
 ('171', 'kind', '0', 'en_us', ' image '),
 ('171', 'slug', '0', 'en_us', ' episcopal badge '),
 ('171', 'extension', '0', 'en_us', ' png '),
 ('171', 'filename', '0', 'en_us', ' episcopal badge png '),
 ('170', 'title', '0', 'en_us', ' btn youtube '),
 ('170', 'slug', '0', 'en_us', ' btn youtube '),
 ('170', 'kind', '0', 'en_us', ' image '),
 ('170', 'extension', '0', 'en_us', ' svg '),
 ('170', 'filename', '0', 'en_us', ' btn youtube svg '),
 ('169', 'title', '0', 'en_us', ' btn youtube '),
 ('169', 'kind', '0', 'en_us', ' image '),
 ('169', 'slug', '0', 'en_us', ' btn youtube '),
 ('169', 'extension', '0', 'en_us', ' png '),
 ('169', 'filename', '0', 'en_us', ' btn youtube png '),
 ('168', 'slug', '0', 'en_us', ' btn twitter '),
 ('168', 'title', '0', 'en_us', ' btn twitter '),
 ('168', 'kind', '0', 'en_us', ' image '),
 ('168', 'extension', '0', 'en_us', ' svg '),
 ('168', 'filename', '0', 'en_us', ' btn twitter svg '),
 ('167', 'title', '0', 'en_us', ' btn twitter '),
 ('167', 'kind', '0', 'en_us', ' image '),
 ('167', 'slug', '0', 'en_us', ' btn twitter '),
 ('142', 'slug', '0', 'en_us', ' bio ian betts '),
 ('142', 'title', '0', 'en_us', ' bio ian betts '),
 ('144', 'filename', '0', 'en_us', ' edwin booth window verticle jpg '),
 ('144', 'extension', '0', 'en_us', ' jpg '),
 ('144', 'kind', '0', 'en_us', ' image '),
 ('144', 'slug', '0', 'en_us', ' edwin booth window verticle '),
 ('144', 'title', '0', 'en_us', ' edwin booth window verticle '),
 ('145', 'filename', '0', 'en_us', ' bio john david van dooren jpg '),
 ('145', 'extension', '0', 'en_us', ' jpg '),
 ('145', 'kind', '0', 'en_us', ' image '),
 ('145', 'slug', '0', 'en_us', ' bio john david van dooren '),
 ('145', 'title', '0', 'en_us', ' bio john david van dooren '),
 ('146', 'filename', '0', 'en_us', ' fr patrick and dog jpg '),
 ('146', 'extension', '0', 'en_us', ' jpg '),
 ('146', 'kind', '0', 'en_us', ' image '),
 ('146', 'slug', '0', 'en_us', ' fr patrick and dog '),
 ('146', 'title', '0', 'en_us', ' fr patrick and dog '),
 ('147', 'filename', '0', 'en_us', ' fr patrick and dog jpg '),
 ('147', 'extension', '0', 'en_us', ' jpg '),
 ('147', 'kind', '0', 'en_us', ' image '),
 ('147', 'slug', '0', 'en_us', ' fr patrick and dog '),
 ('147', 'title', '0', 'en_us', ' fr patrick and dog '),
 ('148', 'filename', '0', 'en_us', ' placeholder jpg '),
 ('148', 'extension', '0', 'en_us', ' jpg '),
 ('148', 'kind', '0', 'en_us', ' image '),
 ('148', 'slug', '0', 'en_us', ' placeholder '),
 ('148', 'title', '0', 'en_us', ' placeholder '),
 ('149', 'filename', '0', 'en_us', ' richard upjohn brass filigree pulpit jpg '),
 ('149', 'extension', '0', 'en_us', ' jpg '),
 ('149', 'kind', '0', 'en_us', ' image '),
 ('149', 'slug', '0', 'en_us', ' richard upjohn brass filigree pulpit '),
 ('149', 'title', '0', 'en_us', ' richard upjohn brass filigree pulpit '),
 ('150', 'filename', '0', 'en_us', ' blog 01 jpg '),
 ('150', 'extension', '0', 'en_us', ' jpg '),
 ('150', 'kind', '0', 'en_us', ' image '),
 ('150', 'slug', '0', 'en_us', ' blog 01 '),
 ('150', 'title', '0', 'en_us', ' blog 01 '),
 ('151', 'filename', '0', 'en_us', ' btn facebook png '),
 ('151', 'extension', '0', 'en_us', ' png '),
 ('151', 'kind', '0', 'en_us', ' image '),
 ('151', 'slug', '0', 'en_us', ' btn facebook '),
 ('151', 'title', '0', 'en_us', ' btn facebook '),
 ('152', 'filename', '0', 'en_us', ' btn facebook svg '),
 ('152', 'extension', '0', 'en_us', ' svg '),
 ('152', 'kind', '0', 'en_us', ' image '),
 ('152', 'slug', '0', 'en_us', ' btn facebook '),
 ('152', 'title', '0', 'en_us', ' btn facebook '),
 ('153', 'filename', '0', 'en_us', ' btn instagram png '),
 ('153', 'extension', '0', 'en_us', ' png '),
 ('153', 'kind', '0', 'en_us', ' image '),
 ('153', 'slug', '0', 'en_us', ' btn instagram '),
 ('153', 'title', '0', 'en_us', ' btn instagram '),
 ('154', 'filename', '0', 'en_us', ' btn instagram svg '),
 ('154', 'extension', '0', 'en_us', ' svg '),
 ('154', 'kind', '0', 'en_us', ' image '),
 ('154', 'slug', '0', 'en_us', ' btn instagram '),
 ('154', 'title', '0', 'en_us', ' btn instagram '),
 ('155', 'filename', '0', 'en_us', ' btn share email png '),
 ('155', 'extension', '0', 'en_us', ' png '),
 ('155', 'kind', '0', 'en_us', ' image '),
 ('155', 'slug', '0', 'en_us', ' btn share email '),
 ('155', 'title', '0', 'en_us', ' btn share email '),
 ('156', 'filename', '0', 'en_us', ' btn share email svg '),
 ('156', 'extension', '0', 'en_us', ' svg '),
 ('156', 'kind', '0', 'en_us', ' image '),
 ('156', 'slug', '0', 'en_us', ' btn share email '),
 ('156', 'title', '0', 'en_us', ' btn share email '),
 ('157', 'filename', '0', 'en_us', ' btn share facebook png '),
 ('157', 'extension', '0', 'en_us', ' png '),
 ('157', 'kind', '0', 'en_us', ' image '),
 ('157', 'slug', '0', 'en_us', ' btn share facebook '),
 ('157', 'title', '0', 'en_us', ' btn share facebook '),
 ('158', 'filename', '0', 'en_us', ' btn share facebook svg '),
 ('158', 'extension', '0', 'en_us', ' svg '),
 ('158', 'kind', '0', 'en_us', ' image '),
 ('158', 'slug', '0', 'en_us', ' btn share facebook ');
INSERT INTO `craft_searchindex` (`elementId`, `attribute`, `fieldId`, `locale`, `keywords`) VALUES
 ('158', 'title', '0', 'en_us', ' btn share facebook '),
 ('159', 'filename', '0', 'en_us', ' btn share google plus png '),
 ('159', 'extension', '0', 'en_us', ' png '),
 ('159', 'kind', '0', 'en_us', ' image '),
 ('159', 'slug', '0', 'en_us', ' btn share google plus '),
 ('159', 'title', '0', 'en_us', ' btn share google plus '),
 ('160', 'filename', '0', 'en_us', ' btn share google plus svg '),
 ('160', 'extension', '0', 'en_us', ' svg '),
 ('160', 'kind', '0', 'en_us', ' image '),
 ('160', 'slug', '0', 'en_us', ' btn share google plus '),
 ('160', 'title', '0', 'en_us', ' btn share google plus '),
 ('161', 'filename', '0', 'en_us', ' btn share twitter png '),
 ('161', 'extension', '0', 'en_us', ' png '),
 ('161', 'kind', '0', 'en_us', ' image '),
 ('59', 'field', '6', 'en_us', ' marquee 02 '),
 ('59', 'field', '3', 'en_us', ''),
 ('59', 'field', '7', 'en_us', ' your next quiet moment is '),
 ('59', 'field', '8', 'en_us', ' right around the corner '),
 ('59', 'field', '4', 'en_us', ' visit '),
 ('59', 'field', '5', 'en_us', ''),
 ('59', 'slug', '0', 'en_us', ' your quiet moment is right around the corner '),
 ('59', 'title', '0', 'en_us', ' your next quiet moment is right around the corner '),
 ('60', 'field', '6', 'en_us', ' marquee 03 '),
 ('60', 'field', '3', 'en_us', ''),
 ('60', 'field', '7', 'en_us', ' discover the art and architecture '),
 ('60', 'field', '8', 'en_us', ' of our church and grounds '),
 ('60', 'field', '4', 'en_us', ' virtual tour '),
 ('60', 'field', '5', 'en_us', ' virtual tour '),
 ('60', 'slug', '0', 'en_us', ' our churchs art and architecture at a glance '),
 ('60', 'title', '0', 'en_us', ' discover the art and architecture of our church and grounds '),
 ('65', 'field', '3', 'en_us', ' parish life '),
 ('65', 'field', '5', 'en_us', ''),
 ('65', 'slug', '0', 'en_us', ' parish life '),
 ('65', 'title', '0', 'en_us', ' parish life '),
 ('189', 'slug', '0', 'en_us', ' marquee 02 '),
 ('189', 'title', '0', 'en_us', ' marquee 02 '),
 ('190', 'filename', '0', 'en_us', ' marquee 03 jpg '),
 ('189', 'kind', '0', 'en_us', ' image '),
 ('189', 'extension', '0', 'en_us', ' jpg '),
 ('69', 'field', '11', 'en_us', ' hero welcome '),
 ('69', 'field', '3', 'en_us', ' welcome to our little church '),
 ('69', 'field', '1', 'en_us', ' mi aptent suspendisse sociis augue pretium eleifend ante suspendisse ad condimentum a a scelerisque a sem tempor tristique vestibulum ultrices lectus consectetur potenti fusce ipsum parturient fermentum tincidunt aliquet tellus urna pretium a mus quis adipiscing a a porta eget aliquet ullamcorper mollis leo natoque class a a tellus condimentum purus curabitur a fusce arcu congue conubia mus natoque at '),
 ('69', 'slug', '0', 'en_us', ' welcome '),
 ('69', 'title', '0', 'en_us', ' welcome '),
 ('69', 'field', '12', 'en_us', ' greetings and welcome to the church of the transfiguration also known affectionately as the little church around the corner our parish combines the beauty and depth of the anglo catholic tradition with the warmth of a dear community of people seeking the presence of christ in the center of the nomad neighborhood in manhattan '),
 ('69', 'field', '13', 'en_us', ' faith and worksfrom the time of our founding in the mid 19th century our motto has remained fides opera faith and works our faith is expressed in the depth of resplendent worship offering our very best in praise of god in the person of jesus christ from this worship flows an outward ministry of works to a city and world crying for mindful and responsive hands feet and hearts in god that which is ancient never becomes old and we embrace this sentiment combining traditional liturgical worship with a radical inclusiveness deeply rooted in our parish s history and celebrated by a vibrant diocese in which we serve please consider this parish as you look for a spiritual home all are welcome with loving wishes fr john david van doorenrector '),
 ('71', 'field', '14', 'en_us', ' faith and worksfrom the time of our founding in the mid 19th century our motto has remained fides opera faith and works our faith is expressed in the depth of resplendent worship offering our very best in praise of god in the person of jesus christ from this worship flows an outward ministry of works to a city and world crying for mindful and responsive hands feet and hearts in god that which is ancient never becomes old and we embrace this sentiment combining traditional liturgical worship with a radical inclusiveness deeply rooted in our parish s history and celebrated by a vibrant diocese in which we serve please consider this parish as you look for a spiritual home all are welcome with loving wishes fr john david van doorenrector '),
 ('71', 'slug', '0', 'en_us', ''),
 ('163', 'filename', '0', 'en_us', ' btn toggle menu png '),
 ('163', 'extension', '0', 'en_us', ' png '),
 ('183', 'slug', '0', 'en_us', ' little church logo '),
 ('183', 'title', '0', 'en_us', ' little church logo '),
 ('183', 'kind', '0', 'en_us', ' image '),
 ('183', 'extension', '0', 'en_us', ' png '),
 ('229', 'title', '0', 'en_us', ' the rev dr patrick s cheng '),
 ('229', 'field', '10', 'en_us', ' bio patrick cheng '),
 ('229', 'slug', '0', 'en_us', ' fr patrick cheng '),
 ('220', 'filename', '0', 'en_us', ' ralph adams cram madonna shrine jpg '),
 ('220', 'extension', '0', 'en_us', ' jpg '),
 ('220', 'kind', '0', 'en_us', ' image '),
 ('220', 'slug', '0', 'en_us', ' ralph adams cram madonna shrine '),
 ('220', 'title', '0', 'en_us', ' ralph adams cram madonna shrine '),
 ('224', 'slug', '0', 'en_us', ''),
 ('225', 'filename', '0', 'en_us', ' the garden jpg '),
 ('225', 'extension', '0', 'en_us', ' jpg '),
 ('225', 'kind', '0', 'en_us', ' image '),
 ('225', 'slug', '0', 'en_us', ' the garden '),
 ('225', 'title', '0', 'en_us', ' the garden '),
 ('226', 'filename', '0', 'en_us', ' the garden jpg '),
 ('226', 'extension', '0', 'en_us', ' jpg '),
 ('226', 'kind', '0', 'en_us', ' image '),
 ('226', 'slug', '0', 'en_us', ' the garden '),
 ('226', 'title', '0', 'en_us', ' the garden '),
 ('61', 'field', '37', 'en_us', ' feature little church '),
 ('61', 'field', '3', 'en_us', ' the little church around the corner '),
 ('61', 'field', '4', 'en_us', ' our history '),
 ('61', 'field', '5', 'en_us', ''),
 ('61', 'field', '1', 'en_us', ' how we became the little church around the corner ad ullamcorper cursus vestibulum suspendisse parturient accumsan dignissim parturient accumsan adipiscing eget lectus condimentum aliquet lectus ullamcorper '),
 ('227', 'filename', '0', 'en_us', ' feature little church jpg '),
 ('227', 'extension', '0', 'en_us', ' jpg '),
 ('227', 'kind', '0', 'en_us', ' image '),
 ('227', 'slug', '0', 'en_us', ' feature little church '),
 ('227', 'title', '0', 'en_us', ' feature little church '),
 ('61', 'field', '38', 'en_us', ' how we became the little church around the corner '),
 ('61', 'field', '39', 'en_us', ' ullamcorper cursus vestibulum suspendisse parturient accumsan dignissim parturient accumsan adipiscing eget lectus condimentum aliquet lectus ullamcorper '),
 ('228', 'filename', '0', 'en_us', ' feature little church jpg '),
 ('228', 'extension', '0', 'en_us', ' jpg '),
 ('228', 'kind', '0', 'en_us', ' image '),
 ('228', 'slug', '0', 'en_us', ' feature little church '),
 ('228', 'title', '0', 'en_us', ' feature little church '),
 ('229', 'field', '24', 'en_us', ' associate rector '),
 ('229', 'field', '1', 'en_us', ' fr patrick cheng has served on the staff of the church of the transfiguration since 2015 first as an associate priest and currently as the associate rector prior to his arrival at the little church fr cheng taught historical and systematic theology at the episcopal divinity school in cambridge massachusetts and served as the pastoral assistant at emmanuel church in the city of boston in addition to his ministry at transfiguration fr cheng works for a national agency of the episcopal church and he serves on the board of trustees of the anglican theological review he holds degrees from yale college harvard law school and union theological seminary in the city of new york for more information about fr cheng please see his website at www patrickcheng net '),
 ('94', 'field', '28', 'en_us', ' i was paging my way through holy men holy women on a fact checking mission when i came across the entry for december 16th i was stunned to see that this day had been set apart to honor two architects and an artist whose work was represented here at transfiguration ralph adams cram designer of st thomas church nyc and the nave of the cathedral of st john the divine richard upjohn the designer of trinity church on wall street in lower manhattan and john lafarge painter of murals and designer of many notable stained glass windows holy men holy women encourages us to offer thanks for the vision of ralph adams cram john lafarge and richard upjohn whose harmonious revival of the gothic enriched our churches with a sacramental understanding of reality in the face of secular materialism john lafarge s magnificent window depicting edwin booth john lafarge s magnificent window depicting edwin booth 1 edwin booth window verticle vertical holy men holy women encourages us to offer thanks for the vision of ralph adams cram john lafarge and richard upjohn whose harmonious revival of the gothic enriched our churches with a sacramental understanding of reality in the face of secular materialism ralph adams cram was the designer of our beautiful polychromed wood madonna shrine located in the transept it was donated by mr f e saxham drury in memory of elbridge t gerry and mabel gerry drury turn to your right and there is john lafarge s magnificent window depicting edwin booth the leading shakespearean actor of his time holding a mask and dressed in greco roman costume edwin booth was the brother of the notorious john wilkes booth president lincoln s assassin the window was given in his memory in 1898 by members of the players club which he founded ralph adams cram was the designer of our beautiful polychromed wood madonna shrine located in the transept it was donated by mr f e saxham drury in memory of elbridge t gerry and mabel gerry drury and a few steps away near the chancel on the northeast side of the nave stands richard upjohn s beautiful and intricate brass filigree pulpit richard upjohn s beautiful and intricate brass filigree pulpit richard upjohn s beautiful and intricate brass filigree pulpit 1 richard upjohn brass filigree pulpit horizontal how fortunate we are to have works by all three of these masters under the roof of the little church i will give thanks when december 16th rolls around holy women holy men celebrating the saints by church publishing incorporated '),
 ('219', 'filename', '0', 'en_us', ' ralph adams cram madonna shrine jpg '),
 ('219', 'extension', '0', 'en_us', ' jpg '),
 ('76', 'field', '24', 'en_us', ' deacon '),
 ('76', 'field', '1', 'en_us', ' dictum sit sed venenatis magnis nulla per parturient a dictumst urna a parturient velit scelerisque ullamcorper nec orci eu himenaeos mus amet adipiscing metus ut duis vitae parturient a sit ut quisque accumsan scelerisque in a a hac mattis a felis scelerisque blandit suspendisse mus montes a at adipiscing ullamcorper ipsum lobortis facilisi scelerisque a vestibulum nascetur id mattis tincidunt dictum netus dictumst pulvinar risus sagittis consectetur leo dolor cras laoreet facilisis leo ullamcorper a cursus interdum proin ad habitasse diam ridiculus a parturient mi parturient parturient scelerisque parturient suspendisse vestibulum '),
 ('76', 'field', '10', 'en_us', ' bio ian betts '),
 ('76', 'slug', '0', 'en_us', ' ian betts '),
 ('76', 'title', '0', 'en_us', ' ian betts ');
INSERT INTO `craft_searchindex` (`elementId`, `attribute`, `fieldId`, `locale`, `keywords`) VALUES
 ('78', 'field', '24', 'en_us', ' rector '),
 ('78', 'field', '1', 'en_us', ' fr john david van dooren is a native of north carolina and was graduated from the university of north carolina 1982 and the virginia theological seminary 1987 his first field assignment was to an anglo catholic parish one of the only few in the the area there fr van dooren was introduced to a spirituality that would define his eventual priesthood and lead him to a lifelong commitment to urban ministry after beginning his ordained life as chaplain and track and field coach at st stephen s episcopal school in alexandria va a happy period of life other than wrecking two school busses fr van dooren served as curate of all souls episcopal church in washington dc he then served as an assistant priest at st martin s in the field severna park md before being called back to all souls as their sixth rector after 14 years as rector fr van dooren accepted the call to the church of the atonement in chicago where he served as rector for eleven and half years fr van dooren was elected the eighth rector of transfiguration in early 2017 he has shared the past 30 years of life with gary norcross '),
 ('78', 'field', '10', 'en_us', ' bio john david van dooren '),
 ('78', 'slug', '0', 'en_us', ' carl avidano '),
 ('78', 'title', '0', 'en_us', ' fr john david van dooren '),
 ('94', 'field', '27', 'en_us', ' corey schneider '),
 ('188', 'extension', '0', 'en_us', ' jpg '),
 ('188', 'filename', '0', 'en_us', ' marquee 01 jpg '),
 ('187', 'title', '0', 'en_us', ' marquee 03 '),
 ('167', 'extension', '0', 'en_us', ' png '),
 ('167', 'filename', '0', 'en_us', ' btn twitter png '),
 ('166', 'title', '0', 'en_us', ' btn twiiter '),
 ('87', 'field', '27', 'en_us', ''),
 ('69', 'field', '27', 'en_us', ' meghan joseph '),
 ('187', 'kind', '0', 'en_us', ' image '),
 ('187', 'slug', '0', 'en_us', ' marquee 03 '),
 ('187', 'extension', '0', 'en_us', ' jpg '),
 ('186', 'title', '0', 'en_us', ' marquee 02 '),
 ('187', 'filename', '0', 'en_us', ' marquee 03 jpg '),
 ('189', 'filename', '0', 'en_us', ' marquee 02 jpg '),
 ('188', 'title', '0', 'en_us', ' marquee 01 '),
 ('188', 'slug', '0', 'en_us', ' marquee 01 '),
 ('188', 'kind', '0', 'en_us', ' image '),
 ('87', 'field', '11', 'en_us', ' hero who we are '),
 ('87', 'field', '3', 'en_us', ' who we are '),
 ('87', 'field', '12', 'en_us', ' consequat orci a cum suspendisse pretium orci dui dapibus ultricies nisi vulputate erat a dui ultricies enim a ut per egestas augue dis ad tellus mus a hac ac a scelerisque ullamcorper eupraesent quisque adipiscing erat purus ante habitasse mus interdum scelerisque a hac fermentum cum conguesuspendisse scelerisque auctor condimentum eu ipsum varius cursus a tempus aenean consectetur '),
 ('321', 'field', '24', 'en_us', ' rector '),
 ('321', 'field', '1', 'en_us', ' dictum sit sed venenatis magnis nulla per parturient a dictumst urna a parturient velit scelerisque ullamcorper nec orci eu himenaeos mus amet adipiscing metus ut duis vitae parturient a sit ut quisque accumsan scelerisque in a a hac mattis a felis scelerisque blandit suspendisse mus montes a at adipiscing ullamcorper ipsum lobortis facilisi scelerisque a vestibulum nascetur id mattis tincidunt dictum netus dictumst pulvinar risus sagittis consectetur leo dolor cras laoreet facilisis leo ullamcorper a cursus interdum proin ad habitasse diam ridiculus a parturient mi parturient parturient scelerisque parturient suspendisse vestibulum ullamcorper ipsum lobortis facilisi scelerisque a vestibulum nascetur id mattis tincidunt dictum netus dictumst pulvinar risus sagittis consectetur leo dolor cras laoreet facilisis leo ullamcorper a cursus interdum proin ad habitasse diam ridiculus a parturient mi parturient parturient scelerisque parturient suspendisse vestibulum '),
 ('87', 'field', '13', 'en_us', ' leadership fr john david van dooren the rev dr patrick s cheng fr warren c platt ian betts staff grace kobryn '),
 ('87', 'slug', '0', 'en_us', ' who we are '),
 ('87', 'title', '0', 'en_us', ' who we are '),
 ('88', 'field', '21', 'en_us', ' leadership '),
 ('88', 'field', '22', 'en_us', ' fr john david van dooren the rev dr patrick s cheng fr warren c platt ian betts '),
 ('88', 'slug', '0', 'en_us', ''),
 ('89', 'startdate', '0', 'en_us', ' 2017 08 01 '),
 ('89', 'enddate', '0', 'en_us', ' 2017 08 31 '),
 ('89', 'summary', '0', 'en_us', ' undefined '),
 ('89', 'title', '0', 'en_us', ' this is a concert '),
 ('89', 'slug', '0', 'en_us', ' this is a concert '),
 ('163', 'kind', '0', 'en_us', ' image '),
 ('163', 'slug', '0', 'en_us', ' btn toggle menu '),
 ('163', 'title', '0', 'en_us', ' btn toggle menu '),
 ('94', 'slug', '0', 'en_us', ' good things come in threes '),
 ('94', 'field', '26', 'en_us', ' mary jane gocher '),
 ('94', 'field', '25', 'en_us', ' ralph adams cram madonna shrine '),
 ('184', 'title', '0', 'en_us', ' little church logo '),
 ('184', 'slug', '0', 'en_us', ' little church logo '),
 ('184', 'kind', '0', 'en_us', ' image '),
 ('94', 'title', '0', 'en_us', ' good things come in threes '),
 ('166', 'kind', '0', 'en_us', ' image '),
 ('166', 'slug', '0', 'en_us', ' btn twiiter '),
 ('166', 'extension', '0', 'en_us', ' svg '),
 ('166', 'filename', '0', 'en_us', ' btn twiiter svg '),
 ('165', 'title', '0', 'en_us', ' btn twiiter '),
 ('165', 'slug', '0', 'en_us', ' btn twiiter '),
 ('165', 'kind', '0', 'en_us', ' image '),
 ('165', 'extension', '0', 'en_us', ' png '),
 ('165', 'filename', '0', 'en_us', ' btn twiiter png '),
 ('164', 'title', '0', 'en_us', ' btn toggle menu '),
 ('164', 'kind', '0', 'en_us', ' image '),
 ('164', 'slug', '0', 'en_us', ' btn toggle menu '),
 ('164', 'extension', '0', 'en_us', ' svg '),
 ('164', 'filename', '0', 'en_us', ' btn toggle menu svg '),
 ('162', 'title', '0', 'en_us', ' btn share twitter '),
 ('162', 'slug', '0', 'en_us', ' btn share twitter '),
 ('162', 'kind', '0', 'en_us', ' image '),
 ('162', 'extension', '0', 'en_us', ' svg '),
 ('162', 'filename', '0', 'en_us', ' btn share twitter svg '),
 ('161', 'title', '0', 'en_us', ' btn share twitter '),
 ('161', 'slug', '0', 'en_us', ' btn share twitter '),
 ('107', 'field', '29', 'en_us', ' i was paging my way through holy men holy women on a fact checking mission when i came across the entry for december 16th i was stunned to see that this day had been set apart to honor two architects and an artist whose work was represented here at transfiguration ralph adams cram designer of st thomas church nyc and the nave of the cathedral of st john the divine richard upjohn the designer of trinity church on wall street in lower manhattan and john lafarge painter of murals and designer of many notable stained glass windows holy men holy women encourages us to offer thanks for the vision of ralph adams cram john lafarge and richard upjohn whose harmonious revival of the gothic enriched our churches with a sacramental understanding of reality in the face of secular materialism '),
 ('108', 'field', '29', 'en_us', ' holy men holy women encourages us to offer thanks for the vision of ralph adams cram john lafarge and richard upjohn whose harmonious revival of the gothic enriched our churches with a sacramental understanding of reality in the face of secular materialism ralph adams cram was the designer of our beautiful polychromed wood madonna shrine located in the transept it was donated by mr f e saxham drury in memory of elbridge t gerry and mabel gerry drury turn to your right and there is john lafarge s magnificent window depicting edwin booth the leading shakespearean actor of his time holding a mask and dressed in greco roman costume edwin booth was the brother of the notorious john wilkes booth president lincoln s assassin the window was given in his memory in 1898 by members of the players club which he founded '),
 ('122', 'field', '31', 'en_us', ' richard upjohn s beautiful and intricate brass filigree pulpit '),
 ('122', 'field', '32', 'en_us', ' richard upjohn s beautiful and intricate brass filigree pulpit '),
 ('122', 'field', '33', 'en_us', ' 1 '),
 ('107', 'slug', '0', 'en_us', ''),
 ('122', 'field', '30', 'en_us', ' richard upjohn brass filigree pulpit '),
 ('108', 'slug', '0', 'en_us', ''),
 ('111', 'field', '31', 'en_us', ' john lafarge s magnificent window depicting edwin booth '),
 ('111', 'field', '30', 'en_us', ' edwin booth window verticle '),
 ('186', 'kind', '0', 'en_us', ' image '),
 ('186', 'slug', '0', 'en_us', ' marquee 02 '),
 ('186', 'extension', '0', 'en_us', ' jpg '),
 ('185', 'title', '0', 'en_us', ' marquee 01 '),
 ('186', 'filename', '0', 'en_us', ' marquee 02 jpg '),
 ('111', 'field', '32', 'en_us', ' john lafarge s magnificent window depicting edwin booth '),
 ('111', 'field', '33', 'en_us', ' 1 '),
 ('111', 'slug', '0', 'en_us', ''),
 ('138', 'slug', '0', 'en_us', ' liturgy '),
 ('138', 'title', '0', 'en_us', ' liturgy '),
 ('138', 'kind', '0', 'en_us', ' image '),
 ('141', 'extension', '0', 'en_us', ' jpg '),
 ('141', 'filename', '0', 'en_us', ' who we are jpg '),
 ('65', 'field', '36', 'en_us', ' parish life '),
 ('142', 'filename', '0', 'en_us', ' bio ian betts jpg '),
 ('64', 'field', '36', 'en_us', ' music '),
 ('63', 'field', '36', 'en_us', ' liturgy '),
 ('62', 'field', '36', 'en_us', ' who we are '),
 ('138', 'filename', '0', 'en_us', ' liturgy jpg '),
 ('138', 'extension', '0', 'en_us', ' jpg ');
INSERT INTO `craft_searchindex` (`elementId`, `attribute`, `fieldId`, `locale`, `keywords`) VALUES
 ('115', 'field', '26', 'en_us', ' mary jane gocher '),
 ('115', 'field', '25', 'en_us', ' fr patrick and dog '),
 ('115', 'field', '27', 'en_us', ''),
 ('115', 'field', '28', 'en_us', ' sem natoque nulla ligula ullamcorper facilisi semper conubia inceptos a risus aptent egestas dictumst vulputate at ultrices fermentum pretium hendrerit ad a suspendisse tristique consequat torquent ipsum hac cum a at ac at phasellus id fringilla dis risus auctor himenaeos parturient ac vestibulum dis faucibus litora ultrices et facilisi neque suscipit ad torquent convallis cras nisl condimentum a suspendisse felis vestibulum ridiculus suscipit nunc dapibus ac velit a blessing of the animalseleifend ut vivamus parturient hendrerit est parturient a nec elit a ante nec adipiscing condimentum velit montes metus eu sagittis enim turpis a diam ultricies arcu curabitur dignissim eleifend non aliquam interdum ad nulla tincidunt aenean aptent fringilla consectetur primis neque id scelerisque laoreet ad scelerisque ligula ut vestibulum praesent cras a habitant consectetur purus parturient eu laoreet nam in hac inceptos in hendrerit lobortis sociosqu cum elit aliquam condimentum ad a vestibulum mi parturient auctor lectus suscipit curae litora lectus condimentum cubilia dui porttitor blandit ut faucibus penatibus a eros etiam pulvinar ultricies in a egestas vestibulum cum massa quisque interdum ullamcorper vestibulum parturient et mattis mi parturient sagittis praesent morbi netus condimentum fermentum ullamcorper ligula ante molestie hac phasellus facilisi class mattis blandit urna ridiculus ante magnis sociosqu a aliquet turpis ligula eros ad parturient parturient malesuada penatibus aliquet mi adipiscing ad pulvinar cubilia scelerisque laoreet penatibus vivamus a a scelerisque parturient ad massa cum nisi senectus massa taciti vestibulum accumsan magna in parturient nibh odio a mi velit erat ullamcorper rutrum lacus vestibulum donec sit duis maecenas nam hendrerit gravida sed turpis enim scelerisque senectus laoreet quam lectus id adipiscing adipiscing parturient ad condimentum at a ac lacus montes rhoncus arcu vel condimentum magnis venenatis praesent sem scelerisque dis eleifend urna gravida a ullamcorper a nisi ullamcorper sed lacus natoque vel nullam curabitur eu sem eu purus suspendisse et accumsan scelerisque adipiscing sit adipiscing suspendisse consectetur lacinia sociis commodo vestibulum natoque egestas ut faucibus fringilla habitasse elementum odio euismod adipiscing varius massa in parturient a gravida nostra sit facilisi parturient tempus parturient interdum leo dis ullamcorper scelerisque odio vulputate feugiat suspendisse a eu varius hac diam neque phasellus tempor aenean maecenas a neque sed a a tortor vestibulum ad eu aptent consectetur nullam tortor vestibulum facilisis pharetra imperdiet nullam rutrum sem suspendisse a litora a id eu lacinia elit mus morbi a in in sociosqu ad in id torquent sodales '),
 ('224', 'field', '29', 'en_us', ' besides being an oasis of rest and comfort for one and all the garden provides a small but significant ecological benefit for everyone the wide expanse of plants shrubs and trees offsets carbon emissions and the peace and quiet of the garden offer relief from the city s noise pollution birds stop by to dip their beaks in the fountain during the week it s a popular lunch spot for people who work in the neighborhood and on sundays in warm weather it s the site of coffee hour this past summer the garden was enhanced with the generous gift of a young tree from a friend at the nearby james hotel please stop by if you re in the neighborhood you will always be welcome here '),
 ('115', 'slug', '0', 'en_us', ' this is another article '),
 ('115', 'title', '0', 'en_us', ' do all dogs go to heaven '),
 ('116', 'field', '29', 'en_us', ' sem natoque nulla ligula ullamcorper facilisi semper conubia inceptos a risus aptent egestas dictumst vulputate at ultrices fermentum pretium hendrerit ad a suspendisse tristique consequat torquent ipsum hac cum a at ac at phasellus id fringilla dis risus auctor himenaeos parturient ac vestibulum dis faucibus litora ultrices et facilisi neque suscipit ad torquent convallis cras nisl condimentum a suspendisse felis vestibulum ridiculus suscipit nunc dapibus ac velit a blessing of the animalseleifend ut vivamus parturient hendrerit est parturient a nec elit a ante nec adipiscing condimentum velit montes metus eu sagittis enim turpis a diam ultricies arcu curabitur dignissim eleifend non aliquam interdum ad nulla tincidunt aenean aptent fringilla consectetur primis neque id scelerisque laoreet ad scelerisque ligula ut vestibulum praesent cras a habitant consectetur purus parturient eu laoreet nam in hac inceptos in hendrerit lobortis sociosqu cum elit aliquam condimentum ad a vestibulum mi parturient auctor lectus suscipit curae litora lectus condimentum cubilia dui porttitor blandit ut faucibus penatibus a eros etiam pulvinar ultricies in a egestas vestibulum cum massa quisque interdum ullamcorper vestibulum parturient et mattis mi parturient sagittis praesent morbi netus condimentum fermentum ullamcorper ligula ante molestie hac phasellus facilisi class mattis blandit urna ridiculus ante magnis sociosqu a aliquet turpis ligula eros ad parturient parturient malesuada penatibus aliquet mi adipiscing ad pulvinar cubilia scelerisque laoreet penatibus vivamus a a scelerisque parturient ad massa cum nisi senectus massa taciti vestibulum accumsan magna in parturient nibh odio a mi velit erat ullamcorper rutrum lacus vestibulum donec sit duis maecenas nam hendrerit gravida sed turpis enim scelerisque senectus laoreet quam lectus id adipiscing adipiscing parturient ad condimentum at a ac lacus montes rhoncus arcu vel condimentum magnis venenatis praesent sem scelerisque dis eleifend urna gravida a ullamcorper a nisi ullamcorper sed lacus natoque vel nullam curabitur eu sem eu purus suspendisse et accumsan scelerisque adipiscing sit adipiscing suspendisse consectetur lacinia sociis commodo vestibulum natoque egestas ut faucibus fringilla habitasse elementum odio euismod adipiscing varius massa in parturient a gravida nostra sit facilisi parturient tempus parturient interdum leo dis ullamcorper scelerisque odio vulputate feugiat suspendisse a eu varius hac diam neque phasellus tempor aenean maecenas a neque sed a a tortor vestibulum ad eu aptent consectetur nullam tortor vestibulum facilisis pharetra imperdiet nullam rutrum sem suspendisse a litora a id eu lacinia elit mus morbi a in in sociosqu ad in id torquent sodales '),
 ('221', 'field', '26', 'en_us', ' mary jane gocher '),
 ('221', 'field', '25', 'en_us', ' the garden '),
 ('221', 'field', '27', 'en_us', ''),
 ('221', 'field', '28', 'en_us', ' besides being an oasis of rest and comfort for one and all the garden provides a small but significant ecological benefit for everyone the wide expanse of plants shrubs and trees offsets carbon emissions and the peace and quiet of the garden offer relief from the city s noise pollution birds stop by to dip their beaks in the fountain during the week it s a popular lunch spot for people who work in the neighborhood and on sundays in warm weather it s the site of coffee hour this past summer the garden was enhanced with the generous gift of a young tree from a friend at the nearby james hotel please stop by if you re in the neighborhood you will always be welcome here '),
 ('221', 'slug', '0', 'en_us', ' the garden '),
 ('221', 'title', '0', 'en_us', ' the garden '),
 ('223', 'filename', '0', 'en_us', ' the garden jpg '),
 ('223', 'extension', '0', 'en_us', ' jpg '),
 ('223', 'kind', '0', 'en_us', ' image '),
 ('223', 'slug', '0', 'en_us', ' the garden '),
 ('223', 'title', '0', 'en_us', ' the garden '),
 ('116', 'slug', '0', 'en_us', ''),
 ('184', 'extension', '0', 'en_us', ' svg '),
 ('184', 'filename', '0', 'en_us', ' little church logo svg '),
 ('142', 'extension', '0', 'en_us', ' jpg '),
 ('141', 'kind', '0', 'en_us', ' image '),
 ('141', 'slug', '0', 'en_us', ' who we are '),
 ('140', 'filename', '0', 'en_us', ' parish life jpg '),
 ('141', 'title', '0', 'en_us', ' who we are '),
 ('140', 'slug', '0', 'en_us', ' parish life '),
 ('140', 'extension', '0', 'en_us', ' jpg '),
 ('140', 'kind', '0', 'en_us', ' image '),
 ('139', 'title', '0', 'en_us', ' music '),
 ('139', 'slug', '0', 'en_us', ' music '),
 ('139', 'filename', '0', 'en_us', ' music jpg '),
 ('139', 'extension', '0', 'en_us', ' jpg '),
 ('139', 'kind', '0', 'en_us', ' image '),
 ('131', 'filename', '0', 'en_us', ' marquee 01 jpg '),
 ('131', 'extension', '0', 'en_us', ' jpg '),
 ('131', 'kind', '0', 'en_us', ' image '),
 ('131', 'slug', '0', 'en_us', ' marquee 01 '),
 ('131', 'title', '0', 'en_us', ' marquee 01 '),
 ('111', 'field', '34', 'en_us', ' vertical '),
 ('122', 'field', '34', 'en_us', ' horizontal '),
 ('122', 'slug', '0', 'en_us', ''),
 ('123', 'field', '29', 'en_us', ' ralph adams cram was the designer of our beautiful polychromed wood madonna shrine located in the transept it was donated by mr f e saxham drury in memory of elbridge t gerry and mabel gerry drury and a few steps away near the chancel on the northeast side of the nave stands richard upjohn s beautiful and intricate brass filigree pulpit '),
 ('126', 'field', '29', 'en_us', ' how fortunate we are to have works by all three of these masters under the roof of the little church i will give thanks when december 16th rolls around '),
 ('123', 'slug', '0', 'en_us', ''),
 ('126', 'slug', '0', 'en_us', ''),
 ('185', 'kind', '0', 'en_us', ' image '),
 ('185', 'slug', '0', 'en_us', ' marquee 01 '),
 ('185', 'extension', '0', 'en_us', ' jpg '),
 ('185', 'filename', '0', 'en_us', ' marquee 01 jpg '),
 ('219', 'kind', '0', 'en_us', ' image '),
 ('219', 'slug', '0', 'en_us', ' ralph adams cram madonna shrine '),
 ('190', 'extension', '0', 'en_us', ' jpg '),
 ('190', 'kind', '0', 'en_us', ' image '),
 ('190', 'slug', '0', 'en_us', ' marquee 03 '),
 ('190', 'title', '0', 'en_us', ' marquee 03 '),
 ('191', 'filename', '0', 'en_us', ' liturgy jpg '),
 ('191', 'extension', '0', 'en_us', ' jpg '),
 ('191', 'kind', '0', 'en_us', ' image '),
 ('191', 'slug', '0', 'en_us', ' liturgy '),
 ('191', 'title', '0', 'en_us', ' liturgy '),
 ('192', 'filename', '0', 'en_us', ' music jpg '),
 ('192', 'extension', '0', 'en_us', ' jpg '),
 ('192', 'kind', '0', 'en_us', ' image '),
 ('192', 'slug', '0', 'en_us', ' music '),
 ('192', 'title', '0', 'en_us', ' music '),
 ('193', 'filename', '0', 'en_us', ' parish life jpg '),
 ('193', 'extension', '0', 'en_us', ' jpg '),
 ('193', 'kind', '0', 'en_us', ' image '),
 ('193', 'slug', '0', 'en_us', ' parish life '),
 ('193', 'title', '0', 'en_us', ' parish life '),
 ('194', 'filename', '0', 'en_us', ' who we are jpg '),
 ('194', 'extension', '0', 'en_us', ' jpg '),
 ('194', 'kind', '0', 'en_us', ' image '),
 ('194', 'slug', '0', 'en_us', ' who we are '),
 ('194', 'title', '0', 'en_us', ' who we are '),
 ('195', 'filename', '0', 'en_us', ' 01 jpg '),
 ('195', 'extension', '0', 'en_us', ' jpg '),
 ('195', 'kind', '0', 'en_us', ' image '),
 ('195', 'slug', '0', 'en_us', ' 01 '),
 ('195', 'title', '0', 'en_us', ' 01 '),
 ('196', 'filename', '0', 'en_us', ' 02 jpg '),
 ('196', 'extension', '0', 'en_us', ' jpg '),
 ('196', 'kind', '0', 'en_us', ' image '),
 ('196', 'slug', '0', 'en_us', ' 02 '),
 ('196', 'title', '0', 'en_us', ' 02 '),
 ('197', 'filename', '0', 'en_us', ' 03 jpg '),
 ('197', 'extension', '0', 'en_us', ' jpg '),
 ('197', 'kind', '0', 'en_us', ' image '),
 ('197', 'slug', '0', 'en_us', ' 03 '),
 ('197', 'title', '0', 'en_us', ' 03 '),
 ('198', 'filename', '0', 'en_us', ' 04 jpg '),
 ('198', 'extension', '0', 'en_us', ' jpg '),
 ('198', 'kind', '0', 'en_us', ' image '),
 ('198', 'slug', '0', 'en_us', ' 04 '),
 ('198', 'title', '0', 'en_us', ' 04 '),
 ('199', 'filename', '0', 'en_us', ' 05 jpg '),
 ('199', 'extension', '0', 'en_us', ' jpg '),
 ('199', 'kind', '0', 'en_us', ' image ');
INSERT INTO `craft_searchindex` (`elementId`, `attribute`, `fieldId`, `locale`, `keywords`) VALUES
 ('199', 'slug', '0', 'en_us', ' 05 '),
 ('199', 'title', '0', 'en_us', ' 05 '),
 ('200', 'filename', '0', 'en_us', ' 06 jpg '),
 ('200', 'extension', '0', 'en_us', ' jpg '),
 ('200', 'kind', '0', 'en_us', ' image '),
 ('200', 'slug', '0', 'en_us', ' 06 '),
 ('200', 'title', '0', 'en_us', ' 06 '),
 ('201', 'filename', '0', 'en_us', ' 07 jpg '),
 ('201', 'extension', '0', 'en_us', ' jpg '),
 ('201', 'kind', '0', 'en_us', ' image '),
 ('201', 'slug', '0', 'en_us', ' 07 '),
 ('201', 'title', '0', 'en_us', ' 07 '),
 ('202', 'filename', '0', 'en_us', ' wheelchair access png '),
 ('202', 'extension', '0', 'en_us', ' png '),
 ('202', 'kind', '0', 'en_us', ' image '),
 ('202', 'slug', '0', 'en_us', ' wheelchair access '),
 ('202', 'title', '0', 'en_us', ' wheelchair access '),
 ('203', 'filename', '0', 'en_us', ' wheelchair access svg '),
 ('203', 'extension', '0', 'en_us', ' svg '),
 ('203', 'kind', '0', 'en_us', ' image '),
 ('203', 'slug', '0', 'en_us', ' wheelchair access '),
 ('203', 'title', '0', 'en_us', ' wheelchair access '),
 ('204', 'filename', '0', 'en_us', ' figure window jpg '),
 ('204', 'extension', '0', 'en_us', ' jpg '),
 ('204', 'kind', '0', 'en_us', ' image '),
 ('204', 'slug', '0', 'en_us', ' figure window '),
 ('204', 'title', '0', 'en_us', ' figure window '),
 ('205', 'filename', '0', 'en_us', ' ralph adams cram madonna shrine jpg '),
 ('205', 'extension', '0', 'en_us', ' jpg '),
 ('205', 'kind', '0', 'en_us', ' image '),
 ('205', 'slug', '0', 'en_us', ' blog 01 '),
 ('205', 'title', '0', 'en_us', ' ralph adams cram madonna shrine '),
 ('206', 'filename', '0', 'en_us', ' fr patrick and dog jpg '),
 ('206', 'extension', '0', 'en_us', ' jpg '),
 ('206', 'kind', '0', 'en_us', ' image '),
 ('206', 'slug', '0', 'en_us', ' fr patrick and dog '),
 ('206', 'title', '0', 'en_us', ' fr patrick and dog '),
 ('207', 'field', '10', 'en_us', ''),
 ('207', 'field', '3', 'en_us', ''),
 ('207', 'filename', '0', 'en_us', ' hero welcome jpg '),
 ('207', 'extension', '0', 'en_us', ' jpg '),
 ('207', 'kind', '0', 'en_us', ' image '),
 ('207', 'slug', '0', 'en_us', ' hero welcome '),
 ('207', 'title', '0', 'en_us', ' hero welcome '),
 ('208', 'field', '10', 'en_us', ''),
 ('208', 'field', '3', 'en_us', ''),
 ('208', 'filename', '0', 'en_us', ' hero who we are jpg '),
 ('208', 'extension', '0', 'en_us', ' jpg '),
 ('208', 'kind', '0', 'en_us', ' image '),
 ('208', 'slug', '0', 'en_us', ' hero who we are '),
 ('208', 'title', '0', 'en_us', ' hero who we are '),
 ('209', 'filename', '0', 'en_us', ' bio ian betts jpg '),
 ('209', 'extension', '0', 'en_us', ' jpg '),
 ('209', 'kind', '0', 'en_us', ' image '),
 ('209', 'slug', '0', 'en_us', ' bio ian betts '),
 ('209', 'title', '0', 'en_us', ' bio ian betts '),
 ('210', 'filename', '0', 'en_us', ' bio john david van dooren jpg '),
 ('210', 'extension', '0', 'en_us', ' jpg '),
 ('210', 'kind', '0', 'en_us', ' image '),
 ('210', 'slug', '0', 'en_us', ' bio john david van dooren '),
 ('210', 'title', '0', 'en_us', ' bio john david van dooren '),
 ('211', 'filename', '0', 'en_us', ' edwin booth window verticle jpg '),
 ('211', 'extension', '0', 'en_us', ' jpg '),
 ('211', 'kind', '0', 'en_us', ' image '),
 ('211', 'slug', '0', 'en_us', ' edwin booth window verticle '),
 ('211', 'title', '0', 'en_us', ' edwin booth window verticle '),
 ('213', 'filename', '0', 'en_us', ' fr patrick and dog jpg '),
 ('213', 'extension', '0', 'en_us', ' jpg '),
 ('213', 'kind', '0', 'en_us', ' image '),
 ('213', 'slug', '0', 'en_us', ' fr patrick and dog '),
 ('213', 'title', '0', 'en_us', ' fr patrick and dog '),
 ('214', 'filename', '0', 'en_us', ' fr patrick and dog jpg '),
 ('214', 'extension', '0', 'en_us', ' jpg '),
 ('214', 'kind', '0', 'en_us', ' image '),
 ('214', 'slug', '0', 'en_us', ' fr patrick and dog '),
 ('214', 'title', '0', 'en_us', ' fr patrick and dog '),
 ('215', 'filename', '0', 'en_us', ' placeholder jpg '),
 ('215', 'extension', '0', 'en_us', ' jpg '),
 ('215', 'kind', '0', 'en_us', ' image '),
 ('215', 'slug', '0', 'en_us', ' placeholder '),
 ('215', 'title', '0', 'en_us', ' placeholder '),
 ('216', 'filename', '0', 'en_us', ' richard upjohn brass filigree pulpit jpg '),
 ('216', 'extension', '0', 'en_us', ' jpg '),
 ('216', 'kind', '0', 'en_us', ' image '),
 ('216', 'slug', '0', 'en_us', ' richard upjohn brass filigree pulpit '),
 ('216', 'title', '0', 'en_us', ' richard upjohn brass filigree pulpit '),
 ('219', 'title', '0', 'en_us', ' ralph adams cram madonna shrine '),
 ('218', 'field', '35', 'en_us', ' holy women holy men celebrating the saints by church publishing incorporated '),
 ('218', 'slug', '0', 'en_us', ''),
 ('313', 'kind', '0', 'en_us', ' image '),
 ('311', 'filename', '0', 'en_us', ' bio warren c platt jpg '),
 ('311', 'extension', '0', 'en_us', ' jpg '),
 ('311', 'kind', '0', 'en_us', ' image '),
 ('311', 'slug', '0', 'en_us', ' bio warren c platt '),
 ('311', 'title', '0', 'en_us', ' bio warren c platt '),
 ('313', 'filename', '0', 'en_us', ' bio grace kobryn jpg '),
 ('313', 'extension', '0', 'en_us', ' jpg '),
 ('309', 'slug', '0', 'en_us', ' bio patrick cheng '),
 ('309', 'title', '0', 'en_us', ' bio patrick cheng '),
 ('231', 'field', '10', 'en_us', '');
INSERT INTO `craft_searchindex` (`elementId`, `attribute`, `fieldId`, `locale`, `keywords`) VALUES
 ('231', 'field', '3', 'en_us', ''),
 ('231', 'filename', '0', 'en_us', ' hero our mission jpg '),
 ('231', 'extension', '0', 'en_us', ' jpg '),
 ('231', 'kind', '0', 'en_us', ' image '),
 ('231', 'slug', '0', 'en_us', ' hero our mission '),
 ('231', 'title', '0', 'en_us', ' hero our mission '),
 ('309', 'kind', '0', 'en_us', ' image '),
 ('309', 'extension', '0', 'en_us', ' jpg '),
 ('317', 'filename', '0', 'en_us', ' bio grace kobryn jpg '),
 ('316', 'title', '0', 'en_us', ' bio claudia dumschat '),
 ('316', 'slug', '0', 'en_us', ' bio claudia dumschat '),
 ('316', 'filename', '0', 'en_us', ' bio claudia dumschat jpg '),
 ('316', 'extension', '0', 'en_us', ' jpg '),
 ('309', 'filename', '0', 'en_us', ' bio patrick cheng jpg '),
 ('341', 'enddate', '0', 'en_us', ' 2017 09 12 '),
 ('313', 'slug', '0', 'en_us', ' bio grace kobryn '),
 ('234', 'field', '11', 'en_us', ' hero our history '),
 ('234', 'field', '27', 'en_us', ''),
 ('234', 'field', '3', 'en_us', ''),
 ('234', 'field', '12', 'en_us', ' church of the transfiguration parish was founded in 1848 the building itself dates from 1850 it was made a national landmark in 1973 the founder the rev dr george hendric houghton wanted to build a church that would serve the needs of the poor and marginalized and would welcome all regardless of race class or background '),
 ('234', 'field', '13', 'en_us', ' the civil war the parish had only been established for a few years when the civil war broke out during this time the church was a stop on the underground railroad sheltering escaped slaves on their journey north it was a place of refuge for african americans during the new york draft riots of 1863 three days of lawlessness destruction bloodshed and lynchings the nickname a few days before christmas in 1890 joseph jefferson an actor renowned for his portrayal of rip van winkle approached the rector of the now defunct church of the atonement to request a funeral for his friend and fellow actor george holland upon learning that the deceased was an actor the rector refused to hold a funeral for the man in his church joseph jefferson persisted and asked if there was a church in the area that would hold services for his friend the rector said i believe there is a little church around the corner where it might be done jefferson replied then i say to you sir god bless the little church around the corner figure window the theatre to this day the church maintains close ties with the theater it has served as the national headquarters of the episcopal actors guild since its founding in 1923 by the third rector dr randolph ray weddings our historic buildings and lovely garden have drawn couples from all over the world to be married here these couples are members of the little family and many have stayed in touch with us over the years continuing its long tradition of inclusiveness the little church is proud to have celebrated the first same sex wedding in the diocese of new york in july 2012 and has performed several more since the formal rite of blessing of a lifelong covenant was adopted by the general convention we invite you to stop by for a visit join us in worship or simply contact us for more information '),
 ('234', 'slug', '0', 'en_us', ' our history '),
 ('234', 'title', '0', 'en_us', ' a brief history '),
 ('235', 'field', '10', 'en_us', ''),
 ('235', 'field', '3', 'en_us', ''),
 ('235', 'filename', '0', 'en_us', ' hero our history jpg '),
 ('235', 'extension', '0', 'en_us', ' jpg '),
 ('235', 'kind', '0', 'en_us', ' image '),
 ('235', 'slug', '0', 'en_us', ' hero our history '),
 ('235', 'title', '0', 'en_us', ' hero our history '),
 ('236', 'field', '14', 'en_us', ' the civil war the parish had only been established for a few years when the civil war broke out during this time the church was a stop on the underground railroad sheltering escaped slaves on their journey north it was a place of refuge for african americans during the new york draft riots of 1863 three days of lawlessness destruction bloodshed and lynchings the nickname a few days before christmas in 1890 joseph jefferson an actor renowned for his portrayal of rip van winkle approached the rector of the now defunct church of the atonement to request a funeral for his friend and fellow actor george holland upon learning that the deceased was an actor the rector refused to hold a funeral for the man in his church joseph jefferson persisted and asked if there was a church in the area that would hold services for his friend the rector said i believe there is a little church around the corner where it might be done jefferson replied then i say to you sir god bless the little church around the corner '),
 ('236', 'slug', '0', 'en_us', ''),
 ('239', 'field', '3', 'en_us', ''),
 ('239', 'field', '12', 'en_us', ' building community is an important part of church of the transfiguration both spiritually and socially many of our parishioners gather each week on thursday to participate in worship and bible study while others enjoy going to a local restaurant after sunday mass to enjoy brunch and social fellowship '),
 ('239', 'field', '27', 'en_us', ''),
 ('239', 'field', '11', 'en_us', ' hero parish life '),
 ('238', 'field', '10', 'en_us', ''),
 ('238', 'field', '3', 'en_us', ''),
 ('238', 'filename', '0', 'en_us', ' hero parish life jpg '),
 ('238', 'extension', '0', 'en_us', ' jpg '),
 ('238', 'kind', '0', 'en_us', ' image '),
 ('238', 'slug', '0', 'en_us', ' hero parish life '),
 ('238', 'title', '0', 'en_us', ' hero parish life '),
 ('239', 'field', '13', 'en_us', ' coffee conversation and culturesunday coffee hours also afford parishioners and newcomers opportunities to interact and to build relationships that often result in invitations to break bread or to take advantage of the many cultural events in new york fundraisers like our spring music gala are also a great way to interact with fellow parishioners and to enjoy the talent and hospitality of our parish sign up for our weekly friday blasts and check our calendar for upcoming events and opportunities to participate in the robust parish life of church of the transfiguration '),
 ('239', 'slug', '0', 'en_us', ' parish life '),
 ('239', 'title', '0', 'en_us', ' parish life '),
 ('240', 'field', '14', 'en_us', ' coffee conversation and culturesunday coffee hours also afford parishioners and newcomers opportunities to interact and to build relationships that often result in invitations to break bread or to take advantage of the many cultural events in new york fundraisers like our spring music gala are also a great way to interact with fellow parishioners and to enjoy the talent and hospitality of our parish sign up for our weekly friday blasts and check our calendar for upcoming events and opportunities to participate in the robust parish life of church of the transfiguration '),
 ('240', 'slug', '0', 'en_us', ''),
 ('243', 'extension', '0', 'en_us', ' jpg '),
 ('243', 'kind', '0', 'en_us', ' image '),
 ('243', 'slug', '0', 'en_us', ' hero worship schedule '),
 ('243', 'title', '0', 'en_us', ' hero worship schedule '),
 ('243', 'filename', '0', 'en_us', ' hero worship schedule jpg '),
 ('243', 'field', '10', 'en_us', ''),
 ('243', 'field', '3', 'en_us', ''),
 ('244', 'field', '11', 'en_us', ' hero worship schedule '),
 ('244', 'field', '27', 'en_us', ''),
 ('244', 'field', '3', 'en_us', ''),
 ('244', 'field', '12', 'en_us', ' the cornerstone of transfiguration s spirituality is how we express and demonstrate god s inclusive love through liturgy music and worship as an anglo catholic parish transfiguration honors traditional liturgy with a full complement of meaningful preaching and music '),
 ('244', 'field', '13', 'en_us', ' at the center of our worship is emphasis on both word and table little church clergy are considered excellent preachers who connect lectionary readings with biblical context and current challenges with a smattering of personal stories and humor transfiguration acolytes do an extraordinary job in ensuring the eucharist is celebrated with majesty and dignity and the authentic expertise of our choirs draws worshippers closer to the love of jesus christ through some of the most beloved hymns of the church below is the current worship schedule please consider joining us '),
 ('244', 'slug', '0', 'en_us', ' worship schedule '),
 ('244', 'title', '0', 'en_us', ' worship schedule '),
 ('245', 'field', '14', 'en_us', ' at the center of our worship is emphasis on both word and table little church clergy are considered excellent preachers who connect lectionary readings with biblical context and current challenges with a smattering of personal stories and humor transfiguration acolytes do an extraordinary job in ensuring the eucharist is celebrated with majesty and dignity and the authentic expertise of our choirs draws worshippers closer to the love of jesus christ through some of the most beloved hymns of the church below is the current worship schedule please consider joining us '),
 ('245', 'slug', '0', 'en_us', ''),
 ('246', 'filename', '0', 'en_us', ' hero liturgy jpg '),
 ('246', 'extension', '0', 'en_us', ' jpg '),
 ('246', 'kind', '0', 'en_us', ' image '),
 ('246', 'slug', '0', 'en_us', ' hero liturgy '),
 ('246', 'title', '0', 'en_us', ' hero liturgy '),
 ('247', 'filename', '0', 'en_us', ' hero our history jpg '),
 ('247', 'extension', '0', 'en_us', ' jpg '),
 ('247', 'kind', '0', 'en_us', ' image '),
 ('247', 'slug', '0', 'en_us', ' hero our history '),
 ('247', 'title', '0', 'en_us', ' hero our history '),
 ('248', 'filename', '0', 'en_us', ' hero our mission jpg '),
 ('248', 'extension', '0', 'en_us', ' jpg '),
 ('248', 'kind', '0', 'en_us', ' image '),
 ('248', 'slug', '0', 'en_us', ' hero our mission '),
 ('248', 'title', '0', 'en_us', ' hero our mission '),
 ('249', 'filename', '0', 'en_us', ' hero parish life jpg '),
 ('249', 'extension', '0', 'en_us', ' jpg '),
 ('249', 'kind', '0', 'en_us', ' image '),
 ('249', 'slug', '0', 'en_us', ' hero parish life '),
 ('249', 'title', '0', 'en_us', ' hero parish life '),
 ('250', 'filename', '0', 'en_us', ' hero worship schedule jpg '),
 ('250', 'extension', '0', 'en_us', ' jpg '),
 ('250', 'kind', '0', 'en_us', ' image '),
 ('250', 'slug', '0', 'en_us', ' hero worship schedule '),
 ('250', 'title', '0', 'en_us', ' hero worship schedule '),
 ('251', 'field', '10', 'en_us', ''),
 ('251', 'field', '3', 'en_us', ''),
 ('251', 'filename', '0', 'en_us', ' hero liturgy jpg '),
 ('251', 'extension', '0', 'en_us', ' jpg '),
 ('251', 'kind', '0', 'en_us', ' image '),
 ('251', 'slug', '0', 'en_us', ' hero liturgy '),
 ('251', 'title', '0', 'en_us', ' hero liturgy '),
 ('254', 'field', '41', 'en_us', ' 01 '),
 ('253', 'filename', '0', 'en_us', ' 01 jpg '),
 ('253', 'extension', '0', 'en_us', ' jpg '),
 ('253', 'kind', '0', 'en_us', ' image ');
INSERT INTO `craft_searchindex` (`elementId`, `attribute`, `fieldId`, `locale`, `keywords`) VALUES
 ('253', 'slug', '0', 'en_us', ' 01 '),
 ('253', 'title', '0', 'en_us', ' 01 '),
 ('254', 'slug', '0', 'en_us', ' lich gate '),
 ('254', 'title', '0', 'en_us', ' lich gate '),
 ('262', 'kind', '0', 'en_us', ' image '),
 ('262', 'slug', '0', 'en_us', ' 03 '),
 ('262', 'extension', '0', 'en_us', ' jpg '),
 ('262', 'filename', '0', 'en_us', ' 03 jpg '),
 ('263', 'kind', '0', 'en_us', ' image '),
 ('263', 'slug', '0', 'en_us', ' 04 '),
 ('263', 'extension', '0', 'en_us', ' jpg '),
 ('263', 'filename', '0', 'en_us', ' 04 jpg '),
 ('264', 'kind', '0', 'en_us', ' image '),
 ('264', 'slug', '0', 'en_us', ' 05 '),
 ('264', 'extension', '0', 'en_us', ' jpg '),
 ('264', 'filename', '0', 'en_us', ' 05 jpg '),
 ('265', 'kind', '0', 'en_us', ' image '),
 ('265', 'slug', '0', 'en_us', ' 06 '),
 ('265', 'extension', '0', 'en_us', ' jpg '),
 ('265', 'filename', '0', 'en_us', ' 06 jpg '),
 ('266', 'kind', '0', 'en_us', ' image '),
 ('266', 'slug', '0', 'en_us', ' 07 '),
 ('266', 'extension', '0', 'en_us', ' jpg '),
 ('266', 'filename', '0', 'en_us', ' 07 jpg '),
 ('267', 'field', '27', 'en_us', ''),
 ('267', 'field', '42', 'en_us', ' adipiscing pulvinar proin a purus gravida ante lobortis ligula tempor ut himenaeos facilisi a odio volutpat a dis scelerisque a magna integer hac dui cum faucibus eu a ad adipiscing molestie condimentum a duis parturient tincidunt '),
 ('267', 'field', '3', 'en_us', ''),
 ('267', 'field', '41', 'en_us', ' 02 '),
 ('261', 'filename', '0', 'en_us', ' 02 jpg '),
 ('261', 'extension', '0', 'en_us', ' jpg '),
 ('261', 'kind', '0', 'en_us', ' image '),
 ('261', 'slug', '0', 'en_us', ' 02 '),
 ('261', 'title', '0', 'en_us', ' 02 '),
 ('262', 'title', '0', 'en_us', ' 03 '),
 ('263', 'title', '0', 'en_us', ' 04 '),
 ('264', 'title', '0', 'en_us', ' 05 '),
 ('265', 'title', '0', 'en_us', ' 06 '),
 ('266', 'title', '0', 'en_us', ' 07 '),
 ('267', 'slug', '0', 'en_us', ' holy family chapel '),
 ('267', 'title', '0', 'en_us', ' holy family chapel '),
 ('268', 'field', '41', 'en_us', ' 03 '),
 ('268', 'field', '3', 'en_us', ''),
 ('268', 'field', '27', 'en_us', ''),
 ('268', 'field', '42', 'en_us', ' adipiscing pulvinar proin a purus gravida ante lobortis ligula tempor ut himenaeos facilisi a odio volutpat a dis scelerisque a magna integer hac dui cum faucibus eu a ad adipiscing molestie condimentum a duis parturient tincidunt '),
 ('268', 'slug', '0', 'en_us', ' sir richard westmacott madonna '),
 ('268', 'title', '0', 'en_us', ' sir richard westmacott madonna '),
 ('269', 'field', '15', 'en_us', ' figure window '),
 ('269', 'field', '16', 'en_us', ''),
 ('269', 'field', '17', 'en_us', ''),
 ('269', 'field', '18', 'en_us', ''),
 ('269', 'slug', '0', 'en_us', ''),
 ('270', 'field', '14', 'en_us', ' the theatre to this day the church maintains close ties with the theater it has served as the national headquarters of the episcopal actors guild since its founding in 1923 by the third rector dr randolph ray weddings our historic buildings and lovely garden have drawn couples from all over the world to be married here these couples are members of the little family and many have stayed in touch with us over the years continuing its long tradition of inclusiveness the little church is proud to have celebrated the first same sex wedding in the diocese of new york in july 2012 and has performed several more since the formal rite of blessing of a lifelong covenant was adopted by the general convention we invite you to stop by for a visit join us in worship or simply contact us for more information '),
 ('270', 'slug', '0', 'en_us', ''),
 ('271', 'field', '11', 'en_us', ''),
 ('271', 'field', '27', 'en_us', ''),
 ('271', 'field', '3', 'en_us', ''),
 ('271', 'field', '12', 'en_us', ''),
 ('271', 'field', '13', 'en_us', ' ecclesia ministries ecclesia ministries takes religious services to the homeless in madison square park it is a cooperative program supported by various churches and clergy in the nomad north of madison square park area transfiguration is one of those congregations it is also the alternate location when inclement weather makes an outdoor service impractical last christmas our parishioners donated an abundance of warm gloves scarves gloves hats long underwear and other items to people served by ecclesia ministries the episcopal actors guild the episcopal actors guild was founded in 1923 by our third rector the rev dr randolph ray to bridge the worlds of church and theater today the guild is a philanthropic organization that raises money and dispenses emergency funds to members of the acting profession facing severe financial hardship it also has entertainment programs educational career development and social events for its members each november the guild holds a memorial service in the church dedicated to members of the profession who died in the previous year in december they present a service of lessons and carols with outstanding music often performed by broadway veterans both events are open to the public actor s pantry food bank our parishioners support the episcopal actors guild s actors pantry hyperlink program each sunday we collect non perishable food the guild then fills bags with the donated items and gives them to artists in need who have applied to the guild for help no one leaves empty handed '),
 ('271', 'slug', '0', 'en_us', ' outreach '),
 ('271', 'title', '0', 'en_us', ' outreach '),
 ('272', 'field', '14', 'en_us', ' ecclesia ministries ecclesia ministries takes religious services to the homeless in madison square park it is a cooperative program supported by various churches and clergy in the nomad north of madison square park area transfiguration is one of those congregations it is also the alternate location when inclement weather makes an outdoor service impractical last christmas our parishioners donated an abundance of warm gloves scarves gloves hats long underwear and other items to people served by ecclesia ministries the episcopal actors guild the episcopal actors guild was founded in 1923 by our third rector the rev dr randolph ray to bridge the worlds of church and theater today the guild is a philanthropic organization that raises money and dispenses emergency funds to members of the acting profession facing severe financial hardship it also has entertainment programs educational career development and social events for its members each november the guild holds a memorial service in the church dedicated to members of the profession who died in the previous year in december they present a service of lessons and carols with outstanding music often performed by broadway veterans both events are open to the public actor s pantry food bank our parishioners support the episcopal actors guild s actors pantry hyperlink program each sunday we collect non perishable food the guild then fills bags with the donated items and gives them to artists in need who have applied to the guild for help no one leaves empty handed '),
 ('272', 'slug', '0', 'en_us', ''),
 ('273', 'filename', '0', 'en_us', ' hero visit jpg '),
 ('273', 'extension', '0', 'en_us', ' jpg '),
 ('273', 'kind', '0', 'en_us', ' image '),
 ('273', 'slug', '0', 'en_us', ' hero visit '),
 ('273', 'title', '0', 'en_us', ' hero visit '),
 ('274', 'filename', '0', 'en_us', ' select arrows png '),
 ('274', 'extension', '0', 'en_us', ' png '),
 ('274', 'kind', '0', 'en_us', ' image '),
 ('274', 'slug', '0', 'en_us', ' select arrows '),
 ('274', 'title', '0', 'en_us', ' select arrows '),
 ('275', 'filename', '0', 'en_us', ' select arrows svg '),
 ('275', 'extension', '0', 'en_us', ' svg '),
 ('275', 'kind', '0', 'en_us', ' image '),
 ('275', 'slug', '0', 'en_us', ' select arrows '),
 ('275', 'title', '0', 'en_us', ' select arrows '),
 ('278', 'slug', '0', 'en_us', ' events landing '),
 ('278', 'title', '0', 'en_us', ' events landing '),
 ('341', 'summary', '0', 'en_us', ''),
 ('341', 'startdate', '0', 'en_us', ' 2017 09 12 '),
 ('280', 'startdate', '0', 'en_us', ' 2017 08 01 '),
 ('280', 'enddate', '0', 'en_us', ' 2017 08 01 '),
 ('280', 'summary', '0', 'en_us', ''),
 ('280', 'title', '0', 'en_us', ' music concert '),
 ('280', 'slug', '0', 'en_us', ' music concert '),
 ('288', 'field', '43', 'en_us', ' 64 '),
 ('287', 'field', '12', 'en_us', ' never miss the message play our sermons directly in your browser or download them for listening on the go already heard the message refresh your memory and listen again '),
 ('287', 'field', '13', 'en_us', ' the fourteenth sunday after pentecost the thirteenth sunday after pentecost the twelfth sunday after pentecost the eleventh sunday after pentecost '),
 ('287', 'slug', '0', 'en_us', ' audio sermons '),
 ('282', 'startdate', '0', 'en_us', ' 2017 09 10 '),
 ('282', 'enddate', '0', 'en_us', ' 2017 09 10 '),
 ('282', 'summary', '0', 'en_us', ' weekly on sunday '),
 ('282', 'title', '0', 'en_us', ' solemn mass '),
 ('282', 'slug', '0', 'en_us', ' mass '),
 ('287', 'title', '0', 'en_us', ' audio sermons '),
 ('301', 'title', '0', 'en_us', ' 09 10 17 '),
 ('301', 'slug', '0', 'en_us', ' 09 10 17 '),
 ('301', 'kind', '0', 'en_us', ' audio '),
 ('287', 'field', '3', 'en_us', '');
INSERT INTO `craft_searchindex` (`elementId`, `attribute`, `fieldId`, `locale`, `keywords`) VALUES
 ('287', 'field', '11', 'en_us', ''),
 ('287', 'field', '27', 'en_us', ''),
 ('288', 'slug', '0', 'en_us', ''),
 ('289', 'field', '23', 'en_us', ' father patrick cheng '),
 ('289', 'field', '47', 'en_us', ' september 10 2017 '),
 ('289', 'field', '46', 'en_us', ' 09 10 17 '),
 ('289', 'slug', '0', 'en_us', ' the fourteenth sunday after pentecost '),
 ('289', 'title', '0', 'en_us', ' the fourteenth sunday after pentecost '),
 ('288', 'field', '45', 'en_us', ' the fourteenth sunday after pentecost the thirteenth sunday after pentecost the twelfth sunday after pentecost the eleventh sunday after pentecost '),
 ('296', 'slug', '0', 'en_us', ' 08 27 17 '),
 ('296', 'extension', '0', 'en_us', ' mp3 '),
 ('296', 'kind', '0', 'en_us', ' audio '),
 ('301', 'extension', '0', 'en_us', ' mp3 '),
 ('301', 'filename', '0', 'en_us', ' 09 10 17 mp3 '),
 ('296', 'filename', '0', 'en_us', ' 08 27 17 mp3 '),
 ('295', 'title', '0', 'en_us', ' 08 06 17 '),
 ('302', 'field', '46', 'en_us', ' 09 03 17 '),
 ('302', 'field', '23', 'en_us', ' father john david van dooren '),
 ('302', 'slug', '0', 'en_us', ' the thirteenth sunday after pentecost '),
 ('295', 'slug', '0', 'en_us', ' 08 06 17 '),
 ('295', 'kind', '0', 'en_us', ' audio '),
 ('295', 'extension', '0', 'en_us', ' mp3 '),
 ('295', 'filename', '0', 'en_us', ' 08 06 17 mp3 '),
 ('296', 'title', '0', 'en_us', ' 08 27 17 '),
 ('297', 'filename', '0', 'en_us', ' 08 20 17 mp3 '),
 ('297', 'extension', '0', 'en_us', ' mp3 '),
 ('297', 'kind', '0', 'en_us', ' audio '),
 ('297', 'slug', '0', 'en_us', ' 08 20 17 '),
 ('297', 'title', '0', 'en_us', ' 08 20 17 '),
 ('298', 'filename', '0', 'en_us', ' 08 13 17 mp3 '),
 ('298', 'extension', '0', 'en_us', ' mp3 '),
 ('298', 'kind', '0', 'en_us', ' audio '),
 ('298', 'slug', '0', 'en_us', ' 08 13 17 '),
 ('298', 'title', '0', 'en_us', ' 08 13 17 '),
 ('299', 'filename', '0', 'en_us', ' 09 03 17 mp3 '),
 ('299', 'extension', '0', 'en_us', ' mp3 '),
 ('299', 'kind', '0', 'en_us', ' audio '),
 ('299', 'slug', '0', 'en_us', ' 09 03 17 '),
 ('299', 'title', '0', 'en_us', ' 09 03 17 '),
 ('302', 'title', '0', 'en_us', ' the thirteenth sunday after pentecost '),
 ('303', 'field', '23', 'en_us', ' father patrick cheng '),
 ('303', 'field', '46', 'en_us', ' 08 27 17 '),
 ('303', 'slug', '0', 'en_us', ' the twelfth sunday after pentecost '),
 ('303', 'title', '0', 'en_us', ' the twelfth sunday after pentecost '),
 ('304', 'field', '23', 'en_us', ' father john david van dooren '),
 ('304', 'field', '46', 'en_us', ' 08 20 17 '),
 ('304', 'slug', '0', 'en_us', ' the eleventh sunday after pentecost '),
 ('304', 'title', '0', 'en_us', ' the eleventh sunday after pentecost '),
 ('316', 'kind', '0', 'en_us', ' image '),
 ('315', 'filename', '0', 'en_us', ' bio claudia dumschat jpg '),
 ('313', 'title', '0', 'en_us', ' bio grace kobryn '),
 ('306', 'field', '10', 'en_us', ''),
 ('306', 'field', '3', 'en_us', ''),
 ('306', 'filename', '0', 'en_us', ' hero audio sermons jpg '),
 ('306', 'extension', '0', 'en_us', ' jpg '),
 ('306', 'kind', '0', 'en_us', ' image '),
 ('306', 'slug', '0', 'en_us', ' hero audio sermons '),
 ('306', 'title', '0', 'en_us', ' hero audio sermons '),
 ('315', 'extension', '0', 'en_us', ' jpg '),
 ('315', 'kind', '0', 'en_us', ' image '),
 ('315', 'slug', '0', 'en_us', ' bio claudia dumschat '),
 ('315', 'title', '0', 'en_us', ' bio claudia dumschat '),
 ('317', 'extension', '0', 'en_us', ' jpg '),
 ('317', 'kind', '0', 'en_us', ' image '),
 ('317', 'slug', '0', 'en_us', ' bio grace kobryn '),
 ('317', 'title', '0', 'en_us', ' bio grace kobryn '),
 ('318', 'filename', '0', 'en_us', ' bio patrick cheng jpg '),
 ('318', 'extension', '0', 'en_us', ' jpg '),
 ('318', 'kind', '0', 'en_us', ' image '),
 ('318', 'slug', '0', 'en_us', ' bio patrick cheng '),
 ('318', 'title', '0', 'en_us', ' bio patrick cheng '),
 ('319', 'filename', '0', 'en_us', ' bio warren c platt jpg '),
 ('319', 'extension', '0', 'en_us', ' jpg '),
 ('319', 'kind', '0', 'en_us', ' image '),
 ('319', 'slug', '0', 'en_us', ' bio warren c platt '),
 ('319', 'title', '0', 'en_us', ' bio warren c platt '),
 ('320', 'filename', '0', 'en_us', ' hero audio sermons jpg '),
 ('320', 'extension', '0', 'en_us', ' jpg '),
 ('320', 'kind', '0', 'en_us', ' image '),
 ('320', 'slug', '0', 'en_us', ' hero audio sermons '),
 ('320', 'title', '0', 'en_us', ' hero audio sermons '),
 ('321', 'field', '10', 'en_us', ' bio warren c platt '),
 ('321', 'slug', '0', 'en_us', ' fr warren c platt '),
 ('321', 'title', '0', 'en_us', ' fr warren c platt '),
 ('322', 'field', '24', 'en_us', ' receptionist '),
 ('322', 'field', '1', 'en_us', ' ullamcorper ipsum lobortis facilisi scelerisque a vestibulum nascetur id mattis tincidunt dictum netus dictumst pulvinar risus sagittis consectetur leo dolor cras laoreet facilisis leo ullamcorper a cursus interdum proin ad habitasse diam ridiculus a parturient mi parturient parturient scelerisque parturient suspendisse vestibulum '),
 ('322', 'field', '10', 'en_us', ' bio grace kobryn '),
 ('322', 'slug', '0', 'en_us', ' grace kobryn '),
 ('322', 'title', '0', 'en_us', ' grace kobryn '),
 ('323', 'field', '21', 'en_us', ' staff '),
 ('323', 'field', '22', 'en_us', ' grace kobryn '),
 ('323', 'slug', '0', 'en_us', ''),
 ('324', 'slug', '0', 'en_us', ' music at transfiguration '),
 ('324', 'title', '0', 'en_us', ' music at transfiguration '),
 ('324', 'field', '12', 'en_us', ' music has always been a vital element of the church s anglo catholic worship style soon after the church was founded the rev george houghton established the choir of men and boys the oldest such choir in america the choir sings a vast repertoire of liturgical music appropriate to the day in recent years the church established a girls choir and a cherub choir '),
 ('324', 'field', '3', 'en_us', ''),
 ('324', 'field', '11', 'en_us', ' hero music at transfiguration '),
 ('324', 'field', '27', 'en_us', ' benjamin chasteen epoch times '),
 ('326', 'field', '10', 'en_us', ''),
 ('326', 'field', '3', 'en_us', '');
INSERT INTO `craft_searchindex` (`elementId`, `attribute`, `fieldId`, `locale`, `keywords`) VALUES
 ('326', 'filename', '0', 'en_us', ' hero music at transfiguration jpg '),
 ('326', 'extension', '0', 'en_us', ' jpg '),
 ('326', 'kind', '0', 'en_us', ' image '),
 ('326', 'slug', '0', 'en_us', ' hero music at transfiguration '),
 ('326', 'title', '0', 'en_us', ' hero music at transfiguration '),
 ('329', 'field', '12', 'en_us', ' dr claudia dumschat brings over forty years of experience to her position as organist and choirmaster at transfiguration where she has served since 1999 she administers and conducts the choir of men and boys girls choir cherub choir and camerata she is also the artistic director and conductor of the church s concert series which has produced over fifty concerts music dramas and operas as well as the midday music and summer concerts series '),
 ('329', 'field', '3', 'en_us', ''),
 ('329', 'field', '27', 'en_us', ''),
 ('324', 'field', '13', 'en_us', ''),
 ('329', 'field', '11', 'en_us', ' hero organist and choirmaster '),
 ('328', 'field', '10', 'en_us', ''),
 ('328', 'field', '3', 'en_us', ''),
 ('328', 'filename', '0', 'en_us', ' hero organist and choirmaster jpg '),
 ('328', 'extension', '0', 'en_us', ' jpg '),
 ('328', 'kind', '0', 'en_us', ' image '),
 ('328', 'slug', '0', 'en_us', ' hero organist and choirmaster '),
 ('328', 'title', '0', 'en_us', ' hero organist and choirmaster '),
 ('329', 'field', '13', 'en_us', ' about claudia dr dumschat received her doctorate from the manhattan school of music and has performed organ concerts throughout the united states and europe she is the recipient of many awards and has been recorded on cd and is heard frequently on the radio many of her performances may also be viewed on her youtube channel she is currently on the board of the new york chapter of the american guild of organists a council member of the episcopal actors guild and chair of the music committee of the greenwich pen women the arnold schwartz memorial organ our beautiful organ is named for the major donor is opus 92 of the c b fiske company church of the transfiguration has an extensive music program including a men and boys choir and a girls choir our music director dr claudia dumschat auditions children from all over the city those accepted for the choirs receive an excellent musical education and ample opportunities to perform the arnold schwartz memorial organ carl avidano figure organ '),
 ('329', 'slug', '0', 'en_us', ' organist and choirmaster '),
 ('329', 'title', '0', 'en_us', ' organist choirmaster '),
 ('330', 'field', '14', 'en_us', ' about claudia dr dumschat received her doctorate from the manhattan school of music and has performed organ concerts throughout the united states and europe she is the recipient of many awards and has been recorded on cd and is heard frequently on the radio many of her performances may also be viewed on her youtube channel she is currently on the board of the new york chapter of the american guild of organists a council member of the episcopal actors guild and chair of the music committee of the greenwich pen women '),
 ('330', 'slug', '0', 'en_us', ''),
 ('331', 'filename', '0', 'en_us', ' hero music at transfiguration jpg '),
 ('331', 'extension', '0', 'en_us', ' jpg '),
 ('331', 'kind', '0', 'en_us', ' image '),
 ('331', 'slug', '0', 'en_us', ' hero music at transfiguration '),
 ('331', 'title', '0', 'en_us', ' hero music at transfiguration '),
 ('332', 'filename', '0', 'en_us', ' hero organist and choirmaster jpg '),
 ('332', 'extension', '0', 'en_us', ' jpg '),
 ('332', 'kind', '0', 'en_us', ' image '),
 ('332', 'slug', '0', 'en_us', ' hero organist and choirmaster '),
 ('332', 'title', '0', 'en_us', ' hero organist and choirmaster '),
 ('333', 'field', '11', 'en_us', ' hero concert series '),
 ('333', 'field', '27', 'en_us', ' benjamin chasteen epoch times '),
 ('333', 'field', '3', 'en_us', ''),
 ('333', 'field', '12', 'en_us', ' suspendisse fames dolor a ac diam aenean condimentum aliquet a a nam mattis vestibulum a at dictumst id eros consectetur sed quis sem vestibulum '),
 ('333', 'field', '13', 'en_us', ' a litte midday music lunchtime concerts at little church tuesdays at 12 30 pm $5 suggested donation 2017 fall schedule schedule here 2018 spring schedule schedule here '),
 ('333', 'slug', '0', 'en_us', ' concert series '),
 ('333', 'title', '0', 'en_us', ' concert series '),
 ('335', 'filename', '0', 'en_us', ' figure organ jpg '),
 ('335', 'extension', '0', 'en_us', ' jpg '),
 ('335', 'kind', '0', 'en_us', ' image '),
 ('335', 'slug', '0', 'en_us', ' figure organ '),
 ('335', 'title', '0', 'en_us', ' figure organ '),
 ('336', 'field', '15', 'en_us', ' figure organ '),
 ('336', 'field', '16', 'en_us', ' the arnold schwartz memorial organ '),
 ('336', 'field', '17', 'en_us', ''),
 ('336', 'field', '18', 'en_us', ' carl avidano '),
 ('336', 'slug', '0', 'en_us', ''),
 ('337', 'field', '14', 'en_us', ' the arnold schwartz memorial organ our beautiful organ is named for the major donor is opus 92 of the c b fiske company church of the transfiguration has an extensive music program including a men and boys choir and a girls choir our music director dr claudia dumschat auditions children from all over the city those accepted for the choirs receive an excellent musical education and ample opportunities to perform '),
 ('337', 'slug', '0', 'en_us', ''),
 ('339', 'field', '10', 'en_us', ''),
 ('339', 'field', '3', 'en_us', ''),
 ('339', 'filename', '0', 'en_us', ' hero concert series jpg '),
 ('339', 'extension', '0', 'en_us', ' jpg '),
 ('339', 'kind', '0', 'en_us', ' image '),
 ('339', 'slug', '0', 'en_us', ' hero concert series '),
 ('339', 'title', '0', 'en_us', ' hero concert series '),
 ('340', 'field', '14', 'en_us', ' a litte midday music lunchtime concerts at little church tuesdays at 12 30 pm $5 suggested donation 2017 fall schedule schedule here 2018 spring schedule schedule here '),
 ('340', 'slug', '0', 'en_us', ''),
 ('341', 'title', '0', 'en_us', ' midday music '),
 ('341', 'slug', '0', 'en_us', ' new venti event '),
 ('341', 'field', '11', 'en_us', ''),
 ('341', 'field', '3', 'en_us', ''),
 ('341', 'field', '1', 'en_us', ' claudia dumschat organ all glory be to god on high settings of the hymn by j s bach '),
 ('341', 'field', '4', 'en_us', ''),
 ('341', 'field', '5', 'en_us', ''),
 ('341', 'field', '48', 'en_us', ' 0 '),
 ('342', 'filename', '0', 'en_us', ' figure organ jpg '),
 ('342', 'extension', '0', 'en_us', ' jpg '),
 ('342', 'kind', '0', 'en_us', ' image '),
 ('342', 'slug', '0', 'en_us', ' figure organ '),
 ('342', 'title', '0', 'en_us', ' figure organ '),
 ('343', 'filename', '0', 'en_us', ' hero concert series jpg '),
 ('343', 'extension', '0', 'en_us', ' jpg '),
 ('343', 'kind', '0', 'en_us', ' image '),
 ('343', 'slug', '0', 'en_us', ' hero concert series '),
 ('343', 'title', '0', 'en_us', ' hero concert series ');



DROP TABLE IF EXISTS `craft_sections`;


--
-- Schema for table `craft_sections`
--
CREATE TABLE `craft_sections` (
  `id` int(11) NOT NULL AUTO_INCREMENT,
  `structureId` int(11) DEFAULT NULL,
  `name` varchar(255) COLLATE utf8_unicode_ci NOT NULL,
  `handle` varchar(255) COLLATE utf8_unicode_ci NOT NULL,
  `type` enum('single','channel','structure') COLLATE utf8_unicode_ci NOT NULL DEFAULT 'channel',
  `hasUrls` tinyint(1) unsigned NOT NULL DEFAULT '1',
  `template` varchar(500) COLLATE utf8_unicode_ci DEFAULT NULL,
  `enableVersioning` tinyint(1) unsigned NOT NULL DEFAULT '0',
  `dateCreated` datetime NOT NULL,
  `dateUpdated` datetime NOT NULL,
  `uid` char(36) COLLATE utf8_unicode_ci NOT NULL DEFAULT '0',
  PRIMARY KEY (`id`),
  UNIQUE KEY `craft_sections_name_unq_idx` (`name`),
  UNIQUE KEY `craft_sections_handle_unq_idx` (`handle`),
  KEY `craft_sections_structureId_fk` (`structureId`)
) ENGINE=InnoDB AUTO_INCREMENT=15 DEFAULT CHARSET=utf8 COLLATE=utf8_unicode_ci;

--
-- Data for table `craft_sections`
--

INSERT INTO `craft_sections` (`id`, `structureId`, `name`, `handle`, `type`, `hasUrls`, `template`, `enableVersioning`, `dateCreated`, `dateUpdated`, `uid`) VALUES
 ('3', '1', 'Home Marquees', 'homeMarquees', 'structure', '0', NULL, '0', '2017-08-25 13:20:53', '2017-08-30 11:48:13', '02256ddc-d6c3-4dee-b3c7-95a019574990'),
 ('4', NULL, 'Home', 'home', 'single', '1', '', '0', '2017-08-25 16:28:45', '2017-08-25 16:56:41', '097ba04f-092b-4d06-9925-b6fb73917f8a'),
 ('5', '3', 'Home Quadrants', 'homeQuadrants', 'structure', '0', NULL, '0', '2017-08-25 16:57:57', '2017-08-25 18:30:03', '3a8c382e-b70d-4ab5-b195-5f9fcd6a33d5'),
 ('7', '6', 'About', 'about', 'structure', '1', 'about/_entry', '0', '2017-08-26 11:07:16', '2017-09-13 09:18:41', '665fdc1d-ae8e-407a-806d-2bbe9eebfb7b'),
 ('8', '5', 'Church Bios', 'churchBios', 'structure', '0', NULL, '0', '2017-08-28 15:07:07', '2017-08-28 18:54:42', '3ce3c43c-582a-4161-8211-547afa26a7df'),
 ('9', NULL, 'Blog', 'blog', 'channel', '1', 'blog/_entry', '1', '2017-08-30 09:04:27', '2017-08-30 09:05:41', 'e6ce6722-f9f2-48a5-a196-6a947c7ea8eb'),
 ('10', '7', 'Worship', 'worship', 'structure', '1', 'about/_entry', '1', '2017-09-01 10:04:40', '2017-09-01 10:09:32', 'f136e745-bcaf-4607-863b-4e1bad92b9a9'),
 ('11', '8', 'Virtual Tour', 'virtualTour', 'structure', '1', 'virtual-tour/_entry', '0', '2017-09-01 11:25:00', '2017-09-01 11:29:50', '251b35cc-c6d0-476d-aa3b-b8fb234e34ef'),
 ('12', NULL, 'Events Landing', 'eventsLanding', 'single', '1', 'events/_entry', '1', '2017-09-06 18:06:16', '2017-09-06 18:06:16', '8fb9238a-a4f4-4df5-a8cf-defb16563204'),
 ('13', NULL, 'Audio Sermons', 'audioSermons', 'channel', '0', NULL, '0', '2017-09-12 10:18:21', '2017-09-12 16:41:41', 'afca4c0f-3f5c-4cff-ba6b-222ad25f91b8'),
 ('14', '9', 'Music', 'music', 'structure', '1', 'about/_entry', '0', '2017-09-13 09:18:30', '2017-09-13 09:21:01', '51c04cd7-490e-4381-aaef-3f80370d9f8b');



DROP TABLE IF EXISTS `craft_sections_i18n`;


--
-- Schema for table `craft_sections_i18n`
--
CREATE TABLE `craft_sections_i18n` (
  `id` int(11) NOT NULL AUTO_INCREMENT,
  `sectionId` int(11) NOT NULL,
  `locale` char(12) COLLATE utf8_unicode_ci NOT NULL,
  `enabledByDefault` tinyint(1) unsigned NOT NULL DEFAULT '1',
  `urlFormat` text COLLATE utf8_unicode_ci,
  `nestedUrlFormat` text COLLATE utf8_unicode_ci,
  `dateCreated` datetime NOT NULL,
  `dateUpdated` datetime NOT NULL,
  `uid` char(36) COLLATE utf8_unicode_ci NOT NULL DEFAULT '0',
  PRIMARY KEY (`id`),
  UNIQUE KEY `craft_sections_i18n_sectionId_locale_unq_idx` (`sectionId`,`locale`),
  KEY `craft_sections_i18n_locale_fk` (`locale`)
) ENGINE=InnoDB AUTO_INCREMENT=15 DEFAULT CHARSET=utf8 COLLATE=utf8_unicode_ci;

--
-- Data for table `craft_sections_i18n`
--

INSERT INTO `craft_sections_i18n` (`id`, `sectionId`, `locale`, `enabledByDefault`, `urlFormat`, `nestedUrlFormat`, `dateCreated`, `dateUpdated`, `uid`) VALUES
 ('3', '3', 'en_us', '1', NULL, NULL, '2017-08-25 13:20:53', '2017-08-25 13:20:53', '363272e7-6719-47ae-b9e6-16a0f867a280'),
 ('4', '4', 'en_us', '1', '__home__', NULL, '2017-08-25 16:28:45', '2017-08-25 16:56:06', '34bf625d-1be8-4faf-8552-97dc695944a2'),
 ('5', '5', 'en_us', '1', NULL, NULL, '2017-08-25 16:57:57', '2017-08-25 16:57:57', '3b8445a0-2112-44a5-ba34-9686b52e7715'),
 ('7', '7', 'en_us', '1', 'about/{slug}', NULL, '2017-08-26 11:07:16', '2017-08-26 11:07:16', '782a5855-45bc-49b2-9ebe-84b3b15ff0de'),
 ('8', '8', 'en_us', '1', NULL, NULL, '2017-08-28 15:07:07', '2017-08-28 15:07:07', '9359ef37-423d-4c20-b4eb-881082600f46'),
 ('9', '9', 'en_us', '1', 'blog/{postDate.year}/{slug}', NULL, '2017-08-30 09:04:27', '2017-08-30 09:04:27', '60dbf11d-7e22-4b78-87e2-e5dc7dd97fad'),
 ('10', '10', 'en_us', '1', 'worship/{slug}', NULL, '2017-09-01 10:04:40', '2017-09-01 10:04:40', '6ae59797-14c4-464a-a0b3-302a14af6ddd'),
 ('11', '11', 'en_us', '1', 'virtual-tour/{slug}', NULL, '2017-09-01 11:25:00', '2017-09-01 11:25:00', 'f315c497-222c-41db-bbfa-56f6e41f365c'),
 ('12', '12', 'en_us', '1', 'events', NULL, '2017-09-06 18:06:16', '2017-09-06 18:06:16', '8d01fe69-96f2-4535-a564-22031cd7b20f'),
 ('13', '13', 'en_us', '1', NULL, NULL, '2017-09-12 10:18:21', '2017-09-12 10:18:21', '87a23df7-9df6-46a9-93f1-17a29b681c9e'),
 ('14', '14', 'en_us', '1', 'music/{slug}', NULL, '2017-09-13 09:18:30', '2017-09-13 09:18:30', 'f5688e24-16a4-4ccf-b7b1-69161e84385d');



DROP TABLE IF EXISTS `craft_sessions`;


--
-- Schema for table `craft_sessions`
--
CREATE TABLE `craft_sessions` (
  `id` int(11) NOT NULL AUTO_INCREMENT,
  `userId` int(11) NOT NULL,
  `token` char(100) COLLATE utf8_unicode_ci NOT NULL,
  `dateCreated` datetime NOT NULL,
  `dateUpdated` datetime NOT NULL,
  `uid` char(36) COLLATE utf8_unicode_ci NOT NULL DEFAULT '0',
  PRIMARY KEY (`id`),
  KEY `craft_sessions_uid_idx` (`uid`),
  KEY `craft_sessions_token_idx` (`token`),
  KEY `craft_sessions_dateUpdated_idx` (`dateUpdated`),
  KEY `craft_sessions_userId_fk` (`userId`)
) ENGINE=InnoDB AUTO_INCREMENT=58 DEFAULT CHARSET=utf8 COLLATE=utf8_unicode_ci;

DROP TABLE IF EXISTS `craft_shunnedmessages`;


--
-- Schema for table `craft_shunnedmessages`
--
CREATE TABLE `craft_shunnedmessages` (
  `id` int(11) NOT NULL AUTO_INCREMENT,
  `userId` int(11) NOT NULL,
  `message` varchar(255) COLLATE utf8_unicode_ci NOT NULL,
  `expiryDate` datetime DEFAULT NULL,
  `dateCreated` datetime NOT NULL,
  `dateUpdated` datetime NOT NULL,
  `uid` char(36) COLLATE utf8_unicode_ci NOT NULL DEFAULT '0',
  PRIMARY KEY (`id`),
  UNIQUE KEY `craft_shunnedmessages_userId_message_unq_idx` (`userId`,`message`)
) ENGINE=InnoDB DEFAULT CHARSET=utf8 COLLATE=utf8_unicode_ci;

DROP TABLE IF EXISTS `craft_structureelements`;


--
-- Schema for table `craft_structureelements`
--
CREATE TABLE `craft_structureelements` (
  `id` int(11) NOT NULL AUTO_INCREMENT,
  `structureId` int(11) NOT NULL,
  `elementId` int(11) DEFAULT NULL,
  `root` int(11) unsigned DEFAULT NULL,
  `lft` int(11) unsigned NOT NULL,
  `rgt` int(11) unsigned NOT NULL,
  `level` smallint(6) unsigned NOT NULL,
  `dateCreated` datetime NOT NULL,
  `dateUpdated` datetime NOT NULL,
  `uid` char(36) COLLATE utf8_unicode_ci NOT NULL DEFAULT '0',
  PRIMARY KEY (`id`),
  UNIQUE KEY `craft_structureelements_structureId_elementId_unq_idx` (`structureId`,`elementId`),
  KEY `craft_structureelements_root_idx` (`root`),
  KEY `craft_structureelements_lft_idx` (`lft`),
  KEY `craft_structureelements_rgt_idx` (`rgt`),
  KEY `craft_structureelements_level_idx` (`level`),
  KEY `craft_structureelements_elementId_fk` (`elementId`)
) ENGINE=InnoDB AUTO_INCREMENT=40 DEFAULT CHARSET=utf8 COLLATE=utf8_unicode_ci;

--
-- Data for table `craft_structureelements`
--

INSERT INTO `craft_structureelements` (`id`, `structureId`, `elementId`, `root`, `lft`, `rgt`, `level`, `dateCreated`, `dateUpdated`, `uid`) VALUES
 ('1', '1', NULL, '1', '1', '8', '0', '2017-08-25 13:52:11', '2017-08-25 13:52:11', '85377f42-a96f-41da-a05b-378705124a38'),
 ('2', '1', '7', '1', '2', '3', '1', '2017-08-25 13:52:11', '2017-08-25 13:52:11', '9ba43c01-ea5f-45cc-acdd-26f7cf4d5d39'),
 ('3', '1', '59', '1', '4', '5', '1', '2017-08-25 14:26:30', '2017-08-25 14:26:30', '37683643-3276-421e-86c6-254c7ebcd680'),
 ('4', '1', '60', '1', '6', '7', '1', '2017-08-25 14:47:50', '2017-08-25 14:47:50', 'e570db0f-fa64-4a44-ac30-0fc045cd432a'),
 ('7', '3', NULL, '7', '1', '10', '0', '2017-08-25 18:25:38', '2017-08-25 18:25:38', '41669b58-621c-4c67-9c23-2fd22b009140'),
 ('8', '3', '62', '7', '2', '3', '1', '2017-08-25 18:25:38', '2017-08-25 18:25:38', 'e673e92f-00bc-4527-a22c-aeaa51a82ca8'),
 ('9', '3', '63', '7', '4', '5', '1', '2017-08-25 18:49:23', '2017-08-25 18:49:23', 'cefa9fcd-22a1-4541-afa9-e15463514fe0'),
 ('10', '3', '64', '7', '6', '7', '1', '2017-08-25 18:50:18', '2017-08-25 18:50:18', 'edd47d14-55d0-465e-bf66-d202f07c46b5'),
 ('11', '3', '65', '7', '8', '9', '1', '2017-08-25 18:50:41', '2017-08-25 18:50:41', '74a38b03-11fe-4273-a776-207ecb5b8438'),
 ('15', '5', NULL, '15', '1', '12', '0', '2017-08-28 18:53:40', '2017-08-28 18:53:40', '9515488a-f2d4-4c4f-9956-d408c90a5cc1'),
 ('16', '5', '76', '15', '6', '7', '1', '2017-08-28 18:53:40', '2017-08-28 18:53:40', '2746bfa2-5ac6-4fe6-9d5b-5f1fd0da21dc'),
 ('17', '5', '78', '15', '2', '3', '1', '2017-08-28 18:53:40', '2017-08-28 18:53:40', '351a0643-9980-4322-a2a7-9e4d2ef5d6b4'),
 ('18', '6', NULL, '18', '1', '12', '0', '2017-08-30 12:22:42', '2017-08-30 12:22:42', '0b4cbda7-7523-46e9-abae-8cbe6ecc15b4'),
 ('19', '6', '69', '18', '2', '3', '1', '2017-08-30 12:22:42', '2017-08-30 12:22:42', 'ff34f1c9-86ac-45e4-995d-b65fed17ea36'),
 ('20', '6', '87', '18', '6', '7', '1', '2017-08-30 12:22:42', '2017-08-30 12:22:42', 'b23b2366-5d2e-48c8-8802-3fb25b141500'),
 ('21', '5', '229', '15', '4', '5', '1', '2017-08-31 19:57:03', '2017-08-31 19:57:03', 'd8d0c2f1-311d-46dd-98d2-79ded7d9c8a6'),
 ('23', '6', '234', '18', '4', '5', '1', '2017-08-31 20:27:54', '2017-08-31 20:27:54', '621b1b09-fa5a-4a18-b3f1-1ae1d2ae51be'),
 ('24', '6', '239', '18', '8', '9', '1', '2017-08-31 20:36:16', '2017-08-31 20:36:16', '051989b0-ed4c-4059-93b5-82620cd0b070'),
 ('25', '7', NULL, '25', '1', '6', '0', '2017-09-01 10:13:16', '2017-09-01 10:13:16', 'ce98e7e8-7e01-4ad6-ac6d-61327025c12e'),
 ('26', '7', '244', '25', '2', '3', '1', '2017-09-01 10:13:16', '2017-09-01 10:13:16', '4572937a-ca13-4e1c-be81-c73eb061951a'),
 ('27', '8', NULL, '27', '1', '8', '0', '2017-09-01 11:45:08', '2017-09-01 11:45:08', '778638be-51b2-4e06-aee9-bea956e6815c'),
 ('28', '8', '254', '27', '2', '3', '1', '2017-09-01 11:45:08', '2017-09-01 11:45:08', '4c6ed212-457f-450d-9426-072c6b1d6a23'),
 ('29', '8', '267', '27', '4', '5', '1', '2017-09-01 11:46:35', '2017-09-01 11:46:35', 'a75efaf9-74f2-4400-af14-1f3b17fd2249'),
 ('30', '8', '268', '27', '6', '7', '1', '2017-09-01 11:47:05', '2017-09-01 11:47:05', '22d87510-66b2-435f-af5c-8958309e9d18'),
 ('31', '6', '271', '18', '10', '11', '1', '2017-09-05 14:56:51', '2017-09-05 14:56:51', '71859bac-590d-4ec5-a470-888fef9302b1'),
 ('33', '7', '287', '25', '4', '5', '1', '2017-09-12 09:46:39', '2017-09-12 09:46:39', '277ca161-818d-4e08-8a74-21a018220d32'),
 ('34', '5', '321', '15', '8', '9', '1', '2017-09-13 08:49:10', '2017-09-13 08:49:10', 'a7418ccd-b1d0-4353-a458-3d562b86645a'),
 ('35', '5', '322', '15', '10', '11', '1', '2017-09-13 08:53:46', '2017-09-13 08:53:46', '29fd959e-dea6-4aaa-b5c6-1f41d628bb23'),
 ('36', '9', NULL, '36', '1', '8', '0', '2017-09-13 09:19:39', '2017-09-13 09:19:39', '51518ab1-c869-4a07-a088-96dbce5f22ab'),
 ('37', '9', '324', '36', '2', '3', '1', '2017-09-13 09:19:39', '2017-09-13 09:19:39', 'c5ebcec8-5227-4dda-87c3-7cb2e50101e7'),
 ('38', '9', '329', '36', '4', '5', '1', '2017-09-13 09:42:08', '2017-09-13 09:42:08', '59f01787-19fc-4104-959d-a131251c3235'),
 ('39', '9', '333', '36', '6', '7', '1', '2017-09-13 10:34:14', '2017-09-13 10:34:14', '5ca7cc21-2b7b-416f-9f5f-d23554967d60');



DROP TABLE IF EXISTS `craft_structures`;


--
-- Schema for table `craft_structures`
--
CREATE TABLE `craft_structures` (
  `id` int(11) NOT NULL AUTO_INCREMENT,
  `maxLevels` smallint(6) unsigned DEFAULT NULL,
  `dateCreated` datetime NOT NULL,
  `dateUpdated` datetime NOT NULL,
  `uid` char(36) COLLATE utf8_unicode_ci NOT NULL DEFAULT '0',
  PRIMARY KEY (`id`)
) ENGINE=InnoDB AUTO_INCREMENT=10 DEFAULT CHARSET=utf8 COLLATE=utf8_unicode_ci;

--
-- Data for table `craft_structures`
--

INSERT INTO `craft_structures` (`id`, `maxLevels`, `dateCreated`, `dateUpdated`, `uid`) VALUES
 ('1', '1', '2017-08-25 13:20:53', '2017-08-30 11:48:13', 'eb6e4752-8ec8-4495-a6cb-29257a887dc2'),
 ('3', '1', '2017-08-25 16:57:57', '2017-08-25 18:30:03', 'eb6ab25c-12e4-4fcf-8a90-19c2f76fa08c'),
 ('5', '1', '2017-08-28 18:53:40', '2017-08-28 18:54:42', '972e186f-efa4-44dd-b04a-b5d2f1f8665f'),
 ('6', '1', '2017-08-30 12:22:42', '2017-09-13 09:18:41', '5dae3427-a91c-4361-8404-df77709fa81a'),
 ('7', '1', '2017-09-01 10:04:40', '2017-09-01 10:09:32', 'af95ce5e-0bcc-4815-817f-809bf67143bc'),
 ('8', '1', '2017-09-01 11:25:00', '2017-09-01 11:29:50', '3453e552-f8e7-43ef-8be7-3ed13318f483'),
 ('9', '1', '2017-09-13 09:18:30', '2017-09-13 09:21:01', '86c74ee6-27a3-4854-9e61-53761d95af92');



DROP TABLE IF EXISTS `craft_systemsettings`;


--
-- Schema for table `craft_systemsettings`
--
CREATE TABLE `craft_systemsettings` (
  `id` int(11) NOT NULL AUTO_INCREMENT,
  `category` varchar(15) COLLATE utf8_unicode_ci NOT NULL,
  `settings` text COLLATE utf8_unicode_ci,
  `dateCreated` datetime NOT NULL,
  `dateUpdated` datetime NOT NULL,
  `uid` char(36) COLLATE utf8_unicode_ci NOT NULL DEFAULT '0',
  PRIMARY KEY (`id`),
  UNIQUE KEY `craft_systemsettings_category_unq_idx` (`category`)
) ENGINE=InnoDB AUTO_INCREMENT=2 DEFAULT CHARSET=utf8 COLLATE=utf8_unicode_ci;

--
-- Data for table `craft_systemsettings`
--

INSERT INTO `craft_systemsettings` (`id`, `category`, `settings`, `dateCreated`, `dateUpdated`, `uid`) VALUES
 ('1', 'email', '{\"protocol\":\"php\",\"emailAddress\":\"carl@avidanodigital.com\",\"senderName\":\"Lc\"}', '2017-08-24 19:10:40', '2017-08-24 19:10:40', '9ce3e934-a9d1-461b-b63f-552e1a2a3e57');



DROP TABLE IF EXISTS `craft_taggroups`;


--
-- Schema for table `craft_taggroups`
--
CREATE TABLE `craft_taggroups` (
  `id` int(11) NOT NULL AUTO_INCREMENT,
  `name` varchar(255) COLLATE utf8_unicode_ci NOT NULL,
  `handle` varchar(255) COLLATE utf8_unicode_ci NOT NULL,
  `fieldLayoutId` int(10) DEFAULT NULL,
  `dateCreated` datetime NOT NULL,
  `dateUpdated` datetime NOT NULL,
  `uid` char(36) COLLATE utf8_unicode_ci NOT NULL DEFAULT '0',
  PRIMARY KEY (`id`),
  UNIQUE KEY `craft_taggroups_name_unq_idx` (`name`),
  UNIQUE KEY `craft_taggroups_handle_unq_idx` (`handle`),
  KEY `craft_taggroups_fieldLayoutId_fk` (`fieldLayoutId`)
) ENGINE=InnoDB AUTO_INCREMENT=2 DEFAULT CHARSET=utf8 COLLATE=utf8_unicode_ci;

--
-- Data for table `craft_taggroups`
--

INSERT INTO `craft_taggroups` (`id`, `name`, `handle`, `fieldLayoutId`, `dateCreated`, `dateUpdated`, `uid`) VALUES
 ('1', 'Default', 'default', '1', '2017-08-24 19:10:40', '2017-08-24 19:10:40', '14f78ef4-3ec2-4ae5-9063-fa38e0184e99');



DROP TABLE IF EXISTS `craft_tags`;


--
-- Schema for table `craft_tags`
--
CREATE TABLE `craft_tags` (
  `id` int(11) NOT NULL,
  `groupId` int(11) NOT NULL,
  `dateCreated` datetime NOT NULL,
  `dateUpdated` datetime NOT NULL,
  `uid` char(36) COLLATE utf8_unicode_ci NOT NULL DEFAULT '0',
  PRIMARY KEY (`id`),
  KEY `craft_tags_groupId_fk` (`groupId`)
) ENGINE=InnoDB DEFAULT CHARSET=utf8 COLLATE=utf8_unicode_ci;

DROP TABLE IF EXISTS `craft_tasks`;


--
-- Schema for table `craft_tasks`
--
CREATE TABLE `craft_tasks` (
  `id` int(11) NOT NULL AUTO_INCREMENT,
  `root` int(11) unsigned DEFAULT NULL,
  `lft` int(11) unsigned NOT NULL,
  `rgt` int(11) unsigned NOT NULL,
  `level` smallint(6) unsigned NOT NULL,
  `currentStep` int(11) unsigned DEFAULT NULL,
  `totalSteps` int(11) unsigned DEFAULT NULL,
  `status` enum('pending','error','running') COLLATE utf8_unicode_ci DEFAULT NULL,
  `type` varchar(150) COLLATE utf8_unicode_ci NOT NULL,
  `description` varchar(255) COLLATE utf8_unicode_ci DEFAULT NULL,
  `settings` mediumtext COLLATE utf8_unicode_ci,
  `dateCreated` datetime NOT NULL,
  `dateUpdated` datetime NOT NULL,
  `uid` char(36) COLLATE utf8_unicode_ci NOT NULL DEFAULT '0',
  PRIMARY KEY (`id`),
  KEY `craft_tasks_root_idx` (`root`),
  KEY `craft_tasks_lft_idx` (`lft`),
  KEY `craft_tasks_rgt_idx` (`rgt`),
  KEY `craft_tasks_level_idx` (`level`)
) ENGINE=InnoDB AUTO_INCREMENT=110 DEFAULT CHARSET=utf8 COLLATE=utf8_unicode_ci;

DROP TABLE IF EXISTS `craft_templatecachecriteria`;


--
-- Schema for table `craft_templatecachecriteria`
--
CREATE TABLE `craft_templatecachecriteria` (
  `id` int(11) NOT NULL AUTO_INCREMENT,
  `cacheId` int(11) NOT NULL,
  `type` varchar(150) COLLATE utf8_unicode_ci NOT NULL,
  `criteria` text COLLATE utf8_unicode_ci NOT NULL,
  PRIMARY KEY (`id`),
  KEY `craft_templatecachecriteria_cacheId_fk` (`cacheId`),
  KEY `craft_templatecachecriteria_type_idx` (`type`)
) ENGINE=InnoDB AUTO_INCREMENT=193 DEFAULT CHARSET=utf8 COLLATE=utf8_unicode_ci;

DROP TABLE IF EXISTS `craft_templatecacheelements`;


--
-- Schema for table `craft_templatecacheelements`
--
CREATE TABLE `craft_templatecacheelements` (
  `cacheId` int(11) NOT NULL,
  `elementId` int(11) NOT NULL,
  KEY `craft_templatecacheelements_cacheId_fk` (`cacheId`),
  KEY `craft_templatecacheelements_elementId_fk` (`elementId`)
) ENGINE=InnoDB DEFAULT CHARSET=utf8 COLLATE=utf8_unicode_ci;

DROP TABLE IF EXISTS `craft_templatecaches`;


--
-- Schema for table `craft_templatecaches`
--
CREATE TABLE `craft_templatecaches` (
  `id` int(11) NOT NULL AUTO_INCREMENT,
  `cacheKey` varchar(255) COLLATE utf8_unicode_ci NOT NULL,
  `locale` char(12) COLLATE utf8_unicode_ci NOT NULL,
  `path` varchar(255) COLLATE utf8_unicode_ci DEFAULT NULL,
  `expiryDate` datetime NOT NULL,
  `body` mediumtext COLLATE utf8_unicode_ci NOT NULL,
  PRIMARY KEY (`id`),
  KEY `craft_templatecaches_expiryDate_cacheKey_locale_path_idx` (`expiryDate`,`cacheKey`,`locale`,`path`),
  KEY `craft_templatecaches_locale_fk` (`locale`)
) ENGINE=InnoDB AUTO_INCREMENT=195 DEFAULT CHARSET=utf8 COLLATE=utf8_unicode_ci;

DROP TABLE IF EXISTS `craft_tokens`;


--
-- Schema for table `craft_tokens`
--
CREATE TABLE `craft_tokens` (
  `id` int(11) NOT NULL AUTO_INCREMENT,
  `token` char(32) COLLATE utf8_unicode_ci NOT NULL,
  `route` text COLLATE utf8_unicode_ci,
  `usageLimit` tinyint(3) unsigned DEFAULT NULL,
  `usageCount` tinyint(3) unsigned DEFAULT NULL,
  `expiryDate` datetime NOT NULL,
  `dateCreated` datetime NOT NULL,
  `dateUpdated` datetime NOT NULL,
  `uid` char(36) COLLATE utf8_unicode_ci NOT NULL DEFAULT '0',
  PRIMARY KEY (`id`),
  UNIQUE KEY `craft_tokens_token_unq_idx` (`token`),
  KEY `craft_tokens_expiryDate_idx` (`expiryDate`)
) ENGINE=InnoDB DEFAULT CHARSET=utf8 COLLATE=utf8_unicode_ci;

DROP TABLE IF EXISTS `craft_usergroups`;


--
-- Schema for table `craft_usergroups`
--
CREATE TABLE `craft_usergroups` (
  `id` int(11) NOT NULL AUTO_INCREMENT,
  `name` varchar(255) COLLATE utf8_unicode_ci NOT NULL,
  `handle` varchar(255) COLLATE utf8_unicode_ci NOT NULL,
  `dateCreated` datetime NOT NULL,
  `dateUpdated` datetime NOT NULL,
  `uid` char(36) COLLATE utf8_unicode_ci NOT NULL DEFAULT '0',
  PRIMARY KEY (`id`),
  UNIQUE KEY `craft_usergroups_name_unq_idx` (`name`),
  UNIQUE KEY `craft_usergroups_handle_unq_idx` (`handle`)
) ENGINE=InnoDB DEFAULT CHARSET=utf8 COLLATE=utf8_unicode_ci;

DROP TABLE IF EXISTS `craft_usergroups_users`;


--
-- Schema for table `craft_usergroups_users`
--
CREATE TABLE `craft_usergroups_users` (
  `id` int(11) NOT NULL AUTO_INCREMENT,
  `groupId` int(11) NOT NULL,
  `userId` int(11) NOT NULL,
  `dateCreated` datetime NOT NULL,
  `dateUpdated` datetime NOT NULL,
  `uid` char(36) COLLATE utf8_unicode_ci NOT NULL DEFAULT '0',
  PRIMARY KEY (`id`),
  UNIQUE KEY `craft_usergroups_users_groupId_userId_unq_idx` (`groupId`,`userId`),
  KEY `craft_usergroups_users_userId_fk` (`userId`)
) ENGINE=InnoDB DEFAULT CHARSET=utf8 COLLATE=utf8_unicode_ci;

DROP TABLE IF EXISTS `craft_userpermissions`;


--
-- Schema for table `craft_userpermissions`
--
CREATE TABLE `craft_userpermissions` (
  `id` int(11) NOT NULL AUTO_INCREMENT,
  `name` varchar(255) COLLATE utf8_unicode_ci NOT NULL,
  `dateCreated` datetime NOT NULL,
  `dateUpdated` datetime NOT NULL,
  `uid` char(36) COLLATE utf8_unicode_ci NOT NULL DEFAULT '0',
  PRIMARY KEY (`id`),
  UNIQUE KEY `craft_userpermissions_name_unq_idx` (`name`)
) ENGINE=InnoDB DEFAULT CHARSET=utf8 COLLATE=utf8_unicode_ci;

DROP TABLE IF EXISTS `craft_userpermissions_usergroups`;


--
-- Schema for table `craft_userpermissions_usergroups`
--
CREATE TABLE `craft_userpermissions_usergroups` (
  `id` int(11) NOT NULL AUTO_INCREMENT,
  `permissionId` int(11) NOT NULL,
  `groupId` int(11) NOT NULL,
  `dateCreated` datetime NOT NULL,
  `dateUpdated` datetime NOT NULL,
  `uid` char(36) COLLATE utf8_unicode_ci NOT NULL DEFAULT '0',
  PRIMARY KEY (`id`),
  UNIQUE KEY `craft_userpermissions_usergroups_permissionId_groupId_unq_idx` (`permissionId`,`groupId`),
  KEY `craft_userpermissions_usergroups_groupId_fk` (`groupId`)
) ENGINE=InnoDB DEFAULT CHARSET=utf8 COLLATE=utf8_unicode_ci;

DROP TABLE IF EXISTS `craft_userpermissions_users`;


--
-- Schema for table `craft_userpermissions_users`
--
CREATE TABLE `craft_userpermissions_users` (
  `id` int(11) NOT NULL AUTO_INCREMENT,
  `permissionId` int(11) NOT NULL,
  `userId` int(11) NOT NULL,
  `dateCreated` datetime NOT NULL,
  `dateUpdated` datetime NOT NULL,
  `uid` char(36) COLLATE utf8_unicode_ci NOT NULL DEFAULT '0',
  PRIMARY KEY (`id`),
  UNIQUE KEY `craft_userpermissions_users_permissionId_userId_unq_idx` (`permissionId`,`userId`),
  KEY `craft_userpermissions_users_userId_fk` (`userId`)
) ENGINE=InnoDB DEFAULT CHARSET=utf8 COLLATE=utf8_unicode_ci;

DROP TABLE IF EXISTS `craft_users`;


--
-- Schema for table `craft_users`
--
CREATE TABLE `craft_users` (
  `id` int(11) NOT NULL,
  `username` varchar(100) COLLATE utf8_unicode_ci NOT NULL,
  `photo` varchar(100) COLLATE utf8_unicode_ci DEFAULT NULL,
  `firstName` varchar(100) COLLATE utf8_unicode_ci DEFAULT NULL,
  `lastName` varchar(100) COLLATE utf8_unicode_ci DEFAULT NULL,
  `email` varchar(255) COLLATE utf8_unicode_ci NOT NULL,
  `password` char(255) COLLATE utf8_unicode_ci DEFAULT NULL,
  `preferredLocale` char(12) COLLATE utf8_unicode_ci DEFAULT NULL,
  `weekStartDay` tinyint(1) unsigned NOT NULL DEFAULT '0',
  `admin` tinyint(1) unsigned NOT NULL DEFAULT '0',
  `client` tinyint(1) unsigned NOT NULL DEFAULT '0',
  `locked` tinyint(1) unsigned NOT NULL DEFAULT '0',
  `suspended` tinyint(1) unsigned NOT NULL DEFAULT '0',
  `pending` tinyint(1) unsigned NOT NULL DEFAULT '0',
  `archived` tinyint(1) unsigned NOT NULL DEFAULT '0',
  `lastLoginDate` datetime DEFAULT NULL,
  `lastLoginAttemptIPAddress` varchar(45) COLLATE utf8_unicode_ci DEFAULT NULL,
  `invalidLoginWindowStart` datetime DEFAULT NULL,
  `invalidLoginCount` tinyint(4) unsigned DEFAULT NULL,
  `lastInvalidLoginDate` datetime DEFAULT NULL,
  `lockoutDate` datetime DEFAULT NULL,
  `verificationCode` char(100) COLLATE utf8_unicode_ci DEFAULT NULL,
  `verificationCodeIssuedDate` datetime DEFAULT NULL,
  `unverifiedEmail` varchar(255) COLLATE utf8_unicode_ci DEFAULT NULL,
  `passwordResetRequired` tinyint(1) unsigned NOT NULL DEFAULT '0',
  `lastPasswordChangeDate` datetime DEFAULT NULL,
  `dateCreated` datetime NOT NULL,
  `dateUpdated` datetime NOT NULL,
  `uid` char(36) COLLATE utf8_unicode_ci NOT NULL DEFAULT '0',
  PRIMARY KEY (`id`),
  UNIQUE KEY `craft_users_username_unq_idx` (`username`),
  UNIQUE KEY `craft_users_email_unq_idx` (`email`),
  KEY `craft_users_verificationCode_idx` (`verificationCode`),
  KEY `craft_users_uid_idx` (`uid`),
  KEY `craft_users_preferredLocale_fk` (`preferredLocale`)
) ENGINE=InnoDB DEFAULT CHARSET=utf8 COLLATE=utf8_unicode_ci;

--
-- Data for table `craft_users`
--

INSERT INTO `craft_users` (`id`, `username`, `photo`, `firstName`, `lastName`, `email`, `password`, `preferredLocale`, `weekStartDay`, `admin`, `client`, `locked`, `suspended`, `pending`, `archived`, `lastLoginDate`, `lastLoginAttemptIPAddress`, `invalidLoginWindowStart`, `invalidLoginCount`, `lastInvalidLoginDate`, `lockoutDate`, `verificationCode`, `verificationCodeIssuedDate`, `unverifiedEmail`, `passwordResetRequired`, `lastPasswordChangeDate`, `dateCreated`, `dateUpdated`, `uid`) VALUES
 ('1', 'cavidano1', NULL, '', '', 'carl@avidanodigital.com', '$2y$13$Cbgha4MHs6ER8EDyyviR.uKnQiQAlg96lDn76JMy.5TAzyOzuwMXS', NULL, '0', '1', '0', '0', '0', '0', '0', '2017-09-13 13:45:25', '::1', NULL, NULL, '2017-08-25 12:59:32', NULL, NULL, NULL, NULL, '0', '2017-08-24 19:10:37', '2017-08-24 19:10:37', '2017-09-13 13:45:25', '187470b6-5e5c-445b-a211-d700e22146ae');



DROP TABLE IF EXISTS `craft_venti_events`;


--
-- Schema for table `craft_venti_events`
--
CREATE TABLE `craft_venti_events` (
  `id` int(11) NOT NULL AUTO_INCREMENT,
  `groupId` int(11) NOT NULL,
  `elementId` int(10) DEFAULT NULL,
  `startDate` datetime NOT NULL,
  `endDate` datetime NOT NULL,
  `allDay` int(10) DEFAULT NULL,
  `repeat` int(10) DEFAULT NULL,
  `rRule` varchar(255) COLLATE utf8_unicode_ci DEFAULT NULL,
  `summary` varchar(255) COLLATE utf8_unicode_ci DEFAULT NULL,
  `locale` char(12) COLLATE utf8_unicode_ci NOT NULL,
  `location` text COLLATE utf8_unicode_ci,
  `specificLocation` varchar(255) COLLATE utf8_unicode_ci DEFAULT NULL,
  `registration` text COLLATE utf8_unicode_ci,
  `dateCreated` datetime NOT NULL,
  `dateUpdated` datetime NOT NULL,
  `uid` char(36) COLLATE utf8_unicode_ci NOT NULL DEFAULT '0',
  PRIMARY KEY (`id`),
  KEY `craft_venti_events_elementId_fk` (`elementId`),
  KEY `craft_venti_events_groupId_fk` (`groupId`)
) ENGINE=InnoDB AUTO_INCREMENT=6 DEFAULT CHARSET=utf8 COLLATE=utf8_unicode_ci;

--
-- Data for table `craft_venti_events`
--

INSERT INTO `craft_venti_events` (`id`, `groupId`, `elementId`, `startDate`, `endDate`, `allDay`, `repeat`, `rRule`, `summary`, `locale`, `location`, `specificLocation`, `registration`, `dateCreated`, `dateUpdated`, `uid`) VALUES
 ('2', '1', '280', '2017-08-01 00:00:00', '2017-08-01 23:59:00', '1', NULL, NULL, '', 'en_us', NULL, NULL, NULL, '2017-09-07 12:00:58', '2017-09-07 12:01:07', 'd2a7195b-39df-4d98-8b15-bd379a0ba023'),
 ('4', '2', '282', '2017-09-10 11:00:00', '2017-09-10 12:30:00', NULL, '1', 'FREQ=WEEKLY;DTSTART=20170910T110000Z;DTEND=20170910T123000Z;BYDAY=SU;WKST=MO', 'Weekly on Sunday', 'en_us', NULL, NULL, NULL, '2017-09-07 16:47:09', '2017-09-13 14:16:59', '5376cb55-5853-4e9b-b7e7-e908630ddb81'),
 ('5', '3', '341', '2017-09-12 12:30:00', '2017-09-12 13:00:00', NULL, NULL, NULL, '', 'en_us', NULL, NULL, NULL, '2017-09-13 12:03:19', '2017-09-13 14:25:57', 'b5799426-52a5-4f1f-a17e-c19bdcc8f4fd');



DROP TABLE IF EXISTS `craft_venti_groups`;


--
-- Schema for table `craft_venti_groups`
--
CREATE TABLE `craft_venti_groups` (
  `id` int(11) NOT NULL AUTO_INCREMENT,
  `name` varchar(255) COLLATE utf8_unicode_ci NOT NULL,
  `handle` varchar(255) COLLATE utf8_unicode_ci NOT NULL,
  `fieldLayoutId` int(10) DEFAULT NULL,
  `hasUrls` tinyint(1) unsigned NOT NULL DEFAULT '1',
  `template` varchar(255) COLLATE utf8_unicode_ci DEFAULT NULL,
  `color` varchar(255) COLLATE utf8_unicode_ci DEFAULT NULL,
  `description` text COLLATE utf8_unicode_ci,
  `dateCreated` datetime NOT NULL,
  `dateUpdated` datetime NOT NULL,
  `uid` char(36) COLLATE utf8_unicode_ci NOT NULL DEFAULT '0',
  PRIMARY KEY (`id`),
  UNIQUE KEY `craft_venti_groups_name_unq_idx` (`name`),
  UNIQUE KEY `craft_venti_groups_handle_unq_idx` (`handle`),
  KEY `craft_venti_groups_fieldLayoutId_fk` (`fieldLayoutId`)
) ENGINE=InnoDB AUTO_INCREMENT=4 DEFAULT CHARSET=utf8 COLLATE=utf8_unicode_ci;

--
-- Data for table `craft_venti_groups`
--

INSERT INTO `craft_venti_groups` (`id`, `name`, `handle`, `fieldLayoutId`, `hasUrls`, `template`, `color`, `description`, `dateCreated`, `dateUpdated`, `uid`) VALUES
 ('1', 'Music', 'music', '162', '1', '', '#803c9a', '', '2017-09-06 18:17:55', '2017-09-07 16:44:02', '49b16939-b270-4077-9f9b-9bef1f588d5e'),
 ('2', 'Worship', 'worship', '163', '1', '', '#009a47', '', '2017-09-07 16:44:30', '2017-09-07 16:44:30', '7903e7e0-1608-454b-a19d-b7a100f692fb'),
 ('3', 'Fall Concert Series', 'fallConcertSeries', '216', '1', '', '#da291a', '', '2017-09-13 12:00:41', '2017-09-13 13:57:49', 'd3cc54c7-fc5d-4af7-996d-f8f29116e661');



DROP TABLE IF EXISTS `craft_venti_groups_i18n`;


--
-- Schema for table `craft_venti_groups_i18n`
--
CREATE TABLE `craft_venti_groups_i18n` (
  `id` int(11) NOT NULL AUTO_INCREMENT,
  `groupId` int(11) NOT NULL,
  `locale` char(12) COLLATE utf8_unicode_ci NOT NULL,
  `enabledByDefault` tinyint(1) unsigned NOT NULL DEFAULT '1',
  `urlFormat` text COLLATE utf8_unicode_ci,
  `enabled` tinyint(1) unsigned NOT NULL DEFAULT '1',
  `dateCreated` datetime NOT NULL,
  `dateUpdated` datetime NOT NULL,
  `uid` char(36) COLLATE utf8_unicode_ci NOT NULL DEFAULT '0',
  PRIMARY KEY (`id`),
  UNIQUE KEY `craft_venti_groups_i18n_groupId_locale_unq_idx` (`groupId`,`locale`),
  KEY `craft_venti_groups_i18n_locale_fk` (`locale`)
) ENGINE=InnoDB AUTO_INCREMENT=4 DEFAULT CHARSET=utf8 COLLATE=utf8_unicode_ci;

--
-- Data for table `craft_venti_groups_i18n`
--

INSERT INTO `craft_venti_groups_i18n` (`id`, `groupId`, `locale`, `enabledByDefault`, `urlFormat`, `enabled`, `dateCreated`, `dateUpdated`, `uid`) VALUES
 ('1', '1', 'en_us', '0', 'event/{slug}/{startDate|date(\"Y-m-d\")}', '1', '2017-09-06 18:17:55', '2017-09-06 18:17:55', '0183a4c5-6a75-4f10-b1ba-a29b9bd0e8eb'),
 ('2', '2', 'en_us', '0', 'event/{slug}/{startDate|date(\"Y-m-d\")}', '1', '2017-09-07 16:44:30', '2017-09-07 16:44:30', '7ed933b8-8d66-46f7-8a77-aa2cac4ac469'),
 ('3', '3', 'en_us', '0', 'event/{slug}/{startDate|date(\"Y-m-d\")}', '1', '2017-09-13 12:00:41', '2017-09-13 12:00:41', 'd438b757-95b3-4f9a-8203-cf3c06bb81a9');



DROP TABLE IF EXISTS `craft_venti_locations`;


--
-- Schema for table `craft_venti_locations`
--
CREATE TABLE `craft_venti_locations` (
  `id` int(11) NOT NULL,
  `address` varchar(255) COLLATE utf8_unicode_ci DEFAULT NULL,
  `addressTwo` varchar(255) COLLATE utf8_unicode_ci DEFAULT NULL,
  `city` varchar(255) COLLATE utf8_unicode_ci DEFAULT NULL,
  `state` varchar(255) COLLATE utf8_unicode_ci DEFAULT NULL,
  `zipCode` varchar(255) COLLATE utf8_unicode_ci DEFAULT NULL,
  `country` varchar(255) COLLATE utf8_unicode_ci DEFAULT NULL,
  `longitude` varchar(255) COLLATE utf8_unicode_ci DEFAULT NULL,
  `latitude` varchar(255) COLLATE utf8_unicode_ci DEFAULT NULL,
  `website` varchar(255) COLLATE utf8_unicode_ci DEFAULT NULL,
  `dateCreated` datetime NOT NULL,
  `dateUpdated` datetime NOT NULL,
  `uid` char(36) COLLATE utf8_unicode_ci NOT NULL DEFAULT '0',
  PRIMARY KEY (`id`)
) ENGINE=InnoDB DEFAULT CHARSET=utf8 COLLATE=utf8_unicode_ci;

DROP TABLE IF EXISTS `craft_venti_recurr`;


--
-- Schema for table `craft_venti_recurr`
--
CREATE TABLE `craft_venti_recurr` (
  `eid` int(11) NOT NULL AUTO_INCREMENT,
  `cid` int(10) DEFAULT NULL,
  `startDate` datetime NOT NULL,
  `endDate` datetime NOT NULL,
  `isrepeat` int(10) DEFAULT NULL,
  `dateCreated` datetime NOT NULL,
  `dateUpdated` datetime NOT NULL,
  `uid` char(36) COLLATE utf8_unicode_ci NOT NULL DEFAULT '0',
  PRIMARY KEY (`eid`),
  UNIQUE KEY `craft_venti_recurr_eid_unq_idx` (`eid`),
  KEY `craft_venti_recurr_cid_fk` (`cid`)
) ENGINE=InnoDB AUTO_INCREMENT=4423 DEFAULT CHARSET=utf8 COLLATE=utf8_unicode_ci;

--
-- Data for table `craft_venti_recurr`
--

INSERT INTO `craft_venti_recurr` (`eid`, `cid`, `startDate`, `endDate`, `isrepeat`, `dateCreated`, `dateUpdated`, `uid`) VALUES
 ('8', '2', '2017-08-01 00:00:00', '2017-08-01 23:59:00', '0', '2017-09-07 12:01:07', '2017-09-07 12:01:07', '40231d25-bafd-4d8a-acaa-37e4ed193b05'),
 ('3685', '4', '2017-09-10 11:00:00', '2017-09-10 12:30:00', '0', '2017-09-13 14:16:59', '2017-09-13 14:16:59', '483890b6-b362-4c7d-a3a1-25fd411ab556'),
 ('3686', '4', '2017-09-17 11:00:00', '2017-09-17 12:30:00', '1', '2017-09-13 14:16:59', '2017-09-13 14:16:59', '49e58333-6007-4ee4-985f-6488b56d94c2'),
 ('3687', '4', '2017-09-24 11:00:00', '2017-09-24 12:30:00', '1', '2017-09-13 14:16:59', '2017-09-13 14:16:59', '61010a3d-0537-40cf-9ecb-25e8330e2d54'),
 ('3688', '4', '2017-10-01 11:00:00', '2017-10-01 12:30:00', '1', '2017-09-13 14:16:59', '2017-09-13 14:16:59', 'b3a0ae0f-d417-456e-b844-2643186432b2'),
 ('3689', '4', '2017-10-08 11:00:00', '2017-10-08 12:30:00', '1', '2017-09-13 14:16:59', '2017-09-13 14:16:59', '2ea00dfb-e621-4781-a866-0b86aa6c1326'),
 ('3690', '4', '2017-10-15 11:00:00', '2017-10-15 12:30:00', '1', '2017-09-13 14:16:59', '2017-09-13 14:16:59', '5bacea3d-7d1b-4e1c-9973-28619f2b6d0f'),
 ('3691', '4', '2017-10-22 11:00:00', '2017-10-22 12:30:00', '1', '2017-09-13 14:16:59', '2017-09-13 14:16:59', '237fe4ec-fbb9-4f85-a39e-60f71e4fdab4'),
 ('3692', '4', '2017-10-29 11:00:00', '2017-10-29 12:30:00', '1', '2017-09-13 14:16:59', '2017-09-13 14:16:59', '7b242bd1-2ccc-408b-9939-2b0349d79608'),
 ('3693', '4', '2017-11-05 11:00:00', '2017-11-05 12:30:00', '1', '2017-09-13 14:16:59', '2017-09-13 14:16:59', '044dbb6b-07db-4837-88a1-2132863f9dc3'),
 ('3694', '4', '2017-11-12 11:00:00', '2017-11-12 12:30:00', '1', '2017-09-13 14:16:59', '2017-09-13 14:16:59', '25d5c462-0c2c-451c-ad57-52e8f46d52dc'),
 ('3695', '4', '2017-11-19 11:00:00', '2017-11-19 12:30:00', '1', '2017-09-13 14:16:59', '2017-09-13 14:16:59', 'f3161098-493c-4791-bd62-ef91e4ee9288'),
 ('3696', '4', '2017-11-26 11:00:00', '2017-11-26 12:30:00', '1', '2017-09-13 14:16:59', '2017-09-13 14:16:59', '4a60bf88-d172-486f-8d4f-2dca934aadc8'),
 ('3697', '4', '2017-12-03 11:00:00', '2017-12-03 12:30:00', '1', '2017-09-13 14:16:59', '2017-09-13 14:16:59', '39fe3afb-950b-43d7-92e0-6515d4150b63'),
 ('3698', '4', '2017-12-10 11:00:00', '2017-12-10 12:30:00', '1', '2017-09-13 14:16:59', '2017-09-13 14:16:59', 'f90244db-9a9d-43cc-b79b-d238e2e477f8'),
 ('3699', '4', '2017-12-17 11:00:00', '2017-12-17 12:30:00', '1', '2017-09-13 14:16:59', '2017-09-13 14:16:59', 'e46039ab-cd98-4c00-8574-1d10894b0c9e'),
 ('3700', '4', '2017-12-24 11:00:00', '2017-12-24 12:30:00', '1', '2017-09-13 14:16:59', '2017-09-13 14:16:59', '50c8f4c3-2aa4-4543-983b-7072d14ca67f'),
 ('3701', '4', '2017-12-31 11:00:00', '2017-12-31 12:30:00', '1', '2017-09-13 14:16:59', '2017-09-13 14:16:59', '3ea71e6a-f971-407f-bb11-6eb7a756a12a'),
 ('3702', '4', '2018-01-07 11:00:00', '2018-01-07 12:30:00', '1', '2017-09-13 14:16:59', '2017-09-13 14:16:59', '5102b37e-4429-437c-a7fb-3d0e2b5779f3'),
 ('3703', '4', '2018-01-14 11:00:00', '2018-01-14 12:30:00', '1', '2017-09-13 14:16:59', '2017-09-13 14:16:59', '9363f142-9a53-4642-a99a-b841d7ba2846'),
 ('3704', '4', '2018-01-21 11:00:00', '2018-01-21 12:30:00', '1', '2017-09-13 14:16:59', '2017-09-13 14:16:59', '2ebe931d-c281-46ab-abef-58e2c3d327ee'),
 ('3705', '4', '2018-01-28 11:00:00', '2018-01-28 12:30:00', '1', '2017-09-13 14:16:59', '2017-09-13 14:16:59', '9970e27c-97cc-47ae-8df1-01e1ec8a1e13'),
 ('3706', '4', '2018-02-04 11:00:00', '2018-02-04 12:30:00', '1', '2017-09-13 14:16:59', '2017-09-13 14:16:59', '14dd5d70-cc1d-4f46-8918-bb9991a462ee'),
 ('3707', '4', '2018-02-11 11:00:00', '2018-02-11 12:30:00', '1', '2017-09-13 14:16:59', '2017-09-13 14:16:59', 'e773139e-a6e8-4edc-973c-7aee1e25c3fb'),
 ('3708', '4', '2018-02-18 11:00:00', '2018-02-18 12:30:00', '1', '2017-09-13 14:16:59', '2017-09-13 14:16:59', '282b8835-37fc-4da2-9284-311ba85c9a72'),
 ('3709', '4', '2018-02-25 11:00:00', '2018-02-25 12:30:00', '1', '2017-09-13 14:16:59', '2017-09-13 14:16:59', '506fbfe0-fb63-466b-b7d8-f3ca5687cdb8'),
 ('3710', '4', '2018-03-04 11:00:00', '2018-03-04 12:30:00', '1', '2017-09-13 14:16:59', '2017-09-13 14:16:59', '88688cd9-280d-48ff-969b-b5444f5430ba'),
 ('3711', '4', '2018-03-11 11:00:00', '2018-03-11 12:30:00', '1', '2017-09-13 14:16:59', '2017-09-13 14:16:59', '0b86c765-43a6-4040-a2de-63fe9107b054'),
 ('3712', '4', '2018-03-18 11:00:00', '2018-03-18 12:30:00', '1', '2017-09-13 14:16:59', '2017-09-13 14:16:59', '148afca2-eb13-4c43-9d50-f2cfa9ad2cb8'),
 ('3713', '4', '2018-03-25 11:00:00', '2018-03-25 12:30:00', '1', '2017-09-13 14:16:59', '2017-09-13 14:16:59', '4bb5e38a-3541-47b3-9c4b-453e2cb5fef4'),
 ('3714', '4', '2018-04-01 11:00:00', '2018-04-01 12:30:00', '1', '2017-09-13 14:16:59', '2017-09-13 14:16:59', '8c2871f5-70b3-42b3-86ba-1bca29570b1a'),
 ('3715', '4', '2018-04-08 11:00:00', '2018-04-08 12:30:00', '1', '2017-09-13 14:16:59', '2017-09-13 14:16:59', '6c32e009-fa02-4609-8a9b-c36f5ca803f0'),
 ('3716', '4', '2018-04-15 11:00:00', '2018-04-15 12:30:00', '1', '2017-09-13 14:16:59', '2017-09-13 14:16:59', '27308f10-6465-41a2-8aab-844b22f39857'),
 ('3717', '4', '2018-04-22 11:00:00', '2018-04-22 12:30:00', '1', '2017-09-13 14:16:59', '2017-09-13 14:16:59', 'f204e2c7-fd40-49dd-b7e0-ed401bed70df'),
 ('3718', '4', '2018-04-29 11:00:00', '2018-04-29 12:30:00', '1', '2017-09-13 14:16:59', '2017-09-13 14:16:59', 'af642d5c-7705-4ad9-842e-7c4e2ba340ed'),
 ('3719', '4', '2018-05-06 11:00:00', '2018-05-06 12:30:00', '1', '2017-09-13 14:16:59', '2017-09-13 14:16:59', 'a8f1a8ca-1e1f-4bc7-b3f8-9151e8926a6d'),
 ('3720', '4', '2018-05-13 11:00:00', '2018-05-13 12:30:00', '1', '2017-09-13 14:16:59', '2017-09-13 14:16:59', '83d7e02b-06ac-4611-aa21-d785faae6726'),
 ('3721', '4', '2018-05-20 11:00:00', '2018-05-20 12:30:00', '1', '2017-09-13 14:16:59', '2017-09-13 14:16:59', 'ffb8c3c6-5ccb-458f-95c9-25240ff2027a'),
 ('3722', '4', '2018-05-27 11:00:00', '2018-05-27 12:30:00', '1', '2017-09-13 14:16:59', '2017-09-13 14:16:59', 'f9af94f1-a733-4ec8-ab35-7ff9dc7d865f'),
 ('3723', '4', '2018-06-03 11:00:00', '2018-06-03 12:30:00', '1', '2017-09-13 14:16:59', '2017-09-13 14:16:59', 'd576eccb-24df-464c-b72e-e0c2c8238899'),
 ('3724', '4', '2018-06-10 11:00:00', '2018-06-10 12:30:00', '1', '2017-09-13 14:16:59', '2017-09-13 14:16:59', '066551b8-526f-4a02-8150-31b31df1085f'),
 ('3725', '4', '2018-06-17 11:00:00', '2018-06-17 12:30:00', '1', '2017-09-13 14:16:59', '2017-09-13 14:16:59', '17573bbe-8805-4623-bf10-058c014a188c'),
 ('3726', '4', '2018-06-24 11:00:00', '2018-06-24 12:30:00', '1', '2017-09-13 14:16:59', '2017-09-13 14:16:59', 'bc003e0f-4bde-4046-ba67-0b71f028d472'),
 ('3727', '4', '2018-07-01 11:00:00', '2018-07-01 12:30:00', '1', '2017-09-13 14:16:59', '2017-09-13 14:16:59', '4bd443bf-80d3-49fd-a170-4f9f27b0e8fc'),
 ('3728', '4', '2018-07-08 11:00:00', '2018-07-08 12:30:00', '1', '2017-09-13 14:16:59', '2017-09-13 14:16:59', 'e5920a47-e219-44f9-8bb2-da80c089247b'),
 ('3729', '4', '2018-07-15 11:00:00', '2018-07-15 12:30:00', '1', '2017-09-13 14:16:59', '2017-09-13 14:16:59', '1fc74a5f-47a1-4b57-87d3-0fb1e00e43fb'),
 ('3730', '4', '2018-07-22 11:00:00', '2018-07-22 12:30:00', '1', '2017-09-13 14:16:59', '2017-09-13 14:16:59', '5e8e3d90-07ab-4f81-b967-f2eb5d29dcfd'),
 ('3731', '4', '2018-07-29 11:00:00', '2018-07-29 12:30:00', '1', '2017-09-13 14:16:59', '2017-09-13 14:16:59', '85c198a6-49f5-471b-9113-92104493e0ae'),
 ('3732', '4', '2018-08-05 11:00:00', '2018-08-05 12:30:00', '1', '2017-09-13 14:16:59', '2017-09-13 14:16:59', 'ff150f3b-dc69-4a5e-9003-d754cea10a82'),
 ('3733', '4', '2018-08-12 11:00:00', '2018-08-12 12:30:00', '1', '2017-09-13 14:16:59', '2017-09-13 14:16:59', '452d8059-cd04-423e-945c-a36120da164f'),
 ('3734', '4', '2018-08-19 11:00:00', '2018-08-19 12:30:00', '1', '2017-09-13 14:16:59', '2017-09-13 14:16:59', '89139648-c99f-47a1-8e68-23dbe736b95b'),
 ('3735', '4', '2018-08-26 11:00:00', '2018-08-26 12:30:00', '1', '2017-09-13 14:16:59', '2017-09-13 14:16:59', '1afde627-3ab2-484c-8e1d-41b8acf5f0b5'),
 ('3736', '4', '2018-09-02 11:00:00', '2018-09-02 12:30:00', '1', '2017-09-13 14:16:59', '2017-09-13 14:16:59', '111cb0f9-369a-4700-8d42-7c53ccf2f560'),
 ('3737', '4', '2018-09-09 11:00:00', '2018-09-09 12:30:00', '1', '2017-09-13 14:16:59', '2017-09-13 14:16:59', '10cb2d06-0b96-49ac-bf3c-01d759a11578'),
 ('3738', '4', '2018-09-16 11:00:00', '2018-09-16 12:30:00', '1', '2017-09-13 14:16:59', '2017-09-13 14:16:59', '4c510087-2365-4d2b-b2eb-0e8052176369'),
 ('3739', '4', '2018-09-23 11:00:00', '2018-09-23 12:30:00', '1', '2017-09-13 14:16:59', '2017-09-13 14:16:59', '16d98438-584c-4f3e-81e5-b1853437bc08'),
 ('3740', '4', '2018-09-30 11:00:00', '2018-09-30 12:30:00', '1', '2017-09-13 14:16:59', '2017-09-13 14:16:59', 'ef79ddf5-c638-462b-8a4f-44f513158064'),
 ('3741', '4', '2018-10-07 11:00:00', '2018-10-07 12:30:00', '1', '2017-09-13 14:16:59', '2017-09-13 14:16:59', '896d513f-4aef-47ac-b16f-96730b364ae9'),
 ('3742', '4', '2018-10-14 11:00:00', '2018-10-14 12:30:00', '1', '2017-09-13 14:16:59', '2017-09-13 14:16:59', '75fb82a4-5fe5-4ba7-ab26-4cdb0bdd73ae'),
 ('3743', '4', '2018-10-21 11:00:00', '2018-10-21 12:30:00', '1', '2017-09-13 14:16:59', '2017-09-13 14:16:59', 'bcad29ca-af5e-4619-b38d-0bcd26bf1205'),
 ('3744', '4', '2018-10-28 11:00:00', '2018-10-28 12:30:00', '1', '2017-09-13 14:16:59', '2017-09-13 14:16:59', '06cda139-591d-4cd6-811a-96d350d57e89'),
 ('3745', '4', '2018-11-04 11:00:00', '2018-11-04 12:30:00', '1', '2017-09-13 14:16:59', '2017-09-13 14:16:59', '59b492e8-fbda-4719-bff1-211a4feae3a6'),
 ('3746', '4', '2018-11-11 11:00:00', '2018-11-11 12:30:00', '1', '2017-09-13 14:16:59', '2017-09-13 14:16:59', 'fbcc5bdb-7e13-42d1-b603-1b9f7cfef11f'),
 ('3747', '4', '2018-11-18 11:00:00', '2018-11-18 12:30:00', '1', '2017-09-13 14:16:59', '2017-09-13 14:16:59', '27c136d6-37e0-46b1-87bc-4d7b9c11a5a7'),
 ('3748', '4', '2018-11-25 11:00:00', '2018-11-25 12:30:00', '1', '2017-09-13 14:16:59', '2017-09-13 14:16:59', '9be7e101-24cf-4809-a501-b4e9a823944a'),
 ('3749', '4', '2018-12-02 11:00:00', '2018-12-02 12:30:00', '1', '2017-09-13 14:16:59', '2017-09-13 14:16:59', '6956434b-694a-48e7-8168-12abd5d381f9'),
 ('3750', '4', '2018-12-09 11:00:00', '2018-12-09 12:30:00', '1', '2017-09-13 14:16:59', '2017-09-13 14:16:59', '32cec9fc-7cb3-4a5e-a33d-2bf4008607f9'),
 ('3751', '4', '2018-12-16 11:00:00', '2018-12-16 12:30:00', '1', '2017-09-13 14:16:59', '2017-09-13 14:16:59', 'a9617f37-b079-4ad7-9d6f-910ebc005f1f'),
 ('3752', '4', '2018-12-23 11:00:00', '2018-12-23 12:30:00', '1', '2017-09-13 14:16:59', '2017-09-13 14:16:59', '12ff05d8-ad70-419b-b1d3-22fe00c00305'),
 ('3753', '4', '2018-12-30 11:00:00', '2018-12-30 12:30:00', '1', '2017-09-13 14:16:59', '2017-09-13 14:16:59', 'ac5e7bca-06c3-4196-9614-94069b0c9bc8'),
 ('3754', '4', '2019-01-06 11:00:00', '2019-01-06 12:30:00', '1', '2017-09-13 14:16:59', '2017-09-13 14:16:59', 'e1f2d436-2215-4a0f-9024-0db411f5798e'),
 ('3755', '4', '2019-01-13 11:00:00', '2019-01-13 12:30:00', '1', '2017-09-13 14:16:59', '2017-09-13 14:16:59', '11a8675f-6005-4965-8140-ee768868dee5'),
 ('3756', '4', '2019-01-20 11:00:00', '2019-01-20 12:30:00', '1', '2017-09-13 14:16:59', '2017-09-13 14:16:59', '10001f62-210e-403b-a444-dfb7fd92b1b5'),
 ('3757', '4', '2019-01-27 11:00:00', '2019-01-27 12:30:00', '1', '2017-09-13 14:16:59', '2017-09-13 14:16:59', 'b5bce49b-f05f-406a-883d-01e1426142eb'),
 ('3758', '4', '2019-02-03 11:00:00', '2019-02-03 12:30:00', '1', '2017-09-13 14:16:59', '2017-09-13 14:16:59', '4f969272-7afa-4d80-bef2-e90463daa7d8'),
 ('3759', '4', '2019-02-10 11:00:00', '2019-02-10 12:30:00', '1', '2017-09-13 14:16:59', '2017-09-13 14:16:59', '0dff4b67-f751-4f70-9231-144669e28b5f'),
 ('3760', '4', '2019-02-17 11:00:00', '2019-02-17 12:30:00', '1', '2017-09-13 14:16:59', '2017-09-13 14:16:59', '90d27d41-e332-4274-a66a-160e8646b883'),
 ('3761', '4', '2019-02-24 11:00:00', '2019-02-24 12:30:00', '1', '2017-09-13 14:16:59', '2017-09-13 14:16:59', '431323d7-61e0-48ac-a024-b46ef30236c0'),
 ('3762', '4', '2019-03-03 11:00:00', '2019-03-03 12:30:00', '1', '2017-09-13 14:16:59', '2017-09-13 14:16:59', '9ff2507d-1d7c-4248-8a32-d5eaf26fed8f'),
 ('3763', '4', '2019-03-10 11:00:00', '2019-03-10 12:30:00', '1', '2017-09-13 14:16:59', '2017-09-13 14:16:59', '27e9bfe0-0cca-47d7-b80e-0fb186983038'),
 ('3764', '4', '2019-03-17 11:00:00', '2019-03-17 12:30:00', '1', '2017-09-13 14:16:59', '2017-09-13 14:16:59', 'e254e95c-fb2e-47fa-b661-ffdb26198ad0'),
 ('3765', '4', '2019-03-24 11:00:00', '2019-03-24 12:30:00', '1', '2017-09-13 14:16:59', '2017-09-13 14:16:59', '8b3c0e05-b00a-455a-ad0b-9d0736ba9388'),
 ('3766', '4', '2019-03-31 11:00:00', '2019-03-31 12:30:00', '1', '2017-09-13 14:16:59', '2017-09-13 14:16:59', '4ccf8aa1-cbb8-4931-b93f-9c585176fa1f'),
 ('3767', '4', '2019-04-07 11:00:00', '2019-04-07 12:30:00', '1', '2017-09-13 14:16:59', '2017-09-13 14:16:59', 'cce59457-71d8-42d7-9975-1f03e54f6586'),
 ('3768', '4', '2019-04-14 11:00:00', '2019-04-14 12:30:00', '1', '2017-09-13 14:16:59', '2017-09-13 14:16:59', '0d8861a4-aabd-4dbc-959a-097ac48446ce'),
 ('3769', '4', '2019-04-21 11:00:00', '2019-04-21 12:30:00', '1', '2017-09-13 14:16:59', '2017-09-13 14:16:59', '2a0bec2c-137c-4459-a920-6e374deb3e00'),
 ('3770', '4', '2019-04-28 11:00:00', '2019-04-28 12:30:00', '1', '2017-09-13 14:16:59', '2017-09-13 14:16:59', 'fc161e82-1b6c-4677-8a56-3bf10be711c5'),
 ('3771', '4', '2019-05-05 11:00:00', '2019-05-05 12:30:00', '1', '2017-09-13 14:16:59', '2017-09-13 14:16:59', 'b20eb2f6-aea7-412a-9ded-a8eb40e73b1b'),
 ('3772', '4', '2019-05-12 11:00:00', '2019-05-12 12:30:00', '1', '2017-09-13 14:16:59', '2017-09-13 14:16:59', 'd80fa964-8f32-4eca-9af4-9b0ae33ebb7a'),
 ('3773', '4', '2019-05-19 11:00:00', '2019-05-19 12:30:00', '1', '2017-09-13 14:16:59', '2017-09-13 14:16:59', '32e06a93-e3fa-46fc-ae8c-f0cec07e0536'),
 ('3774', '4', '2019-05-26 11:00:00', '2019-05-26 12:30:00', '1', '2017-09-13 14:16:59', '2017-09-13 14:16:59', 'aab08e52-d92f-443f-a07a-b070a3dbaf08'),
 ('3775', '4', '2019-06-02 11:00:00', '2019-06-02 12:30:00', '1', '2017-09-13 14:16:59', '2017-09-13 14:16:59', '0956fa4c-41fd-4b07-9ae6-751d50068352'),
 ('3776', '4', '2019-06-09 11:00:00', '2019-06-09 12:30:00', '1', '2017-09-13 14:16:59', '2017-09-13 14:16:59', 'ab7f4463-3293-4ab0-a103-52850452c692'),
 ('3777', '4', '2019-06-16 11:00:00', '2019-06-16 12:30:00', '1', '2017-09-13 14:16:59', '2017-09-13 14:16:59', '2b0ebf71-50d5-43c8-be0d-44b8bba62598'),
 ('3778', '4', '2019-06-23 11:00:00', '2019-06-23 12:30:00', '1', '2017-09-13 14:16:59', '2017-09-13 14:16:59', '96e9ac6c-46ab-442f-bc33-9e31fcb56e77'),
 ('3779', '4', '2019-06-30 11:00:00', '2019-06-30 12:30:00', '1', '2017-09-13 14:16:59', '2017-09-13 14:16:59', 'a91b7fee-1d93-498c-9dcd-5fd2255eb5ba'),
 ('3780', '4', '2019-07-07 11:00:00', '2019-07-07 12:30:00', '1', '2017-09-13 14:16:59', '2017-09-13 14:16:59', '0e5ee632-f926-4c77-815b-55964b275faf'),
 ('3781', '4', '2019-07-14 11:00:00', '2019-07-14 12:30:00', '1', '2017-09-13 14:16:59', '2017-09-13 14:16:59', 'fb0423df-f38a-4fa3-a6b4-c77b6c115373'),
 ('3782', '4', '2019-07-21 11:00:00', '2019-07-21 12:30:00', '1', '2017-09-13 14:16:59', '2017-09-13 14:16:59', '9b1a2a38-bc69-4e54-87b0-c1d76ade6a1d'),
 ('3783', '4', '2019-07-28 11:00:00', '2019-07-28 12:30:00', '1', '2017-09-13 14:16:59', '2017-09-13 14:16:59', '14651c15-6fa0-4488-92d6-da57115f95d5');
INSERT INTO `craft_venti_recurr` (`eid`, `cid`, `startDate`, `endDate`, `isrepeat`, `dateCreated`, `dateUpdated`, `uid`) VALUES
 ('3784', '4', '2019-08-04 11:00:00', '2019-08-04 12:30:00', '1', '2017-09-13 14:16:59', '2017-09-13 14:16:59', 'f5b9d056-4b91-4743-8209-2ee47ac7edde'),
 ('3785', '4', '2019-08-11 11:00:00', '2019-08-11 12:30:00', '1', '2017-09-13 14:16:59', '2017-09-13 14:16:59', 'bcc43209-6247-488f-9dd6-6cfbb7d3448a'),
 ('3786', '4', '2019-08-18 11:00:00', '2019-08-18 12:30:00', '1', '2017-09-13 14:16:59', '2017-09-13 14:16:59', '187b2464-34c3-4083-9ad0-350be9b46132'),
 ('3787', '4', '2019-08-25 11:00:00', '2019-08-25 12:30:00', '1', '2017-09-13 14:16:59', '2017-09-13 14:16:59', '34b5b251-eb96-4d03-ad73-e13e7742e5a1'),
 ('3788', '4', '2019-09-01 11:00:00', '2019-09-01 12:30:00', '1', '2017-09-13 14:16:59', '2017-09-13 14:16:59', 'e59dadd1-4073-465c-844e-9fdbe8b5605b'),
 ('3789', '4', '2019-09-08 11:00:00', '2019-09-08 12:30:00', '1', '2017-09-13 14:16:59', '2017-09-13 14:16:59', 'd27a5da8-a8a8-4b32-849e-309380d8774d'),
 ('3790', '4', '2019-09-15 11:00:00', '2019-09-15 12:30:00', '1', '2017-09-13 14:16:59', '2017-09-13 14:16:59', 'c580371f-15c4-4f6f-9919-aad41a0a789c'),
 ('3791', '4', '2019-09-22 11:00:00', '2019-09-22 12:30:00', '1', '2017-09-13 14:16:59', '2017-09-13 14:16:59', 'effc907d-e0f3-49aa-8b51-609546bc64fc'),
 ('3792', '4', '2019-09-29 11:00:00', '2019-09-29 12:30:00', '1', '2017-09-13 14:16:59', '2017-09-13 14:16:59', '5a90d4fc-d4d6-4440-a35d-0a2a86da4006'),
 ('3793', '4', '2019-10-06 11:00:00', '2019-10-06 12:30:00', '1', '2017-09-13 14:16:59', '2017-09-13 14:16:59', '0de7930b-c293-4a78-aa7b-b9db6044ed52'),
 ('3794', '4', '2019-10-13 11:00:00', '2019-10-13 12:30:00', '1', '2017-09-13 14:16:59', '2017-09-13 14:16:59', '93cc0972-0b8e-4368-b4ce-185ecbef02ff'),
 ('3795', '4', '2019-10-20 11:00:00', '2019-10-20 12:30:00', '1', '2017-09-13 14:16:59', '2017-09-13 14:16:59', '27ed30e5-a797-4b33-8eb8-b4420124fb7f'),
 ('3796', '4', '2019-10-27 11:00:00', '2019-10-27 12:30:00', '1', '2017-09-13 14:16:59', '2017-09-13 14:16:59', '6de1241e-b9ec-40fe-8f45-8420fa77c06c'),
 ('3797', '4', '2019-11-03 11:00:00', '2019-11-03 12:30:00', '1', '2017-09-13 14:16:59', '2017-09-13 14:16:59', '7b31b3c1-b950-4bae-9e3e-c05cf530a015'),
 ('3798', '4', '2019-11-10 11:00:00', '2019-11-10 12:30:00', '1', '2017-09-13 14:16:59', '2017-09-13 14:16:59', 'ee355847-44d9-4a6c-a174-cf8d64521697'),
 ('3799', '4', '2019-11-17 11:00:00', '2019-11-17 12:30:00', '1', '2017-09-13 14:16:59', '2017-09-13 14:16:59', '4bb52d17-ffbb-47d8-8765-556be3f0ffed'),
 ('3800', '4', '2019-11-24 11:00:00', '2019-11-24 12:30:00', '1', '2017-09-13 14:16:59', '2017-09-13 14:16:59', '4bb67778-0a9d-4168-b0b3-8249eea4cd9d'),
 ('3801', '4', '2019-12-01 11:00:00', '2019-12-01 12:30:00', '1', '2017-09-13 14:16:59', '2017-09-13 14:16:59', '9ad36fb8-fe94-4034-9ccc-817151fbb78f'),
 ('3802', '4', '2019-12-08 11:00:00', '2019-12-08 12:30:00', '1', '2017-09-13 14:16:59', '2017-09-13 14:16:59', 'd512a740-a19b-4c1e-a459-81612969e238'),
 ('3803', '4', '2019-12-15 11:00:00', '2019-12-15 12:30:00', '1', '2017-09-13 14:16:59', '2017-09-13 14:16:59', 'cf347cf5-1010-4bfe-b75c-8abcdb76db46'),
 ('3804', '4', '2019-12-22 11:00:00', '2019-12-22 12:30:00', '1', '2017-09-13 14:16:59', '2017-09-13 14:16:59', '58cefea1-3bef-4da2-a797-f44902d30446'),
 ('3805', '4', '2019-12-29 11:00:00', '2019-12-29 12:30:00', '1', '2017-09-13 14:16:59', '2017-09-13 14:16:59', '334ae382-459d-4784-b58b-5b544350eab3'),
 ('3806', '4', '2020-01-05 11:00:00', '2020-01-05 12:30:00', '1', '2017-09-13 14:16:59', '2017-09-13 14:16:59', 'bcc5fc17-fd15-4cea-aa59-5cc519a0b3ff'),
 ('3807', '4', '2020-01-12 11:00:00', '2020-01-12 12:30:00', '1', '2017-09-13 14:16:59', '2017-09-13 14:16:59', '2b298127-5467-4302-87f9-30d7c2d9bc33'),
 ('3808', '4', '2020-01-19 11:00:00', '2020-01-19 12:30:00', '1', '2017-09-13 14:16:59', '2017-09-13 14:16:59', '79b4f5af-0e64-4f90-aa65-cd7d108418fa'),
 ('3809', '4', '2020-01-26 11:00:00', '2020-01-26 12:30:00', '1', '2017-09-13 14:16:59', '2017-09-13 14:16:59', '97fbb6f0-5d0c-44c9-baf0-8d6e5be002c6'),
 ('3810', '4', '2020-02-02 11:00:00', '2020-02-02 12:30:00', '1', '2017-09-13 14:16:59', '2017-09-13 14:16:59', '585f90a1-db92-4cc4-80fa-96f90106b01a'),
 ('3811', '4', '2020-02-09 11:00:00', '2020-02-09 12:30:00', '1', '2017-09-13 14:16:59', '2017-09-13 14:16:59', '01a2df06-bb37-4c0d-ae44-3c3bbaef1d5e'),
 ('3812', '4', '2020-02-16 11:00:00', '2020-02-16 12:30:00', '1', '2017-09-13 14:16:59', '2017-09-13 14:16:59', 'a36c69b0-4e61-4473-98bc-0a9d20027d5d'),
 ('3813', '4', '2020-02-23 11:00:00', '2020-02-23 12:30:00', '1', '2017-09-13 14:16:59', '2017-09-13 14:16:59', '75e951d3-a1c4-447b-a440-76600c35184b'),
 ('3814', '4', '2020-03-01 11:00:00', '2020-03-01 12:30:00', '1', '2017-09-13 14:16:59', '2017-09-13 14:16:59', 'c8cf40e8-bd7f-42fc-8f2b-93bfb37d89ef'),
 ('3815', '4', '2020-03-08 11:00:00', '2020-03-08 12:30:00', '1', '2017-09-13 14:16:59', '2017-09-13 14:16:59', 'e845a121-a4db-4f92-b1f2-0f5ea99ab047'),
 ('3816', '4', '2020-03-15 11:00:00', '2020-03-15 12:30:00', '1', '2017-09-13 14:16:59', '2017-09-13 14:16:59', 'fa0814d8-0ed6-40d5-9f27-8401d1832369'),
 ('3817', '4', '2020-03-22 11:00:00', '2020-03-22 12:30:00', '1', '2017-09-13 14:16:59', '2017-09-13 14:16:59', '72e03539-6419-4e0c-9692-02feb54f8ed2'),
 ('3818', '4', '2020-03-29 11:00:00', '2020-03-29 12:30:00', '1', '2017-09-13 14:16:59', '2017-09-13 14:16:59', '7ec3e49b-6efd-4e30-8ee2-ba47b521bd50'),
 ('3819', '4', '2020-04-05 11:00:00', '2020-04-05 12:30:00', '1', '2017-09-13 14:16:59', '2017-09-13 14:16:59', 'd640a5ad-0ecf-4c6a-9dc4-eeb57b71c148'),
 ('3820', '4', '2020-04-12 11:00:00', '2020-04-12 12:30:00', '1', '2017-09-13 14:16:59', '2017-09-13 14:16:59', '95ce17cd-5ff9-488c-aa95-1e81ec9f0796'),
 ('3821', '4', '2020-04-19 11:00:00', '2020-04-19 12:30:00', '1', '2017-09-13 14:16:59', '2017-09-13 14:16:59', 'c96022fa-3112-4b60-984e-a2df37c91a72'),
 ('3822', '4', '2020-04-26 11:00:00', '2020-04-26 12:30:00', '1', '2017-09-13 14:16:59', '2017-09-13 14:16:59', '1e4d000a-6656-465a-a0c7-cc0f03d96e0e'),
 ('3823', '4', '2020-05-03 11:00:00', '2020-05-03 12:30:00', '1', '2017-09-13 14:16:59', '2017-09-13 14:16:59', '3e732fa5-f97d-42cc-ac41-1f6225838da4'),
 ('3824', '4', '2020-05-10 11:00:00', '2020-05-10 12:30:00', '1', '2017-09-13 14:16:59', '2017-09-13 14:16:59', '8b0e6e60-6a79-4692-aa61-4c9efbe09c0f'),
 ('3825', '4', '2020-05-17 11:00:00', '2020-05-17 12:30:00', '1', '2017-09-13 14:16:59', '2017-09-13 14:16:59', '3a253006-e570-422b-a58a-2cc21985d2ee'),
 ('3826', '4', '2020-05-24 11:00:00', '2020-05-24 12:30:00', '1', '2017-09-13 14:16:59', '2017-09-13 14:16:59', '701abca8-ec97-43b5-bdcd-864421e678e5'),
 ('3827', '4', '2020-05-31 11:00:00', '2020-05-31 12:30:00', '1', '2017-09-13 14:16:59', '2017-09-13 14:16:59', '92ce7aa8-0669-4f9e-8cfd-bf81fa5dc9df'),
 ('3828', '4', '2020-06-07 11:00:00', '2020-06-07 12:30:00', '1', '2017-09-13 14:16:59', '2017-09-13 14:16:59', '99767040-17fa-4846-9dad-7f943dd9cabf'),
 ('3829', '4', '2020-06-14 11:00:00', '2020-06-14 12:30:00', '1', '2017-09-13 14:16:59', '2017-09-13 14:16:59', '184f8cad-9b11-4d29-9c3d-c058f96d28f5'),
 ('3830', '4', '2020-06-21 11:00:00', '2020-06-21 12:30:00', '1', '2017-09-13 14:16:59', '2017-09-13 14:16:59', '9f3de61e-d08b-4ac9-94e3-2002029ab40c'),
 ('3831', '4', '2020-06-28 11:00:00', '2020-06-28 12:30:00', '1', '2017-09-13 14:16:59', '2017-09-13 14:16:59', '72e7d2c0-ae89-44d8-afaa-2840feb7345e'),
 ('3832', '4', '2020-07-05 11:00:00', '2020-07-05 12:30:00', '1', '2017-09-13 14:16:59', '2017-09-13 14:16:59', '59f218de-4d31-491c-95b8-b5e3f2b89ce6'),
 ('3833', '4', '2020-07-12 11:00:00', '2020-07-12 12:30:00', '1', '2017-09-13 14:16:59', '2017-09-13 14:16:59', 'f5aa51ff-f4f6-4278-abe5-eea153c7e343'),
 ('3834', '4', '2020-07-19 11:00:00', '2020-07-19 12:30:00', '1', '2017-09-13 14:16:59', '2017-09-13 14:16:59', '88962b50-4b5b-4821-8257-65c5ba02d0c3'),
 ('3835', '4', '2020-07-26 11:00:00', '2020-07-26 12:30:00', '1', '2017-09-13 14:16:59', '2017-09-13 14:16:59', '8306d40f-1e5c-4cce-81d3-1426aef024a8'),
 ('3836', '4', '2020-08-02 11:00:00', '2020-08-02 12:30:00', '1', '2017-09-13 14:16:59', '2017-09-13 14:16:59', '2c2871f1-4d01-467c-8a22-409118e23aad'),
 ('3837', '4', '2020-08-09 11:00:00', '2020-08-09 12:30:00', '1', '2017-09-13 14:16:59', '2017-09-13 14:16:59', 'fde2576f-f01d-4579-b09e-2aa318659830'),
 ('3838', '4', '2020-08-16 11:00:00', '2020-08-16 12:30:00', '1', '2017-09-13 14:16:59', '2017-09-13 14:16:59', '6f0b5d58-f34e-4ad1-90a4-1d9b251ded33'),
 ('3839', '4', '2020-08-23 11:00:00', '2020-08-23 12:30:00', '1', '2017-09-13 14:16:59', '2017-09-13 14:16:59', '2f8854e1-10a5-42b3-a8ee-ebbc36c5e9e3'),
 ('3840', '4', '2020-08-30 11:00:00', '2020-08-30 12:30:00', '1', '2017-09-13 14:16:59', '2017-09-13 14:16:59', 'e437cbdd-2fee-4786-b006-05b8fa79da13'),
 ('3841', '4', '2020-09-06 11:00:00', '2020-09-06 12:30:00', '1', '2017-09-13 14:16:59', '2017-09-13 14:16:59', '5004a912-be69-4e26-a384-9497bafd0222'),
 ('3842', '4', '2020-09-13 11:00:00', '2020-09-13 12:30:00', '1', '2017-09-13 14:16:59', '2017-09-13 14:16:59', '3e9e7bd5-6893-4001-9f83-226c3b667d02'),
 ('3843', '4', '2020-09-20 11:00:00', '2020-09-20 12:30:00', '1', '2017-09-13 14:16:59', '2017-09-13 14:16:59', 'd919aaa4-21e9-4440-ad55-4415b93cb812'),
 ('3844', '4', '2020-09-27 11:00:00', '2020-09-27 12:30:00', '1', '2017-09-13 14:16:59', '2017-09-13 14:16:59', '1f97bf0c-5cd4-4361-a840-4ebff215d45c'),
 ('3845', '4', '2020-10-04 11:00:00', '2020-10-04 12:30:00', '1', '2017-09-13 14:16:59', '2017-09-13 14:16:59', '2c017173-be57-4f3d-b080-c35eb1505c34'),
 ('3846', '4', '2020-10-11 11:00:00', '2020-10-11 12:30:00', '1', '2017-09-13 14:16:59', '2017-09-13 14:16:59', 'df69d257-7c90-49cd-8067-9b316235994b'),
 ('3847', '4', '2020-10-18 11:00:00', '2020-10-18 12:30:00', '1', '2017-09-13 14:16:59', '2017-09-13 14:16:59', '576e8e21-c9eb-4abc-97e5-d8cb56c3e26d'),
 ('3848', '4', '2020-10-25 11:00:00', '2020-10-25 12:30:00', '1', '2017-09-13 14:16:59', '2017-09-13 14:16:59', 'd36347ac-4abf-4962-9be3-07d1ad8467ce'),
 ('3849', '4', '2020-11-01 11:00:00', '2020-11-01 12:30:00', '1', '2017-09-13 14:16:59', '2017-09-13 14:16:59', 'd7a262e3-e44d-41a7-ae23-96a798069382'),
 ('3850', '4', '2020-11-08 11:00:00', '2020-11-08 12:30:00', '1', '2017-09-13 14:16:59', '2017-09-13 14:16:59', '55315dbd-8132-42a6-814e-8fe55b8ec4a0'),
 ('3851', '4', '2020-11-15 11:00:00', '2020-11-15 12:30:00', '1', '2017-09-13 14:16:59', '2017-09-13 14:16:59', '00660d3d-4797-41ab-9cb9-dd016ec18de3'),
 ('3852', '4', '2020-11-22 11:00:00', '2020-11-22 12:30:00', '1', '2017-09-13 14:16:59', '2017-09-13 14:16:59', '89700e16-7dc8-445e-ab69-589d1594aacd'),
 ('3853', '4', '2020-11-29 11:00:00', '2020-11-29 12:30:00', '1', '2017-09-13 14:16:59', '2017-09-13 14:16:59', 'df4b9e83-5bb7-4ba5-88c2-9e9e19112380'),
 ('3854', '4', '2020-12-06 11:00:00', '2020-12-06 12:30:00', '1', '2017-09-13 14:16:59', '2017-09-13 14:16:59', 'eb83a8e0-d12a-411c-b519-161a060fb068'),
 ('3855', '4', '2020-12-13 11:00:00', '2020-12-13 12:30:00', '1', '2017-09-13 14:16:59', '2017-09-13 14:16:59', 'c807d329-4391-4209-9309-c007e9604e6a'),
 ('3856', '4', '2020-12-20 11:00:00', '2020-12-20 12:30:00', '1', '2017-09-13 14:16:59', '2017-09-13 14:16:59', '3fec67f8-ed4e-4fc4-b7f0-d922ecbd5890'),
 ('3857', '4', '2020-12-27 11:00:00', '2020-12-27 12:30:00', '1', '2017-09-13 14:16:59', '2017-09-13 14:16:59', 'f9fdd325-97fb-4153-89ba-df08b9643105'),
 ('3858', '4', '2021-01-03 11:00:00', '2021-01-03 12:30:00', '1', '2017-09-13 14:16:59', '2017-09-13 14:16:59', '79731d35-cd14-42b3-bbf2-c311a774f2f3'),
 ('3859', '4', '2021-01-10 11:00:00', '2021-01-10 12:30:00', '1', '2017-09-13 14:16:59', '2017-09-13 14:16:59', '1b981dac-2c0c-4104-ae0e-e65e0a7bebda'),
 ('3860', '4', '2021-01-17 11:00:00', '2021-01-17 12:30:00', '1', '2017-09-13 14:16:59', '2017-09-13 14:16:59', '95fb7c50-a6a8-4dd4-ad6b-b6bc93cf49c5'),
 ('3861', '4', '2021-01-24 11:00:00', '2021-01-24 12:30:00', '1', '2017-09-13 14:16:59', '2017-09-13 14:16:59', 'e0205568-bbf1-4813-b560-d3cc75cd6705'),
 ('3862', '4', '2021-01-31 11:00:00', '2021-01-31 12:30:00', '1', '2017-09-13 14:16:59', '2017-09-13 14:16:59', '972d64f5-d712-41e6-a0e4-d3b286013d6e'),
 ('3863', '4', '2021-02-07 11:00:00', '2021-02-07 12:30:00', '1', '2017-09-13 14:16:59', '2017-09-13 14:16:59', 'feb35f4a-b652-40f8-a8ee-c20d418bbb2e'),
 ('3864', '4', '2021-02-14 11:00:00', '2021-02-14 12:30:00', '1', '2017-09-13 14:16:59', '2017-09-13 14:16:59', 'ecef63bd-a363-4c57-946a-e331b228deef'),
 ('3865', '4', '2021-02-21 11:00:00', '2021-02-21 12:30:00', '1', '2017-09-13 14:16:59', '2017-09-13 14:16:59', 'bd869212-e1b9-4653-9cf6-d82f580b9ca1'),
 ('3866', '4', '2021-02-28 11:00:00', '2021-02-28 12:30:00', '1', '2017-09-13 14:16:59', '2017-09-13 14:16:59', 'dedcfae2-61ec-4dc4-974c-d37c29e31c91'),
 ('3867', '4', '2021-03-07 11:00:00', '2021-03-07 12:30:00', '1', '2017-09-13 14:16:59', '2017-09-13 14:16:59', 'e341daa9-9cea-4f6a-b9b4-f624cbbeedce'),
 ('3868', '4', '2021-03-14 11:00:00', '2021-03-14 12:30:00', '1', '2017-09-13 14:16:59', '2017-09-13 14:16:59', 'f9770532-5d5d-4767-9984-0ad550e73841'),
 ('3869', '4', '2021-03-21 11:00:00', '2021-03-21 12:30:00', '1', '2017-09-13 14:16:59', '2017-09-13 14:16:59', 'a4740fef-8d53-47d6-adff-1606b55f97ad'),
 ('3870', '4', '2021-03-28 11:00:00', '2021-03-28 12:30:00', '1', '2017-09-13 14:16:59', '2017-09-13 14:16:59', 'a08c1820-bd91-4fe4-a28e-8f53bac511e8'),
 ('3871', '4', '2021-04-04 11:00:00', '2021-04-04 12:30:00', '1', '2017-09-13 14:16:59', '2017-09-13 14:16:59', '2828dd03-1d5b-4a84-a2db-7603f241faaa'),
 ('3872', '4', '2021-04-11 11:00:00', '2021-04-11 12:30:00', '1', '2017-09-13 14:16:59', '2017-09-13 14:16:59', '01a27b89-0772-499a-a71c-730f7beb07cc'),
 ('3873', '4', '2021-04-18 11:00:00', '2021-04-18 12:30:00', '1', '2017-09-13 14:16:59', '2017-09-13 14:16:59', 'df7a3b35-cce2-4f19-a218-9dbd549af085'),
 ('3874', '4', '2021-04-25 11:00:00', '2021-04-25 12:30:00', '1', '2017-09-13 14:16:59', '2017-09-13 14:16:59', 'ba7f5505-b105-4b9b-9828-e65a01218782'),
 ('3875', '4', '2021-05-02 11:00:00', '2021-05-02 12:30:00', '1', '2017-09-13 14:16:59', '2017-09-13 14:16:59', '34f5d4a8-2a59-41ab-afab-acad3253e6c1'),
 ('3876', '4', '2021-05-09 11:00:00', '2021-05-09 12:30:00', '1', '2017-09-13 14:16:59', '2017-09-13 14:16:59', 'aa8d2e66-0541-4862-8988-ba5d3a8e7205'),
 ('3877', '4', '2021-05-16 11:00:00', '2021-05-16 12:30:00', '1', '2017-09-13 14:16:59', '2017-09-13 14:16:59', '5822a718-da4e-4dfc-87dd-97ad76812875'),
 ('3878', '4', '2021-05-23 11:00:00', '2021-05-23 12:30:00', '1', '2017-09-13 14:16:59', '2017-09-13 14:16:59', 'a6b66fcd-010b-487c-a6ef-2e0ae459fd7d'),
 ('3879', '4', '2021-05-30 11:00:00', '2021-05-30 12:30:00', '1', '2017-09-13 14:16:59', '2017-09-13 14:16:59', '45d8db6a-4379-40be-a160-8651f6301f3e'),
 ('3880', '4', '2021-06-06 11:00:00', '2021-06-06 12:30:00', '1', '2017-09-13 14:16:59', '2017-09-13 14:16:59', '484ce7b2-90e8-4260-ae09-ebdf1b2fce8f'),
 ('3881', '4', '2021-06-13 11:00:00', '2021-06-13 12:30:00', '1', '2017-09-13 14:16:59', '2017-09-13 14:16:59', 'a3bd2ff3-a073-4564-9d6c-127d96126d79'),
 ('3882', '4', '2021-06-20 11:00:00', '2021-06-20 12:30:00', '1', '2017-09-13 14:16:59', '2017-09-13 14:16:59', '056e81c4-0fea-47b9-8ad9-461e9dc6c0b0'),
 ('3883', '4', '2021-06-27 11:00:00', '2021-06-27 12:30:00', '1', '2017-09-13 14:16:59', '2017-09-13 14:16:59', 'a34bce7b-6263-4c8e-88dd-4aff2c8b9570');
INSERT INTO `craft_venti_recurr` (`eid`, `cid`, `startDate`, `endDate`, `isrepeat`, `dateCreated`, `dateUpdated`, `uid`) VALUES
 ('3884', '4', '2021-07-04 11:00:00', '2021-07-04 12:30:00', '1', '2017-09-13 14:16:59', '2017-09-13 14:16:59', '9437e40a-e36f-4028-bf7e-19a7f33603c0'),
 ('3885', '4', '2021-07-11 11:00:00', '2021-07-11 12:30:00', '1', '2017-09-13 14:16:59', '2017-09-13 14:16:59', '661bb1fb-3a68-4ac0-b30d-a432b49346df'),
 ('3886', '4', '2021-07-18 11:00:00', '2021-07-18 12:30:00', '1', '2017-09-13 14:16:59', '2017-09-13 14:16:59', '9f5afe81-eac7-4023-adf1-f6c6dad50a79'),
 ('3887', '4', '2021-07-25 11:00:00', '2021-07-25 12:30:00', '1', '2017-09-13 14:16:59', '2017-09-13 14:16:59', 'cf184584-f72f-4b84-8ee2-f222f4ec6953'),
 ('3888', '4', '2021-08-01 11:00:00', '2021-08-01 12:30:00', '1', '2017-09-13 14:16:59', '2017-09-13 14:16:59', 'da9f04a6-b7f8-4a0f-870b-b20d2060f0c6'),
 ('3889', '4', '2021-08-08 11:00:00', '2021-08-08 12:30:00', '1', '2017-09-13 14:16:59', '2017-09-13 14:16:59', 'a6eae6b9-ca4d-4a55-843c-dd5e454d889c'),
 ('3890', '4', '2021-08-15 11:00:00', '2021-08-15 12:30:00', '1', '2017-09-13 14:16:59', '2017-09-13 14:16:59', '3e24c310-7576-4c94-8745-ab1f50e359ad'),
 ('3891', '4', '2021-08-22 11:00:00', '2021-08-22 12:30:00', '1', '2017-09-13 14:16:59', '2017-09-13 14:16:59', 'f48959b5-d643-4d34-9f5c-eb9c02654681'),
 ('3892', '4', '2021-08-29 11:00:00', '2021-08-29 12:30:00', '1', '2017-09-13 14:16:59', '2017-09-13 14:16:59', 'be97b15f-f9b7-4c33-b903-0b0ffb05b212'),
 ('3893', '4', '2021-09-05 11:00:00', '2021-09-05 12:30:00', '1', '2017-09-13 14:16:59', '2017-09-13 14:16:59', '0ee3012d-de3c-4a1d-b7f2-2e4f8d0e032d'),
 ('3894', '4', '2021-09-12 11:00:00', '2021-09-12 12:30:00', '1', '2017-09-13 14:16:59', '2017-09-13 14:16:59', '8a61c7b0-35dd-4e5c-a116-c0f3c996ec80'),
 ('3895', '4', '2021-09-19 11:00:00', '2021-09-19 12:30:00', '1', '2017-09-13 14:16:59', '2017-09-13 14:16:59', '75978e36-32f9-4560-b680-3f6851db089d'),
 ('3896', '4', '2021-09-26 11:00:00', '2021-09-26 12:30:00', '1', '2017-09-13 14:16:59', '2017-09-13 14:16:59', '5fe2636b-4c38-4163-97f4-efa53e94e822'),
 ('3897', '4', '2021-10-03 11:00:00', '2021-10-03 12:30:00', '1', '2017-09-13 14:16:59', '2017-09-13 14:16:59', 'd1e4f62e-f487-4c30-a173-627df03c7f17'),
 ('3898', '4', '2021-10-10 11:00:00', '2021-10-10 12:30:00', '1', '2017-09-13 14:16:59', '2017-09-13 14:16:59', '905b4d4e-4e71-493b-820a-686e6600081f'),
 ('3899', '4', '2021-10-17 11:00:00', '2021-10-17 12:30:00', '1', '2017-09-13 14:16:59', '2017-09-13 14:16:59', '102c9d69-dfe0-4975-b267-356027dc5a04'),
 ('3900', '4', '2021-10-24 11:00:00', '2021-10-24 12:30:00', '1', '2017-09-13 14:16:59', '2017-09-13 14:16:59', '37d20c17-cf0a-4ab8-a312-a2580c77982a'),
 ('3901', '4', '2021-10-31 11:00:00', '2021-10-31 12:30:00', '1', '2017-09-13 14:16:59', '2017-09-13 14:16:59', 'cc88356c-accd-472e-aa98-e50de8347719'),
 ('3902', '4', '2021-11-07 11:00:00', '2021-11-07 12:30:00', '1', '2017-09-13 14:16:59', '2017-09-13 14:16:59', '866ad582-2c83-4b10-a9cd-5b60b1b66af5'),
 ('3903', '4', '2021-11-14 11:00:00', '2021-11-14 12:30:00', '1', '2017-09-13 14:16:59', '2017-09-13 14:16:59', 'e7e7d6d0-b0ed-47c6-9a98-8929675a63ab'),
 ('3904', '4', '2021-11-21 11:00:00', '2021-11-21 12:30:00', '1', '2017-09-13 14:16:59', '2017-09-13 14:16:59', '6bad7681-5893-4637-89d9-80e82fd6b11b'),
 ('3905', '4', '2021-11-28 11:00:00', '2021-11-28 12:30:00', '1', '2017-09-13 14:16:59', '2017-09-13 14:16:59', '5e8926c2-dd05-47d1-8cae-307af8fc1b04'),
 ('3906', '4', '2021-12-05 11:00:00', '2021-12-05 12:30:00', '1', '2017-09-13 14:16:59', '2017-09-13 14:16:59', '48628265-a649-419c-98d5-5f2124169d52'),
 ('3907', '4', '2021-12-12 11:00:00', '2021-12-12 12:30:00', '1', '2017-09-13 14:16:59', '2017-09-13 14:16:59', '1079094e-bd4a-4e4f-aa49-cd67fc97ba7a'),
 ('3908', '4', '2021-12-19 11:00:00', '2021-12-19 12:30:00', '1', '2017-09-13 14:16:59', '2017-09-13 14:16:59', '8a923ab7-722f-4011-b1b5-75b8d564dfc9'),
 ('3909', '4', '2021-12-26 11:00:00', '2021-12-26 12:30:00', '1', '2017-09-13 14:16:59', '2017-09-13 14:16:59', '2ff4a17c-07f3-46d3-bcdb-96a30f33b3eb'),
 ('3910', '4', '2022-01-02 11:00:00', '2022-01-02 12:30:00', '1', '2017-09-13 14:16:59', '2017-09-13 14:16:59', 'e50837f8-b030-4612-91a9-c79741ed7c8b'),
 ('3911', '4', '2022-01-09 11:00:00', '2022-01-09 12:30:00', '1', '2017-09-13 14:16:59', '2017-09-13 14:16:59', '02b52560-942b-4d48-b6c3-282712935008'),
 ('3912', '4', '2022-01-16 11:00:00', '2022-01-16 12:30:00', '1', '2017-09-13 14:16:59', '2017-09-13 14:16:59', 'e6a93dce-1f89-4775-85ed-f21989c0d9ee'),
 ('3913', '4', '2022-01-23 11:00:00', '2022-01-23 12:30:00', '1', '2017-09-13 14:16:59', '2017-09-13 14:16:59', '3d67443a-c6bf-4e0e-8464-0214d9e0ca3d'),
 ('3914', '4', '2022-01-30 11:00:00', '2022-01-30 12:30:00', '1', '2017-09-13 14:16:59', '2017-09-13 14:16:59', '3616d815-3a48-437e-bf70-7ed3cdf56e3c'),
 ('3915', '4', '2022-02-06 11:00:00', '2022-02-06 12:30:00', '1', '2017-09-13 14:16:59', '2017-09-13 14:16:59', '71362043-1fc1-4300-b9ec-5a04e328b472'),
 ('3916', '4', '2022-02-13 11:00:00', '2022-02-13 12:30:00', '1', '2017-09-13 14:16:59', '2017-09-13 14:16:59', 'bec18641-42b6-475c-bb4b-8d70d5c8010b'),
 ('3917', '4', '2022-02-20 11:00:00', '2022-02-20 12:30:00', '1', '2017-09-13 14:16:59', '2017-09-13 14:16:59', '305437bf-c182-4922-b0d9-dbe3d60b7e75'),
 ('3918', '4', '2022-02-27 11:00:00', '2022-02-27 12:30:00', '1', '2017-09-13 14:16:59', '2017-09-13 14:16:59', '111af7c7-faea-47a6-94ff-4b5165a17c1b'),
 ('3919', '4', '2022-03-06 11:00:00', '2022-03-06 12:30:00', '1', '2017-09-13 14:16:59', '2017-09-13 14:16:59', '3eafced8-256a-41b3-807d-49c466e0cd2a'),
 ('3920', '4', '2022-03-13 11:00:00', '2022-03-13 12:30:00', '1', '2017-09-13 14:16:59', '2017-09-13 14:16:59', '2d1121e3-fe73-4f91-b97b-6d04919b1bc2'),
 ('3921', '4', '2022-03-20 11:00:00', '2022-03-20 12:30:00', '1', '2017-09-13 14:16:59', '2017-09-13 14:16:59', 'a1368af9-2e5b-4de8-9b81-4f9ef376f627'),
 ('3922', '4', '2022-03-27 11:00:00', '2022-03-27 12:30:00', '1', '2017-09-13 14:16:59', '2017-09-13 14:16:59', 'bb219f4f-f50a-432d-b5a3-36a2ca52bf43'),
 ('3923', '4', '2022-04-03 11:00:00', '2022-04-03 12:30:00', '1', '2017-09-13 14:16:59', '2017-09-13 14:16:59', '97d148c7-efa1-4f93-90d3-2697892818ee'),
 ('3924', '4', '2022-04-10 11:00:00', '2022-04-10 12:30:00', '1', '2017-09-13 14:16:59', '2017-09-13 14:16:59', 'ecbc0c28-840d-4623-b468-49c5473d2487'),
 ('3925', '4', '2022-04-17 11:00:00', '2022-04-17 12:30:00', '1', '2017-09-13 14:16:59', '2017-09-13 14:16:59', '57f9df0c-f8b2-48df-abd6-9d96f9a189bc'),
 ('3926', '4', '2022-04-24 11:00:00', '2022-04-24 12:30:00', '1', '2017-09-13 14:16:59', '2017-09-13 14:16:59', '13a99754-b8a2-42eb-b4f9-fcf97fe352bf'),
 ('3927', '4', '2022-05-01 11:00:00', '2022-05-01 12:30:00', '1', '2017-09-13 14:16:59', '2017-09-13 14:16:59', '32eb022e-241f-4152-9d09-541ec02d96f2'),
 ('3928', '4', '2022-05-08 11:00:00', '2022-05-08 12:30:00', '1', '2017-09-13 14:16:59', '2017-09-13 14:16:59', '0a0a9c27-4bac-43a4-af4b-ab34ab353faf'),
 ('3929', '4', '2022-05-15 11:00:00', '2022-05-15 12:30:00', '1', '2017-09-13 14:16:59', '2017-09-13 14:16:59', 'b5fcbd03-490d-48ab-a146-3f553cb26bc9'),
 ('3930', '4', '2022-05-22 11:00:00', '2022-05-22 12:30:00', '1', '2017-09-13 14:16:59', '2017-09-13 14:16:59', '3f63cb29-9586-420a-bd43-4f8c9be2bfb7'),
 ('3931', '4', '2022-05-29 11:00:00', '2022-05-29 12:30:00', '1', '2017-09-13 14:16:59', '2017-09-13 14:16:59', 'fdb5166f-90fc-4c44-ada3-b4462c1b0bdd'),
 ('3932', '4', '2022-06-05 11:00:00', '2022-06-05 12:30:00', '1', '2017-09-13 14:16:59', '2017-09-13 14:16:59', 'fac04352-e4b6-44cf-89dd-aaaa14d64caf'),
 ('3933', '4', '2022-06-12 11:00:00', '2022-06-12 12:30:00', '1', '2017-09-13 14:16:59', '2017-09-13 14:16:59', '84faa77d-3743-461d-b19c-f226a510a869'),
 ('3934', '4', '2022-06-19 11:00:00', '2022-06-19 12:30:00', '1', '2017-09-13 14:16:59', '2017-09-13 14:16:59', '5183bc97-d290-4202-96d7-efa6ba29d976'),
 ('3935', '4', '2022-06-26 11:00:00', '2022-06-26 12:30:00', '1', '2017-09-13 14:16:59', '2017-09-13 14:16:59', '11267bc4-d2d8-4b84-a458-112fcec099b5'),
 ('3936', '4', '2022-07-03 11:00:00', '2022-07-03 12:30:00', '1', '2017-09-13 14:16:59', '2017-09-13 14:16:59', '1c52b9f1-1538-4f31-a7b7-c663bfcc1740'),
 ('3937', '4', '2022-07-10 11:00:00', '2022-07-10 12:30:00', '1', '2017-09-13 14:16:59', '2017-09-13 14:16:59', 'd530b0e3-2b31-4492-8546-ec02f33a1063'),
 ('3938', '4', '2022-07-17 11:00:00', '2022-07-17 12:30:00', '1', '2017-09-13 14:16:59', '2017-09-13 14:16:59', 'c3524734-3b32-43e7-870e-4a11bf2b41c1'),
 ('3939', '4', '2022-07-24 11:00:00', '2022-07-24 12:30:00', '1', '2017-09-13 14:16:59', '2017-09-13 14:16:59', 'fd32d748-f02d-4673-b50e-9c71db714a31'),
 ('3940', '4', '2022-07-31 11:00:00', '2022-07-31 12:30:00', '1', '2017-09-13 14:16:59', '2017-09-13 14:16:59', '0fd472f0-c427-4c45-8761-9de44f569b7d'),
 ('3941', '4', '2022-08-07 11:00:00', '2022-08-07 12:30:00', '1', '2017-09-13 14:16:59', '2017-09-13 14:16:59', '27fe1b80-b732-4f8f-aba4-1fe3edc1872f'),
 ('3942', '4', '2022-08-14 11:00:00', '2022-08-14 12:30:00', '1', '2017-09-13 14:16:59', '2017-09-13 14:16:59', '56a3a184-cf5a-4493-8b13-7bdf5a730d6c'),
 ('3943', '4', '2022-08-21 11:00:00', '2022-08-21 12:30:00', '1', '2017-09-13 14:16:59', '2017-09-13 14:16:59', '6d27cdcd-440c-463e-98b2-303ee61878c1'),
 ('3944', '4', '2022-08-28 11:00:00', '2022-08-28 12:30:00', '1', '2017-09-13 14:16:59', '2017-09-13 14:16:59', 'a4436481-4c6c-4215-a8d0-14aaf2f78606'),
 ('3945', '4', '2022-09-04 11:00:00', '2022-09-04 12:30:00', '1', '2017-09-13 14:16:59', '2017-09-13 14:16:59', '3767dd4c-ea72-49db-bebc-ce70eda72b99'),
 ('3946', '4', '2022-09-11 11:00:00', '2022-09-11 12:30:00', '1', '2017-09-13 14:16:59', '2017-09-13 14:16:59', '3833c79a-d2b4-4553-89c1-7c91d6a06b98'),
 ('3947', '4', '2022-09-18 11:00:00', '2022-09-18 12:30:00', '1', '2017-09-13 14:16:59', '2017-09-13 14:16:59', 'd1c79294-68bc-478d-9207-18268ccd8a2a'),
 ('3948', '4', '2022-09-25 11:00:00', '2022-09-25 12:30:00', '1', '2017-09-13 14:16:59', '2017-09-13 14:16:59', '3d372de7-0c49-49f5-8ff7-c4050b5867ea'),
 ('3949', '4', '2022-10-02 11:00:00', '2022-10-02 12:30:00', '1', '2017-09-13 14:16:59', '2017-09-13 14:16:59', 'e3318252-512e-4df7-bca3-ffeca6c9577f'),
 ('3950', '4', '2022-10-09 11:00:00', '2022-10-09 12:30:00', '1', '2017-09-13 14:16:59', '2017-09-13 14:16:59', '62bb5bec-f271-4d9c-bf77-760d83c9f9bd'),
 ('3951', '4', '2022-10-16 11:00:00', '2022-10-16 12:30:00', '1', '2017-09-13 14:16:59', '2017-09-13 14:16:59', '71a4e0cf-8811-4cc1-a80f-0de4520c3bac'),
 ('3952', '4', '2022-10-23 11:00:00', '2022-10-23 12:30:00', '1', '2017-09-13 14:16:59', '2017-09-13 14:16:59', 'c58ab5f9-0f55-4047-8dcf-3af2c785a18c'),
 ('3953', '4', '2022-10-30 11:00:00', '2022-10-30 12:30:00', '1', '2017-09-13 14:16:59', '2017-09-13 14:16:59', '71f492e9-62c1-4614-930e-32a4c6bcc629'),
 ('3954', '4', '2022-11-06 11:00:00', '2022-11-06 12:30:00', '1', '2017-09-13 14:16:59', '2017-09-13 14:16:59', 'dd75e1f4-2588-42ba-9cc4-0a04c1ec307b'),
 ('3955', '4', '2022-11-13 11:00:00', '2022-11-13 12:30:00', '1', '2017-09-13 14:16:59', '2017-09-13 14:16:59', '2b8eff75-4cad-4a69-bc4e-a9d099602f14'),
 ('3956', '4', '2022-11-20 11:00:00', '2022-11-20 12:30:00', '1', '2017-09-13 14:16:59', '2017-09-13 14:16:59', '8170d3d9-03a5-411b-af82-c26160904acf'),
 ('3957', '4', '2022-11-27 11:00:00', '2022-11-27 12:30:00', '1', '2017-09-13 14:16:59', '2017-09-13 14:16:59', '7cc8574b-39e3-40ad-acf6-297b127fa639'),
 ('3958', '4', '2022-12-04 11:00:00', '2022-12-04 12:30:00', '1', '2017-09-13 14:16:59', '2017-09-13 14:16:59', 'd1fced5e-c10d-4678-9ddb-55dea7a5ef3b'),
 ('3959', '4', '2022-12-11 11:00:00', '2022-12-11 12:30:00', '1', '2017-09-13 14:16:59', '2017-09-13 14:16:59', 'aaae0e37-8895-4e74-b72d-c2119f5034b9'),
 ('3960', '4', '2022-12-18 11:00:00', '2022-12-18 12:30:00', '1', '2017-09-13 14:16:59', '2017-09-13 14:16:59', 'e5e9447c-7f43-414a-aa28-46a9485ba47c'),
 ('3961', '4', '2022-12-25 11:00:00', '2022-12-25 12:30:00', '1', '2017-09-13 14:16:59', '2017-09-13 14:16:59', 'd9eb66b5-9a9d-4574-b902-1c679a9d8337'),
 ('3962', '4', '2023-01-01 11:00:00', '2023-01-01 12:30:00', '1', '2017-09-13 14:16:59', '2017-09-13 14:16:59', 'bae5e36d-8d09-4436-9284-56659f90e8d9'),
 ('3963', '4', '2023-01-08 11:00:00', '2023-01-08 12:30:00', '1', '2017-09-13 14:16:59', '2017-09-13 14:16:59', '8e3b6d0d-bce6-48ee-bf2b-3b5075aee02e'),
 ('3964', '4', '2023-01-15 11:00:00', '2023-01-15 12:30:00', '1', '2017-09-13 14:16:59', '2017-09-13 14:16:59', '6a8bb46f-aefd-4a54-a034-defc9be2f3fe'),
 ('3965', '4', '2023-01-22 11:00:00', '2023-01-22 12:30:00', '1', '2017-09-13 14:16:59', '2017-09-13 14:16:59', 'e0df4d1a-cd19-4a0a-a7e6-7751f52757a9'),
 ('3966', '4', '2023-01-29 11:00:00', '2023-01-29 12:30:00', '1', '2017-09-13 14:16:59', '2017-09-13 14:16:59', '3ace3e0d-b797-4bd3-b3db-71bfaee5167d'),
 ('3967', '4', '2023-02-05 11:00:00', '2023-02-05 12:30:00', '1', '2017-09-13 14:16:59', '2017-09-13 14:16:59', 'dd169c1b-151f-4628-b039-c6f189805fd2'),
 ('3968', '4', '2023-02-12 11:00:00', '2023-02-12 12:30:00', '1', '2017-09-13 14:16:59', '2017-09-13 14:16:59', '9b032a45-340a-45ca-8cbd-116624a7b1de'),
 ('3969', '4', '2023-02-19 11:00:00', '2023-02-19 12:30:00', '1', '2017-09-13 14:16:59', '2017-09-13 14:16:59', '2d76a592-5252-4846-8723-8072b9b982b7'),
 ('3970', '4', '2023-02-26 11:00:00', '2023-02-26 12:30:00', '1', '2017-09-13 14:16:59', '2017-09-13 14:16:59', '9faa90d8-23fe-4d79-bf57-55672d2d1fe3'),
 ('3971', '4', '2023-03-05 11:00:00', '2023-03-05 12:30:00', '1', '2017-09-13 14:16:59', '2017-09-13 14:16:59', '2877045d-3c25-4552-ba1f-762fa6cd2676'),
 ('3972', '4', '2023-03-12 11:00:00', '2023-03-12 12:30:00', '1', '2017-09-13 14:16:59', '2017-09-13 14:16:59', 'f5bb49ef-b3d5-4c02-889f-176e3633c9c7'),
 ('3973', '4', '2023-03-19 11:00:00', '2023-03-19 12:30:00', '1', '2017-09-13 14:16:59', '2017-09-13 14:16:59', 'd1304ab3-d5fc-4fde-97c7-8ef8ae8eac6a'),
 ('3974', '4', '2023-03-26 11:00:00', '2023-03-26 12:30:00', '1', '2017-09-13 14:16:59', '2017-09-13 14:16:59', '6be19c17-7de6-4fa4-96c3-1e400fa76fa4'),
 ('3975', '4', '2023-04-02 11:00:00', '2023-04-02 12:30:00', '1', '2017-09-13 14:16:59', '2017-09-13 14:16:59', '85828486-9968-4048-bf03-6069d1d814d7'),
 ('3976', '4', '2023-04-09 11:00:00', '2023-04-09 12:30:00', '1', '2017-09-13 14:16:59', '2017-09-13 14:16:59', '959d819d-3093-4dc1-8543-5b45bcbd680b'),
 ('3977', '4', '2023-04-16 11:00:00', '2023-04-16 12:30:00', '1', '2017-09-13 14:16:59', '2017-09-13 14:16:59', '5e1ae150-7b79-442d-ba14-171ca696603e'),
 ('3978', '4', '2023-04-23 11:00:00', '2023-04-23 12:30:00', '1', '2017-09-13 14:16:59', '2017-09-13 14:16:59', '528ae336-7bd9-453d-8bd5-77387a1db54f'),
 ('3979', '4', '2023-04-30 11:00:00', '2023-04-30 12:30:00', '1', '2017-09-13 14:16:59', '2017-09-13 14:16:59', '0ad979fb-7516-42c7-ab62-3df02cf34b9d'),
 ('3980', '4', '2023-05-07 11:00:00', '2023-05-07 12:30:00', '1', '2017-09-13 14:16:59', '2017-09-13 14:16:59', '5e8f22e1-f05f-4279-9348-86f7416b41d9'),
 ('3981', '4', '2023-05-14 11:00:00', '2023-05-14 12:30:00', '1', '2017-09-13 14:16:59', '2017-09-13 14:16:59', 'e1efddcf-3746-4f25-a04c-f9decb09cb83'),
 ('3982', '4', '2023-05-21 11:00:00', '2023-05-21 12:30:00', '1', '2017-09-13 14:16:59', '2017-09-13 14:16:59', 'bc75628a-6ba3-4cdc-9c2b-523d5cb5c554'),
 ('3983', '4', '2023-05-28 11:00:00', '2023-05-28 12:30:00', '1', '2017-09-13 14:16:59', '2017-09-13 14:16:59', '697341f9-de60-4f5a-9355-b566ec023a0e');
INSERT INTO `craft_venti_recurr` (`eid`, `cid`, `startDate`, `endDate`, `isrepeat`, `dateCreated`, `dateUpdated`, `uid`) VALUES
 ('3984', '4', '2023-06-04 11:00:00', '2023-06-04 12:30:00', '1', '2017-09-13 14:16:59', '2017-09-13 14:16:59', '0c2f7e09-4125-4f9d-b0db-84b2bd733d58'),
 ('3985', '4', '2023-06-11 11:00:00', '2023-06-11 12:30:00', '1', '2017-09-13 14:16:59', '2017-09-13 14:16:59', '2eab43f1-77fe-4716-8a0b-018d35d15236'),
 ('3986', '4', '2023-06-18 11:00:00', '2023-06-18 12:30:00', '1', '2017-09-13 14:16:59', '2017-09-13 14:16:59', '24d4b3cb-0a09-4b6f-b0db-66194d461f43'),
 ('3987', '4', '2023-06-25 11:00:00', '2023-06-25 12:30:00', '1', '2017-09-13 14:16:59', '2017-09-13 14:16:59', 'ae3dd1dc-145d-4723-b1da-221c4354e633'),
 ('3988', '4', '2023-07-02 11:00:00', '2023-07-02 12:30:00', '1', '2017-09-13 14:16:59', '2017-09-13 14:16:59', '7b5d57a5-5f5e-47f1-bf8d-347614dd0b53'),
 ('3989', '4', '2023-07-09 11:00:00', '2023-07-09 12:30:00', '1', '2017-09-13 14:16:59', '2017-09-13 14:16:59', '9114c91c-a13b-4e6e-bdc7-6cd57ceedb79'),
 ('3990', '4', '2023-07-16 11:00:00', '2023-07-16 12:30:00', '1', '2017-09-13 14:16:59', '2017-09-13 14:16:59', '04116435-b89d-47ad-88ef-3c293cf9ad8d'),
 ('3991', '4', '2023-07-23 11:00:00', '2023-07-23 12:30:00', '1', '2017-09-13 14:16:59', '2017-09-13 14:16:59', 'f7850a06-c3be-410a-83dd-5c66ede91063'),
 ('3992', '4', '2023-07-30 11:00:00', '2023-07-30 12:30:00', '1', '2017-09-13 14:16:59', '2017-09-13 14:16:59', '188bd64c-2202-4464-a9a3-632626ab3c52'),
 ('3993', '4', '2023-08-06 11:00:00', '2023-08-06 12:30:00', '1', '2017-09-13 14:16:59', '2017-09-13 14:16:59', '9727653e-cd28-4b8f-ab03-156bdbb19351'),
 ('3994', '4', '2023-08-13 11:00:00', '2023-08-13 12:30:00', '1', '2017-09-13 14:16:59', '2017-09-13 14:16:59', '48b40659-941d-4cd5-b957-740db3e50a9d'),
 ('3995', '4', '2023-08-20 11:00:00', '2023-08-20 12:30:00', '1', '2017-09-13 14:16:59', '2017-09-13 14:16:59', 'a56ed122-2fe9-4033-b2eb-eb430ff4dfb5'),
 ('3996', '4', '2023-08-27 11:00:00', '2023-08-27 12:30:00', '1', '2017-09-13 14:16:59', '2017-09-13 14:16:59', '6d2a32ab-25d6-4138-b5fb-c479abb6db4d'),
 ('3997', '4', '2023-09-03 11:00:00', '2023-09-03 12:30:00', '1', '2017-09-13 14:16:59', '2017-09-13 14:16:59', 'dafff6f5-83c0-4673-bcec-f9ca42e1c2a6'),
 ('3998', '4', '2023-09-10 11:00:00', '2023-09-10 12:30:00', '1', '2017-09-13 14:16:59', '2017-09-13 14:16:59', '479facd2-99be-4c14-a17d-daa3dde11b56'),
 ('3999', '4', '2023-09-17 11:00:00', '2023-09-17 12:30:00', '1', '2017-09-13 14:16:59', '2017-09-13 14:16:59', 'a4873011-22d7-4d48-8160-3a6463c462bc'),
 ('4000', '4', '2023-09-24 11:00:00', '2023-09-24 12:30:00', '1', '2017-09-13 14:16:59', '2017-09-13 14:16:59', '1f5d0a5f-c885-4686-b7c9-0eacb057a100'),
 ('4001', '4', '2023-10-01 11:00:00', '2023-10-01 12:30:00', '1', '2017-09-13 14:16:59', '2017-09-13 14:16:59', '1ba40e8b-ad43-48b0-a958-e688ac8dc0ef'),
 ('4002', '4', '2023-10-08 11:00:00', '2023-10-08 12:30:00', '1', '2017-09-13 14:16:59', '2017-09-13 14:16:59', 'c112e176-ad4b-427c-8e51-0654f2059fc4'),
 ('4003', '4', '2023-10-15 11:00:00', '2023-10-15 12:30:00', '1', '2017-09-13 14:16:59', '2017-09-13 14:16:59', '5ac81b30-67a6-4036-8cdf-a555c0348a5d'),
 ('4004', '4', '2023-10-22 11:00:00', '2023-10-22 12:30:00', '1', '2017-09-13 14:16:59', '2017-09-13 14:16:59', 'd4e96b39-822a-4f53-bd48-64a64424f1ef'),
 ('4005', '4', '2023-10-29 11:00:00', '2023-10-29 12:30:00', '1', '2017-09-13 14:16:59', '2017-09-13 14:16:59', 'f168cb68-2670-4260-8f5e-3760a54471d1'),
 ('4006', '4', '2023-11-05 11:00:00', '2023-11-05 12:30:00', '1', '2017-09-13 14:16:59', '2017-09-13 14:16:59', 'f62b0517-2530-42e0-9538-f853c0955d86'),
 ('4007', '4', '2023-11-12 11:00:00', '2023-11-12 12:30:00', '1', '2017-09-13 14:16:59', '2017-09-13 14:16:59', '3d9d95b4-9045-4eab-bc93-58633a6e67c6'),
 ('4008', '4', '2023-11-19 11:00:00', '2023-11-19 12:30:00', '1', '2017-09-13 14:16:59', '2017-09-13 14:16:59', '46c2d7f4-9458-4204-bcb9-0e90ce91771b'),
 ('4009', '4', '2023-11-26 11:00:00', '2023-11-26 12:30:00', '1', '2017-09-13 14:16:59', '2017-09-13 14:16:59', 'e1de31fa-be87-4275-b065-7a12eb5f8f67'),
 ('4010', '4', '2023-12-03 11:00:00', '2023-12-03 12:30:00', '1', '2017-09-13 14:16:59', '2017-09-13 14:16:59', '42e18fe6-626d-4f3d-927f-c1f5ea46879b'),
 ('4011', '4', '2023-12-10 11:00:00', '2023-12-10 12:30:00', '1', '2017-09-13 14:16:59', '2017-09-13 14:16:59', '43a6ed2c-d2a0-4c93-bf15-b6d8dc855052'),
 ('4012', '4', '2023-12-17 11:00:00', '2023-12-17 12:30:00', '1', '2017-09-13 14:16:59', '2017-09-13 14:16:59', '748ab9eb-57a2-48c6-9c76-d31127839b22'),
 ('4013', '4', '2023-12-24 11:00:00', '2023-12-24 12:30:00', '1', '2017-09-13 14:16:59', '2017-09-13 14:16:59', '06c4bd23-f5aa-4287-ba69-77b5879adf05'),
 ('4014', '4', '2023-12-31 11:00:00', '2023-12-31 12:30:00', '1', '2017-09-13 14:16:59', '2017-09-13 14:16:59', '66d8251c-9502-4c6b-962c-08cf38130255'),
 ('4015', '4', '2024-01-07 11:00:00', '2024-01-07 12:30:00', '1', '2017-09-13 14:16:59', '2017-09-13 14:16:59', '52773311-4004-43db-a3eb-04fa138ef229'),
 ('4016', '4', '2024-01-14 11:00:00', '2024-01-14 12:30:00', '1', '2017-09-13 14:16:59', '2017-09-13 14:16:59', 'f18d1fe3-81d5-4434-9248-a74ac29651ec'),
 ('4017', '4', '2024-01-21 11:00:00', '2024-01-21 12:30:00', '1', '2017-09-13 14:16:59', '2017-09-13 14:16:59', '0029b610-4da5-4d07-9fbe-83799473f8a0'),
 ('4018', '4', '2024-01-28 11:00:00', '2024-01-28 12:30:00', '1', '2017-09-13 14:16:59', '2017-09-13 14:16:59', '4e357a78-cb05-4d16-9c82-5ea0279bbf4a'),
 ('4019', '4', '2024-02-04 11:00:00', '2024-02-04 12:30:00', '1', '2017-09-13 14:16:59', '2017-09-13 14:16:59', '1e470b0a-dcf5-4430-837a-ad6e4ec7881f'),
 ('4020', '4', '2024-02-11 11:00:00', '2024-02-11 12:30:00', '1', '2017-09-13 14:16:59', '2017-09-13 14:16:59', '0d3fbfd5-2057-4b70-b0b4-9deba11b2e39'),
 ('4021', '4', '2024-02-18 11:00:00', '2024-02-18 12:30:00', '1', '2017-09-13 14:16:59', '2017-09-13 14:16:59', '795825fa-168c-47eb-ad3b-d9d62e3c0b73'),
 ('4022', '4', '2024-02-25 11:00:00', '2024-02-25 12:30:00', '1', '2017-09-13 14:16:59', '2017-09-13 14:16:59', 'c6274c01-5908-4618-b7d4-e3774989dca7'),
 ('4023', '4', '2024-03-03 11:00:00', '2024-03-03 12:30:00', '1', '2017-09-13 14:16:59', '2017-09-13 14:16:59', '41ae49e0-76f6-4d85-bb42-a1ef2c33d26c'),
 ('4024', '4', '2024-03-10 11:00:00', '2024-03-10 12:30:00', '1', '2017-09-13 14:16:59', '2017-09-13 14:16:59', '3c70c484-f211-423e-b20c-51c8acf44f03'),
 ('4025', '4', '2024-03-17 11:00:00', '2024-03-17 12:30:00', '1', '2017-09-13 14:16:59', '2017-09-13 14:16:59', 'c46c5408-000b-451e-9034-72534332d251'),
 ('4026', '4', '2024-03-24 11:00:00', '2024-03-24 12:30:00', '1', '2017-09-13 14:16:59', '2017-09-13 14:16:59', 'a3e7365e-82d0-4ce5-9bfb-e408ddc062f1'),
 ('4027', '4', '2024-03-31 11:00:00', '2024-03-31 12:30:00', '1', '2017-09-13 14:16:59', '2017-09-13 14:16:59', 'd299b00c-1fe6-4174-a2d3-eefcca40558b'),
 ('4028', '4', '2024-04-07 11:00:00', '2024-04-07 12:30:00', '1', '2017-09-13 14:16:59', '2017-09-13 14:16:59', '08e7eafa-8727-476d-9253-9e9ca45cce1c'),
 ('4029', '4', '2024-04-14 11:00:00', '2024-04-14 12:30:00', '1', '2017-09-13 14:16:59', '2017-09-13 14:16:59', 'e4458301-ed1c-4805-a157-6ae0086eb185'),
 ('4030', '4', '2024-04-21 11:00:00', '2024-04-21 12:30:00', '1', '2017-09-13 14:16:59', '2017-09-13 14:16:59', '9671714d-4caf-496c-afe6-e5bac83e9ad2'),
 ('4031', '4', '2024-04-28 11:00:00', '2024-04-28 12:30:00', '1', '2017-09-13 14:16:59', '2017-09-13 14:16:59', 'e7655c53-c706-4665-b819-c33446f3ac62'),
 ('4032', '4', '2024-05-05 11:00:00', '2024-05-05 12:30:00', '1', '2017-09-13 14:16:59', '2017-09-13 14:16:59', '144bb339-9911-49f4-ad76-7241fc23345c'),
 ('4033', '4', '2024-05-12 11:00:00', '2024-05-12 12:30:00', '1', '2017-09-13 14:16:59', '2017-09-13 14:16:59', '59ec99dc-92a7-464d-9534-acf44f1853ca'),
 ('4034', '4', '2024-05-19 11:00:00', '2024-05-19 12:30:00', '1', '2017-09-13 14:16:59', '2017-09-13 14:16:59', 'b03714aa-6704-42c0-ab5e-354b5b5a26e1'),
 ('4035', '4', '2024-05-26 11:00:00', '2024-05-26 12:30:00', '1', '2017-09-13 14:16:59', '2017-09-13 14:16:59', '458c7855-9dc2-4c4f-9813-337ddbbd6cba'),
 ('4036', '4', '2024-06-02 11:00:00', '2024-06-02 12:30:00', '1', '2017-09-13 14:16:59', '2017-09-13 14:16:59', '1d25afa6-8a25-4a90-bb81-3beb9fde3e05'),
 ('4037', '4', '2024-06-09 11:00:00', '2024-06-09 12:30:00', '1', '2017-09-13 14:16:59', '2017-09-13 14:16:59', '310e2af1-fb7f-4810-86a6-ceb347c19b00'),
 ('4038', '4', '2024-06-16 11:00:00', '2024-06-16 12:30:00', '1', '2017-09-13 14:16:59', '2017-09-13 14:16:59', '211d430d-b286-4ea3-ba1c-f1057e396e1c'),
 ('4039', '4', '2024-06-23 11:00:00', '2024-06-23 12:30:00', '1', '2017-09-13 14:16:59', '2017-09-13 14:16:59', '13999d50-d16c-4877-b74e-6b33aab76083'),
 ('4040', '4', '2024-06-30 11:00:00', '2024-06-30 12:30:00', '1', '2017-09-13 14:16:59', '2017-09-13 14:16:59', '65d6a360-ff12-44f8-9bf6-f018766bad1c'),
 ('4041', '4', '2024-07-07 11:00:00', '2024-07-07 12:30:00', '1', '2017-09-13 14:16:59', '2017-09-13 14:16:59', '74c348bd-67d7-43c5-a6d5-3f866fb75f5f'),
 ('4042', '4', '2024-07-14 11:00:00', '2024-07-14 12:30:00', '1', '2017-09-13 14:16:59', '2017-09-13 14:16:59', 'f620271e-4685-4b89-8955-17321d827c95'),
 ('4043', '4', '2024-07-21 11:00:00', '2024-07-21 12:30:00', '1', '2017-09-13 14:16:59', '2017-09-13 14:16:59', '919d738b-e6bb-43f9-9d9e-3c38735aa54d'),
 ('4044', '4', '2024-07-28 11:00:00', '2024-07-28 12:30:00', '1', '2017-09-13 14:16:59', '2017-09-13 14:16:59', '9926df4d-2b7f-4b5d-8c2a-aab0ff8569e1'),
 ('4045', '4', '2024-08-04 11:00:00', '2024-08-04 12:30:00', '1', '2017-09-13 14:16:59', '2017-09-13 14:16:59', '9f7b6a1f-dcb3-4131-8293-3ceb30824014'),
 ('4046', '4', '2024-08-11 11:00:00', '2024-08-11 12:30:00', '1', '2017-09-13 14:16:59', '2017-09-13 14:16:59', '09b98fe0-66b3-4d78-a876-a03b18db33d5'),
 ('4047', '4', '2024-08-18 11:00:00', '2024-08-18 12:30:00', '1', '2017-09-13 14:16:59', '2017-09-13 14:16:59', 'd1bd3308-b05a-4caf-9eb5-064226185528'),
 ('4048', '4', '2024-08-25 11:00:00', '2024-08-25 12:30:00', '1', '2017-09-13 14:16:59', '2017-09-13 14:16:59', '88fe6e99-155c-485b-a414-39021f7a6f4f'),
 ('4049', '4', '2024-09-01 11:00:00', '2024-09-01 12:30:00', '1', '2017-09-13 14:16:59', '2017-09-13 14:16:59', 'dbcf4bf5-7cf9-4846-9b55-a161bccfc280'),
 ('4050', '4', '2024-09-08 11:00:00', '2024-09-08 12:30:00', '1', '2017-09-13 14:16:59', '2017-09-13 14:16:59', 'ff45cf62-f222-49b2-9471-676e1f815c3a'),
 ('4051', '4', '2024-09-15 11:00:00', '2024-09-15 12:30:00', '1', '2017-09-13 14:16:59', '2017-09-13 14:16:59', '2d9f25ad-abbb-4efd-b4f2-787ddb7ead50'),
 ('4052', '4', '2024-09-22 11:00:00', '2024-09-22 12:30:00', '1', '2017-09-13 14:16:59', '2017-09-13 14:16:59', 'a9fa6b86-5b9b-4a87-a855-6e618bad748e'),
 ('4053', '4', '2024-09-29 11:00:00', '2024-09-29 12:30:00', '1', '2017-09-13 14:16:59', '2017-09-13 14:16:59', '68ce3e68-1938-4ca0-b7bd-3f486fcff877'),
 ('4054', '4', '2024-10-06 11:00:00', '2024-10-06 12:30:00', '1', '2017-09-13 14:16:59', '2017-09-13 14:16:59', '4f9d8a1e-ada4-43a8-be98-9db702e66e70'),
 ('4055', '4', '2024-10-13 11:00:00', '2024-10-13 12:30:00', '1', '2017-09-13 14:16:59', '2017-09-13 14:16:59', '1500cc70-2f78-48bc-8aff-4ee0a2f3bd95'),
 ('4056', '4', '2024-10-20 11:00:00', '2024-10-20 12:30:00', '1', '2017-09-13 14:16:59', '2017-09-13 14:16:59', 'caf0e86d-3938-4e95-8ac8-063074dc3e84'),
 ('4057', '4', '2024-10-27 11:00:00', '2024-10-27 12:30:00', '1', '2017-09-13 14:16:59', '2017-09-13 14:16:59', '4989f6e4-79d1-407b-b938-1c52072576c1'),
 ('4058', '4', '2024-11-03 11:00:00', '2024-11-03 12:30:00', '1', '2017-09-13 14:16:59', '2017-09-13 14:16:59', 'd5ecb99d-3273-4d99-9d57-8b2d6b9ca7d8'),
 ('4059', '4', '2024-11-10 11:00:00', '2024-11-10 12:30:00', '1', '2017-09-13 14:16:59', '2017-09-13 14:16:59', '985b5f7c-7be7-4c86-b5eb-82d63c396ca6'),
 ('4060', '4', '2024-11-17 11:00:00', '2024-11-17 12:30:00', '1', '2017-09-13 14:16:59', '2017-09-13 14:16:59', '52bad9bd-3f6d-4fc0-8aff-75730ad0f211'),
 ('4061', '4', '2024-11-24 11:00:00', '2024-11-24 12:30:00', '1', '2017-09-13 14:16:59', '2017-09-13 14:16:59', 'f05a07d9-bcc6-4202-ab75-7c73b9675f2a'),
 ('4062', '4', '2024-12-01 11:00:00', '2024-12-01 12:30:00', '1', '2017-09-13 14:16:59', '2017-09-13 14:16:59', '6f20adcc-c371-498a-ba89-882f5dad0d8a'),
 ('4063', '4', '2024-12-08 11:00:00', '2024-12-08 12:30:00', '1', '2017-09-13 14:16:59', '2017-09-13 14:16:59', '4b10e306-a55c-4c47-9afd-afc433a4327f'),
 ('4064', '4', '2024-12-15 11:00:00', '2024-12-15 12:30:00', '1', '2017-09-13 14:16:59', '2017-09-13 14:16:59', 'e02c1269-bc88-43a4-8c2a-643e38430e06'),
 ('4065', '4', '2024-12-22 11:00:00', '2024-12-22 12:30:00', '1', '2017-09-13 14:16:59', '2017-09-13 14:16:59', 'b1d3da34-e826-45d4-afc6-9b49fa40ef96'),
 ('4066', '4', '2024-12-29 11:00:00', '2024-12-29 12:30:00', '1', '2017-09-13 14:16:59', '2017-09-13 14:16:59', 'b5c92fa6-d535-4280-9519-730a5bfab9f9'),
 ('4067', '4', '2025-01-05 11:00:00', '2025-01-05 12:30:00', '1', '2017-09-13 14:16:59', '2017-09-13 14:16:59', 'b6066555-2138-4cd9-9b6c-f9bc1d1165f9'),
 ('4068', '4', '2025-01-12 11:00:00', '2025-01-12 12:30:00', '1', '2017-09-13 14:16:59', '2017-09-13 14:16:59', '39a1e7a5-abd4-4722-bb1c-7c5ce39b5013'),
 ('4069', '4', '2025-01-19 11:00:00', '2025-01-19 12:30:00', '1', '2017-09-13 14:16:59', '2017-09-13 14:16:59', 'ca8a379f-014c-4b98-8a4c-31aa01a8c3ca'),
 ('4070', '4', '2025-01-26 11:00:00', '2025-01-26 12:30:00', '1', '2017-09-13 14:16:59', '2017-09-13 14:16:59', 'd1c42cf2-ff7e-4907-8402-0670bd3cb5e5'),
 ('4071', '4', '2025-02-02 11:00:00', '2025-02-02 12:30:00', '1', '2017-09-13 14:16:59', '2017-09-13 14:16:59', '0c4d5989-8a1b-436d-adb9-d2d5a0cee323'),
 ('4072', '4', '2025-02-09 11:00:00', '2025-02-09 12:30:00', '1', '2017-09-13 14:16:59', '2017-09-13 14:16:59', 'fc044ed9-4a24-4e92-a980-9cdc6c250e01'),
 ('4073', '4', '2025-02-16 11:00:00', '2025-02-16 12:30:00', '1', '2017-09-13 14:16:59', '2017-09-13 14:16:59', 'c547d9cb-7a49-49a3-8900-6e853f245884'),
 ('4074', '4', '2025-02-23 11:00:00', '2025-02-23 12:30:00', '1', '2017-09-13 14:16:59', '2017-09-13 14:16:59', '3041e8e7-14b9-4e35-ade3-a718ea33f993'),
 ('4075', '4', '2025-03-02 11:00:00', '2025-03-02 12:30:00', '1', '2017-09-13 14:16:59', '2017-09-13 14:16:59', '8e9f0a52-2b9e-4e47-b6d0-1de05631af9b'),
 ('4076', '4', '2025-03-09 11:00:00', '2025-03-09 12:30:00', '1', '2017-09-13 14:16:59', '2017-09-13 14:16:59', 'a8b07896-f624-4438-b4f1-a8036fd31c8f'),
 ('4077', '4', '2025-03-16 11:00:00', '2025-03-16 12:30:00', '1', '2017-09-13 14:16:59', '2017-09-13 14:16:59', '0b74caac-b7de-4fea-97f7-38fecf9bb57d'),
 ('4078', '4', '2025-03-23 11:00:00', '2025-03-23 12:30:00', '1', '2017-09-13 14:16:59', '2017-09-13 14:16:59', 'a0b2d27a-dd20-4769-b926-d63597345955'),
 ('4079', '4', '2025-03-30 11:00:00', '2025-03-30 12:30:00', '1', '2017-09-13 14:16:59', '2017-09-13 14:16:59', 'd6f8de85-e81a-4705-984c-8f3d9deacf21'),
 ('4080', '4', '2025-04-06 11:00:00', '2025-04-06 12:30:00', '1', '2017-09-13 14:16:59', '2017-09-13 14:16:59', '7a5f96ea-045e-4053-8394-dbef5bbdde6d'),
 ('4081', '4', '2025-04-13 11:00:00', '2025-04-13 12:30:00', '1', '2017-09-13 14:16:59', '2017-09-13 14:16:59', '03a632d0-840c-4f83-97df-ca2fe0fdb910'),
 ('4082', '4', '2025-04-20 11:00:00', '2025-04-20 12:30:00', '1', '2017-09-13 14:16:59', '2017-09-13 14:16:59', '2c867c84-deba-4d6b-bb16-f40db5128bbd'),
 ('4083', '4', '2025-04-27 11:00:00', '2025-04-27 12:30:00', '1', '2017-09-13 14:16:59', '2017-09-13 14:16:59', '8ff1c56e-277f-4410-8b75-93d9310bda76');
INSERT INTO `craft_venti_recurr` (`eid`, `cid`, `startDate`, `endDate`, `isrepeat`, `dateCreated`, `dateUpdated`, `uid`) VALUES
 ('4084', '4', '2025-05-04 11:00:00', '2025-05-04 12:30:00', '1', '2017-09-13 14:16:59', '2017-09-13 14:16:59', '82287711-0eed-4752-be6c-8c16e34ab142'),
 ('4085', '4', '2025-05-11 11:00:00', '2025-05-11 12:30:00', '1', '2017-09-13 14:16:59', '2017-09-13 14:16:59', 'ba01463b-12c8-483d-af66-bc7e9fde82e7'),
 ('4086', '4', '2025-05-18 11:00:00', '2025-05-18 12:30:00', '1', '2017-09-13 14:16:59', '2017-09-13 14:16:59', '69b7eae0-279c-4c48-84f3-f72c1765c6cb'),
 ('4087', '4', '2025-05-25 11:00:00', '2025-05-25 12:30:00', '1', '2017-09-13 14:16:59', '2017-09-13 14:16:59', '212471bb-7146-4070-aec6-f471f93e833d'),
 ('4088', '4', '2025-06-01 11:00:00', '2025-06-01 12:30:00', '1', '2017-09-13 14:16:59', '2017-09-13 14:16:59', 'be2f1b3f-0379-48d4-98d6-681cd72c5239'),
 ('4089', '4', '2025-06-08 11:00:00', '2025-06-08 12:30:00', '1', '2017-09-13 14:16:59', '2017-09-13 14:16:59', 'e6e44759-ff00-4d6e-94e2-4307b5b678f3'),
 ('4090', '4', '2025-06-15 11:00:00', '2025-06-15 12:30:00', '1', '2017-09-13 14:16:59', '2017-09-13 14:16:59', 'a5984b15-933b-4462-b786-94624c36953c'),
 ('4091', '4', '2025-06-22 11:00:00', '2025-06-22 12:30:00', '1', '2017-09-13 14:16:59', '2017-09-13 14:16:59', 'a18a7d21-1fed-42de-b7ec-c139f86a9f8e'),
 ('4092', '4', '2025-06-29 11:00:00', '2025-06-29 12:30:00', '1', '2017-09-13 14:16:59', '2017-09-13 14:16:59', '74ab7cf0-ae1c-4e15-ad8c-eb5648ce1aed'),
 ('4093', '4', '2025-07-06 11:00:00', '2025-07-06 12:30:00', '1', '2017-09-13 14:16:59', '2017-09-13 14:16:59', 'd086c379-a5fc-409a-a42b-4b652ed2819c'),
 ('4094', '4', '2025-07-13 11:00:00', '2025-07-13 12:30:00', '1', '2017-09-13 14:16:59', '2017-09-13 14:16:59', '31adecd9-3a7e-46f5-92f7-cb3915d81616'),
 ('4095', '4', '2025-07-20 11:00:00', '2025-07-20 12:30:00', '1', '2017-09-13 14:16:59', '2017-09-13 14:16:59', '96c4792c-7552-47cf-b89a-abcad112a73d'),
 ('4096', '4', '2025-07-27 11:00:00', '2025-07-27 12:30:00', '1', '2017-09-13 14:16:59', '2017-09-13 14:16:59', 'b45e6469-eafd-4e3d-b12e-53a135254ab6'),
 ('4097', '4', '2025-08-03 11:00:00', '2025-08-03 12:30:00', '1', '2017-09-13 14:16:59', '2017-09-13 14:16:59', '3ebb5f63-cdc4-4114-be0e-868b91112743'),
 ('4098', '4', '2025-08-10 11:00:00', '2025-08-10 12:30:00', '1', '2017-09-13 14:16:59', '2017-09-13 14:16:59', '386584d0-6867-4f0b-ae93-6749106327b9'),
 ('4099', '4', '2025-08-17 11:00:00', '2025-08-17 12:30:00', '1', '2017-09-13 14:16:59', '2017-09-13 14:16:59', '3993ff30-4d52-4dce-b838-6119f26a38ac'),
 ('4100', '4', '2025-08-24 11:00:00', '2025-08-24 12:30:00', '1', '2017-09-13 14:16:59', '2017-09-13 14:16:59', 'f7fd8547-c67d-4ebd-91cc-2d3c8bc09bd0'),
 ('4101', '4', '2025-08-31 11:00:00', '2025-08-31 12:30:00', '1', '2017-09-13 14:16:59', '2017-09-13 14:16:59', '399ebbe1-9454-4a15-83ba-b793e4f2a04a'),
 ('4102', '4', '2025-09-07 11:00:00', '2025-09-07 12:30:00', '1', '2017-09-13 14:16:59', '2017-09-13 14:16:59', '79d9239c-2686-4557-b09a-26a7bd39ed06'),
 ('4103', '4', '2025-09-14 11:00:00', '2025-09-14 12:30:00', '1', '2017-09-13 14:16:59', '2017-09-13 14:16:59', '55e2cf16-2323-4c74-8ed8-9e627fb750a2'),
 ('4104', '4', '2025-09-21 11:00:00', '2025-09-21 12:30:00', '1', '2017-09-13 14:16:59', '2017-09-13 14:16:59', '351c3000-5bf9-49ee-80c3-ad0acfc08ef2'),
 ('4105', '4', '2025-09-28 11:00:00', '2025-09-28 12:30:00', '1', '2017-09-13 14:16:59', '2017-09-13 14:16:59', '3ab3c52d-45d9-4d76-b9e6-f7bf9336654d'),
 ('4106', '4', '2025-10-05 11:00:00', '2025-10-05 12:30:00', '1', '2017-09-13 14:16:59', '2017-09-13 14:16:59', '7de9622f-c9bc-4e6c-9ce5-c048e81103c3'),
 ('4107', '4', '2025-10-12 11:00:00', '2025-10-12 12:30:00', '1', '2017-09-13 14:16:59', '2017-09-13 14:16:59', 'bd70a8ee-507e-487f-a51c-107c685dd678'),
 ('4108', '4', '2025-10-19 11:00:00', '2025-10-19 12:30:00', '1', '2017-09-13 14:16:59', '2017-09-13 14:16:59', 'f6175091-faea-4b06-ab17-c942a5c11dd9'),
 ('4109', '4', '2025-10-26 11:00:00', '2025-10-26 12:30:00', '1', '2017-09-13 14:16:59', '2017-09-13 14:16:59', 'e611b4ba-c280-4fe2-96c5-3196a8b8f074'),
 ('4110', '4', '2025-11-02 11:00:00', '2025-11-02 12:30:00', '1', '2017-09-13 14:16:59', '2017-09-13 14:16:59', '05e1b831-c555-4a85-818a-159e351f40f4'),
 ('4111', '4', '2025-11-09 11:00:00', '2025-11-09 12:30:00', '1', '2017-09-13 14:16:59', '2017-09-13 14:16:59', '2f648b5f-d3b6-44ab-be8b-868522f7fcb3'),
 ('4112', '4', '2025-11-16 11:00:00', '2025-11-16 12:30:00', '1', '2017-09-13 14:16:59', '2017-09-13 14:16:59', '374b9995-0618-430b-a886-4cdaa5d05854'),
 ('4113', '4', '2025-11-23 11:00:00', '2025-11-23 12:30:00', '1', '2017-09-13 14:16:59', '2017-09-13 14:16:59', 'd4ceb9f1-1b2c-4cd2-bc7f-1e754493a9ad'),
 ('4114', '4', '2025-11-30 11:00:00', '2025-11-30 12:30:00', '1', '2017-09-13 14:16:59', '2017-09-13 14:16:59', '64121adc-3936-4b4d-9bf4-0ebe81d864cb'),
 ('4115', '4', '2025-12-07 11:00:00', '2025-12-07 12:30:00', '1', '2017-09-13 14:16:59', '2017-09-13 14:16:59', '90193546-afc8-4cdb-a485-b7db15a2fcbb'),
 ('4116', '4', '2025-12-14 11:00:00', '2025-12-14 12:30:00', '1', '2017-09-13 14:16:59', '2017-09-13 14:16:59', 'b44eca18-bda4-4a25-9ab1-5147a6577780'),
 ('4117', '4', '2025-12-21 11:00:00', '2025-12-21 12:30:00', '1', '2017-09-13 14:16:59', '2017-09-13 14:16:59', 'c42f392f-2b42-485c-b158-a2c9f31acb10'),
 ('4118', '4', '2025-12-28 11:00:00', '2025-12-28 12:30:00', '1', '2017-09-13 14:16:59', '2017-09-13 14:16:59', 'c2974514-25f2-4863-8fb6-38d1e30ddbad'),
 ('4119', '4', '2026-01-04 11:00:00', '2026-01-04 12:30:00', '1', '2017-09-13 14:16:59', '2017-09-13 14:16:59', 'aef66c1d-66ef-427c-acdc-1510ed680e5e'),
 ('4120', '4', '2026-01-11 11:00:00', '2026-01-11 12:30:00', '1', '2017-09-13 14:16:59', '2017-09-13 14:16:59', 'c7bd2a4e-6120-45bc-9846-0cd986492f1d'),
 ('4121', '4', '2026-01-18 11:00:00', '2026-01-18 12:30:00', '1', '2017-09-13 14:16:59', '2017-09-13 14:16:59', '5e7b27fa-4d09-4fa2-8dd9-5459aaa3b0ce'),
 ('4122', '4', '2026-01-25 11:00:00', '2026-01-25 12:30:00', '1', '2017-09-13 14:16:59', '2017-09-13 14:16:59', 'a03521f0-e7c6-453d-a684-25202c6c2f29'),
 ('4123', '4', '2026-02-01 11:00:00', '2026-02-01 12:30:00', '1', '2017-09-13 14:16:59', '2017-09-13 14:16:59', '8f53aca5-0ca3-46a3-a9a1-3a93ad0ddc88'),
 ('4124', '4', '2026-02-08 11:00:00', '2026-02-08 12:30:00', '1', '2017-09-13 14:16:59', '2017-09-13 14:16:59', '9ed5a6be-9c4f-40e4-9832-86c422da8831'),
 ('4125', '4', '2026-02-15 11:00:00', '2026-02-15 12:30:00', '1', '2017-09-13 14:16:59', '2017-09-13 14:16:59', '735629c3-6410-40e4-a7ae-39db4e1ccbcf'),
 ('4126', '4', '2026-02-22 11:00:00', '2026-02-22 12:30:00', '1', '2017-09-13 14:16:59', '2017-09-13 14:16:59', '49276940-5f3b-45c8-9dd5-f1215e3eeb0f'),
 ('4127', '4', '2026-03-01 11:00:00', '2026-03-01 12:30:00', '1', '2017-09-13 14:16:59', '2017-09-13 14:16:59', '64bcf5ce-5dfc-422a-a799-477350af2026'),
 ('4128', '4', '2026-03-08 11:00:00', '2026-03-08 12:30:00', '1', '2017-09-13 14:16:59', '2017-09-13 14:16:59', '7c2d6ddc-dc36-4acf-8f73-43bc87399e07'),
 ('4129', '4', '2026-03-15 11:00:00', '2026-03-15 12:30:00', '1', '2017-09-13 14:16:59', '2017-09-13 14:16:59', '08722b36-d163-4ea5-8c50-7e47ddea8844'),
 ('4130', '4', '2026-03-22 11:00:00', '2026-03-22 12:30:00', '1', '2017-09-13 14:16:59', '2017-09-13 14:16:59', 'c8a132b0-7f2d-4a38-8ff9-11d93e44fe82'),
 ('4131', '4', '2026-03-29 11:00:00', '2026-03-29 12:30:00', '1', '2017-09-13 14:16:59', '2017-09-13 14:16:59', '992566ed-df28-47e8-af5b-2e64535df6a3'),
 ('4132', '4', '2026-04-05 11:00:00', '2026-04-05 12:30:00', '1', '2017-09-13 14:16:59', '2017-09-13 14:16:59', '3aad5d45-742f-4aa1-8edf-16f703f0c876'),
 ('4133', '4', '2026-04-12 11:00:00', '2026-04-12 12:30:00', '1', '2017-09-13 14:16:59', '2017-09-13 14:16:59', '014dcda2-4eb8-448a-ae42-8e436eb480f1'),
 ('4134', '4', '2026-04-19 11:00:00', '2026-04-19 12:30:00', '1', '2017-09-13 14:16:59', '2017-09-13 14:16:59', 'b3c17eea-428b-408c-8f3f-a60a4e5b73c4'),
 ('4135', '4', '2026-04-26 11:00:00', '2026-04-26 12:30:00', '1', '2017-09-13 14:16:59', '2017-09-13 14:16:59', '07be4268-a30e-4c5c-ab78-0162188197ee'),
 ('4136', '4', '2026-05-03 11:00:00', '2026-05-03 12:30:00', '1', '2017-09-13 14:16:59', '2017-09-13 14:16:59', '6f3d27af-9925-4539-a9e2-a3dad3fec462'),
 ('4137', '4', '2026-05-10 11:00:00', '2026-05-10 12:30:00', '1', '2017-09-13 14:16:59', '2017-09-13 14:16:59', '9a821720-038d-4bb8-9427-9eb949767b63'),
 ('4138', '4', '2026-05-17 11:00:00', '2026-05-17 12:30:00', '1', '2017-09-13 14:16:59', '2017-09-13 14:16:59', '9c8844a0-596d-4784-8523-7503f2ee404d'),
 ('4139', '4', '2026-05-24 11:00:00', '2026-05-24 12:30:00', '1', '2017-09-13 14:16:59', '2017-09-13 14:16:59', 'a80bd175-6d6a-4d45-a793-3037fe1de490'),
 ('4140', '4', '2026-05-31 11:00:00', '2026-05-31 12:30:00', '1', '2017-09-13 14:16:59', '2017-09-13 14:16:59', '0e1eee39-96e5-457e-afea-2804dcc902d0'),
 ('4141', '4', '2026-06-07 11:00:00', '2026-06-07 12:30:00', '1', '2017-09-13 14:16:59', '2017-09-13 14:16:59', '64597b93-eff3-4187-92b8-548bd93ec602'),
 ('4142', '4', '2026-06-14 11:00:00', '2026-06-14 12:30:00', '1', '2017-09-13 14:16:59', '2017-09-13 14:16:59', '8970074c-3c03-4c86-bb3b-04863f075475'),
 ('4143', '4', '2026-06-21 11:00:00', '2026-06-21 12:30:00', '1', '2017-09-13 14:16:59', '2017-09-13 14:16:59', '3421b8d9-31fb-4082-a87b-d779cfc66a5f'),
 ('4144', '4', '2026-06-28 11:00:00', '2026-06-28 12:30:00', '1', '2017-09-13 14:16:59', '2017-09-13 14:16:59', 'f6ac9970-f3d9-4746-8dfe-1f7aa6dd57ba'),
 ('4145', '4', '2026-07-05 11:00:00', '2026-07-05 12:30:00', '1', '2017-09-13 14:16:59', '2017-09-13 14:16:59', '4fdb6d73-d2dc-4af7-ad76-23ce0dc1edbd'),
 ('4146', '4', '2026-07-12 11:00:00', '2026-07-12 12:30:00', '1', '2017-09-13 14:16:59', '2017-09-13 14:16:59', 'fa2d517e-bb12-4044-8b7c-aab944fb19dd'),
 ('4147', '4', '2026-07-19 11:00:00', '2026-07-19 12:30:00', '1', '2017-09-13 14:16:59', '2017-09-13 14:16:59', '5b7b55a8-5f5c-43d8-a3a4-84df74b7e9f8'),
 ('4148', '4', '2026-07-26 11:00:00', '2026-07-26 12:30:00', '1', '2017-09-13 14:16:59', '2017-09-13 14:16:59', 'e5aa7a16-ff73-4ead-8e15-9d9f617bbe2e'),
 ('4149', '4', '2026-08-02 11:00:00', '2026-08-02 12:30:00', '1', '2017-09-13 14:16:59', '2017-09-13 14:16:59', '4a730361-1b04-4d0a-9dc9-6286f9c9fd46'),
 ('4150', '4', '2026-08-09 11:00:00', '2026-08-09 12:30:00', '1', '2017-09-13 14:16:59', '2017-09-13 14:16:59', '2e80a4de-074a-4499-b4ed-9592f1e494c0'),
 ('4151', '4', '2026-08-16 11:00:00', '2026-08-16 12:30:00', '1', '2017-09-13 14:16:59', '2017-09-13 14:16:59', '73ab1073-0fb6-4e3e-8dcd-60455516493f'),
 ('4152', '4', '2026-08-23 11:00:00', '2026-08-23 12:30:00', '1', '2017-09-13 14:16:59', '2017-09-13 14:16:59', 'bb4eb234-6da9-4b43-8f7b-f425c8ca77d6'),
 ('4153', '4', '2026-08-30 11:00:00', '2026-08-30 12:30:00', '1', '2017-09-13 14:16:59', '2017-09-13 14:16:59', 'cdba5715-a0da-4bed-8a1b-ebe4076afb2e'),
 ('4154', '4', '2026-09-06 11:00:00', '2026-09-06 12:30:00', '1', '2017-09-13 14:16:59', '2017-09-13 14:16:59', '42fd64e8-1b6c-4171-9b01-0b759956c550'),
 ('4155', '4', '2026-09-13 11:00:00', '2026-09-13 12:30:00', '1', '2017-09-13 14:16:59', '2017-09-13 14:16:59', '2643357a-633a-4cd9-89db-b5ef70669009'),
 ('4156', '4', '2026-09-20 11:00:00', '2026-09-20 12:30:00', '1', '2017-09-13 14:16:59', '2017-09-13 14:16:59', '2435d046-7d09-4fab-969b-49b51fd98058'),
 ('4157', '4', '2026-09-27 11:00:00', '2026-09-27 12:30:00', '1', '2017-09-13 14:16:59', '2017-09-13 14:16:59', '392f4ab9-7d59-4af8-a3e4-f1cdc03fda09'),
 ('4158', '4', '2026-10-04 11:00:00', '2026-10-04 12:30:00', '1', '2017-09-13 14:16:59', '2017-09-13 14:16:59', 'b237068d-ba76-4b90-9b56-4b22786d83f0'),
 ('4159', '4', '2026-10-11 11:00:00', '2026-10-11 12:30:00', '1', '2017-09-13 14:16:59', '2017-09-13 14:16:59', 'c5d39a53-1494-4021-b7fe-6d19992025bd'),
 ('4160', '4', '2026-10-18 11:00:00', '2026-10-18 12:30:00', '1', '2017-09-13 14:16:59', '2017-09-13 14:16:59', '09ffd568-d439-403f-8f1f-0939aa3a0cfc'),
 ('4161', '4', '2026-10-25 11:00:00', '2026-10-25 12:30:00', '1', '2017-09-13 14:16:59', '2017-09-13 14:16:59', '7fbad13f-c5c6-4c92-9d56-9437972aa9d7'),
 ('4162', '4', '2026-11-01 11:00:00', '2026-11-01 12:30:00', '1', '2017-09-13 14:16:59', '2017-09-13 14:16:59', '26e574cc-1145-4229-be86-e9197027165e'),
 ('4163', '4', '2026-11-08 11:00:00', '2026-11-08 12:30:00', '1', '2017-09-13 14:16:59', '2017-09-13 14:16:59', '2359a2f0-8cc0-41e5-b186-6f91a26dd507'),
 ('4164', '4', '2026-11-15 11:00:00', '2026-11-15 12:30:00', '1', '2017-09-13 14:16:59', '2017-09-13 14:16:59', 'da122c56-a4a1-404b-99f2-3b9888f0d421'),
 ('4165', '4', '2026-11-22 11:00:00', '2026-11-22 12:30:00', '1', '2017-09-13 14:16:59', '2017-09-13 14:16:59', 'd1182833-3395-4da7-94e4-9c2cb3093126'),
 ('4166', '4', '2026-11-29 11:00:00', '2026-11-29 12:30:00', '1', '2017-09-13 14:16:59', '2017-09-13 14:16:59', 'f73bbee4-134e-4ef8-bd3e-ca23284807f9'),
 ('4167', '4', '2026-12-06 11:00:00', '2026-12-06 12:30:00', '1', '2017-09-13 14:16:59', '2017-09-13 14:16:59', '102f1271-20b5-421a-9c43-6bf1a84b3836'),
 ('4168', '4', '2026-12-13 11:00:00', '2026-12-13 12:30:00', '1', '2017-09-13 14:16:59', '2017-09-13 14:16:59', '7a85fa28-5cba-4a77-9e25-570175e6df2e'),
 ('4169', '4', '2026-12-20 11:00:00', '2026-12-20 12:30:00', '1', '2017-09-13 14:16:59', '2017-09-13 14:16:59', 'ba020434-83a4-4f9c-a304-3a7d248f827e'),
 ('4170', '4', '2026-12-27 11:00:00', '2026-12-27 12:30:00', '1', '2017-09-13 14:16:59', '2017-09-13 14:16:59', '490a752d-cf29-4a93-a1e6-e33be36c7991'),
 ('4171', '4', '2027-01-03 11:00:00', '2027-01-03 12:30:00', '1', '2017-09-13 14:16:59', '2017-09-13 14:16:59', '9f834d43-73af-4e7d-a35e-cadc504289b2'),
 ('4172', '4', '2027-01-10 11:00:00', '2027-01-10 12:30:00', '1', '2017-09-13 14:16:59', '2017-09-13 14:16:59', 'fd07ef85-46ab-458d-9fb6-06dcdf8a9166'),
 ('4173', '4', '2027-01-17 11:00:00', '2027-01-17 12:30:00', '1', '2017-09-13 14:16:59', '2017-09-13 14:16:59', '708383c9-6f05-4aa2-b6dd-36179aed6f37'),
 ('4174', '4', '2027-01-24 11:00:00', '2027-01-24 12:30:00', '1', '2017-09-13 14:16:59', '2017-09-13 14:16:59', 'e26d71d8-0b00-4573-be58-648282e3a246'),
 ('4175', '4', '2027-01-31 11:00:00', '2027-01-31 12:30:00', '1', '2017-09-13 14:16:59', '2017-09-13 14:16:59', '2cbd51b1-bbe4-4f48-a7d0-05343a0a030f'),
 ('4176', '4', '2027-02-07 11:00:00', '2027-02-07 12:30:00', '1', '2017-09-13 14:16:59', '2017-09-13 14:16:59', 'b7ddb4c4-887c-4689-817b-48f76b9955e2'),
 ('4177', '4', '2027-02-14 11:00:00', '2027-02-14 12:30:00', '1', '2017-09-13 14:16:59', '2017-09-13 14:16:59', '07a489ed-bd3a-4417-81e8-872b1ba096ec'),
 ('4178', '4', '2027-02-21 11:00:00', '2027-02-21 12:30:00', '1', '2017-09-13 14:16:59', '2017-09-13 14:16:59', '8d9e5bf0-8a6e-4dca-b27e-399243f3823b'),
 ('4179', '4', '2027-02-28 11:00:00', '2027-02-28 12:30:00', '1', '2017-09-13 14:16:59', '2017-09-13 14:16:59', '128c7a94-086d-4591-b81b-0708f6cc3ae0'),
 ('4180', '4', '2027-03-07 11:00:00', '2027-03-07 12:30:00', '1', '2017-09-13 14:16:59', '2017-09-13 14:16:59', '1c8a0d45-66e5-4fd2-8b25-511704b8af45'),
 ('4181', '4', '2027-03-14 11:00:00', '2027-03-14 12:30:00', '1', '2017-09-13 14:16:59', '2017-09-13 14:16:59', 'c84575c4-05b3-4264-9054-6d6be9db4961'),
 ('4182', '4', '2027-03-21 11:00:00', '2027-03-21 12:30:00', '1', '2017-09-13 14:16:59', '2017-09-13 14:16:59', 'a2569f15-36ea-4050-b6a1-8b07b02dc25e'),
 ('4183', '4', '2027-03-28 11:00:00', '2027-03-28 12:30:00', '1', '2017-09-13 14:16:59', '2017-09-13 14:16:59', '3d70ea6c-c41f-4a9a-aef2-99abe0da1561');
INSERT INTO `craft_venti_recurr` (`eid`, `cid`, `startDate`, `endDate`, `isrepeat`, `dateCreated`, `dateUpdated`, `uid`) VALUES
 ('4184', '4', '2027-04-04 11:00:00', '2027-04-04 12:30:00', '1', '2017-09-13 14:16:59', '2017-09-13 14:16:59', 'c2c01db5-0788-4ff6-bc2d-65534c86ca61'),
 ('4185', '4', '2027-04-11 11:00:00', '2027-04-11 12:30:00', '1', '2017-09-13 14:16:59', '2017-09-13 14:16:59', '409bcea9-ac27-443d-b0d8-a0196d984794'),
 ('4186', '4', '2027-04-18 11:00:00', '2027-04-18 12:30:00', '1', '2017-09-13 14:16:59', '2017-09-13 14:16:59', 'fa30be5b-7bf9-4941-85dd-a8b266f76fe5'),
 ('4187', '4', '2027-04-25 11:00:00', '2027-04-25 12:30:00', '1', '2017-09-13 14:16:59', '2017-09-13 14:16:59', '70e99866-0003-47e6-ae77-550131df4cfa'),
 ('4188', '4', '2027-05-02 11:00:00', '2027-05-02 12:30:00', '1', '2017-09-13 14:16:59', '2017-09-13 14:16:59', '5b2e5d6b-96df-4e3e-916f-49f76956819b'),
 ('4189', '4', '2027-05-09 11:00:00', '2027-05-09 12:30:00', '1', '2017-09-13 14:16:59', '2017-09-13 14:16:59', '1d84d5a5-bc81-4076-9687-e18e228105f8'),
 ('4190', '4', '2027-05-16 11:00:00', '2027-05-16 12:30:00', '1', '2017-09-13 14:16:59', '2017-09-13 14:16:59', '68d6dfb7-9c8a-4cf4-a56d-0e2c76e3ad91'),
 ('4191', '4', '2027-05-23 11:00:00', '2027-05-23 12:30:00', '1', '2017-09-13 14:16:59', '2017-09-13 14:16:59', 'a79cf551-2c3f-44a5-ae9c-72009477323f'),
 ('4192', '4', '2027-05-30 11:00:00', '2027-05-30 12:30:00', '1', '2017-09-13 14:16:59', '2017-09-13 14:16:59', '94d4cb97-2b1d-42d0-b2e1-6857399aa9ec'),
 ('4193', '4', '2027-06-06 11:00:00', '2027-06-06 12:30:00', '1', '2017-09-13 14:16:59', '2017-09-13 14:16:59', 'ddda1692-8cdb-44a3-868d-4fe044bf07f0'),
 ('4194', '4', '2027-06-13 11:00:00', '2027-06-13 12:30:00', '1', '2017-09-13 14:16:59', '2017-09-13 14:16:59', '10e815e3-30ab-4efa-a3a7-69aa8e9dd08e'),
 ('4195', '4', '2027-06-20 11:00:00', '2027-06-20 12:30:00', '1', '2017-09-13 14:16:59', '2017-09-13 14:16:59', '813cdf32-76fc-45ae-be99-cc35fc9bc6a0'),
 ('4196', '4', '2027-06-27 11:00:00', '2027-06-27 12:30:00', '1', '2017-09-13 14:16:59', '2017-09-13 14:16:59', '15cc7f31-de55-43c9-9e24-a29365aa077c'),
 ('4197', '4', '2027-07-04 11:00:00', '2027-07-04 12:30:00', '1', '2017-09-13 14:16:59', '2017-09-13 14:16:59', '1d202fda-fef9-43b4-891c-80f9037e7c65'),
 ('4198', '4', '2027-07-11 11:00:00', '2027-07-11 12:30:00', '1', '2017-09-13 14:16:59', '2017-09-13 14:16:59', '1814f993-0ab4-4f75-9c11-b70de27d18a9'),
 ('4199', '4', '2027-07-18 11:00:00', '2027-07-18 12:30:00', '1', '2017-09-13 14:16:59', '2017-09-13 14:16:59', 'ec2adf7a-e1d9-4d70-8901-fd75c32996f1'),
 ('4200', '4', '2027-07-25 11:00:00', '2027-07-25 12:30:00', '1', '2017-09-13 14:16:59', '2017-09-13 14:16:59', '9a73107c-2155-4d82-92c8-3749dae8e8be'),
 ('4201', '4', '2027-08-01 11:00:00', '2027-08-01 12:30:00', '1', '2017-09-13 14:16:59', '2017-09-13 14:16:59', 'e550eea7-4034-4098-95b0-3ccce02a353f'),
 ('4202', '4', '2027-08-08 11:00:00', '2027-08-08 12:30:00', '1', '2017-09-13 14:16:59', '2017-09-13 14:16:59', 'b8119f33-483a-4b6d-a698-c42e7394c292'),
 ('4203', '4', '2027-08-15 11:00:00', '2027-08-15 12:30:00', '1', '2017-09-13 14:16:59', '2017-09-13 14:16:59', '7a80739e-acec-4806-aeaf-561b44ba813c'),
 ('4204', '4', '2027-08-22 11:00:00', '2027-08-22 12:30:00', '1', '2017-09-13 14:16:59', '2017-09-13 14:16:59', '91a35d6b-5f6c-4cd1-ab9e-41656c74c4bc'),
 ('4205', '4', '2027-08-29 11:00:00', '2027-08-29 12:30:00', '1', '2017-09-13 14:16:59', '2017-09-13 14:16:59', 'f971306c-e407-481f-9298-c29fd8180c89'),
 ('4206', '4', '2027-09-05 11:00:00', '2027-09-05 12:30:00', '1', '2017-09-13 14:16:59', '2017-09-13 14:16:59', 'fa0cb53c-ce87-478c-8262-fc5144b2894f'),
 ('4207', '4', '2027-09-12 11:00:00', '2027-09-12 12:30:00', '1', '2017-09-13 14:16:59', '2017-09-13 14:16:59', 'e4a86ea3-b712-450c-b129-8adb73642270'),
 ('4208', '4', '2027-09-19 11:00:00', '2027-09-19 12:30:00', '1', '2017-09-13 14:16:59', '2017-09-13 14:16:59', '4bc36b50-1978-4d6a-b44a-a3f8b6125acb'),
 ('4209', '4', '2027-09-26 11:00:00', '2027-09-26 12:30:00', '1', '2017-09-13 14:16:59', '2017-09-13 14:16:59', '5a6a5f85-e03f-4f6e-82b0-4dcd5f7bd1a5'),
 ('4210', '4', '2027-10-03 11:00:00', '2027-10-03 12:30:00', '1', '2017-09-13 14:16:59', '2017-09-13 14:16:59', '4b72ecf2-33f4-4dbf-bec3-5d57765e8185'),
 ('4211', '4', '2027-10-10 11:00:00', '2027-10-10 12:30:00', '1', '2017-09-13 14:16:59', '2017-09-13 14:16:59', '483f2dfd-aeb7-4dc7-8fe8-235126befbdb'),
 ('4212', '4', '2027-10-17 11:00:00', '2027-10-17 12:30:00', '1', '2017-09-13 14:16:59', '2017-09-13 14:16:59', 'b64ff536-1024-4b22-b5fe-36d07f15eef8'),
 ('4213', '4', '2027-10-24 11:00:00', '2027-10-24 12:30:00', '1', '2017-09-13 14:16:59', '2017-09-13 14:16:59', 'fc2f3af2-d4c0-4e7c-af4a-080ad269f57b'),
 ('4214', '4', '2027-10-31 11:00:00', '2027-10-31 12:30:00', '1', '2017-09-13 14:16:59', '2017-09-13 14:16:59', 'fbeff849-7b30-4cd8-8589-2262054d3301'),
 ('4215', '4', '2027-11-07 11:00:00', '2027-11-07 12:30:00', '1', '2017-09-13 14:16:59', '2017-09-13 14:16:59', 'ad27c068-3d33-4dc4-975e-a2c6becfca6d'),
 ('4216', '4', '2027-11-14 11:00:00', '2027-11-14 12:30:00', '1', '2017-09-13 14:16:59', '2017-09-13 14:16:59', '6a9d843e-e54d-441b-afb1-81e7e587344b'),
 ('4217', '4', '2027-11-21 11:00:00', '2027-11-21 12:30:00', '1', '2017-09-13 14:16:59', '2017-09-13 14:16:59', 'd19fa66a-1f43-4393-a36f-d433d97bbea6'),
 ('4218', '4', '2027-11-28 11:00:00', '2027-11-28 12:30:00', '1', '2017-09-13 14:16:59', '2017-09-13 14:16:59', 'f2e83b08-8ab5-47ae-8ee4-bca9bae0bf31'),
 ('4219', '4', '2027-12-05 11:00:00', '2027-12-05 12:30:00', '1', '2017-09-13 14:16:59', '2017-09-13 14:16:59', '909768f9-647f-46b0-a4bd-f99a2ab2b975'),
 ('4220', '4', '2027-12-12 11:00:00', '2027-12-12 12:30:00', '1', '2017-09-13 14:16:59', '2017-09-13 14:16:59', '0dc4c12f-c6b4-4467-a5af-bbbeb3b8694a'),
 ('4221', '4', '2027-12-19 11:00:00', '2027-12-19 12:30:00', '1', '2017-09-13 14:16:59', '2017-09-13 14:16:59', '06414284-bfd9-4be5-951c-198f7cfbdbe9'),
 ('4222', '4', '2027-12-26 11:00:00', '2027-12-26 12:30:00', '1', '2017-09-13 14:16:59', '2017-09-13 14:16:59', '01d3c42d-87c9-46c9-917b-3d0b8b92bf67'),
 ('4223', '4', '2028-01-02 11:00:00', '2028-01-02 12:30:00', '1', '2017-09-13 14:16:59', '2017-09-13 14:16:59', '4b86c103-2796-4fe4-b50e-369a59f03fe0'),
 ('4224', '4', '2028-01-09 11:00:00', '2028-01-09 12:30:00', '1', '2017-09-13 14:16:59', '2017-09-13 14:16:59', 'af0cf106-b534-46ff-8af4-688ef995b52d'),
 ('4225', '4', '2028-01-16 11:00:00', '2028-01-16 12:30:00', '1', '2017-09-13 14:16:59', '2017-09-13 14:16:59', '38aadfc2-7ed2-4ce6-a0bd-20b97bbb516a'),
 ('4226', '4', '2028-01-23 11:00:00', '2028-01-23 12:30:00', '1', '2017-09-13 14:16:59', '2017-09-13 14:16:59', 'ad1784cf-af0f-4d9a-bb3c-70f30f69479c'),
 ('4227', '4', '2028-01-30 11:00:00', '2028-01-30 12:30:00', '1', '2017-09-13 14:16:59', '2017-09-13 14:16:59', 'c16aaf38-5b86-404f-bfdf-894258faee59'),
 ('4228', '4', '2028-02-06 11:00:00', '2028-02-06 12:30:00', '1', '2017-09-13 14:16:59', '2017-09-13 14:16:59', '90ac22b9-94f7-47d8-bcbf-6d4f19fcbea3'),
 ('4229', '4', '2028-02-13 11:00:00', '2028-02-13 12:30:00', '1', '2017-09-13 14:16:59', '2017-09-13 14:16:59', '924ecfed-57eb-4037-8468-5b9efe2edaae'),
 ('4230', '4', '2028-02-20 11:00:00', '2028-02-20 12:30:00', '1', '2017-09-13 14:16:59', '2017-09-13 14:16:59', '65eb061e-b4ec-43f6-9e6b-fe5b847f2d27'),
 ('4231', '4', '2028-02-27 11:00:00', '2028-02-27 12:30:00', '1', '2017-09-13 14:16:59', '2017-09-13 14:16:59', 'af769e69-15bc-41c4-9be3-c4c597d58f4b'),
 ('4232', '4', '2028-03-05 11:00:00', '2028-03-05 12:30:00', '1', '2017-09-13 14:16:59', '2017-09-13 14:16:59', 'c56160b6-94a7-4afd-88fa-293caab39441'),
 ('4233', '4', '2028-03-12 11:00:00', '2028-03-12 12:30:00', '1', '2017-09-13 14:16:59', '2017-09-13 14:16:59', '47f2a1f1-08b8-4bec-8d13-952245e8a1ef'),
 ('4234', '4', '2028-03-19 11:00:00', '2028-03-19 12:30:00', '1', '2017-09-13 14:16:59', '2017-09-13 14:16:59', '1f224db5-bc36-4a8a-b0ad-b83cd21ba7ad'),
 ('4235', '4', '2028-03-26 11:00:00', '2028-03-26 12:30:00', '1', '2017-09-13 14:16:59', '2017-09-13 14:16:59', 'a3236a6e-3b48-45fd-a5f8-ab0dd0dd071e'),
 ('4236', '4', '2028-04-02 11:00:00', '2028-04-02 12:30:00', '1', '2017-09-13 14:16:59', '2017-09-13 14:16:59', 'd54e4285-6aad-4cc0-a99c-5e9f5c91849c'),
 ('4237', '4', '2028-04-09 11:00:00', '2028-04-09 12:30:00', '1', '2017-09-13 14:16:59', '2017-09-13 14:16:59', '69235852-63e6-465d-96d5-cd253940ed92'),
 ('4238', '4', '2028-04-16 11:00:00', '2028-04-16 12:30:00', '1', '2017-09-13 14:16:59', '2017-09-13 14:16:59', '26e167b3-fd9b-4735-92dc-9c2eb2e9f7c6'),
 ('4239', '4', '2028-04-23 11:00:00', '2028-04-23 12:30:00', '1', '2017-09-13 14:16:59', '2017-09-13 14:16:59', '15bec882-5af4-422d-8251-3d45ad58b8d1'),
 ('4240', '4', '2028-04-30 11:00:00', '2028-04-30 12:30:00', '1', '2017-09-13 14:16:59', '2017-09-13 14:16:59', 'f52232b3-6ca0-4034-9b5f-59390868b9a6'),
 ('4241', '4', '2028-05-07 11:00:00', '2028-05-07 12:30:00', '1', '2017-09-13 14:16:59', '2017-09-13 14:16:59', '015e53e0-2a1d-40c5-87cf-4f9078ff6578'),
 ('4242', '4', '2028-05-14 11:00:00', '2028-05-14 12:30:00', '1', '2017-09-13 14:16:59', '2017-09-13 14:16:59', '0a624899-0158-4ff5-b705-c56065f45f42'),
 ('4243', '4', '2028-05-21 11:00:00', '2028-05-21 12:30:00', '1', '2017-09-13 14:16:59', '2017-09-13 14:16:59', '4ed24588-6428-4396-b974-e473bfa01d22'),
 ('4244', '4', '2028-05-28 11:00:00', '2028-05-28 12:30:00', '1', '2017-09-13 14:16:59', '2017-09-13 14:16:59', 'd9431f01-c4ac-4506-86f2-7bffa5d9421e'),
 ('4245', '4', '2028-06-04 11:00:00', '2028-06-04 12:30:00', '1', '2017-09-13 14:16:59', '2017-09-13 14:16:59', '83094be1-a749-4f02-acaf-df117f0a73dc'),
 ('4246', '4', '2028-06-11 11:00:00', '2028-06-11 12:30:00', '1', '2017-09-13 14:16:59', '2017-09-13 14:16:59', '07579d9e-5e57-4975-9624-95abd1bdf8d5'),
 ('4247', '4', '2028-06-18 11:00:00', '2028-06-18 12:30:00', '1', '2017-09-13 14:16:59', '2017-09-13 14:16:59', 'f49510ff-b936-4aee-b355-4a216dbb20ef'),
 ('4248', '4', '2028-06-25 11:00:00', '2028-06-25 12:30:00', '1', '2017-09-13 14:16:59', '2017-09-13 14:16:59', '61d26707-4670-4b7d-8833-4fa8b76bbed7'),
 ('4249', '4', '2028-07-02 11:00:00', '2028-07-02 12:30:00', '1', '2017-09-13 14:16:59', '2017-09-13 14:16:59', '857b28b5-7e73-42cc-90df-f1fc5d133c8b'),
 ('4250', '4', '2028-07-09 11:00:00', '2028-07-09 12:30:00', '1', '2017-09-13 14:16:59', '2017-09-13 14:16:59', '7525fead-ebd6-4e9c-8035-fda6d6378556'),
 ('4251', '4', '2028-07-16 11:00:00', '2028-07-16 12:30:00', '1', '2017-09-13 14:16:59', '2017-09-13 14:16:59', 'eaf6f5fd-99cc-47b1-a2f7-b1ed306e9cbe'),
 ('4252', '4', '2028-07-23 11:00:00', '2028-07-23 12:30:00', '1', '2017-09-13 14:16:59', '2017-09-13 14:16:59', 'fd1d2d82-ebeb-4e2a-b14a-a12bde46be64'),
 ('4253', '4', '2028-07-30 11:00:00', '2028-07-30 12:30:00', '1', '2017-09-13 14:16:59', '2017-09-13 14:16:59', '1c17632b-19f6-458d-9e16-2a44923006b2'),
 ('4254', '4', '2028-08-06 11:00:00', '2028-08-06 12:30:00', '1', '2017-09-13 14:16:59', '2017-09-13 14:16:59', '28f3ef82-f821-4d11-a97b-964099928dc5'),
 ('4255', '4', '2028-08-13 11:00:00', '2028-08-13 12:30:00', '1', '2017-09-13 14:16:59', '2017-09-13 14:16:59', 'ec95c87e-c005-4ecf-b40b-a3c3831f1a5b'),
 ('4256', '4', '2028-08-20 11:00:00', '2028-08-20 12:30:00', '1', '2017-09-13 14:16:59', '2017-09-13 14:16:59', '16c49a18-f4eb-433e-8951-499099f991e9'),
 ('4257', '4', '2028-08-27 11:00:00', '2028-08-27 12:30:00', '1', '2017-09-13 14:16:59', '2017-09-13 14:16:59', 'cff817b8-6dc4-4484-83a1-8f62b7188188'),
 ('4258', '4', '2028-09-03 11:00:00', '2028-09-03 12:30:00', '1', '2017-09-13 14:16:59', '2017-09-13 14:16:59', '3f61ed61-0473-4e9a-ac24-ca66ec7a879f'),
 ('4259', '4', '2028-09-10 11:00:00', '2028-09-10 12:30:00', '1', '2017-09-13 14:16:59', '2017-09-13 14:16:59', '4b9e24bd-f72f-4275-b6ab-383dc4fcdf84'),
 ('4260', '4', '2028-09-17 11:00:00', '2028-09-17 12:30:00', '1', '2017-09-13 14:16:59', '2017-09-13 14:16:59', '81d315a2-8a6e-4e3e-9ab8-b7c4a00c6118'),
 ('4261', '4', '2028-09-24 11:00:00', '2028-09-24 12:30:00', '1', '2017-09-13 14:16:59', '2017-09-13 14:16:59', '5d30eec8-0c75-432a-ad56-9ad163c25342'),
 ('4262', '4', '2028-10-01 11:00:00', '2028-10-01 12:30:00', '1', '2017-09-13 14:16:59', '2017-09-13 14:16:59', '2b479f84-f7af-43cf-8b11-b811f6033ef7'),
 ('4263', '4', '2028-10-08 11:00:00', '2028-10-08 12:30:00', '1', '2017-09-13 14:16:59', '2017-09-13 14:16:59', 'ec8be81c-8ddc-4ffe-9e98-df7a14233319'),
 ('4264', '4', '2028-10-15 11:00:00', '2028-10-15 12:30:00', '1', '2017-09-13 14:16:59', '2017-09-13 14:16:59', '8aec4a2c-3223-4028-8b4f-cdd840067e70'),
 ('4265', '4', '2028-10-22 11:00:00', '2028-10-22 12:30:00', '1', '2017-09-13 14:16:59', '2017-09-13 14:16:59', 'c8a96260-8ff5-4c0d-85b2-56dadb09b358'),
 ('4266', '4', '2028-10-29 11:00:00', '2028-10-29 12:30:00', '1', '2017-09-13 14:16:59', '2017-09-13 14:16:59', 'ec044577-47eb-4934-b966-a251a3473a19'),
 ('4267', '4', '2028-11-05 11:00:00', '2028-11-05 12:30:00', '1', '2017-09-13 14:16:59', '2017-09-13 14:16:59', '9e2df0f4-fec4-4e23-a180-9489485d005b'),
 ('4268', '4', '2028-11-12 11:00:00', '2028-11-12 12:30:00', '1', '2017-09-13 14:16:59', '2017-09-13 14:16:59', 'd7af609f-9a8c-4143-aa9e-4a550a9d1db2'),
 ('4269', '4', '2028-11-19 11:00:00', '2028-11-19 12:30:00', '1', '2017-09-13 14:16:59', '2017-09-13 14:16:59', 'c42888d3-2588-49aa-aae7-6a0f746dd119'),
 ('4270', '4', '2028-11-26 11:00:00', '2028-11-26 12:30:00', '1', '2017-09-13 14:16:59', '2017-09-13 14:16:59', '6f0ad6fa-2b66-4212-80a7-c634375f471c'),
 ('4271', '4', '2028-12-03 11:00:00', '2028-12-03 12:30:00', '1', '2017-09-13 14:16:59', '2017-09-13 14:16:59', '2431b0ed-35f3-4652-a906-2e345d3d307c'),
 ('4272', '4', '2028-12-10 11:00:00', '2028-12-10 12:30:00', '1', '2017-09-13 14:16:59', '2017-09-13 14:16:59', 'd5b6a3bc-d3f9-470d-82de-9fce19503e16'),
 ('4273', '4', '2028-12-17 11:00:00', '2028-12-17 12:30:00', '1', '2017-09-13 14:16:59', '2017-09-13 14:16:59', '832dc51e-10be-46a1-b84f-ec5d49d72622'),
 ('4274', '4', '2028-12-24 11:00:00', '2028-12-24 12:30:00', '1', '2017-09-13 14:16:59', '2017-09-13 14:16:59', '007d50da-72da-4106-838e-5fc8f0fa5440'),
 ('4275', '4', '2028-12-31 11:00:00', '2028-12-31 12:30:00', '1', '2017-09-13 14:16:59', '2017-09-13 14:16:59', 'b1c361f0-3c44-40aa-ba0f-d96abab0d301'),
 ('4276', '4', '2029-01-07 11:00:00', '2029-01-07 12:30:00', '1', '2017-09-13 14:16:59', '2017-09-13 14:16:59', 'b32bf51c-be57-4c84-b58d-6f75d1c24f32'),
 ('4277', '4', '2029-01-14 11:00:00', '2029-01-14 12:30:00', '1', '2017-09-13 14:16:59', '2017-09-13 14:16:59', 'fd7c0dc0-87f4-40cb-a62d-514100d4b1aa'),
 ('4278', '4', '2029-01-21 11:00:00', '2029-01-21 12:30:00', '1', '2017-09-13 14:16:59', '2017-09-13 14:16:59', '25ae0a55-3c7d-40d6-aee1-92b58c279b25'),
 ('4279', '4', '2029-01-28 11:00:00', '2029-01-28 12:30:00', '1', '2017-09-13 14:16:59', '2017-09-13 14:16:59', '893b005d-4eda-491c-b10a-861af62a9530'),
 ('4280', '4', '2029-02-04 11:00:00', '2029-02-04 12:30:00', '1', '2017-09-13 14:16:59', '2017-09-13 14:16:59', 'e301f480-c605-490d-95cb-a161a66f1f04'),
 ('4281', '4', '2029-02-11 11:00:00', '2029-02-11 12:30:00', '1', '2017-09-13 14:16:59', '2017-09-13 14:16:59', '3f410207-c3c5-42e7-8de0-c2e7a53ceaaf'),
 ('4282', '4', '2029-02-18 11:00:00', '2029-02-18 12:30:00', '1', '2017-09-13 14:16:59', '2017-09-13 14:16:59', '9caa07d3-f694-4c60-8d40-b94fd9d51834'),
 ('4283', '4', '2029-02-25 11:00:00', '2029-02-25 12:30:00', '1', '2017-09-13 14:16:59', '2017-09-13 14:16:59', '6d0c9411-e849-4ff6-8748-bda98fa0bd29');
INSERT INTO `craft_venti_recurr` (`eid`, `cid`, `startDate`, `endDate`, `isrepeat`, `dateCreated`, `dateUpdated`, `uid`) VALUES
 ('4284', '4', '2029-03-04 11:00:00', '2029-03-04 12:30:00', '1', '2017-09-13 14:16:59', '2017-09-13 14:16:59', '53b96e66-ae49-4e46-a4cb-3882be1ebe0e'),
 ('4285', '4', '2029-03-11 11:00:00', '2029-03-11 12:30:00', '1', '2017-09-13 14:16:59', '2017-09-13 14:16:59', 'f4b42473-0385-4d61-8ea5-def5bca55d99'),
 ('4286', '4', '2029-03-18 11:00:00', '2029-03-18 12:30:00', '1', '2017-09-13 14:16:59', '2017-09-13 14:16:59', 'e5416cf0-05fd-4366-9b50-a7e8939087af'),
 ('4287', '4', '2029-03-25 11:00:00', '2029-03-25 12:30:00', '1', '2017-09-13 14:16:59', '2017-09-13 14:16:59', '202aa70d-6745-4b1c-9a01-e01657d847ce'),
 ('4288', '4', '2029-04-01 11:00:00', '2029-04-01 12:30:00', '1', '2017-09-13 14:16:59', '2017-09-13 14:16:59', 'b4f79182-c5ab-42d0-88e9-327c30a06b14'),
 ('4289', '4', '2029-04-08 11:00:00', '2029-04-08 12:30:00', '1', '2017-09-13 14:16:59', '2017-09-13 14:16:59', '233ceb5d-a01f-4971-972d-50b15ecb6f11'),
 ('4290', '4', '2029-04-15 11:00:00', '2029-04-15 12:30:00', '1', '2017-09-13 14:16:59', '2017-09-13 14:16:59', '5e5496ed-7554-4c10-a016-872892d387b2'),
 ('4291', '4', '2029-04-22 11:00:00', '2029-04-22 12:30:00', '1', '2017-09-13 14:16:59', '2017-09-13 14:16:59', '2a001128-65eb-47aa-adb2-56f411917bcf'),
 ('4292', '4', '2029-04-29 11:00:00', '2029-04-29 12:30:00', '1', '2017-09-13 14:16:59', '2017-09-13 14:16:59', '9efc1145-99cc-47ef-8340-c108a1f23384'),
 ('4293', '4', '2029-05-06 11:00:00', '2029-05-06 12:30:00', '1', '2017-09-13 14:16:59', '2017-09-13 14:16:59', 'a010178a-df33-4bca-919d-020dceb3e647'),
 ('4294', '4', '2029-05-13 11:00:00', '2029-05-13 12:30:00', '1', '2017-09-13 14:16:59', '2017-09-13 14:16:59', 'f3133736-8ecd-4e22-8832-d26565da7fc0'),
 ('4295', '4', '2029-05-20 11:00:00', '2029-05-20 12:30:00', '1', '2017-09-13 14:16:59', '2017-09-13 14:16:59', '166bc40c-80e3-4ae0-9c2a-f1702deb8772'),
 ('4296', '4', '2029-05-27 11:00:00', '2029-05-27 12:30:00', '1', '2017-09-13 14:17:00', '2017-09-13 14:17:00', 'ffb7dbff-a8f0-41cb-87f1-4dfafa9627fe'),
 ('4297', '4', '2029-06-03 11:00:00', '2029-06-03 12:30:00', '1', '2017-09-13 14:17:00', '2017-09-13 14:17:00', '4619901f-ae64-4af5-899f-9ea2083162b2'),
 ('4298', '4', '2029-06-10 11:00:00', '2029-06-10 12:30:00', '1', '2017-09-13 14:17:00', '2017-09-13 14:17:00', '8d17490a-d3d3-49dd-a453-71b327524da4'),
 ('4299', '4', '2029-06-17 11:00:00', '2029-06-17 12:30:00', '1', '2017-09-13 14:17:00', '2017-09-13 14:17:00', '5c3839a3-b5a5-4022-b0d3-9cd10f82043f'),
 ('4300', '4', '2029-06-24 11:00:00', '2029-06-24 12:30:00', '1', '2017-09-13 14:17:00', '2017-09-13 14:17:00', 'b2ed38eb-2ec7-4e23-8cbc-bd49aad2d607'),
 ('4301', '4', '2029-07-01 11:00:00', '2029-07-01 12:30:00', '1', '2017-09-13 14:17:00', '2017-09-13 14:17:00', '5cadb16a-66ae-4143-822b-89ef929d5417'),
 ('4302', '4', '2029-07-08 11:00:00', '2029-07-08 12:30:00', '1', '2017-09-13 14:17:00', '2017-09-13 14:17:00', '7d100fe2-6182-4091-bd87-b738884cad66'),
 ('4303', '4', '2029-07-15 11:00:00', '2029-07-15 12:30:00', '1', '2017-09-13 14:17:00', '2017-09-13 14:17:00', '56a13034-0add-4f1c-91c4-6583f84e8ef6'),
 ('4304', '4', '2029-07-22 11:00:00', '2029-07-22 12:30:00', '1', '2017-09-13 14:17:00', '2017-09-13 14:17:00', 'd296ff40-a709-4307-99c2-7c52a5fcacf1'),
 ('4305', '4', '2029-07-29 11:00:00', '2029-07-29 12:30:00', '1', '2017-09-13 14:17:00', '2017-09-13 14:17:00', 'c9eb0303-be61-41f7-b5fa-d44630c4e7c0'),
 ('4306', '4', '2029-08-05 11:00:00', '2029-08-05 12:30:00', '1', '2017-09-13 14:17:00', '2017-09-13 14:17:00', 'ecae8c52-1a20-495c-91da-3766799d355b'),
 ('4307', '4', '2029-08-12 11:00:00', '2029-08-12 12:30:00', '1', '2017-09-13 14:17:00', '2017-09-13 14:17:00', 'bd9cfd47-7439-4087-8832-6119b94f1f08'),
 ('4308', '4', '2029-08-19 11:00:00', '2029-08-19 12:30:00', '1', '2017-09-13 14:17:00', '2017-09-13 14:17:00', '2961c82a-b1dd-4f23-be97-309e613372ef'),
 ('4309', '4', '2029-08-26 11:00:00', '2029-08-26 12:30:00', '1', '2017-09-13 14:17:00', '2017-09-13 14:17:00', '7d945433-9546-4fa3-a018-0ab0e53c3642'),
 ('4310', '4', '2029-09-02 11:00:00', '2029-09-02 12:30:00', '1', '2017-09-13 14:17:00', '2017-09-13 14:17:00', 'a24d879b-7cd5-44dd-9a3d-3d455fcc4660'),
 ('4311', '4', '2029-09-09 11:00:00', '2029-09-09 12:30:00', '1', '2017-09-13 14:17:00', '2017-09-13 14:17:00', '0079304f-40ac-47ab-a344-14ecc8f4120a'),
 ('4312', '4', '2029-09-16 11:00:00', '2029-09-16 12:30:00', '1', '2017-09-13 14:17:00', '2017-09-13 14:17:00', '483a2ed8-15c8-4a97-af0a-5efb1df7d7cd'),
 ('4313', '4', '2029-09-23 11:00:00', '2029-09-23 12:30:00', '1', '2017-09-13 14:17:00', '2017-09-13 14:17:00', '13f32b08-56df-4408-b7b4-a5262f98adb6'),
 ('4314', '4', '2029-09-30 11:00:00', '2029-09-30 12:30:00', '1', '2017-09-13 14:17:00', '2017-09-13 14:17:00', '0eae48b9-72f4-4419-b5d1-218a83106340'),
 ('4315', '4', '2029-10-07 11:00:00', '2029-10-07 12:30:00', '1', '2017-09-13 14:17:00', '2017-09-13 14:17:00', '1f0481b5-2ff2-475a-a33a-baad690df5df'),
 ('4316', '4', '2029-10-14 11:00:00', '2029-10-14 12:30:00', '1', '2017-09-13 14:17:00', '2017-09-13 14:17:00', '17162264-f3fc-472c-b0d9-fdbf9311ccd0'),
 ('4317', '4', '2029-10-21 11:00:00', '2029-10-21 12:30:00', '1', '2017-09-13 14:17:00', '2017-09-13 14:17:00', '12ec6f22-ac78-4f26-a465-78b6f3dfc567'),
 ('4318', '4', '2029-10-28 11:00:00', '2029-10-28 12:30:00', '1', '2017-09-13 14:17:00', '2017-09-13 14:17:00', '8cac813d-a6a7-4d4b-a045-9c8c0f4f7bac'),
 ('4319', '4', '2029-11-04 11:00:00', '2029-11-04 12:30:00', '1', '2017-09-13 14:17:00', '2017-09-13 14:17:00', '70954561-6d56-44a7-8ef9-1ee449f4f0ea'),
 ('4320', '4', '2029-11-11 11:00:00', '2029-11-11 12:30:00', '1', '2017-09-13 14:17:00', '2017-09-13 14:17:00', '0648130f-6819-478e-9ef9-a0fed7442292'),
 ('4321', '4', '2029-11-18 11:00:00', '2029-11-18 12:30:00', '1', '2017-09-13 14:17:00', '2017-09-13 14:17:00', '320b9404-9685-47f1-b6d2-bae34acec62e'),
 ('4322', '4', '2029-11-25 11:00:00', '2029-11-25 12:30:00', '1', '2017-09-13 14:17:00', '2017-09-13 14:17:00', '217366c5-9b10-464c-b6ff-079a779a2c1f'),
 ('4323', '4', '2029-12-02 11:00:00', '2029-12-02 12:30:00', '1', '2017-09-13 14:17:00', '2017-09-13 14:17:00', 'f3d18574-90a9-4161-8d74-671dfce7f55b'),
 ('4324', '4', '2029-12-09 11:00:00', '2029-12-09 12:30:00', '1', '2017-09-13 14:17:00', '2017-09-13 14:17:00', '155ccd00-2262-4f6f-b506-91afe7228dfd'),
 ('4325', '4', '2029-12-16 11:00:00', '2029-12-16 12:30:00', '1', '2017-09-13 14:17:00', '2017-09-13 14:17:00', '7637c659-0b74-41a4-845b-a1b1686709db'),
 ('4326', '4', '2029-12-23 11:00:00', '2029-12-23 12:30:00', '1', '2017-09-13 14:17:00', '2017-09-13 14:17:00', 'bb4b594e-3aac-4b2d-ad1d-26128364676d'),
 ('4327', '4', '2029-12-30 11:00:00', '2029-12-30 12:30:00', '1', '2017-09-13 14:17:00', '2017-09-13 14:17:00', '40221c81-0ef9-4875-b93a-121802221637'),
 ('4328', '4', '2030-01-06 11:00:00', '2030-01-06 12:30:00', '1', '2017-09-13 14:17:00', '2017-09-13 14:17:00', '25ba83cb-be0e-46f5-ae5e-58ec51762140'),
 ('4329', '4', '2030-01-13 11:00:00', '2030-01-13 12:30:00', '1', '2017-09-13 14:17:00', '2017-09-13 14:17:00', '5c9adbb0-8fe4-4cc8-a057-7d46e64fa404'),
 ('4330', '4', '2030-01-20 11:00:00', '2030-01-20 12:30:00', '1', '2017-09-13 14:17:00', '2017-09-13 14:17:00', 'b3444a69-005a-4ea3-8633-3f38df471a56'),
 ('4331', '4', '2030-01-27 11:00:00', '2030-01-27 12:30:00', '1', '2017-09-13 14:17:00', '2017-09-13 14:17:00', 'a1b811fb-6a0e-405f-b9fd-1fbe90fae05a'),
 ('4332', '4', '2030-02-03 11:00:00', '2030-02-03 12:30:00', '1', '2017-09-13 14:17:00', '2017-09-13 14:17:00', 'ee2fd0d9-ed11-4688-930c-0bda74159e37'),
 ('4333', '4', '2030-02-10 11:00:00', '2030-02-10 12:30:00', '1', '2017-09-13 14:17:00', '2017-09-13 14:17:00', '59776d1f-b201-4eee-a49d-83e2af2d99d7'),
 ('4334', '4', '2030-02-17 11:00:00', '2030-02-17 12:30:00', '1', '2017-09-13 14:17:00', '2017-09-13 14:17:00', '1c6dbf90-ff74-4cef-bbe1-673c8dbd21bf'),
 ('4335', '4', '2030-02-24 11:00:00', '2030-02-24 12:30:00', '1', '2017-09-13 14:17:00', '2017-09-13 14:17:00', '041a208f-1081-4d73-8399-79b66b6a0615'),
 ('4336', '4', '2030-03-03 11:00:00', '2030-03-03 12:30:00', '1', '2017-09-13 14:17:00', '2017-09-13 14:17:00', 'ebe91fa4-db33-4036-9d0d-1c24ee1ddd9b'),
 ('4337', '4', '2030-03-10 11:00:00', '2030-03-10 12:30:00', '1', '2017-09-13 14:17:00', '2017-09-13 14:17:00', '52b4449d-5d8a-413d-9fb1-43510321a37b'),
 ('4338', '4', '2030-03-17 11:00:00', '2030-03-17 12:30:00', '1', '2017-09-13 14:17:00', '2017-09-13 14:17:00', 'a50966c6-8e4d-4f30-a93d-512af806f30f'),
 ('4339', '4', '2030-03-24 11:00:00', '2030-03-24 12:30:00', '1', '2017-09-13 14:17:00', '2017-09-13 14:17:00', 'd2958d26-4e10-4028-98dc-ee5aaa4277a3'),
 ('4340', '4', '2030-03-31 11:00:00', '2030-03-31 12:30:00', '1', '2017-09-13 14:17:00', '2017-09-13 14:17:00', '81db399d-c1b8-4db1-b099-5642e2b95c77'),
 ('4341', '4', '2030-04-07 11:00:00', '2030-04-07 12:30:00', '1', '2017-09-13 14:17:00', '2017-09-13 14:17:00', '725ccfbc-b041-4624-aa08-7fa5b6ade321'),
 ('4342', '4', '2030-04-14 11:00:00', '2030-04-14 12:30:00', '1', '2017-09-13 14:17:00', '2017-09-13 14:17:00', 'a8a7d104-03bf-4ff0-b1b7-82798da93bfb'),
 ('4343', '4', '2030-04-21 11:00:00', '2030-04-21 12:30:00', '1', '2017-09-13 14:17:00', '2017-09-13 14:17:00', 'c73ad8c1-719a-42b8-92cb-2b304c47ea0a'),
 ('4344', '4', '2030-04-28 11:00:00', '2030-04-28 12:30:00', '1', '2017-09-13 14:17:00', '2017-09-13 14:17:00', '24523d27-9c8e-4ee4-b80b-b0d1cfd759c9'),
 ('4345', '4', '2030-05-05 11:00:00', '2030-05-05 12:30:00', '1', '2017-09-13 14:17:00', '2017-09-13 14:17:00', '27d2c792-ebb7-4962-a498-181ba424146e'),
 ('4346', '4', '2030-05-12 11:00:00', '2030-05-12 12:30:00', '1', '2017-09-13 14:17:00', '2017-09-13 14:17:00', 'a7c4d1a6-820d-48ef-bbc2-2a4c8fec88f2'),
 ('4347', '4', '2030-05-19 11:00:00', '2030-05-19 12:30:00', '1', '2017-09-13 14:17:00', '2017-09-13 14:17:00', '83bd1138-ca75-4f60-bee9-d95ee6f1cccc'),
 ('4348', '4', '2030-05-26 11:00:00', '2030-05-26 12:30:00', '1', '2017-09-13 14:17:00', '2017-09-13 14:17:00', '509c3bea-c7ce-44d4-aee1-70bf40b46299'),
 ('4349', '4', '2030-06-02 11:00:00', '2030-06-02 12:30:00', '1', '2017-09-13 14:17:00', '2017-09-13 14:17:00', '67e67b76-a7f8-4b01-8b84-808154eb0a51'),
 ('4350', '4', '2030-06-09 11:00:00', '2030-06-09 12:30:00', '1', '2017-09-13 14:17:00', '2017-09-13 14:17:00', '3eb11cf8-8309-48af-bd69-7991496ebfa9'),
 ('4351', '4', '2030-06-16 11:00:00', '2030-06-16 12:30:00', '1', '2017-09-13 14:17:00', '2017-09-13 14:17:00', 'f6b467c3-d788-42a9-b084-b01f85462f8f'),
 ('4352', '4', '2030-06-23 11:00:00', '2030-06-23 12:30:00', '1', '2017-09-13 14:17:00', '2017-09-13 14:17:00', '985eefc2-5fca-439e-8314-eb31a6896f73'),
 ('4353', '4', '2030-06-30 11:00:00', '2030-06-30 12:30:00', '1', '2017-09-13 14:17:00', '2017-09-13 14:17:00', 'ca88c14b-f580-476c-b367-f58d8af7a968'),
 ('4354', '4', '2030-07-07 11:00:00', '2030-07-07 12:30:00', '1', '2017-09-13 14:17:00', '2017-09-13 14:17:00', '49bceb32-b5ea-48bc-9ec7-11283edc5ee0'),
 ('4355', '4', '2030-07-14 11:00:00', '2030-07-14 12:30:00', '1', '2017-09-13 14:17:00', '2017-09-13 14:17:00', 'f5169b76-94c7-4bfb-94bf-ad066ff85b4c'),
 ('4356', '4', '2030-07-21 11:00:00', '2030-07-21 12:30:00', '1', '2017-09-13 14:17:00', '2017-09-13 14:17:00', 'f857ae99-2193-48e3-a647-c4da926d5e6b'),
 ('4357', '4', '2030-07-28 11:00:00', '2030-07-28 12:30:00', '1', '2017-09-13 14:17:00', '2017-09-13 14:17:00', '4e1d16d3-c7d3-4698-998d-dc6b3d4a2779'),
 ('4358', '4', '2030-08-04 11:00:00', '2030-08-04 12:30:00', '1', '2017-09-13 14:17:00', '2017-09-13 14:17:00', '793e67a1-49bf-4a9a-94f3-b70b209c2ce5'),
 ('4359', '4', '2030-08-11 11:00:00', '2030-08-11 12:30:00', '1', '2017-09-13 14:17:00', '2017-09-13 14:17:00', 'ebb31c1e-1aaf-4f4b-94ec-98b732eadecc'),
 ('4360', '4', '2030-08-18 11:00:00', '2030-08-18 12:30:00', '1', '2017-09-13 14:17:00', '2017-09-13 14:17:00', '1a1b6dbe-dc32-4e96-839c-90d28a50d28b'),
 ('4361', '4', '2030-08-25 11:00:00', '2030-08-25 12:30:00', '1', '2017-09-13 14:17:00', '2017-09-13 14:17:00', 'b92ef742-008a-49f1-a244-1ed94e09211f'),
 ('4362', '4', '2030-09-01 11:00:00', '2030-09-01 12:30:00', '1', '2017-09-13 14:17:00', '2017-09-13 14:17:00', '68d0723a-4a3d-4ee6-a49c-90a1edee8bbb'),
 ('4363', '4', '2030-09-08 11:00:00', '2030-09-08 12:30:00', '1', '2017-09-13 14:17:00', '2017-09-13 14:17:00', 'd5c665c5-cd82-4865-8bea-b43902ccb182'),
 ('4364', '4', '2030-09-15 11:00:00', '2030-09-15 12:30:00', '1', '2017-09-13 14:17:00', '2017-09-13 14:17:00', 'c4f6fa5d-bed7-406b-bcce-b2ee5e8b99e5'),
 ('4365', '4', '2030-09-22 11:00:00', '2030-09-22 12:30:00', '1', '2017-09-13 14:17:00', '2017-09-13 14:17:00', '351dbe5c-580a-45da-8c7c-f2760265fdae'),
 ('4366', '4', '2030-09-29 11:00:00', '2030-09-29 12:30:00', '1', '2017-09-13 14:17:00', '2017-09-13 14:17:00', '28fd0345-c222-4754-9cff-b9e50a115f57'),
 ('4367', '4', '2030-10-06 11:00:00', '2030-10-06 12:30:00', '1', '2017-09-13 14:17:00', '2017-09-13 14:17:00', '5386ab6d-b262-49f7-905a-5ce0291a5d7c'),
 ('4368', '4', '2030-10-13 11:00:00', '2030-10-13 12:30:00', '1', '2017-09-13 14:17:00', '2017-09-13 14:17:00', 'ee737102-aeae-47b8-9b6f-abfcc4a5c5f1'),
 ('4369', '4', '2030-10-20 11:00:00', '2030-10-20 12:30:00', '1', '2017-09-13 14:17:00', '2017-09-13 14:17:00', '11b2ac0c-24e9-4207-bf93-9b956a0c394a'),
 ('4370', '4', '2030-10-27 11:00:00', '2030-10-27 12:30:00', '1', '2017-09-13 14:17:00', '2017-09-13 14:17:00', '7e6141ac-7833-4a78-8368-28157fb00d00'),
 ('4371', '4', '2030-11-03 11:00:00', '2030-11-03 12:30:00', '1', '2017-09-13 14:17:00', '2017-09-13 14:17:00', '23782046-36d5-4fcf-8163-c0e23692175a'),
 ('4372', '4', '2030-11-10 11:00:00', '2030-11-10 12:30:00', '1', '2017-09-13 14:17:00', '2017-09-13 14:17:00', 'f6faf0fd-1099-4ea5-bd8d-e9fccc00ffa4'),
 ('4373', '4', '2030-11-17 11:00:00', '2030-11-17 12:30:00', '1', '2017-09-13 14:17:00', '2017-09-13 14:17:00', '962babcf-1b7f-48d7-adca-59dd0cd95b4e'),
 ('4374', '4', '2030-11-24 11:00:00', '2030-11-24 12:30:00', '1', '2017-09-13 14:17:00', '2017-09-13 14:17:00', 'd688c169-12a6-48d3-949f-68785f70326e'),
 ('4375', '4', '2030-12-01 11:00:00', '2030-12-01 12:30:00', '1', '2017-09-13 14:17:00', '2017-09-13 14:17:00', '09b1b6ac-a3e9-431d-9477-bd844053b571'),
 ('4376', '4', '2030-12-08 11:00:00', '2030-12-08 12:30:00', '1', '2017-09-13 14:17:00', '2017-09-13 14:17:00', '1d67c4bd-6230-4b62-881c-c6dae45e2f5c'),
 ('4377', '4', '2030-12-15 11:00:00', '2030-12-15 12:30:00', '1', '2017-09-13 14:17:00', '2017-09-13 14:17:00', '50be559e-77cb-4334-9587-2a4d9dcc81ee'),
 ('4378', '4', '2030-12-22 11:00:00', '2030-12-22 12:30:00', '1', '2017-09-13 14:17:00', '2017-09-13 14:17:00', 'eb8efb7a-596d-4e0f-8c1f-f0fd39365828'),
 ('4379', '4', '2030-12-29 11:00:00', '2030-12-29 12:30:00', '1', '2017-09-13 14:17:00', '2017-09-13 14:17:00', '78a4aeaa-320c-4aaa-9fe4-adda03557cac'),
 ('4380', '4', '2031-01-05 11:00:00', '2031-01-05 12:30:00', '1', '2017-09-13 14:17:00', '2017-09-13 14:17:00', '8aa62727-b276-487c-b3f7-ebecb08acffb'),
 ('4381', '4', '2031-01-12 11:00:00', '2031-01-12 12:30:00', '1', '2017-09-13 14:17:00', '2017-09-13 14:17:00', '3cc3abf0-863a-4fe2-be0c-03ab007c2d4f'),
 ('4382', '4', '2031-01-19 11:00:00', '2031-01-19 12:30:00', '1', '2017-09-13 14:17:00', '2017-09-13 14:17:00', '735a7715-b8d4-452b-883a-5d6b9af9816a'),
 ('4383', '4', '2031-01-26 11:00:00', '2031-01-26 12:30:00', '1', '2017-09-13 14:17:00', '2017-09-13 14:17:00', '69cc30bb-6498-498b-87f9-92dbea8cdc2b');
INSERT INTO `craft_venti_recurr` (`eid`, `cid`, `startDate`, `endDate`, `isrepeat`, `dateCreated`, `dateUpdated`, `uid`) VALUES
 ('4384', '4', '2031-02-02 11:00:00', '2031-02-02 12:30:00', '1', '2017-09-13 14:17:00', '2017-09-13 14:17:00', '7bf9f2ca-7258-4902-a043-b48fa452c971'),
 ('4385', '4', '2031-02-09 11:00:00', '2031-02-09 12:30:00', '1', '2017-09-13 14:17:00', '2017-09-13 14:17:00', '4dfa114b-5039-426e-9d72-0defcd921fd2'),
 ('4386', '4', '2031-02-16 11:00:00', '2031-02-16 12:30:00', '1', '2017-09-13 14:17:00', '2017-09-13 14:17:00', '7843ec28-2b8d-4b8c-abd6-c75f77614315'),
 ('4387', '4', '2031-02-23 11:00:00', '2031-02-23 12:30:00', '1', '2017-09-13 14:17:00', '2017-09-13 14:17:00', '033ed3b0-5a05-4c27-b9f1-450f8c98cd53'),
 ('4388', '4', '2031-03-02 11:00:00', '2031-03-02 12:30:00', '1', '2017-09-13 14:17:00', '2017-09-13 14:17:00', '7ca3d77f-379c-4358-b5cd-ad63d042922e'),
 ('4389', '4', '2031-03-09 11:00:00', '2031-03-09 12:30:00', '1', '2017-09-13 14:17:00', '2017-09-13 14:17:00', 'ce403f7e-051c-480d-b5bf-c675ee667543'),
 ('4390', '4', '2031-03-16 11:00:00', '2031-03-16 12:30:00', '1', '2017-09-13 14:17:00', '2017-09-13 14:17:00', 'e69fef82-d045-45f2-923d-4434ebfa3745'),
 ('4391', '4', '2031-03-23 11:00:00', '2031-03-23 12:30:00', '1', '2017-09-13 14:17:00', '2017-09-13 14:17:00', '76c24cd4-de1b-494c-b772-15a7b2fe13cb'),
 ('4392', '4', '2031-03-30 11:00:00', '2031-03-30 12:30:00', '1', '2017-09-13 14:17:00', '2017-09-13 14:17:00', '8e62c106-9336-4c63-9cb2-0cb16b0f7f70'),
 ('4393', '4', '2031-04-06 11:00:00', '2031-04-06 12:30:00', '1', '2017-09-13 14:17:00', '2017-09-13 14:17:00', 'f9bdd713-1bab-46e5-9c0c-8d5deb664268'),
 ('4394', '4', '2031-04-13 11:00:00', '2031-04-13 12:30:00', '1', '2017-09-13 14:17:00', '2017-09-13 14:17:00', 'b54d16a3-23fb-4452-910c-7d3d3bf6145f'),
 ('4395', '4', '2031-04-20 11:00:00', '2031-04-20 12:30:00', '1', '2017-09-13 14:17:00', '2017-09-13 14:17:00', 'd9770620-71fc-4a20-957b-9c94d543f6a9'),
 ('4396', '4', '2031-04-27 11:00:00', '2031-04-27 12:30:00', '1', '2017-09-13 14:17:00', '2017-09-13 14:17:00', '988105e2-27de-4173-8030-8206919b63ab'),
 ('4397', '4', '2031-05-04 11:00:00', '2031-05-04 12:30:00', '1', '2017-09-13 14:17:00', '2017-09-13 14:17:00', '2a88fba5-ad80-4d69-ae95-0303f5661175'),
 ('4398', '4', '2031-05-11 11:00:00', '2031-05-11 12:30:00', '1', '2017-09-13 14:17:00', '2017-09-13 14:17:00', '0e8c2a83-9115-42ff-93dd-7d9aebf43e62'),
 ('4399', '4', '2031-05-18 11:00:00', '2031-05-18 12:30:00', '1', '2017-09-13 14:17:00', '2017-09-13 14:17:00', '9786f9fc-b001-4eb1-8b22-630400815349'),
 ('4400', '4', '2031-05-25 11:00:00', '2031-05-25 12:30:00', '1', '2017-09-13 14:17:00', '2017-09-13 14:17:00', 'd705c368-73f8-4912-a196-d6b2bf149831'),
 ('4401', '4', '2031-06-01 11:00:00', '2031-06-01 12:30:00', '1', '2017-09-13 14:17:00', '2017-09-13 14:17:00', '9875b1dc-348c-439b-b7f0-1307ba1bc8b9'),
 ('4402', '4', '2031-06-08 11:00:00', '2031-06-08 12:30:00', '1', '2017-09-13 14:17:00', '2017-09-13 14:17:00', 'a62a6d04-4ec6-4395-adbc-6f3c1022854e'),
 ('4403', '4', '2031-06-15 11:00:00', '2031-06-15 12:30:00', '1', '2017-09-13 14:17:00', '2017-09-13 14:17:00', '170382b5-63e8-4a1a-b90d-dcaba6846f76'),
 ('4404', '4', '2031-06-22 11:00:00', '2031-06-22 12:30:00', '1', '2017-09-13 14:17:00', '2017-09-13 14:17:00', 'a583ef4f-497b-4354-9584-0acc4084b11a'),
 ('4405', '4', '2031-06-29 11:00:00', '2031-06-29 12:30:00', '1', '2017-09-13 14:17:00', '2017-09-13 14:17:00', 'bea920ff-54d4-4c25-9207-c4e2e049ae70'),
 ('4406', '4', '2031-07-06 11:00:00', '2031-07-06 12:30:00', '1', '2017-09-13 14:17:00', '2017-09-13 14:17:00', '7830cc10-bf1e-4202-9cd3-d1948dd19400'),
 ('4407', '4', '2031-07-13 11:00:00', '2031-07-13 12:30:00', '1', '2017-09-13 14:17:00', '2017-09-13 14:17:00', '5f4f44b7-daff-4099-86a8-df3dbd17cab5'),
 ('4408', '4', '2031-07-20 11:00:00', '2031-07-20 12:30:00', '1', '2017-09-13 14:17:00', '2017-09-13 14:17:00', '155b8090-dd77-424a-88e1-e45583dc6bd8'),
 ('4409', '4', '2031-07-27 11:00:00', '2031-07-27 12:30:00', '1', '2017-09-13 14:17:00', '2017-09-13 14:17:00', 'a25f0093-a653-4423-85ec-69e6de763987'),
 ('4410', '4', '2031-08-03 11:00:00', '2031-08-03 12:30:00', '1', '2017-09-13 14:17:00', '2017-09-13 14:17:00', '2ddc42ea-07d0-4a61-9465-baea8e1781f9'),
 ('4411', '4', '2031-08-10 11:00:00', '2031-08-10 12:30:00', '1', '2017-09-13 14:17:00', '2017-09-13 14:17:00', '454aa367-213a-419b-bd01-3c6bd13ca4b5'),
 ('4412', '4', '2031-08-17 11:00:00', '2031-08-17 12:30:00', '1', '2017-09-13 14:17:00', '2017-09-13 14:17:00', '36229602-3123-4073-a890-515b5fac5dec'),
 ('4413', '4', '2031-08-24 11:00:00', '2031-08-24 12:30:00', '1', '2017-09-13 14:17:00', '2017-09-13 14:17:00', '3cb4bfa6-9de2-4bc8-b7ff-2eeb058595eb'),
 ('4414', '4', '2031-08-31 11:00:00', '2031-08-31 12:30:00', '1', '2017-09-13 14:17:00', '2017-09-13 14:17:00', '0074e5c3-3038-4f2a-85a4-52f0a4005771'),
 ('4415', '4', '2031-09-07 11:00:00', '2031-09-07 12:30:00', '1', '2017-09-13 14:17:00', '2017-09-13 14:17:00', '3a427ca7-8fff-4990-b48d-b412c312f668'),
 ('4416', '4', '2031-09-14 11:00:00', '2031-09-14 12:30:00', '1', '2017-09-13 14:17:00', '2017-09-13 14:17:00', 'afb1cdeb-2de9-4bc8-a5e5-a44170d14fdd'),
 ('4422', '5', '2017-09-12 12:30:00', '2017-09-12 13:00:00', '0', '2017-09-13 14:25:57', '2017-09-13 14:25:57', '79dec9a0-2209-4782-86b8-3a7726f7687f');



DROP TABLE IF EXISTS `craft_widgets`;


--
-- Schema for table `craft_widgets`
--
CREATE TABLE `craft_widgets` (
  `id` int(11) NOT NULL AUTO_INCREMENT,
  `userId` int(11) NOT NULL,
  `type` varchar(150) COLLATE utf8_unicode_ci NOT NULL,
  `sortOrder` smallint(6) unsigned DEFAULT NULL,
  `colspan` tinyint(4) unsigned DEFAULT NULL,
  `settings` text COLLATE utf8_unicode_ci,
  `enabled` tinyint(1) unsigned NOT NULL DEFAULT '1',
  `dateCreated` datetime NOT NULL,
  `dateUpdated` datetime NOT NULL,
  `uid` char(36) COLLATE utf8_unicode_ci NOT NULL DEFAULT '0',
  PRIMARY KEY (`id`),
  KEY `craft_widgets_userId_fk` (`userId`)
) ENGINE=InnoDB AUTO_INCREMENT=5 DEFAULT CHARSET=utf8 COLLATE=utf8_unicode_ci;

--
-- Data for table `craft_widgets`
--

INSERT INTO `craft_widgets` (`id`, `userId`, `type`, `sortOrder`, `colspan`, `settings`, `enabled`, `dateCreated`, `dateUpdated`, `uid`) VALUES
 ('1', '1', 'RecentEntries', '1', NULL, NULL, '1', '2017-08-24 19:10:54', '2017-08-24 19:10:54', '060a09e1-61a1-4325-ac68-d5010df52adb'),
 ('2', '1', 'GetHelp', '2', NULL, NULL, '1', '2017-08-24 19:10:54', '2017-08-24 19:10:54', '5b749b60-25ce-4c79-96a7-470ab1648041'),
 ('3', '1', 'Updates', '3', NULL, NULL, '1', '2017-08-24 19:10:54', '2017-08-24 19:10:54', 'b13d48b7-d73a-4935-8934-69be5ec5a9f9'),
 ('4', '1', 'Feed', '4', NULL, '{\"url\":\"https:\\/\\/craftcms.com\\/news.rss\",\"title\":\"Craft News\"}', '1', '2017-08-24 19:10:54', '2017-08-24 19:10:54', '6a1848e6-75f6-4623-8e55-35c632948daa');


--
-- Constraints for tables
--


--
-- Constraints for table `craft_assetfiles`
--
ALTER TABLE `craft_assetfiles`
	ADD CONSTRAINT `craft_assetfiles_folderId_fk` FOREIGN KEY (`folderId`) REFERENCES `craft_assetfolders` (`id`) ON DELETE CASCADE,
	ADD CONSTRAINT `craft_assetfiles_id_fk` FOREIGN KEY (`id`) REFERENCES `craft_elements` (`id`) ON DELETE CASCADE,
	ADD CONSTRAINT `craft_assetfiles_sourceId_fk` FOREIGN KEY (`sourceId`) REFERENCES `craft_assetsources` (`id`) ON DELETE CASCADE;

--
-- Constraints for table `craft_assetfolders`
--
ALTER TABLE `craft_assetfolders`
	ADD CONSTRAINT `craft_assetfolders_parentId_fk` FOREIGN KEY (`parentId`) REFERENCES `craft_assetfolders` (`id`) ON DELETE CASCADE,
	ADD CONSTRAINT `craft_assetfolders_sourceId_fk` FOREIGN KEY (`sourceId`) REFERENCES `craft_assetsources` (`id`) ON DELETE CASCADE;

--
-- Constraints for table `craft_assetindexdata`
--
ALTER TABLE `craft_assetindexdata`
	ADD CONSTRAINT `craft_assetindexdata_sourceId_fk` FOREIGN KEY (`sourceId`) REFERENCES `craft_assetsources` (`id`) ON DELETE CASCADE;

--
-- Constraints for table `craft_assetsources`
--
ALTER TABLE `craft_assetsources`
	ADD CONSTRAINT `craft_assetsources_fieldLayoutId_fk` FOREIGN KEY (`fieldLayoutId`) REFERENCES `craft_fieldlayouts` (`id`) ON DELETE SET NULL;

--
-- Constraints for table `craft_categories`
--
ALTER TABLE `craft_categories`
	ADD CONSTRAINT `craft_categories_groupId_fk` FOREIGN KEY (`groupId`) REFERENCES `craft_categorygroups` (`id`) ON DELETE CASCADE,
	ADD CONSTRAINT `craft_categories_id_fk` FOREIGN KEY (`id`) REFERENCES `craft_elements` (`id`) ON DELETE CASCADE;

--
-- Constraints for table `craft_categorygroups`
--
ALTER TABLE `craft_categorygroups`
	ADD CONSTRAINT `craft_categorygroups_fieldLayoutId_fk` FOREIGN KEY (`fieldLayoutId`) REFERENCES `craft_fieldlayouts` (`id`) ON DELETE SET NULL,
	ADD CONSTRAINT `craft_categorygroups_structureId_fk` FOREIGN KEY (`structureId`) REFERENCES `craft_structures` (`id`) ON DELETE CASCADE;

--
-- Constraints for table `craft_categorygroups_i18n`
--
ALTER TABLE `craft_categorygroups_i18n`
	ADD CONSTRAINT `craft_categorygroups_i18n_groupId_fk` FOREIGN KEY (`groupId`) REFERENCES `craft_categorygroups` (`id`) ON DELETE CASCADE,
	ADD CONSTRAINT `craft_categorygroups_i18n_locale_fk` FOREIGN KEY (`locale`) REFERENCES `craft_locales` (`locale`) ON DELETE CASCADE ON UPDATE CASCADE;

--
-- Constraints for table `craft_content`
--
ALTER TABLE `craft_content`
	ADD CONSTRAINT `craft_content_elementId_fk` FOREIGN KEY (`elementId`) REFERENCES `craft_elements` (`id`) ON DELETE CASCADE,
	ADD CONSTRAINT `craft_content_locale_fk` FOREIGN KEY (`locale`) REFERENCES `craft_locales` (`locale`) ON DELETE CASCADE ON UPDATE CASCADE;

--
-- Constraints for table `craft_elements_i18n`
--
ALTER TABLE `craft_elements_i18n`
	ADD CONSTRAINT `craft_elements_i18n_elementId_fk` FOREIGN KEY (`elementId`) REFERENCES `craft_elements` (`id`) ON DELETE CASCADE,
	ADD CONSTRAINT `craft_elements_i18n_locale_fk` FOREIGN KEY (`locale`) REFERENCES `craft_locales` (`locale`) ON DELETE CASCADE ON UPDATE CASCADE;

--
-- Constraints for table `craft_emailmessages`
--
ALTER TABLE `craft_emailmessages`
	ADD CONSTRAINT `craft_emailmessages_locale_fk` FOREIGN KEY (`locale`) REFERENCES `craft_locales` (`locale`) ON DELETE CASCADE ON UPDATE CASCADE;

--
-- Constraints for table `craft_entries`
--
ALTER TABLE `craft_entries`
	ADD CONSTRAINT `craft_entries_authorId_fk` FOREIGN KEY (`authorId`) REFERENCES `craft_users` (`id`) ON DELETE CASCADE,
	ADD CONSTRAINT `craft_entries_id_fk` FOREIGN KEY (`id`) REFERENCES `craft_elements` (`id`) ON DELETE CASCADE,
	ADD CONSTRAINT `craft_entries_sectionId_fk` FOREIGN KEY (`sectionId`) REFERENCES `craft_sections` (`id`) ON DELETE CASCADE,
	ADD CONSTRAINT `craft_entries_typeId_fk` FOREIGN KEY (`typeId`) REFERENCES `craft_entrytypes` (`id`) ON DELETE CASCADE;

--
-- Constraints for table `craft_entrydrafts`
--
ALTER TABLE `craft_entrydrafts`
	ADD CONSTRAINT `craft_entrydrafts_creatorId_fk` FOREIGN KEY (`creatorId`) REFERENCES `craft_users` (`id`) ON DELETE CASCADE,
	ADD CONSTRAINT `craft_entrydrafts_entryId_fk` FOREIGN KEY (`entryId`) REFERENCES `craft_entries` (`id`) ON DELETE CASCADE,
	ADD CONSTRAINT `craft_entrydrafts_locale_fk` FOREIGN KEY (`locale`) REFERENCES `craft_locales` (`locale`) ON DELETE CASCADE ON UPDATE CASCADE,
	ADD CONSTRAINT `craft_entrydrafts_sectionId_fk` FOREIGN KEY (`sectionId`) REFERENCES `craft_sections` (`id`) ON DELETE CASCADE;

--
-- Constraints for table `craft_entrytypes`
--
ALTER TABLE `craft_entrytypes`
	ADD CONSTRAINT `craft_entrytypes_fieldLayoutId_fk` FOREIGN KEY (`fieldLayoutId`) REFERENCES `craft_fieldlayouts` (`id`) ON DELETE SET NULL,
	ADD CONSTRAINT `craft_entrytypes_sectionId_fk` FOREIGN KEY (`sectionId`) REFERENCES `craft_sections` (`id`) ON DELETE CASCADE;

--
-- Constraints for table `craft_entryversions`
--
ALTER TABLE `craft_entryversions`
	ADD CONSTRAINT `craft_entryversions_creatorId_fk` FOREIGN KEY (`creatorId`) REFERENCES `craft_users` (`id`) ON DELETE SET NULL,
	ADD CONSTRAINT `craft_entryversions_entryId_fk` FOREIGN KEY (`entryId`) REFERENCES `craft_entries` (`id`) ON DELETE CASCADE,
	ADD CONSTRAINT `craft_entryversions_locale_fk` FOREIGN KEY (`locale`) REFERENCES `craft_locales` (`locale`) ON DELETE CASCADE ON UPDATE CASCADE,
	ADD CONSTRAINT `craft_entryversions_sectionId_fk` FOREIGN KEY (`sectionId`) REFERENCES `craft_sections` (`id`) ON DELETE CASCADE;

--
-- Constraints for table `craft_fieldlayoutfields`
--
ALTER TABLE `craft_fieldlayoutfields`
	ADD CONSTRAINT `craft_fieldlayoutfields_fieldId_fk` FOREIGN KEY (`fieldId`) REFERENCES `craft_fields` (`id`) ON DELETE CASCADE,
	ADD CONSTRAINT `craft_fieldlayoutfields_layoutId_fk` FOREIGN KEY (`layoutId`) REFERENCES `craft_fieldlayouts` (`id`) ON DELETE CASCADE,
	ADD CONSTRAINT `craft_fieldlayoutfields_tabId_fk` FOREIGN KEY (`tabId`) REFERENCES `craft_fieldlayouttabs` (`id`) ON DELETE CASCADE;

--
-- Constraints for table `craft_fieldlayouttabs`
--
ALTER TABLE `craft_fieldlayouttabs`
	ADD CONSTRAINT `craft_fieldlayouttabs_layoutId_fk` FOREIGN KEY (`layoutId`) REFERENCES `craft_fieldlayouts` (`id`) ON DELETE CASCADE;

--
-- Constraints for table `craft_fields`
--
ALTER TABLE `craft_fields`
	ADD CONSTRAINT `craft_fields_groupId_fk` FOREIGN KEY (`groupId`) REFERENCES `craft_fieldgroups` (`id`) ON DELETE CASCADE;

--
-- Constraints for table `craft_globalsets`
--
ALTER TABLE `craft_globalsets`
	ADD CONSTRAINT `craft_globalsets_fieldLayoutId_fk` FOREIGN KEY (`fieldLayoutId`) REFERENCES `craft_fieldlayouts` (`id`) ON DELETE SET NULL,
	ADD CONSTRAINT `craft_globalsets_id_fk` FOREIGN KEY (`id`) REFERENCES `craft_elements` (`id`) ON DELETE CASCADE;

--
-- Constraints for table `craft_matrixblocks`
--
ALTER TABLE `craft_matrixblocks`
	ADD CONSTRAINT `craft_matrixblocks_fieldId_fk` FOREIGN KEY (`fieldId`) REFERENCES `craft_fields` (`id`) ON DELETE CASCADE,
	ADD CONSTRAINT `craft_matrixblocks_id_fk` FOREIGN KEY (`id`) REFERENCES `craft_elements` (`id`) ON DELETE CASCADE,
	ADD CONSTRAINT `craft_matrixblocks_ownerId_fk` FOREIGN KEY (`ownerId`) REFERENCES `craft_elements` (`id`) ON DELETE CASCADE,
	ADD CONSTRAINT `craft_matrixblocks_ownerLocale_fk` FOREIGN KEY (`ownerLocale`) REFERENCES `craft_locales` (`locale`) ON DELETE CASCADE ON UPDATE CASCADE,
	ADD CONSTRAINT `craft_matrixblocks_typeId_fk` FOREIGN KEY (`typeId`) REFERENCES `craft_matrixblocktypes` (`id`) ON DELETE CASCADE;

--
-- Constraints for table `craft_matrixblocktypes`
--
ALTER TABLE `craft_matrixblocktypes`
	ADD CONSTRAINT `craft_matrixblocktypes_fieldId_fk` FOREIGN KEY (`fieldId`) REFERENCES `craft_fields` (`id`) ON DELETE CASCADE,
	ADD CONSTRAINT `craft_matrixblocktypes_fieldLayoutId_fk` FOREIGN KEY (`fieldLayoutId`) REFERENCES `craft_fieldlayouts` (`id`) ON DELETE SET NULL;

--
-- Constraints for table `craft_matrixcontent_blogarticlematrix`
--
ALTER TABLE `craft_matrixcontent_blogarticlematrix`
	ADD CONSTRAINT `craft_matrixcontent_blogarticlematrix_elementId_fk` FOREIGN KEY (`elementId`) REFERENCES `craft_elements` (`id`) ON DELETE CASCADE,
	ADD CONSTRAINT `craft_matrixcontent_blogarticlematrix_locale_fk` FOREIGN KEY (`locale`) REFERENCES `craft_locales` (`locale`) ON DELETE CASCADE ON UPDATE CASCADE;

--
-- Constraints for table `craft_matrixcontent_contentmatrix`
--
ALTER TABLE `craft_matrixcontent_contentmatrix`
	ADD CONSTRAINT `craft_matrixcontent_contentmatrix_elementId_fk` FOREIGN KEY (`elementId`) REFERENCES `craft_elements` (`id`) ON DELETE CASCADE,
	ADD CONSTRAINT `craft_matrixcontent_contentmatrix_locale_fk` FOREIGN KEY (`locale`) REFERENCES `craft_locales` (`locale`) ON DELETE CASCADE ON UPDATE CASCADE;

--
-- Constraints for table `craft_migrations`
--
ALTER TABLE `craft_migrations`
	ADD CONSTRAINT `craft_migrations_pluginId_fk` FOREIGN KEY (`pluginId`) REFERENCES `craft_plugins` (`id`) ON DELETE CASCADE;

--
-- Constraints for table `craft_relations`
--
ALTER TABLE `craft_relations`
	ADD CONSTRAINT `craft_relations_fieldId_fk` FOREIGN KEY (`fieldId`) REFERENCES `craft_fields` (`id`) ON DELETE CASCADE,
	ADD CONSTRAINT `craft_relations_sourceId_fk` FOREIGN KEY (`sourceId`) REFERENCES `craft_elements` (`id`) ON DELETE CASCADE,
	ADD CONSTRAINT `craft_relations_sourceLocale_fk` FOREIGN KEY (`sourceLocale`) REFERENCES `craft_locales` (`locale`) ON DELETE CASCADE ON UPDATE CASCADE,
	ADD CONSTRAINT `craft_relations_targetId_fk` FOREIGN KEY (`targetId`) REFERENCES `craft_elements` (`id`) ON DELETE CASCADE;

--
-- Constraints for table `craft_routes`
--
ALTER TABLE `craft_routes`
	ADD CONSTRAINT `craft_routes_locale_fk` FOREIGN KEY (`locale`) REFERENCES `craft_locales` (`locale`) ON DELETE CASCADE ON UPDATE CASCADE;

--
-- Constraints for table `craft_sections`
--
ALTER TABLE `craft_sections`
	ADD CONSTRAINT `craft_sections_structureId_fk` FOREIGN KEY (`structureId`) REFERENCES `craft_structures` (`id`) ON DELETE SET NULL;

--
-- Constraints for table `craft_sections_i18n`
--
ALTER TABLE `craft_sections_i18n`
	ADD CONSTRAINT `craft_sections_i18n_locale_fk` FOREIGN KEY (`locale`) REFERENCES `craft_locales` (`locale`) ON DELETE CASCADE ON UPDATE CASCADE,
	ADD CONSTRAINT `craft_sections_i18n_sectionId_fk` FOREIGN KEY (`sectionId`) REFERENCES `craft_sections` (`id`) ON DELETE CASCADE;

--
-- Constraints for table `craft_sessions`
--
ALTER TABLE `craft_sessions`
	ADD CONSTRAINT `craft_sessions_userId_fk` FOREIGN KEY (`userId`) REFERENCES `craft_users` (`id`) ON DELETE CASCADE;

--
-- Constraints for table `craft_shunnedmessages`
--
ALTER TABLE `craft_shunnedmessages`
	ADD CONSTRAINT `craft_shunnedmessages_userId_fk` FOREIGN KEY (`userId`) REFERENCES `craft_users` (`id`) ON DELETE CASCADE;

--
-- Constraints for table `craft_structureelements`
--
ALTER TABLE `craft_structureelements`
	ADD CONSTRAINT `craft_structureelements_elementId_fk` FOREIGN KEY (`elementId`) REFERENCES `craft_elements` (`id`) ON DELETE CASCADE,
	ADD CONSTRAINT `craft_structureelements_structureId_fk` FOREIGN KEY (`structureId`) REFERENCES `craft_structures` (`id`) ON DELETE CASCADE;

--
-- Constraints for table `craft_taggroups`
--
ALTER TABLE `craft_taggroups`
	ADD CONSTRAINT `craft_taggroups_fieldLayoutId_fk` FOREIGN KEY (`fieldLayoutId`) REFERENCES `craft_fieldlayouts` (`id`) ON DELETE SET NULL;

--
-- Constraints for table `craft_tags`
--
ALTER TABLE `craft_tags`
	ADD CONSTRAINT `craft_tags_groupId_fk` FOREIGN KEY (`groupId`) REFERENCES `craft_taggroups` (`id`) ON DELETE CASCADE,
	ADD CONSTRAINT `craft_tags_id_fk` FOREIGN KEY (`id`) REFERENCES `craft_elements` (`id`) ON DELETE CASCADE;

--
-- Constraints for table `craft_templatecachecriteria`
--
ALTER TABLE `craft_templatecachecriteria`
	ADD CONSTRAINT `craft_templatecachecriteria_cacheId_fk` FOREIGN KEY (`cacheId`) REFERENCES `craft_templatecaches` (`id`) ON DELETE CASCADE;

--
-- Constraints for table `craft_templatecacheelements`
--
ALTER TABLE `craft_templatecacheelements`
	ADD CONSTRAINT `craft_templatecacheelements_cacheId_fk` FOREIGN KEY (`cacheId`) REFERENCES `craft_templatecaches` (`id`) ON DELETE CASCADE,
	ADD CONSTRAINT `craft_templatecacheelements_elementId_fk` FOREIGN KEY (`elementId`) REFERENCES `craft_elements` (`id`) ON DELETE CASCADE;

--
-- Constraints for table `craft_templatecaches`
--
ALTER TABLE `craft_templatecaches`
	ADD CONSTRAINT `craft_templatecaches_locale_fk` FOREIGN KEY (`locale`) REFERENCES `craft_locales` (`locale`) ON DELETE CASCADE ON UPDATE CASCADE;

--
-- Constraints for table `craft_usergroups_users`
--
ALTER TABLE `craft_usergroups_users`
	ADD CONSTRAINT `craft_usergroups_users_groupId_fk` FOREIGN KEY (`groupId`) REFERENCES `craft_usergroups` (`id`) ON DELETE CASCADE,
	ADD CONSTRAINT `craft_usergroups_users_userId_fk` FOREIGN KEY (`userId`) REFERENCES `craft_users` (`id`) ON DELETE CASCADE;

--
-- Constraints for table `craft_userpermissions_usergroups`
--
ALTER TABLE `craft_userpermissions_usergroups`
	ADD CONSTRAINT `craft_userpermissions_usergroups_groupId_fk` FOREIGN KEY (`groupId`) REFERENCES `craft_usergroups` (`id`) ON DELETE CASCADE,
	ADD CONSTRAINT `craft_userpermissions_usergroups_permissionId_fk` FOREIGN KEY (`permissionId`) REFERENCES `craft_userpermissions` (`id`) ON DELETE CASCADE;

--
-- Constraints for table `craft_userpermissions_users`
--
ALTER TABLE `craft_userpermissions_users`
	ADD CONSTRAINT `craft_userpermissions_users_permissionId_fk` FOREIGN KEY (`permissionId`) REFERENCES `craft_userpermissions` (`id`) ON DELETE CASCADE,
	ADD CONSTRAINT `craft_userpermissions_users_userId_fk` FOREIGN KEY (`userId`) REFERENCES `craft_users` (`id`) ON DELETE CASCADE;

--
-- Constraints for table `craft_users`
--
ALTER TABLE `craft_users`
	ADD CONSTRAINT `craft_users_id_fk` FOREIGN KEY (`id`) REFERENCES `craft_elements` (`id`) ON DELETE CASCADE,
	ADD CONSTRAINT `craft_users_preferredLocale_fk` FOREIGN KEY (`preferredLocale`) REFERENCES `craft_locales` (`locale`) ON DELETE SET NULL ON UPDATE CASCADE;

--
-- Constraints for table `craft_venti_events`
--
ALTER TABLE `craft_venti_events`
	ADD CONSTRAINT `craft_venti_events_elementId_fk` FOREIGN KEY (`elementId`) REFERENCES `craft_elements` (`id`) ON DELETE CASCADE,
	ADD CONSTRAINT `craft_venti_events_groupId_fk` FOREIGN KEY (`groupId`) REFERENCES `craft_venti_groups` (`id`) ON DELETE CASCADE;

--
-- Constraints for table `craft_venti_groups`
--
ALTER TABLE `craft_venti_groups`
	ADD CONSTRAINT `craft_venti_groups_fieldLayoutId_fk` FOREIGN KEY (`fieldLayoutId`) REFERENCES `craft_fieldlayouts` (`id`) ON DELETE SET NULL;

--
-- Constraints for table `craft_venti_groups_i18n`
--
ALTER TABLE `craft_venti_groups_i18n`
	ADD CONSTRAINT `craft_venti_groups_i18n_groupId_fk` FOREIGN KEY (`groupId`) REFERENCES `craft_venti_groups` (`id`) ON DELETE CASCADE,
	ADD CONSTRAINT `craft_venti_groups_i18n_locale_fk` FOREIGN KEY (`locale`) REFERENCES `craft_locales` (`locale`) ON DELETE CASCADE ON UPDATE CASCADE;

--
-- Constraints for table `craft_venti_locations`
--
ALTER TABLE `craft_venti_locations`
	ADD CONSTRAINT `craft_venti_locations_id_fk` FOREIGN KEY (`id`) REFERENCES `craft_elements` (`id`) ON DELETE CASCADE;

--
-- Constraints for table `craft_venti_recurr`
--
ALTER TABLE `craft_venti_recurr`
	ADD CONSTRAINT `craft_venti_recurr_cid_fk` FOREIGN KEY (`cid`) REFERENCES `craft_venti_events` (`id`) ON DELETE CASCADE;

--
-- Constraints for table `craft_widgets`
--
ALTER TABLE `craft_widgets`
	ADD CONSTRAINT `craft_widgets_userId_fk` FOREIGN KEY (`userId`) REFERENCES `craft_users` (`id`) ON DELETE CASCADE;

SET FOREIGN_KEY_CHECKS = 1;
