-- Generated by Craft v2.6.2990 on Sep 29, 2017, 11:48:00 PM.

--
-- Disable foreign key checks and autocommit.
--

SET FOREIGN_KEY_CHECKS = 0;
SET SQL_MODE = "NO_AUTO_VALUE_ON_ZERO";
SET AUTOCOMMIT = 0;
SET NAMES utf8;


DROP TABLE IF EXISTS `craft_assetfiles`;


--
-- Schema for table `craft_assetfiles`
--
CREATE TABLE `craft_assetfiles` (
  `id` int(11) NOT NULL,
  `sourceId` int(11) DEFAULT NULL,
  `folderId` int(11) NOT NULL,
  `filename` varchar(255) COLLATE utf8_unicode_ci NOT NULL,
  `kind` varchar(50) COLLATE utf8_unicode_ci NOT NULL DEFAULT 'unknown',
  `width` int(11) unsigned DEFAULT NULL,
  `height` int(11) unsigned DEFAULT NULL,
  `size` bigint(20) unsigned DEFAULT NULL,
  `dateModified` datetime DEFAULT NULL,
  `dateCreated` datetime NOT NULL,
  `dateUpdated` datetime NOT NULL,
  `uid` char(36) COLLATE utf8_unicode_ci NOT NULL DEFAULT '0',
  PRIMARY KEY (`id`),
  UNIQUE KEY `craft_assetfiles_filename_folderId_unq_idx` (`filename`,`folderId`),
  KEY `craft_assetfiles_sourceId_fk` (`sourceId`),
  KEY `craft_assetfiles_folderId_fk` (`folderId`)
) ENGINE=InnoDB DEFAULT CHARSET=utf8 COLLATE=utf8_unicode_ci;

--
-- Data for table `craft_assetfiles`
--

INSERT INTO `craft_assetfiles` (`id`, `sourceId`, `folderId`, `filename`, `kind`, `width`, `height`, `size`, `dateModified`, `dateCreated`, `dateUpdated`, `uid`) VALUES
 ('131', '2', '2', 'marquee-01.jpg', 'image', '1600', '864', '781569', '2017-08-31 11:24:49', '2017-08-31 11:24:59', '2017-09-27 23:45:05', 'df7e50f0-ef46-4bfe-ab13-b756166dd551'),
 ('132', '2', '2', 'marquee-02.jpg', 'image', '1600', '864', '1038027', '2017-08-31 11:24:51', '2017-08-31 11:24:59', '2017-09-27 23:45:05', '7d699293-8eef-455a-b64b-a44a4c683879'),
 ('133', '2', '2', 'marquee-03.jpg', 'image', '1600', '864', '611493', '2017-08-31 11:24:54', '2017-08-31 11:25:00', '2017-09-27 23:45:05', '2f57c2f2-f729-46c0-828f-ac9a6aecc79a'),
 ('138', '8', '19', 'liturgy.jpg', 'image', '1000', '584', '159399', '2017-08-31 11:35:05', '2017-08-31 11:35:10', '2017-09-27 23:45:11', '875761a2-a3be-4f3e-90aa-dfcb19130c66'),
 ('139', '8', '19', 'music.jpg', 'image', '1000', '584', '196274', '2017-08-31 11:35:05', '2017-08-31 11:35:10', '2017-09-27 23:45:13', 'a93bb92d-cd8c-4f7f-8c2b-22ed2165d652'),
 ('140', '8', '19', 'parish-life.jpg', 'image', '1000', '584', '381908', '2017-09-04 13:29:29', '2017-08-31 11:35:11', '2017-09-27 23:45:12', 'fc2e20a4-37e3-48fd-8f9d-8a53f97040d5'),
 ('141', '8', '19', 'who-we-are.jpg', 'image', '1000', '584', '376942', '2017-09-04 13:26:08', '2017-08-31 11:35:11', '2017-09-27 23:45:12', '1b50b4a0-9510-4775-854b-f71d259c6694'),
 ('142', '1', '16', 'bio-ian-betts.jpg', 'image', '562', '561', '232739', '2017-08-28 16:55:19', '2017-08-31 11:39:21', '2017-09-27 23:44:22', '690bf437-9be4-4896-b0a2-5260463c2391'),
 ('144', '1', '12', 'edwin-booth-window-verticle.jpg', 'image', '714', '1000', '439091', '2017-08-30 14:10:38', '2017-08-31 11:39:22', '2017-09-27 23:44:23', 'f40dfe15-45fb-4688-8bf7-00e6ef81f576'),
 ('145', '1', '16', 'bio-john-david-van-dooren.jpg', 'image', '800', '800', '127903', '2017-09-13 14:37:42', '2017-08-31 11:39:22', '2017-09-27 23:44:23', '92a784c4-5946-4643-b172-a8def52c00ed'),
 ('146', '1', '13', 'fr-patrick-and-dog.jpg', 'image', '1200', '756', '360899', '2017-08-30 15:28:56', '2017-08-31 11:39:22', '2017-09-27 23:44:24', 'f09ad4f8-e415-4558-969e-316ff9e781b0'),
 ('147', '1', '12', 'fr-patrick-and-dog.jpg', 'image', '1200', '756', '360901', '2017-08-30 15:27:34', '2017-08-31 11:39:22', '2017-09-27 23:44:24', '9ac45314-dbc8-49e0-8a6e-3ef6f9ad5397'),
 ('148', '1', '12', 'placeholder.jpg', 'image', '1200', '756', '141517', '2017-08-31 18:32:20', '2017-08-31 11:39:23', '2017-09-27 23:44:25', 'd168914c-7369-41c6-afbb-79e9fb304767'),
 ('149', '1', '12', 'richard-upjohn-brass-filigree-pulpit.jpg', 'image', '1200', '857', '481415', '2017-08-30 23:14:53', '2017-08-31 11:39:23', '2017-09-27 23:44:25', 'e206b423-5f5d-4137-ac2a-eadc0f5f611b'),
 ('150', '1', '1', 'blog-01.jpg', 'image', '492', '312', '50392', '2017-08-11 14:44:01', '2017-08-31 11:39:23', '2017-09-27 23:44:25', 'fa4f26d2-3f88-40b4-96c2-e6fbd287b109'),
 ('151', '1', '1', 'btn-facebook.png', 'image', '48', '48', '680', '2017-08-23 19:42:57', '2017-08-31 11:39:23', '2017-09-27 23:44:26', 'e0e4aa98-2e73-47fd-a314-5f81eb23e38b'),
 ('152', '1', '1', 'btn-facebook.svg', 'image', '48', '48', '504', '2017-08-23 19:42:58', '2017-08-31 11:39:24', '2017-09-27 23:44:26', '04f9f0ae-b3e6-461a-ba12-be226c039a98'),
 ('153', '1', '1', 'btn-instagram.png', 'image', '48', '48', '846', '2017-08-23 19:42:57', '2017-08-31 11:39:24', '2017-09-27 23:44:26', '5ffbea33-ff54-4683-8ee7-d56c59e6aff2'),
 ('154', '1', '1', 'btn-instagram.svg', 'image', '48', '48', '767', '2017-08-23 19:42:59', '2017-08-31 11:39:24', '2017-09-27 23:44:26', '89e98a07-2477-4b17-84f2-a23116456b62'),
 ('155', '1', '1', 'btn-share-email.png', 'image', '36', '36', '732', '2017-08-23 19:42:57', '2017-08-31 11:39:24', '2017-09-27 23:44:26', '75ea59c7-3479-4b66-81cc-a04f8e65e548'),
 ('156', '1', '1', 'btn-share-email.svg', 'image', '36', '36', '446', '2017-08-23 19:43:01', '2017-08-31 11:39:24', '2017-09-27 23:44:26', '8e2fa94b-cecc-4a33-a103-6833ee6f9d1d'),
 ('157', '1', '1', 'btn-share-facebook.png', 'image', '36', '36', '655', '2017-08-23 19:42:57', '2017-08-31 11:39:25', '2017-09-27 23:44:27', '9f35659d-431f-4b65-a360-f6bf7222a81e'),
 ('158', '1', '1', 'btn-share-facebook.svg', 'image', '36', '36', '526', '2017-08-23 19:43:00', '2017-08-31 11:39:25', '2017-09-27 23:44:27', '0b6f13f3-ba79-4c7e-82f1-ae6c5d6ce5a2'),
 ('159', '1', '1', 'btn-share-google-plus.png', 'image', '36', '36', '973', '2017-08-23 19:42:57', '2017-08-31 11:39:25', '2017-09-27 23:44:27', 'c800cef2-de42-4326-8405-b407a7351fb2'),
 ('160', '1', '1', 'btn-share-google-plus.svg', 'image', '36', '36', '2007', '2017-08-23 19:43:01', '2017-08-31 11:39:25', '2017-09-27 23:44:27', '9f4ae5a8-f1a3-4576-9dcc-79b73607f89a'),
 ('161', '1', '1', 'btn-share-twitter.png', 'image', '36', '36', '797', '2017-08-23 19:42:57', '2017-08-31 11:39:25', '2017-09-27 23:44:27', '123fb144-f023-4785-af33-d52365b4a333'),
 ('162', '1', '1', 'btn-share-twitter.svg', 'image', '36', '36', '813', '2017-08-23 19:43:00', '2017-08-31 11:39:26', '2017-09-27 23:44:28', '32aa63dd-f38d-41b9-ab4b-6c806e96d02e'),
 ('163', '1', '1', 'btn-toggle-menu.png', 'image', '24', '96', '298', '2017-08-23 19:42:57', '2017-08-31 11:39:26', '2017-09-27 23:44:28', '93737262-3b02-4bc2-8c97-83b989358249'),
 ('164', '1', '1', 'btn-toggle-menu.svg', 'image', '24', '96', '582', '2017-08-23 19:42:58', '2017-08-31 11:39:26', '2017-09-27 23:44:28', '7bab8002-f6df-43c5-a715-a0bfd5c7bff4'),
 ('165', '1', '1', 'btn-twiiter.png', 'image', '48', '48', '933', '2017-08-23 19:42:57', '2017-08-31 11:39:26', '2017-09-27 23:44:29', 'ea539e14-62c5-4535-a5b7-0f14ed7d624e'),
 ('166', '1', '1', 'btn-twiiter.svg', 'image', '48', '48', '800', '2017-08-23 19:42:59', '2017-08-31 11:39:26', '2017-09-27 23:44:30', 'd484ffa2-c92a-488e-95c0-a36407905c75'),
 ('167', '1', '1', 'btn-twitter.png', 'image', '48', '48', '1237', '2017-08-09 14:22:39', '2017-08-31 11:39:27', '2017-09-27 23:44:31', '93381241-2693-483e-be12-f434f5dbf528'),
 ('168', '1', '1', 'btn-twitter.svg', 'image', '48', '48', '732', '2017-08-09 14:22:40', '2017-08-31 11:39:27', '2017-09-27 23:44:31', 'cc0653d3-be10-4ee4-8bf8-7b001ba52bd4'),
 ('169', '1', '1', 'btn-youtube.png', 'image', '48', '48', '727', '2017-08-23 19:42:57', '2017-08-31 11:39:27', '2017-09-27 23:44:31', '02b79d61-72f7-4d54-a028-5d1b7d339af4'),
 ('170', '1', '1', 'btn-youtube.svg', 'image', '48', '48', '960', '2017-08-23 19:42:59', '2017-08-31 11:39:27', '2017-09-27 23:44:31', '2cde213f-675d-48e1-8b2c-806cdadd3933'),
 ('171', '1', '1', 'episcopal-badge.png', 'image', '72', '60', '3204', '2017-08-23 19:42:57', '2017-08-31 11:39:27', '2017-09-27 23:44:31', '264f68e7-a5a5-4d6d-b02b-87bc3a17dee2'),
 ('172', '1', '1', 'episcopal-badge.svg', 'image', '72', '60', '18948', '2017-08-23 19:43:00', '2017-08-31 11:39:28', '2017-09-27 23:44:32', '8ec0145f-8fbc-4f5d-bf34-4a9e61f12561'),
 ('173', '1', '1', 'feature-little-church.jpg', 'image', '1000', '900', '580671', '2017-08-11 16:08:56', '2017-08-31 11:39:28', '2017-09-27 23:44:33', 'edf2f118-0482-4767-ab76-b24634e09d31'),
 ('174', '1', '10', 'figure-window.jpg', 'image', '1400', '984', '507375', '2017-09-14 18:26:04', '2017-08-31 11:39:28', '2017-09-27 23:44:34', '86fc65b4-a6fc-4b49-85b4-3b34d50c6c7a'),
 ('175', '1', '1', 'figure-window.jpg', 'image', '1400', '984', '420341', '2017-08-13 11:49:18', '2017-08-31 11:39:28', '2017-09-27 23:44:34', 'b746f7af-afd5-41bd-9934-6e8a3aaeb533'),
 ('176', '1', '14', 'hero-welcome.jpg', 'image', '1200', '756', '363230', '2017-09-06 16:51:49', '2017-08-31 11:39:29', '2017-09-27 23:44:42', 'b2598fc8-dc43-4089-8ad9-3e631b71579c'),
 ('177', '1', '14', 'hero-who-we-are.jpg', 'image', '1200', '756', '506842', '2017-08-28 19:40:08', '2017-08-31 11:39:29', '2017-09-27 23:44:42', '816ca3f8-bd5c-4003-b88a-5cb55cafa42f'),
 ('178', '1', '1', 'hero-our-history.jpg', 'image', '1200', '756', '1249660', '2017-08-12 10:21:08', '2017-08-31 11:39:29', '2017-09-27 23:44:43', '9083b6f9-b1d8-4184-a8ed-0352ad19cec8'),
 ('180', '1', '1', 'hero-welcome.jpg', 'image', '1200', '756', '477393', '2017-08-16 16:32:14', '2017-08-31 11:39:30', '2017-09-27 23:44:44', 'dcd5daac-2523-44d3-ae23-cfc8426a505c'),
 ('181', '1', '1', 'hero-who-we-are.jpg', 'image', '1200', '756', '476125', '2017-08-24 13:35:25', '2017-08-31 11:39:30', '2017-09-27 23:44:44', 'cc7db4ed-96d7-4c77-be9d-a328ea9a5c5e'),
 ('182', '1', '1', 'hero-worship-schedule.jpg', 'image', '1200', '756', '496325', '2017-08-16 16:26:19', '2017-08-31 11:39:30', '2017-09-27 23:44:44', '44f760f3-fd1a-4b80-8703-ace0ee8b0c9d'),
 ('183', '1', '1', 'little-church-logo.png', 'image', '324', '120', '18747', '2017-09-17 14:14:39', '2017-08-31 11:39:31', '2017-09-27 23:44:45', '22b43643-a993-407a-912e-a1b7d33c1b66'),
 ('184', '1', '1', 'little-church-logo.svg', 'image', '324', '120', '48577', '2017-09-17 14:14:40', '2017-08-31 11:39:31', '2017-09-27 23:44:45', '7018bc45-7488-4d9e-965b-c0d3103cddda'),
 ('185', '1', '15', 'marquee-01.jpg', 'image', '1600', '864', '781569', '2017-08-31 11:24:49', '2017-08-31 11:39:31', '2017-09-27 23:44:45', '894f2868-f039-44b9-9309-0cbbceb54968'),
 ('186', '1', '15', 'marquee-02.jpg', 'image', '1600', '864', '1038027', '2017-08-31 11:24:51', '2017-08-31 11:39:31', '2017-09-27 23:44:45', '09b73919-e355-4329-a717-3c4034954345'),
 ('187', '1', '15', 'marquee-03.jpg', 'image', '1600', '864', '611493', '2017-08-31 11:24:54', '2017-08-31 11:39:32', '2017-09-27 23:44:46', '51ac4f4e-7b43-49f2-ab86-1f01f70ebd35'),
 ('191', '1', '20', 'liturgy.jpg', 'image', '1000', '584', '159399', '2017-08-31 11:35:05', '2017-08-31 11:39:33', '2017-09-27 23:44:46', 'b2a10cef-4192-4a1f-a34d-7c04096aaca3'),
 ('192', '1', '20', 'music.jpg', 'image', '1000', '584', '196274', '2017-08-31 11:35:05', '2017-08-31 11:39:33', '2017-09-27 23:44:46', 'bf4c5e5a-5724-41c2-9ace-533a87203869'),
 ('193', '1', '20', 'parish-life.jpg', 'image', '1000', '584', '381908', '2017-09-04 13:29:29', '2017-08-31 11:39:33', '2017-09-27 23:44:47', '020d8312-09b1-40d0-b866-18aae431fbf8'),
 ('194', '1', '20', 'who-we-are.jpg', 'image', '1000', '584', '376942', '2017-09-04 13:26:08', '2017-08-31 11:39:34', '2017-09-27 23:44:48', '259420a1-8d30-4e2e-ae6c-3f2b9500454a'),
 ('195', '1', '4', '01.jpg', 'image', '1600', '1143', '617951', '2017-09-01 11:44:51', '2017-08-31 11:39:34', '2017-09-27 23:44:49', '9e2a90eb-876f-48d7-9805-bd81146f8465'),
 ('196', '1', '4', '02.jpg', 'image', '1600', '1143', '497200', '2017-09-01 11:45:58', '2017-08-31 11:39:34', '2017-09-27 23:44:49', 'c5842ff0-38f0-43c1-9e70-341ebbc75e91'),
 ('197', '1', '4', '03.jpg', 'image', '1600', '1143', '234547', '2017-09-01 11:45:58', '2017-08-31 11:39:35', '2017-09-27 23:44:49', '81fd7fba-06b0-4588-8f5a-78370f0653e5'),
 ('198', '1', '4', '04.jpg', 'image', '1600', '1143', '322573', '2017-09-01 11:45:59', '2017-08-31 11:39:35', '2017-09-27 23:44:50', '8cb41438-d1af-4104-a216-905166903d3c'),
 ('199', '1', '4', '05.jpg', 'image', '1600', '1143', '936114', '2017-09-01 11:46:00', '2017-08-31 11:39:35', '2017-09-27 23:44:50', 'bb13d2c7-5c30-43ed-b366-08d401b9b415'),
 ('200', '1', '4', '06.jpg', 'image', '1600', '1143', '883202', '2017-09-01 11:46:01', '2017-08-31 11:39:36', '2017-09-27 23:44:50', '76661dc2-df24-498b-ab33-da8727497161'),
 ('201', '1', '4', '07.jpg', 'image', '1600', '1143', '579599', '2017-09-01 11:46:02', '2017-08-31 11:39:36', '2017-09-27 23:44:50', '828ef97d-2d5e-467b-83e6-9fa174d573ab'),
 ('202', '1', '1', 'wheelchair-access.png', 'image', '60', '60', '1908', '2017-09-23 17:14:17', '2017-08-31 11:39:36', '2017-09-27 23:44:51', '415d5d4e-62db-4cb4-8a19-5c5888bcdaa9'),
 ('203', '1', '1', 'wheelchair-access.svg', 'image', '60', '60', '1234', '2017-09-23 17:14:17', '2017-08-31 11:39:37', '2017-09-27 23:44:51', '30065e8a-6299-4eca-9d2c-5fbec2c233d8'),
 ('204', '4', '7', 'figure-window.jpg', 'image', '1400', '984', '507375', '2017-09-14 18:26:04', '2017-08-31 11:39:37', '2017-09-27 23:44:52', '72eca0c2-27f6-44eb-8cad-57abcf6f7498'),
 ('205', '6', '11', 'ralph-adams-cram-madonna-shrine.jpg', 'image', '1200', '756', '443669', '2017-08-31 11:41:16', '2017-08-31 11:39:37', '2017-09-27 23:44:54', 'f49e13ec-a185-4220-a151-c2bb858ed316'),
 ('206', '6', '11', 'fr-patrick-and-dog.jpg', 'image', '1200', '756', '360899', '2017-08-30 15:28:56', '2017-08-31 11:39:38', '2017-09-27 23:44:52', 'f475f39f-e393-483b-8f39-38706776ab31'),
 ('207', '3', '5', 'hero-welcome.jpg', 'image', '1200', '756', '363230', '2017-09-06 16:51:49', '2017-08-31 11:39:38', '2017-09-27 23:45:03', 'db830e4d-e8bb-4dfa-a6ab-584785c049a1'),
 ('208', '3', '5', 'hero-who-we-are.jpg', 'image', '1200', '756', '506842', '2017-08-28 19:40:08', '2017-08-31 11:39:39', '2017-09-27 23:45:04', 'f8e7efa1-726d-4883-a8ed-9a918abba9b2'),
 ('209', '5', '8', 'bio-ian-betts.jpg', 'image', '562', '561', '232739', '2017-08-28 16:55:19', '2017-08-31 11:39:40', '2017-09-27 23:45:07', '40292125-e3d9-464a-b649-dc10da9fbedf'),
 ('210', '5', '8', 'bio-john-david-van-dooren.jpg', 'image', '800', '800', '127903', '2017-09-13 14:37:42', '2017-08-31 11:39:41', '2017-09-27 23:45:08', 'cffc6413-0fb2-4da7-b313-c31cbdedadbc'),
 ('211', '7', '17', 'edwin-booth-window-verticle.jpg', 'image', '714', '1000', '439091', '2017-08-30 14:10:38', '2017-08-31 11:39:41', '2017-09-27 23:45:09', '8503fa34-8bbe-4039-a78a-78295714db1c'),
 ('213', '7', '18', 'fr-patrick-and-dog.jpg', 'image', '1200', '756', '360899', '2017-08-30 15:28:56', '2017-08-31 11:39:42', '2017-09-27 23:45:10', '30c07c33-06d0-44da-83f1-f8cb829caca5'),
 ('214', '7', '17', 'fr-patrick-and-dog.jpg', 'image', '1200', '756', '360901', '2017-08-30 15:27:34', '2017-08-31 11:39:42', '2017-09-27 23:45:10', 'aadca575-f4af-4adb-a082-91227d1b8568'),
 ('215', '7', '17', 'placeholder.jpg', 'image', '1200', '756', '141517', '2017-08-31 18:32:20', '2017-08-31 11:39:42', '2017-09-27 23:45:11', '21963d0a-8f2d-49d5-b8ad-f47f398f3e00'),
 ('216', '7', '17', 'richard-upjohn-brass-filigree-pulpit.jpg', 'image', '1200', '857', '481415', '2017-08-30 23:14:53', '2017-08-31 11:39:43', '2017-09-27 23:45:11', '13f3486e-adc0-4738-be06-3376f63642f5'),
 ('219', '1', '13', 'ralph-adams-cram-madonna-shrine.jpg', 'image', '1200', '756', '443669', '2017-08-31 11:41:16', '2017-08-31 13:41:24', '2017-09-27 23:44:24', '5487ef0c-5ec2-48fa-bbeb-bcc1033b8fa0'),
 ('220', '7', '18', 'ralph-adams-cram-madonna-shrine.jpg', 'image', '1200', '756', '443669', '2017-08-31 11:41:16', '2017-08-31 13:41:41', '2017-09-27 23:45:10', 'ba7bd0d4-bc4f-444a-a498-8c6dfca812ef'),
 ('223', '6', '11', 'the-garden.jpg', 'image', '1200', '756', '309975', '2017-09-15 13:13:40', '2017-08-31 14:20:29', '2017-09-27 23:44:54', 'a9b55756-0fed-44e0-acc2-054c79b15463'),
 ('225', '1', '13', 'the-garden.jpg', 'image', '1200', '756', '309975', '2017-09-15 13:13:40', '2017-08-31 17:47:59', '2017-09-27 23:44:24', '251e9bb7-0e1e-43de-b57b-a19596dbee53'),
 ('226', '7', '18', 'the-garden.jpg', 'image', '1200', '756', '309975', '2017-09-15 13:13:40', '2017-08-31 17:48:24', '2017-09-27 23:45:10', '18aafebc-ca7a-48d0-9e5f-e0cbe99a151b'),
 ('227', '9', '21', 'feature-little-church.jpg', 'image', '1000', '900', '548202', '2017-08-31 18:50:04', '2017-08-31 18:50:03', '2017-09-27 23:45:13', 'e46215ad-aae6-43b8-8b0d-2d35736747bd'),
 ('228', '1', '22', 'feature-little-church.jpg', 'image', '1000', '900', '548202', '2017-08-31 18:50:04', '2017-08-31 19:05:48', '2017-09-27 23:44:36', '0e864c56-90b8-4ac8-801e-bfbadebe404d'),
 ('231', '3', '5', 'hero-our-mission.jpg', 'image', '1200', '756', '312394', '2017-08-31 20:22:38', '2017-08-31 20:22:40', '2017-09-27 23:45:02', 'd05ad49d-3b09-47cf-a410-7ef38a82bcd1'),
 ('235', '3', '5', 'hero-our-history.jpg', 'image', '1200', '756', '1249658', '2017-08-31 20:28:29', '2017-08-31 20:28:29', '2017-09-27 23:45:02', '31528263-fa56-4972-8295-4b1a0cb818d0'),
 ('238', '3', '5', 'hero-parish-life.jpg', 'image', '1200', '756', '519514', '2017-08-31 20:54:38', '2017-08-31 20:33:51', '2017-09-27 23:45:02', 'd2cccf41-a36d-44d1-b38e-9b0450a49402'),
 ('243', '3', '5', 'hero-worship-schedule.jpg', 'image', '1200', '756', '488412', '2017-09-01 10:10:20', '2017-09-01 10:10:20', '2017-09-27 23:45:04', 'd46713dc-58d9-449c-9ae5-370a23cced8e'),
 ('246', '1', '14', 'hero-liturgy.jpg', 'image', '1200', '756', '228750', '2017-09-14 19:18:55', '2017-09-01 11:19:33', '2017-09-27 23:44:38', '41235aae-ab2b-4921-8b88-425ad9d3b58a'),
 ('247', '1', '14', 'hero-our-history.jpg', 'image', '1200', '756', '1249658', '2017-08-31 20:28:29', '2017-09-01 11:19:33', '2017-09-27 23:44:39', 'e89bd942-a92f-4189-b0ab-e26b64624201'),
 ('248', '1', '14', 'hero-our-mission.jpg', 'image', '1200', '756', '312394', '2017-08-31 20:22:38', '2017-09-01 11:19:33', '2017-09-27 23:44:39', '1e07abea-f81d-4037-ab65-bf3592bd1913'),
 ('249', '1', '14', 'hero-parish-life.jpg', 'image', '1200', '756', '519514', '2017-08-31 20:54:38', '2017-09-01 11:19:34', '2017-09-27 23:44:40', '8b4372ae-039b-40e6-ae0a-0119a965302c'),
 ('250', '1', '14', 'hero-worship-schedule.jpg', 'image', '1200', '756', '488412', '2017-09-01 10:10:20', '2017-09-01 11:19:34', '2017-09-27 23:44:43', '3c6e54bd-bffb-4bbd-9d34-1c62fad79c62'),
 ('251', '3', '5', 'hero-liturgy.jpg', 'image', '1200', '756', '228750', '2017-09-14 19:18:55', '2017-09-01 11:19:43', '2017-09-27 23:44:59', 'b1e915fe-4376-4829-9155-c5d2288eb126'),
 ('253', '10', '23', '01.jpg', 'image', '1600', '1143', '617951', '2017-09-01 11:44:51', '2017-09-01 11:44:52', '2017-09-27 23:45:14', '826e02a4-c409-4f2f-9bd9-35e74b8780c2'),
 ('261', '10', '23', '02.jpg', 'image', '1600', '1143', '497200', '2017-09-01 11:45:58', '2017-09-01 11:46:08', '2017-09-27 23:45:14', '49a8842c-bdc5-4bfb-a64e-56a9f44141b4'),
 ('262', '10', '23', '03.jpg', 'image', '1600', '1143', '234547', '2017-09-01 11:45:58', '2017-09-01 11:46:09', '2017-09-27 23:45:14', 'c3c2dc8a-cf63-43e7-b360-e78f4ac7e35b'),
 ('263', '10', '23', '04.jpg', 'image', '1600', '1143', '322573', '2017-09-01 11:45:59', '2017-09-01 11:46:09', '2017-09-27 23:45:14', '609c5c91-dee6-4739-822c-14be7ca5604d'),
 ('264', '10', '23', '05.jpg', 'image', '1600', '1143', '936114', '2017-09-01 11:46:00', '2017-09-01 11:46:09', '2017-09-27 23:45:15', 'ebf3b946-e047-46f8-8914-00e9714dfa0f'),
 ('265', '10', '23', '06.jpg', 'image', '1600', '1143', '883202', '2017-09-01 11:46:01', '2017-09-01 11:46:10', '2017-09-27 23:45:15', '2aa4cd8f-ef83-42dd-b749-d49ef0439bbe'),
 ('266', '10', '23', '07.jpg', 'image', '1600', '1143', '579599', '2017-09-01 11:46:02', '2017-09-01 11:46:10', '2017-09-27 23:45:15', '6ddd1a25-dc72-4605-b45c-20c17b2af802');
INSERT INTO `craft_assetfiles` (`id`, `sourceId`, `folderId`, `filename`, `kind`, `width`, `height`, `size`, `dateModified`, `dateCreated`, `dateUpdated`, `uid`) VALUES
 ('273', '1', '1', 'hero-visit.jpg', 'image', '800', '571', '206000', '2017-09-05 11:00:23', '2017-09-06 16:31:55', '2017-09-27 23:44:43', '96641c22-858e-48bd-bd24-ac38b9dad804'),
 ('274', '1', '1', 'select-arrows.png', 'image', '60', '24', '219', '2017-09-05 13:18:12', '2017-09-06 16:31:59', '2017-09-27 23:44:48', '8c350bd2-71c2-4e9d-b19a-74af4976b97f'),
 ('275', '1', '1', 'select-arrows.svg', 'image', '60', '24', '336', '2017-09-05 13:18:13', '2017-09-06 16:31:59', '2017-09-27 23:44:48', '8c1c37d0-5551-4043-adf3-c01d4e36d365'),
 ('295', '11', '24', '08.06.17.mp3', 'audio', NULL, NULL, '11618660', '2017-09-12 16:30:54', '2017-09-12 16:46:27', '2017-09-27 23:45:16', '276a304d-1abc-41af-80b4-afafffa551da'),
 ('296', '11', '24', '08.27.17.mp3', 'audio', NULL, NULL, '10834562', '2017-09-12 16:30:36', '2017-09-12 16:46:28', '2017-09-27 23:45:16', 'a40d7982-be81-4d93-aec5-fb0935553daf'),
 ('297', '11', '24', '08.20.17.mp3', 'audio', NULL, NULL, '14629221', '2017-09-12 16:30:43', '2017-09-12 16:46:28', '2017-09-27 23:45:16', '0843a280-966c-4bc3-b4a7-b9d8c0dd3bea'),
 ('298', '11', '24', '08.13.17.mp3', 'audio', NULL, NULL, '9570610', '2017-09-12 16:30:33', '2017-09-12 16:46:28', '2017-09-27 23:45:16', 'e6e1ebc7-18d2-4edb-8b29-cd0098d0f999'),
 ('299', '11', '24', '09.03.17.mp3', 'audio', NULL, NULL, '11682612', '2017-09-12 16:30:38', '2017-09-12 16:46:28', '2017-09-27 23:45:17', '30dac7c3-3ff1-4eb5-bf09-e513e637cabf'),
 ('301', '11', '24', '09.10.17.mp3', 'audio', NULL, NULL, '10312952', '2017-09-12 16:49:41', '2017-09-12 16:49:43', '2017-09-27 23:45:17', '4930e851-694e-48bd-8301-b9c2e7578d11'),
 ('309', '5', '8', 'bio-patrick-cheng.jpg', 'image', '800', '800', '166611', '2017-09-13 07:16:24', '2017-09-13 07:16:26', '2017-09-27 23:45:09', 'f4757fcd-a888-454e-931e-3723d240503f'),
 ('311', '5', '8', 'bio-warren-c-platt.jpg', 'image', '800', '800', '140235', '2017-09-13 07:17:44', '2017-09-13 07:17:45', '2017-09-27 23:45:09', '3fb2408e-9bca-4194-a004-329806112f79'),
 ('313', '5', '8', 'bio-grace-kobryn.jpg', 'image', '800', '800', '150112', '2017-09-13 07:19:37', '2017-09-13 07:19:39', '2017-09-27 23:45:07', '7a717569-7c53-4240-924f-46f69a62fb91'),
 ('315', '5', '8', 'bio-claudia-dumschat.jpg', 'image', '800', '800', '134616', '2017-09-26 10:41:12', '2017-09-13 07:27:13', '2017-09-27 23:45:06', '5fc634e3-c2e8-4dc0-8efa-25ea2600f504'),
 ('316', '1', '16', 'bio-claudia-dumschat.jpg', 'image', '800', '800', '134616', '2017-09-26 10:41:12', '2017-09-13 07:27:29', '2017-09-27 23:44:19', '53dd8c5f-ab1e-4603-8bfc-f38747439802'),
 ('317', '1', '16', 'bio-grace-kobryn.jpg', 'image', '800', '800', '150112', '2017-09-13 07:19:37', '2017-09-13 07:27:29', '2017-09-27 23:44:19', 'aa49fe9d-971d-4d90-a40d-b04180fe2f2a'),
 ('318', '1', '16', 'bio-patrick-cheng.jpg', 'image', '800', '800', '166611', '2017-09-13 07:16:24', '2017-09-13 07:27:30', '2017-09-27 23:44:23', 'bbbb99a3-ae73-44d6-8606-20ebf1258fbc'),
 ('319', '1', '16', 'bio-warren-c-platt.jpg', 'image', '800', '800', '140235', '2017-09-13 07:17:44', '2017-09-13 07:27:30', '2017-09-27 23:44:23', '310f3e68-f6ec-4179-bc40-88b6d39bc2c9'),
 ('326', '3', '5', 'hero-camerata.jpg', 'image', '1200', '756', '265272', '2017-09-26 09:56:03', '2017-09-13 09:26:39', '2017-09-27 23:44:55', '87267761-c2e5-45c7-b77a-5df07629412e'),
 ('328', '3', '5', 'hero-organist-and-choirmaster.jpg', 'image', '1200', '756', '196518', '2017-09-27 00:15:05', '2017-09-13 09:40:28', '2017-09-27 23:45:01', '4fdc6ffe-1ad4-4a5f-b496-9b593fa6c83d'),
 ('332', '1', '14', 'hero-organist-and-choirmaster.jpg', 'image', '1200', '756', '196518', '2017-09-27 00:15:05', '2017-09-13 10:21:08', '2017-09-27 23:44:39', '3f9127ef-b73e-451e-a319-1f114043eaed'),
 ('335', '4', '7', 'figure-organ.jpg', 'image', '1400', '984', '447391', '2017-09-13 10:40:08', '2017-09-13 10:40:09', '2017-09-27 23:44:51', '586b4177-7350-4f63-a2e1-b336246f4171'),
 ('339', '3', '5', 'hero-concert-series.jpg', 'image', '1200', '756', '323652', '2017-09-22 10:27:33', '2017-09-13 10:56:17', '2017-09-27 23:44:57', '28b76d9e-3888-4988-b5ba-3cecdb9fb519'),
 ('342', '1', '10', 'figure-organ.jpg', 'image', '1400', '984', '447391', '2017-09-13 10:40:08', '2017-09-13 14:39:28', '2017-09-27 23:44:33', '152b2456-d00b-4843-9352-8d682c80d1aa'),
 ('343', '1', '14', 'hero-concert-series.jpg', 'image', '1200', '756', '323652', '2017-09-22 10:27:33', '2017-09-13 14:39:29', '2017-09-27 23:44:38', '96e9a430-a93b-49b3-9a29-393d2ee0cc51'),
 ('351', '2', '2', 'marquee-04.jpg', 'image', '1600', '864', '594559', '2017-09-20 09:07:12', '2017-09-14 17:21:36', '2017-09-27 23:45:05', '88633838-5897-4b57-983b-82c610697c68'),
 ('358', '3', '5', 'hero-bible-study.jpg', 'image', '1200', '756', '460924', '2017-09-16 15:58:53', '2017-09-14 19:32:53', '2017-09-27 23:44:56', 'b8c91e74-c5a1-40af-9255-78613c48bace'),
 ('362', '3', '5', 'hero-weddings.jpg', 'image', '1200', '756', '319986', '2017-09-27 23:04:22', '2017-09-14 21:12:46', '2017-09-27 23:45:03', '97b38cfa-a543-4ad6-afe0-8538bf16a50f'),
 ('367', '1', '14', 'hero-bible-study.jpg', 'image', '1200', '756', '460924', '2017-09-16 15:58:53', '2017-09-15 13:14:08', '2017-09-27 23:44:37', '9a7d61f4-451c-40f3-8e46-58696c9cc146'),
 ('368', '1', '14', 'hero-weddings.jpg', 'image', '1200', '756', '319986', '2017-09-27 23:04:22', '2017-09-15 13:14:09', '2017-09-27 23:44:41', '7356f707-e137-4208-80a1-759c04b711af'),
 ('369', '1', '15', 'marquee-04.jpg', 'image', '1600', '864', '594559', '2017-09-20 09:07:12', '2017-09-15 13:14:14', '2017-09-27 23:44:46', 'c9196690-9724-4f33-b8bc-239ee82e656e'),
 ('374', '3', '5', 'hero-adult-education.jpg', 'image', '1200', '756', '252299', '2017-09-16 16:20:34', '2017-09-16 16:20:36', '2017-09-27 23:44:54', '741a5291-24c0-4cb3-9e8a-1ef3726906e0'),
 ('378', '1', '14', 'hero-adult-education.jpg', 'image', '1200', '756', '252299', '2017-09-16 16:20:34', '2017-09-16 18:10:26', '2017-09-27 23:44:36', 'ba6c89b4-270f-47a2-a425-088075377129'),
 ('381', '12', '25', '2017-founders-day.jpg', 'image', '1200', '756', '110360', '2017-09-17 13:55:20', '2017-09-16 19:46:36', '2017-09-27 23:45:18', 'b92de795-07c1-473e-befe-d7f01497e99d'),
 ('390', '12', '25', 'open-house-ny.jpg', 'image', '1200', '756', '619961', '2017-09-17 13:57:57', '2017-09-16 22:38:03', '2017-09-27 23:45:18', '87cd3d4a-9efb-4b95-9a95-b121d6787e94'),
 ('396', '1', '1', 'john-david-signature.jpg', 'image', '254', '58', '3902', '2017-09-19 09:39:46', '2017-09-19 09:31:46', '2017-09-27 23:44:44', 'd663bda6-585b-4767-8320-4731639f391f'),
 ('400', '5', '8', 'bio-alison-turner.jpg', 'image', '800', '800', '94885', '2017-09-20 08:46:08', '2017-09-20 08:46:11', '2017-09-27 23:45:06', '1bea2e68-4b90-48ce-9238-b992999d5d29'),
 ('415', '1', '16', 'bio-alison-turner.jpg', 'image', '800', '800', '94885', '2017-09-20 08:46:08', '2017-09-21 10:05:54', '2017-09-27 23:44:18', 'b838447e-d358-459e-b493-b0d29e1e66e2'),
 ('416', '1', '1', 'favicon.png', 'image', '36', '36', '1021', '2017-09-17 14:32:56', '2017-09-21 10:06:12', '2017-09-27 23:44:33', '495403f3-8195-4f79-ada0-d75bfbb79316'),
 ('419', '1', '14', 'hero-baptisms.jpg', 'image', '1200', '756', '345024', '2017-09-27 23:07:25', '2017-09-22 08:11:46', '2017-09-27 23:44:36', '181e0785-b9e0-4164-9017-60f7a20c90d6'),
 ('420', '3', '5', 'hero-baptisms.jpg', 'image', '1200', '756', '345024', '2017-09-27 23:07:25', '2017-09-22 08:12:03', '2017-09-27 23:44:55', 'b84ca253-0a9b-4151-baed-35d18250bbbe'),
 ('422', '3', '5', 'hero-liturgical-music.jpg', 'image', '1200', '756', '249884', '2017-09-22 08:21:10', '2017-09-22 08:21:12', '2017-09-27 23:44:58', '1ef6bdc7-8ca0-404a-a10f-62cc4b749878'),
 ('436', '1', '14', 'hero-liturgical-music.jpg', 'image', '1200', '756', '249884', '2017-09-22 08:21:10', '2017-09-23 11:25:16', '2017-09-27 23:44:38', '14c2d707-1992-465f-af82-4cdd71780f3e'),
 ('440', '3', '5', 'hero-choir-of-men-and-boys.jpg', 'image', '1200', '756', '184415', '2017-09-26 09:45:54', '2017-09-23 11:31:15', '2017-09-27 23:44:57', 'adc9db0d-f0f0-4c8f-b38b-815f2b751f83'),
 ('442', '3', '5', 'hero-lumines-girls-choir.jpg', 'image', '1200', '756', '263227', '2017-09-26 08:50:29', '2017-09-23 11:32:31', '2017-09-27 23:45:01', '419afc6b-1a17-4f0d-9c0f-e9c3fbe74549'),
 ('444', '3', '5', 'hero-cherub-choir.jpg', 'image', '1200', '756', '283593', '2017-09-26 09:24:25', '2017-09-23 11:39:42', '2017-09-27 23:44:56', 'cbb03073-83ce-4686-b7a3-1561feb4de99'),
 ('445', '1', '14', 'hero-cherub-choir.jpg', 'image', '1200', '756', '283593', '2017-09-26 09:24:25', '2017-09-23 11:43:39', '2017-09-27 23:44:37', '131e8e72-1cf5-40d8-bb87-92cd0ed0e31f'),
 ('446', '1', '14', 'hero-choir-of-men-and-boys.jpg', 'image', '1200', '756', '184415', '2017-09-26 09:45:54', '2017-09-23 11:43:39', '2017-09-27 23:44:37', '3c4966b4-af0c-4540-a297-e0a118b312ee'),
 ('447', '1', '14', 'hero-lumines-girls-choir.jpg', 'image', '1200', '756', '263227', '2017-09-26 08:50:29', '2017-09-23 11:43:40', '2017-09-27 23:44:39', 'b33af689-7e10-4557-85d5-c0dad78d3e50'),
 ('454', '12', '25', '2017-blessing-of-the-animals.jpg', 'image', '1200', '756', '106836', '2017-09-23 12:26:52', '2017-09-23 12:26:54', '2017-09-27 23:45:17', 'aac0fee9-d87c-4b61-8deb-15416cadefba'),
 ('459', '1', '26', '2017-blessing-of-the-animals.jpg', 'image', '1200', '756', '106836', '2017-09-23 12:26:52', '2017-09-23 18:13:08', '2017-09-27 23:44:32', 'a4125d96-b4ff-4ab8-abb2-e32fd2190192'),
 ('460', '1', '14', 'hero-visit.jpg', 'image', '1200', '756', '638764', '2017-09-23 14:41:06', '2017-09-23 18:13:18', '2017-09-27 23:44:41', 'dc52b31f-94f1-47e2-a2d7-d1aa5c514b73'),
 ('461', '3', '5', 'hero-visit.jpg', 'image', '1200', '756', '638764', '2017-09-23 14:41:06', '2017-09-23 18:13:34', '2017-09-27 23:45:02', '707f727a-52ae-4216-b953-7de48340850f'),
 ('465', '12', '25', 'past-event.jpg', 'image', '1200', '756', '240241', '2017-09-24 15:14:06', '2017-09-24 15:14:08', '2017-09-27 23:45:18', '80fcc155-b5df-4279-8ddc-eb5fda09055c'),
 ('483', '4', '7', 'figure-space-for-weddings.jpg', 'image', '1400', '984', '744655', '2017-09-27 23:14:30', '2017-09-24 19:28:11', '2017-09-27 23:44:52', '87346c69-c63f-48e1-be31-99fdb8d90690'),
 ('492', '1', '26', '2017-founders-day.jpg', 'image', '1200', '756', '110360', '2017-09-17 13:55:20', '2017-09-25 09:45:54', '2017-09-27 23:44:32', '2a9c01fa-3568-44d3-ab78-51f1d4dc46b5'),
 ('493', '1', '26', 'open-house-ny.jpg', 'image', '1200', '756', '619961', '2017-09-17 13:57:57', '2017-09-25 09:45:56', '2017-09-27 23:44:32', 'b1239646-957f-43d8-bdfe-432a1db85354'),
 ('494', '1', '26', 'past-event.jpg', 'image', '1200', '756', '240241', '2017-09-24 15:14:06', '2017-09-25 09:45:57', '2017-09-27 23:44:33', 'fb2a931b-31b6-4ca1-b5f6-876094e2f2f3'),
 ('495', '1', '10', 'figure-space-for-weddings.jpg', 'image', '1400', '984', '744655', '2017-09-27 23:14:30', '2017-09-25 09:45:59', '2017-09-27 23:44:34', '38bb78d5-f73c-440a-a11a-bb8c04ec06bc'),
 ('512', '1', '14', 'hero-camerata.jpg', 'image', '1200', '756', '265272', '2017-09-26 09:56:03', '2017-09-26 09:53:13', '2017-09-27 23:44:37', '30dc9168-1fce-4b03-8fdf-d2a63c2da3d5'),
 ('515', '3', '5', 'heros-music-at-transfiguration.jpg', 'image', '1200', '756', '25206', '2017-09-26 09:58:16', '2017-09-26 09:58:18', '2017-09-27 23:45:04', '126c0300-0a58-4e83-96c6-896e8ca022ba'),
 ('517', '13', '27', 'midday-music-fall-schedule.jpg', 'image', '1275', '2775', '626189', '2017-09-26 10:20:50', '2017-09-26 10:20:52', '2017-09-27 23:45:18', 'd53a49f9-a7d9-475c-953d-79fbccd51761'),
 ('520', '3', '5', 'hero-funerals.jpg', 'image', '1200', '756', '34282', '2017-09-26 10:49:15', '2017-09-26 10:49:17', '2017-09-27 23:44:58', '29f8e688-6073-4eb3-b557-b3205a752dd7'),
 ('521', '1', '16', 'bio-claudia-dumschat_170924_225918.jpg', 'image', '800', '800', '133733', '2017-09-26 10:41:12', '2017-09-26 11:07:35', '2017-09-27 23:44:19', '3ab0673b-fee2-406f-ade8-f9a1152af63e'),
 ('522', '1', '14', 'hero-funerals.jpg', 'image', '1200', '756', '34282', '2017-09-26 10:49:15', '2017-09-26 11:07:52', '2017-09-27 23:44:38', '662f5277-6804-436d-9894-3a4ec2df77aa'),
 ('523', '1', '14', 'heros-music-at-transfiguration.jpg', 'image', '1200', '756', '25206', '2017-09-26 09:58:16', '2017-09-26 11:07:55', '2017-09-27 23:44:43', '58a8e248-bfcb-4951-a7e1-6be129aa00bc'),
 ('524', '5', '8', 'bio-claudia-dumschat_170924_225918.jpg', 'image', '800', '800', '133733', '2017-09-26 10:41:12', '2017-09-26 11:08:10', '2017-09-27 23:45:06', 'fc4ff459-90c2-471e-a82c-d19be9a124a3'),
 ('526', '5', '8', 'bio-elizabeth-carr.jpg', 'image', '600', '600', '76003', '2017-09-26 22:31:36', '2017-09-26 22:31:37', '2017-09-27 23:45:06', 'b234b6d3-ccaf-47a4-8f15-2e1881824556'),
 ('531', '1', '16', 'bio-elizabeth-carr.jpg', 'image', '600', '600', '76003', '2017-09-26 22:31:36', '2017-09-26 23:59:10', '2017-09-27 23:44:19', 'c2f3105a-561a-4828-875f-1ebee5408dfe'),
 ('540', '1', '1', 'contact.jpg', 'image', '640', '420', '134235', '2017-09-27 08:59:27', '2017-09-27 23:44:31', '2017-09-27 23:44:31', 'd8426832-96b1-404a-b779-6a1865fbbdb2'),
 ('541', '1', '14', 'hero-weddings_170923_140812.jpg', 'image', '1200', '756', '319093', '2017-09-27 23:03:52', '2017-09-27 23:44:42', '2017-09-27 23:44:42', '4908365e-a5d1-4364-9dda-6c7b92e6ee3c'),
 ('542', '3', '5', 'hero-weddings_170923_140812.jpg', 'image', '1200', '756', '319093', '2017-09-27 23:03:52', '2017-09-27 23:45:03', '2017-09-27 23:45:03', '32231882-f0a2-4dbe-bbce-4ec9bfcc1fcf'),
 ('561', '3', '5', 'hero-prayer-requests.jpg', 'image', '1200', '756', '223522', '2017-09-28 22:45:51', '2017-09-28 22:45:51', '2017-09-28 22:45:51', 'a2f8cf5f-7ce2-4bf3-91d4-0e36757750a4');



DROP TABLE IF EXISTS `craft_assetfolders`;


--
-- Schema for table `craft_assetfolders`
--
CREATE TABLE `craft_assetfolders` (
  `id` int(11) NOT NULL AUTO_INCREMENT,
  `parentId` int(11) DEFAULT NULL,
  `sourceId` int(11) DEFAULT NULL,
  `name` varchar(255) COLLATE utf8_unicode_ci NOT NULL,
  `path` varchar(255) COLLATE utf8_unicode_ci DEFAULT NULL,
  `dateCreated` datetime NOT NULL,
  `dateUpdated` datetime NOT NULL,
  `uid` char(36) COLLATE utf8_unicode_ci NOT NULL DEFAULT '0',
  PRIMARY KEY (`id`),
  UNIQUE KEY `craft_assetfolders_name_parentId_sourceId_unq_idx` (`name`,`parentId`,`sourceId`),
  KEY `craft_assetfolders_parentId_fk` (`parentId`),
  KEY `craft_assetfolders_sourceId_fk` (`sourceId`)
) ENGINE=InnoDB AUTO_INCREMENT=28 DEFAULT CHARSET=utf8 COLLATE=utf8_unicode_ci;

--
-- Data for table `craft_assetfolders`
--

INSERT INTO `craft_assetfolders` (`id`, `parentId`, `sourceId`, `name`, `path`, `dateCreated`, `dateUpdated`, `uid`) VALUES
 ('1', NULL, '1', 'Global Images', '', '2017-08-25 13:18:29', '2017-08-25 13:18:29', '6c5fdd87-33a3-44e7-8e06-5a8de3ce65d9'),
 ('2', NULL, '2', 'Marquee', '', '2017-08-25 13:27:45', '2017-08-30 11:39:40', '2c0a9208-0ac8-458e-b831-395180a9f287'),
 ('4', '1', '1', 'virtual-tour', 'virtual-tour/', '2017-08-25 14:10:44', '2017-08-25 14:10:44', '2c32f292-c6a6-4feb-be88-337516406f56'),
 ('5', NULL, '3', 'About Hero', '', '2017-08-26 11:13:29', '2017-08-30 11:31:05', 'aa69633a-2de0-4e26-939b-67b78565ce84'),
 ('7', NULL, '4', 'Figure', '', '2017-08-28 12:11:29', '2017-08-28 12:31:18', '21e8456f-f516-4f5c-86ec-22c798dc5107'),
 ('8', NULL, '5', 'Bio', '', '2017-08-28 15:09:19', '2017-08-30 11:51:19', '2bf6bf44-6e16-436f-a74c-947758cb172e'),
 ('10', '1', '1', 'figure', 'figure/', '2017-08-28 18:49:07', '2017-08-28 18:49:07', 'eed1e145-a768-4c0d-991c-7fb48487d316'),
 ('11', NULL, '6', 'Blog Feature', '', '2017-08-30 08:54:41', '2017-08-30 09:01:33', '445a522f-eddf-413b-b7e4-dd4dd1aadb20'),
 ('12', '1', '1', 'blog', 'blog/', '2017-08-30 11:32:21', '2017-08-30 11:32:21', '102e4aeb-56c1-4966-a9b0-df2fbea335eb'),
 ('13', '12', '1', 'feature', 'blog/feature/', '2017-08-30 11:32:21', '2017-08-30 11:32:21', 'b8faf5a9-a3f6-4810-8243-04ea320167eb'),
 ('14', '1', '1', 'hero', 'hero/', '2017-08-30 11:32:21', '2017-08-30 11:32:21', '0a1d0277-6bd0-4f9b-96f7-e24e3c09297e'),
 ('15', '1', '1', 'marquee', 'marquee/', '2017-08-30 11:42:01', '2017-08-30 11:42:01', '4606776d-5bd7-47b5-bad5-7b8023c1b69c'),
 ('16', '1', '1', 'bio', 'bio/', '2017-08-30 11:51:30', '2017-08-30 11:51:30', '81cbffea-afcf-4785-bcc3-04c0ce45e7e6'),
 ('17', NULL, '7', 'Blog Article', '', '2017-08-30 14:06:23', '2017-08-30 14:06:23', '2091714e-cc7f-4a79-b0a0-5d5fa8407ef2'),
 ('18', '17', '7', 'feature', 'feature/', '2017-08-30 14:23:09', '2017-08-30 14:23:09', 'bcf7ed5c-c31a-454f-b469-05d7641feebb'),
 ('19', NULL, '8', 'Quadrant', '', '2017-08-31 11:28:24', '2017-08-31 11:31:06', '680b99b5-61c6-4cc0-9d3d-44b8e09c372b'),
 ('20', '1', '1', 'quadrant', 'quadrant/', '2017-08-31 11:39:21', '2017-08-31 11:39:21', 'b792bad6-9811-494e-8341-94fe2c2a4ed7'),
 ('21', NULL, '9', 'Graphic Feature', '', '2017-08-31 18:42:51', '2017-08-31 18:42:51', 'aded3b7b-52c8-4d60-b94b-1866892903cd'),
 ('22', '1', '1', 'graphic-feature', 'graphic-feature/', '2017-08-31 19:05:40', '2017-08-31 19:05:40', '0e0f7592-07e0-4873-9090-2065e5d89a32'),
 ('23', NULL, '10', 'Virtual Tour', '', '2017-09-01 11:34:41', '2017-09-01 11:34:41', 'b61d3b8e-3009-404b-9441-578873a76e28'),
 ('24', NULL, '11', 'Audio', '', '2017-09-12 09:38:43', '2017-09-12 09:39:45', '34c51f79-54f2-49f6-aea6-de6fc8c0b496'),
 ('25', NULL, '12', 'Events', '', '2017-09-14 08:14:20', '2017-09-14 08:14:20', 'b794a0ce-a136-46db-b7d1-193b525bc25d'),
 ('26', '1', '1', 'events', 'events/', '2017-09-14 13:54:51', '2017-09-14 13:54:51', '9d289aa0-19d7-42a4-b6ec-a676334708f6'),
 ('27', NULL, '13', 'Downloads', '', '2017-09-26 10:12:46', '2017-09-26 10:12:46', '02ad36f7-1aa3-45ba-a915-c0d1cf7d5383');



DROP TABLE IF EXISTS `craft_assetindexdata`;


--
-- Schema for table `craft_assetindexdata`
--
CREATE TABLE `craft_assetindexdata` (
  `id` int(11) NOT NULL AUTO_INCREMENT,
  `sessionId` varchar(36) COLLATE utf8_unicode_ci NOT NULL DEFAULT '',
  `sourceId` int(10) NOT NULL,
  `offset` int(10) NOT NULL,
  `uri` varchar(255) COLLATE utf8_unicode_ci DEFAULT NULL,
  `size` varchar(255) COLLATE utf8_unicode_ci DEFAULT NULL,
  `recordId` int(10) DEFAULT NULL,
  `dateCreated` datetime NOT NULL,
  `dateUpdated` datetime NOT NULL,
  `uid` char(36) COLLATE utf8_unicode_ci NOT NULL DEFAULT '0',
  PRIMARY KEY (`id`),
  UNIQUE KEY `craft_assetindexdata_sessionId_sourceId_offset_unq_idx` (`sessionId`,`sourceId`,`offset`),
  KEY `craft_assetindexdata_sourceId_fk` (`sourceId`)
) ENGINE=InnoDB DEFAULT CHARSET=utf8 COLLATE=utf8_unicode_ci;

DROP TABLE IF EXISTS `craft_assetsources`;


--
-- Schema for table `craft_assetsources`
--
CREATE TABLE `craft_assetsources` (
  `id` int(11) NOT NULL AUTO_INCREMENT,
  `name` varchar(255) COLLATE utf8_unicode_ci NOT NULL,
  `handle` varchar(255) COLLATE utf8_unicode_ci NOT NULL,
  `type` varchar(150) COLLATE utf8_unicode_ci NOT NULL,
  `settings` text COLLATE utf8_unicode_ci,
  `sortOrder` smallint(6) unsigned DEFAULT NULL,
  `fieldLayoutId` int(10) DEFAULT NULL,
  `dateCreated` datetime NOT NULL,
  `dateUpdated` datetime NOT NULL,
  `uid` char(36) COLLATE utf8_unicode_ci NOT NULL DEFAULT '0',
  PRIMARY KEY (`id`),
  UNIQUE KEY `craft_assetsources_name_unq_idx` (`name`),
  UNIQUE KEY `craft_assetsources_handle_unq_idx` (`handle`),
  KEY `craft_assetsources_fieldLayoutId_fk` (`fieldLayoutId`)
) ENGINE=InnoDB AUTO_INCREMENT=14 DEFAULT CHARSET=utf8 COLLATE=utf8_unicode_ci;

--
-- Data for table `craft_assetsources`
--

INSERT INTO `craft_assetsources` (`id`, `name`, `handle`, `type`, `settings`, `sortOrder`, `fieldLayoutId`, `dateCreated`, `dateUpdated`, `uid`) VALUES
 ('1', 'Global Images', 'globalImages', 'Local', '{\"path\":\"images\\/\",\"publicURLs\":\"1\",\"url\":\"{baseUrl}images\\/\"}', '1', '6', '2017-08-25 13:18:29', '2017-08-25 13:18:29', '626af5cb-d5f4-4c95-9780-d5f658c9ceb7'),
 ('2', 'Marquee', 'marquee', 'Local', '{\"path\":\"images\\/marquee\\/\",\"publicURLs\":\"1\",\"url\":\"{baseUrl}images\\/marquee\\/\"}', '2', '98', '2017-08-25 13:27:45', '2017-08-30 11:39:40', '5d9b1bbc-1ebc-4618-9948-8e1df05a2409'),
 ('3', 'About Hero', 'aboutHero', 'Local', '{\"path\":\"images\\/hero\\/\",\"publicURLs\":\"1\",\"url\":\"{baseUrl}images\\/hero\\/\"}', '3', '97', '2017-08-26 11:13:29', '2017-08-30 11:31:05', '93dc7f79-e37e-4582-b829-4f37205a273c'),
 ('4', 'Figure', 'figure', 'Local', '{\"path\":\"images\\/figure\\/\",\"publicURLs\":\"1\",\"url\":\"{baseUrl}images\\/figure\\/\"}', '4', '54', '2017-08-28 12:11:29', '2017-08-28 12:31:18', '47d91de8-1130-4ce3-9f39-08cefbb1d2ac'),
 ('5', 'Bio', 'bios', 'Local', '{\"path\":\"images\\/bio\\/\",\"publicURLs\":\"1\",\"url\":\"{baseUrl}images\\/bio\\/\"}', '5', '99', '2017-08-28 15:09:19', '2017-08-30 11:51:19', 'a340479e-f789-4051-a65e-1970fc7d9ae7'),
 ('6', 'Blog Feature', 'blogFeature', 'Local', '{\"path\":\"images\\/blog\\/feature\\/\",\"publicURLs\":\"1\",\"url\":\"{baseUrl}images\\/blog\\/feature\\/\"}', '6', '93', '2017-08-30 08:54:41', '2017-08-30 09:01:33', '9dabe8ee-a9b1-46fa-98aa-8f1d852d945e'),
 ('7', 'Blog Article', 'blogArticle', 'Local', '{\"path\":\"images\\/blog\\/\",\"publicURLs\":\"1\",\"url\":\"{baseUrl}images\\/blog\\/\"}', '7', '112', '2017-08-30 14:06:23', '2017-08-30 14:06:23', 'bf2d139f-afd0-4a3d-869c-de6ffb16d6e2'),
 ('8', 'Quadrant', 'quadrants', 'Local', '{\"path\":\"images\\/quadrant\\/\",\"publicURLs\":\"1\",\"url\":\"{baseUrl}images\\/quadrant\\/\"}', '8', '140', '2017-08-31 11:28:24', '2017-08-31 11:31:06', '20d8af83-78f0-47d9-9c61-20e6d40df7a3'),
 ('9', 'Graphic Feature', 'graphicFeature', 'Local', '{\"path\":\"images\\/graphic-feature\\/\",\"publicURLs\":\"1\",\"url\":\"{baseUrl}images\\/graphic-feature\\/\"}', '9', '148', '2017-08-31 18:42:51', '2017-08-31 18:49:23', '00363569-797d-4bf6-b387-e437c5b58f16'),
 ('10', 'Virtual Tour', 'virtualTour', 'Local', '{\"path\":\"images\\/virtual-tour\\/\",\"publicURLs\":\"1\",\"url\":\"{baseUrl}images\\/virtual-tour\\/\"}', '10', '155', '2017-09-01 11:34:41', '2017-09-01 11:34:41', '8cc8939d-da19-4fc3-9913-dd57cb4120cc'),
 ('11', 'Audio', 'audio', 'Local', '{\"path\":\"media\\/audio\\/\",\"publicURLs\":\"1\",\"url\":\"{baseUrl}\\/media\\/audio\\/\"}', '11', '169', '2017-09-12 09:38:43', '2017-09-12 09:39:45', '9ed14970-7a11-417c-bf59-2db4f5831b6f'),
 ('12', 'Events', 'events', 'Local', '{\"path\":\"images\\/events\\/\",\"publicURLs\":\"1\",\"url\":\"{baseUrl}images\\/events\\/\"}', '12', '217', '2017-09-14 08:14:20', '2017-09-14 08:14:20', 'b077dbd8-bb33-4bd5-9458-f8c7349bbc35'),
 ('13', 'Downloads', 'downloads', 'Local', '{\"path\":\"media\\/downloads\\/\",\"publicURLs\":\"1\",\"url\":\"{baseUrl}\\/media\\/downloads\\/\"}', '13', '286', '2017-09-26 10:12:46', '2017-09-26 10:20:28', 'c33473de-1a0e-4a5e-ab41-2a0c6a2111f5');



DROP TABLE IF EXISTS `craft_assettransformindex`;


--
-- Schema for table `craft_assettransformindex`
--
CREATE TABLE `craft_assettransformindex` (
  `id` int(11) NOT NULL AUTO_INCREMENT,
  `fileId` int(11) NOT NULL,
  `filename` varchar(255) COLLATE utf8_unicode_ci DEFAULT NULL,
  `format` varchar(255) COLLATE utf8_unicode_ci DEFAULT NULL,
  `location` varchar(255) COLLATE utf8_unicode_ci NOT NULL,
  `sourceId` int(11) DEFAULT NULL,
  `fileExists` tinyint(1) DEFAULT NULL,
  `inProgress` tinyint(1) DEFAULT NULL,
  `dateIndexed` datetime DEFAULT NULL,
  `dateCreated` datetime NOT NULL,
  `dateUpdated` datetime NOT NULL,
  `uid` char(36) COLLATE utf8_unicode_ci NOT NULL DEFAULT '0',
  PRIMARY KEY (`id`),
  KEY `craft_assettransformindex_sourceId_fileId_location_idx` (`sourceId`,`fileId`,`location`)
) ENGINE=InnoDB DEFAULT CHARSET=utf8 COLLATE=utf8_unicode_ci;

DROP TABLE IF EXISTS `craft_assettransforms`;


--
-- Schema for table `craft_assettransforms`
--
CREATE TABLE `craft_assettransforms` (
  `id` int(11) NOT NULL AUTO_INCREMENT,
  `name` varchar(255) COLLATE utf8_unicode_ci NOT NULL,
  `handle` varchar(255) COLLATE utf8_unicode_ci NOT NULL,
  `mode` enum('stretch','fit','crop') COLLATE utf8_unicode_ci NOT NULL DEFAULT 'crop',
  `position` enum('top-left','top-center','top-right','center-left','center-center','center-right','bottom-left','bottom-center','bottom-right') COLLATE utf8_unicode_ci NOT NULL DEFAULT 'center-center',
  `height` int(10) DEFAULT NULL,
  `width` int(10) DEFAULT NULL,
  `format` varchar(255) COLLATE utf8_unicode_ci DEFAULT NULL,
  `quality` int(10) DEFAULT NULL,
  `dimensionChangeTime` datetime DEFAULT NULL,
  `dateCreated` datetime NOT NULL,
  `dateUpdated` datetime NOT NULL,
  `uid` char(36) COLLATE utf8_unicode_ci NOT NULL DEFAULT '0',
  PRIMARY KEY (`id`),
  UNIQUE KEY `craft_assettransforms_name_unq_idx` (`name`),
  UNIQUE KEY `craft_assettransforms_handle_unq_idx` (`handle`)
) ENGINE=InnoDB DEFAULT CHARSET=utf8 COLLATE=utf8_unicode_ci;

DROP TABLE IF EXISTS `craft_categories`;


--
-- Schema for table `craft_categories`
--
CREATE TABLE `craft_categories` (
  `id` int(11) NOT NULL,
  `groupId` int(11) NOT NULL,
  `dateCreated` datetime NOT NULL,
  `dateUpdated` datetime NOT NULL,
  `uid` char(36) COLLATE utf8_unicode_ci NOT NULL DEFAULT '0',
  PRIMARY KEY (`id`),
  KEY `craft_categories_groupId_fk` (`groupId`)
) ENGINE=InnoDB DEFAULT CHARSET=utf8 COLLATE=utf8_unicode_ci;

DROP TABLE IF EXISTS `craft_categorygroups`;


--
-- Schema for table `craft_categorygroups`
--
CREATE TABLE `craft_categorygroups` (
  `id` int(11) NOT NULL AUTO_INCREMENT,
  `structureId` int(11) NOT NULL,
  `fieldLayoutId` int(11) DEFAULT NULL,
  `name` varchar(255) COLLATE utf8_unicode_ci NOT NULL,
  `handle` varchar(255) COLLATE utf8_unicode_ci NOT NULL,
  `hasUrls` tinyint(1) unsigned NOT NULL DEFAULT '1',
  `template` varchar(500) COLLATE utf8_unicode_ci DEFAULT NULL,
  `dateCreated` datetime NOT NULL,
  `dateUpdated` datetime NOT NULL,
  `uid` char(36) COLLATE utf8_unicode_ci NOT NULL DEFAULT '0',
  PRIMARY KEY (`id`),
  UNIQUE KEY `craft_categorygroups_name_unq_idx` (`name`),
  UNIQUE KEY `craft_categorygroups_handle_unq_idx` (`handle`),
  KEY `craft_categorygroups_structureId_fk` (`structureId`),
  KEY `craft_categorygroups_fieldLayoutId_fk` (`fieldLayoutId`)
) ENGINE=InnoDB DEFAULT CHARSET=utf8 COLLATE=utf8_unicode_ci;

DROP TABLE IF EXISTS `craft_categorygroups_i18n`;


--
-- Schema for table `craft_categorygroups_i18n`
--
CREATE TABLE `craft_categorygroups_i18n` (
  `id` int(11) NOT NULL AUTO_INCREMENT,
  `groupId` int(11) NOT NULL,
  `locale` char(12) COLLATE utf8_unicode_ci NOT NULL,
  `urlFormat` text COLLATE utf8_unicode_ci,
  `nestedUrlFormat` text COLLATE utf8_unicode_ci,
  `dateCreated` datetime NOT NULL,
  `dateUpdated` datetime NOT NULL,
  `uid` char(36) COLLATE utf8_unicode_ci NOT NULL DEFAULT '0',
  PRIMARY KEY (`id`),
  UNIQUE KEY `craft_categorygroups_i18n_groupId_locale_unq_idx` (`groupId`,`locale`),
  KEY `craft_categorygroups_i18n_locale_fk` (`locale`)
) ENGINE=InnoDB DEFAULT CHARSET=utf8 COLLATE=utf8_unicode_ci;

DROP TABLE IF EXISTS `craft_content`;


--
-- Schema for table `craft_content`
--
CREATE TABLE `craft_content` (
  `id` int(11) NOT NULL AUTO_INCREMENT,
  `elementId` int(11) NOT NULL,
  `locale` char(12) COLLATE utf8_unicode_ci NOT NULL,
  `title` varchar(255) COLLATE utf8_unicode_ci DEFAULT NULL,
  `field_body` text COLLATE utf8_unicode_ci,
  `field_altAttribute` text COLLATE utf8_unicode_ci,
  `field_linkText` text COLLATE utf8_unicode_ci,
  `field_linkUrl` text COLLATE utf8_unicode_ci,
  `field_headlineA` text COLLATE utf8_unicode_ci,
  `field_headlineB` text COLLATE utf8_unicode_ci,
  `field_introduction` text COLLATE utf8_unicode_ci,
  `field_fullName` text COLLATE utf8_unicode_ci,
  `field_professionalTitle` text COLLATE utf8_unicode_ci,
  `field_byLine` text COLLATE utf8_unicode_ci,
  `field_photoCredit` text COLLATE utf8_unicode_ci,
  `field_graphicFeatureHeadline` text COLLATE utf8_unicode_ci,
  `field_graphicFeatureText` text COLLATE utf8_unicode_ci,
  `field_headline` text COLLATE utf8_unicode_ci,
  `field_tourDescription` text COLLATE utf8_unicode_ci,
  `field_date` text COLLATE utf8_unicode_ci,
  `field_eventDescription` text COLLATE utf8_unicode_ci,
  `field_eventSpotlight` tinyint(1) unsigned NOT NULL DEFAULT '0',
  `field_text` text COLLATE utf8_unicode_ci,
  `field_emailAddress` text COLLATE utf8_unicode_ci,
  `field_time` text COLLATE utf8_unicode_ci,
  `field_choir` text COLLATE utf8_unicode_ci,
  `field_performances` text COLLATE utf8_unicode_ci,
  `field_bodySimple` text COLLATE utf8_unicode_ci,
  `field_featureOnHomepage` tinyint(1) unsigned NOT NULL DEFAULT '0',
  `field_worshipTimes` text COLLATE utf8_unicode_ci,
  `field_directionsTitle` text COLLATE utf8_unicode_ci,
  `field_bySubway` text COLLATE utf8_unicode_ci,
  `field_byBus` text COLLATE utf8_unicode_ci,
  `field_photoCreditLink` text COLLATE utf8_unicode_ci,
  `field_photoCaption` text COLLATE utf8_unicode_ci,
  `dateCreated` datetime NOT NULL,
  `dateUpdated` datetime NOT NULL,
  `uid` char(36) COLLATE utf8_unicode_ci NOT NULL DEFAULT '0',
  PRIMARY KEY (`id`),
  UNIQUE KEY `craft_content_elementId_locale_unq_idx` (`elementId`,`locale`),
  KEY `craft_content_title_idx` (`title`),
  KEY `craft_content_locale_fk` (`locale`)
) ENGINE=InnoDB AUTO_INCREMENT=514 DEFAULT CHARSET=utf8 COLLATE=utf8_unicode_ci;

--
-- Data for table `craft_content`
--

INSERT INTO `craft_content` (`id`, `elementId`, `locale`, `title`, `field_body`, `field_altAttribute`, `field_linkText`, `field_linkUrl`, `field_headlineA`, `field_headlineB`, `field_introduction`, `field_fullName`, `field_professionalTitle`, `field_byLine`, `field_photoCredit`, `field_graphicFeatureHeadline`, `field_graphicFeatureText`, `field_headline`, `field_tourDescription`, `field_date`, `field_eventDescription`, `field_eventSpotlight`, `field_text`, `field_emailAddress`, `field_time`, `field_choir`, `field_performances`, `field_bodySimple`, `field_featureOnHomepage`, `field_worshipTimes`, `field_directionsTitle`, `field_bySubway`, `field_byBus`, `field_photoCreditLink`, `field_photoCaption`, `dateCreated`, `dateUpdated`, `uid`) VALUES
 ('1', '1', 'en_us', NULL, NULL, NULL, NULL, NULL, NULL, NULL, NULL, NULL, NULL, NULL, NULL, NULL, NULL, NULL, NULL, NULL, NULL, '0', NULL, NULL, NULL, NULL, NULL, NULL, '0', NULL, NULL, NULL, NULL, NULL, NULL, '2017-08-24 19:10:37', '2017-08-24 22:29:09', '18f11dd6-e5b4-4e90-b6a3-d2d1b9ee233e'),
 ('7', '7', 'en_us', 'An Anglo-Catholic parish in Manhattans NoMad neighborhood', NULL, '', 'Worship Schedule', '/worship/worship-schedule', 'An Anglo-Catholic parish in Manhattans', 'NoMad neighborhood', NULL, NULL, NULL, NULL, NULL, NULL, NULL, NULL, NULL, NULL, NULL, '0', NULL, NULL, NULL, NULL, NULL, NULL, '0', NULL, NULL, NULL, NULL, NULL, NULL, '2017-08-25 13:52:11', '2017-09-01 11:23:11', 'cb995ed8-f46b-4a01-9f4d-d67dd4d03d27'),
 ('59', '59', 'en_us', 'Your next quiet moment is right around the corner', NULL, '', 'Visit', '/visit', 'Your next quiet moment is', 'right around the corner', NULL, NULL, NULL, NULL, NULL, NULL, NULL, NULL, NULL, NULL, NULL, '0', NULL, NULL, NULL, NULL, NULL, NULL, '0', NULL, NULL, NULL, NULL, NULL, NULL, '2017-08-25 14:26:30', '2017-09-14 21:06:47', 'eb450c02-bc3e-4a92-b682-f857e4bfed97'),
 ('60', '60', 'en_us', 'Discover the art and architecture of our church and grounds', NULL, '', 'Virtual Tour', '/virtual-tour', 'Discover the art and architecture', 'of our church and grounds', NULL, NULL, NULL, NULL, NULL, NULL, NULL, NULL, NULL, NULL, NULL, '0', NULL, NULL, NULL, NULL, NULL, NULL, '0', NULL, NULL, NULL, NULL, NULL, NULL, '2017-08-25 14:47:49', '2017-09-14 17:23:46', 'ffbaa4a7-3053-4316-9fa9-980736a41b66'),
 ('61', '61', 'en_us', 'Home', '<h2>How we became the little church around the corner</h2>\n<p>Ad ullamcorper cursus vestibulum suspendisse parturient accumsan dignissim parturient accumsan adipiscing eget lectus condimentum aliquet lectus ullamcorper.</p>', 'the little church around the corner', 'A Brief History', '/about/our-history', 'We embrace all who seek', 'Gods inclusive love', NULL, NULL, NULL, NULL, NULL, '<p>How we became <em>the little church around the corner</em></p>', '<p>From our founding in 1848 to the Civil War, and our longstanding ties to the theater, discover the vibrant history of our little church.&nbsp;</p>', NULL, NULL, NULL, NULL, '0', NULL, NULL, NULL, NULL, NULL, NULL, '0', NULL, NULL, NULL, NULL, NULL, NULL, '2017-08-25 16:28:45', '2017-09-14 21:36:54', '5b218861-31e8-4cba-82b7-c397bffb5bb2'),
 ('62', '62', 'en_us', 'Who We Are', NULL, 'Who We Are', '', '/about/who-we-are', NULL, NULL, NULL, NULL, NULL, NULL, NULL, NULL, NULL, NULL, NULL, NULL, NULL, '0', NULL, NULL, NULL, NULL, NULL, NULL, '0', NULL, NULL, NULL, NULL, NULL, NULL, '2017-08-25 18:25:38', '2017-09-14 21:02:54', 'db289a3a-85bf-45d9-b8b3-bf7cfee19c3b'),
 ('63', '63', 'en_us', 'Liturgy', NULL, 'Liturgy', NULL, '/worship/liturgy', NULL, NULL, NULL, NULL, NULL, NULL, NULL, NULL, NULL, NULL, NULL, NULL, NULL, '0', NULL, NULL, NULL, NULL, NULL, NULL, '0', NULL, NULL, NULL, NULL, NULL, NULL, '2017-08-25 18:49:23', '2017-09-14 21:01:53', '1849d36b-4fca-40e5-a292-6032227edee9'),
 ('64', '64', 'en_us', 'Music', NULL, 'Music', NULL, '/music/music-at-transfiguration', NULL, NULL, NULL, NULL, NULL, NULL, NULL, NULL, NULL, NULL, NULL, NULL, NULL, '0', NULL, NULL, NULL, NULL, NULL, NULL, '0', NULL, NULL, NULL, NULL, NULL, NULL, '2017-08-25 18:50:18', '2017-09-15 12:53:51', 'b4c152d6-b844-4879-92c5-f1aa8cb34687'),
 ('65', '65', 'en_us', 'Parish Life', NULL, 'Parish Life', NULL, '/about/parish-life', NULL, NULL, NULL, NULL, NULL, NULL, NULL, NULL, NULL, NULL, NULL, NULL, NULL, '0', NULL, NULL, NULL, NULL, NULL, NULL, '0', NULL, NULL, NULL, NULL, NULL, NULL, '2017-08-25 18:50:41', '2017-09-14 21:04:15', 'cbb0f7f7-88df-4445-b2ad-32af5bf6e206'),
 ('69', '69', 'en_us', 'Welcome', '<p>Mi aptent suspendisse sociis augue pretium eleifend ante suspendisse ad condimentum a a scelerisque a sem tempor tristique vestibulum ultrices lectus consectetur potenti fusce ipsum parturient fermentum.Tincidunt aliquet tellus urna pretium a mus quis adipiscing a a porta eget aliquet ullamcorper mollis leo. Natoque class a a tellus condimentum purus curabitur a fusce arcu congue conubia mus natoque at.</p>', 'Welcome to our little church', NULL, NULL, NULL, NULL, '<p>Welcome to the Church of the Transfiguration, also known affectionately as The Little Church Around the Corner.\n  </p>', NULL, NULL, NULL, '', NULL, NULL, NULL, NULL, NULL, NULL, '0', NULL, NULL, NULL, NULL, NULL, NULL, '0', NULL, NULL, NULL, NULL, NULL, NULL, '2017-08-26 11:22:17', '2017-09-24 22:44:34', 'eb269d89-72b0-4fc3-adcc-78b124fcade3'),
 ('72', '76', 'en_us', 'The Rev. Ian Betts', '<p>The Rev. Deacon Ian Betts was born and raised in Canada to a Roman Catholic mother and a Protestant father so he had the best of both worlds as far as his religious backgrounds are concerned. He later discovered that his father\'s family was not only Protestant but Anglican so ultimately he has come back home to the Anglican Communion. Ian immigrated to the US in 1984 for a year to finish his dance training at the Martha Graham School of Contemporary Dance. He ended up staying to finish his dance education at the school for another 3 years and then began his performing career with one of his Graham teachers, Pearl Lang. Ian danced for Pearl for 17 years until she\'s closed her company.</p><p>In 1985, through a friend, Ian discovered the Episcopal Church of the Good Shepherd on East 31st St. After 9 years into his life at the parish, the Diaconate was brought to the Diocese of New York by Bishop Richard Grein and it became clear to him that he was called to the Diaconate. His Rector at the time highly recommended that he pursue this calling and in 1998 he was ordained Deacon. In 2002 Ians Rector retired so he moved to the Cathedral of Saint John the Divine for 8 years. When that term ended Bishop Andrew St. John invited Ian to join Transfiguration where he is now celebrating 8 years at this wonderful Parish.</p><p>Ian supports his ministry and life by working at a mid-town law firm as an administrative assistant. He has been working with lawyers since 1985 and grateful for their support of his extracurricular activities for over 32 year\\</p>', NULL, NULL, NULL, NULL, NULL, NULL, NULL, 'Deacon', NULL, NULL, NULL, NULL, NULL, NULL, NULL, NULL, '0', NULL, NULL, NULL, NULL, NULL, NULL, '0', NULL, NULL, NULL, NULL, NULL, NULL, '2017-08-28 15:15:46', '2017-09-26 10:38:31', '94ed6965-27de-4909-b641-a1de6d1885ae'),
 ('73', '78', 'en_us', 'The Rev. John David Van Dooren', '<p>Fr. John David van Dooren is a native of North Carolina, and was graduated from the University of North Carolina (1982) and the Virginia Theological Seminary (1987). His first field assignment was to an Anglo-Catholic parish, one of the only few in the the area. There Fr. van Dooren was introduced to a spirituality that would define his eventual priesthood and lead him to a lifelong commitment to urban ministry.</p>\n<p>After beginning his ordained life as chaplain and track and field coach at St. Stephens Episcopal School in Alexandria, VA (a happy period of life other than wrecking two school busses), Fr. van Dooren served as curate of All Souls Episcopal Church in Washington, DC. He then served as an assistant priest at St. Martins in the Field, Severna Park, MD, before being called back to All Souls as their sixth Rector. After 14 years as Rector, Fr. van Dooren accepted the call to the Church of the Atonement in Chicago, where he served as Rector for eleven and half years. Fr. van Dooren was elected the eighth rector of Transfiguration in early 2017. He has shared the past 30 years of life with Gary Norcross.</p>', NULL, NULL, NULL, NULL, NULL, NULL, NULL, 'Rector', NULL, NULL, NULL, NULL, NULL, NULL, NULL, NULL, '0', NULL, NULL, NULL, NULL, NULL, NULL, '0', NULL, NULL, NULL, NULL, NULL, NULL, '2017-08-28 15:42:05', '2017-09-25 09:44:01', '6dc7c368-debc-4200-aef6-4db119142c16'),
 ('82', '87', 'en_us', 'Who We Are', NULL, 'Who We Are', NULL, NULL, NULL, NULL, '<p>Meet the Little Church Staff.</p>', NULL, NULL, NULL, '', NULL, NULL, NULL, NULL, NULL, NULL, '0', NULL, NULL, NULL, NULL, NULL, NULL, '0', NULL, NULL, NULL, NULL, NULL, NULL, '2017-08-28 19:40:55', '2017-09-26 22:32:25', '8e734be0-22cc-4917-a219-630c84b1b2bc'),
 ('88', '94', 'en_us', 'Good Things Come In Threes', NULL, NULL, NULL, NULL, NULL, NULL, NULL, NULL, NULL, 'Mary Jane Gocher', 'Corey Schneider', NULL, NULL, NULL, NULL, NULL, NULL, '0', NULL, NULL, NULL, NULL, NULL, NULL, '0', NULL, NULL, NULL, NULL, NULL, NULL, '2017-08-30 09:08:48', '2017-09-26 23:49:21', '1a28a69e-ec70-441d-8a62-6428a63d552b'),
 ('106', '115', 'en_us', 'Do All Dogs Go To Heaven?', NULL, NULL, NULL, NULL, NULL, NULL, NULL, NULL, NULL, 'Mary Jane Gocher', '', NULL, NULL, NULL, NULL, NULL, NULL, '0', NULL, NULL, NULL, NULL, NULL, NULL, '0', NULL, NULL, NULL, NULL, NULL, NULL, '2017-08-30 15:21:41', '2017-08-31 14:04:54', '8f370595-140a-44bb-af32-bf7c6166960a'),
 ('117', '131', 'en_us', 'Marquee 01', NULL, NULL, NULL, NULL, NULL, NULL, NULL, NULL, NULL, NULL, NULL, NULL, NULL, NULL, NULL, NULL, NULL, '0', NULL, NULL, NULL, NULL, NULL, NULL, '0', NULL, NULL, NULL, NULL, NULL, NULL, '2017-08-31 11:24:59', '2017-09-27 23:45:04', 'faec7d41-c726-49ef-86f2-59bba991caf7'),
 ('118', '132', 'en_us', 'Marquee 02', NULL, NULL, NULL, NULL, NULL, NULL, NULL, NULL, NULL, NULL, NULL, NULL, NULL, NULL, NULL, NULL, NULL, '0', NULL, NULL, NULL, NULL, NULL, NULL, '0', NULL, NULL, NULL, NULL, NULL, NULL, '2017-08-31 11:24:59', '2017-09-27 23:45:05', 'c659d434-020d-44be-b11c-38f701715248'),
 ('119', '133', 'en_us', 'Marquee 03', NULL, NULL, NULL, NULL, NULL, NULL, NULL, NULL, NULL, NULL, NULL, NULL, NULL, NULL, NULL, NULL, NULL, '0', NULL, NULL, NULL, NULL, NULL, NULL, '0', NULL, NULL, NULL, NULL, NULL, NULL, '2017-08-31 11:25:00', '2017-09-27 23:45:05', '1b0ef71c-fea2-49bc-9ecd-1c2d09d28e6d'),
 ('124', '138', 'en_us', 'Liturgy', NULL, NULL, NULL, NULL, NULL, NULL, NULL, NULL, NULL, NULL, NULL, NULL, NULL, NULL, NULL, NULL, NULL, '0', NULL, NULL, NULL, NULL, NULL, NULL, '0', NULL, NULL, NULL, NULL, NULL, NULL, '2017-08-31 11:35:10', '2017-09-27 23:45:11', '64c655bf-e1dd-43f0-9416-64e069989888'),
 ('125', '139', 'en_us', 'Music', NULL, NULL, NULL, NULL, NULL, NULL, NULL, NULL, NULL, NULL, NULL, NULL, NULL, NULL, NULL, NULL, NULL, '0', NULL, NULL, NULL, NULL, NULL, NULL, '0', NULL, NULL, NULL, NULL, NULL, NULL, '2017-08-31 11:35:10', '2017-09-27 23:45:13', '8775584c-fc12-4f52-913e-6d8816013d96'),
 ('126', '140', 'en_us', 'Parish Life', NULL, NULL, NULL, NULL, NULL, NULL, NULL, NULL, NULL, NULL, NULL, NULL, NULL, NULL, NULL, NULL, NULL, '0', NULL, NULL, NULL, NULL, NULL, NULL, '0', NULL, NULL, NULL, NULL, NULL, NULL, '2017-08-31 11:35:11', '2017-09-27 23:45:12', 'a737e125-65c3-45e5-93c2-e74911286293'),
 ('127', '141', 'en_us', 'Who We Are', NULL, NULL, NULL, NULL, NULL, NULL, NULL, NULL, NULL, NULL, NULL, NULL, NULL, NULL, NULL, NULL, NULL, '0', NULL, NULL, NULL, NULL, NULL, NULL, '0', NULL, NULL, NULL, NULL, NULL, NULL, '2017-08-31 11:35:11', '2017-09-27 23:45:12', '49ade3f3-4910-42a0-803d-48478cd5d94a'),
 ('128', '142', 'en_us', 'Bio Ian Betts', NULL, NULL, NULL, NULL, NULL, NULL, NULL, NULL, NULL, NULL, NULL, NULL, NULL, NULL, NULL, NULL, NULL, '0', NULL, NULL, NULL, NULL, NULL, NULL, '0', NULL, NULL, NULL, NULL, NULL, NULL, '2017-08-31 11:39:21', '2017-09-27 23:44:21', '316ba05f-cd8a-4ff3-9506-0d1b862f4ac5'),
 ('130', '144', 'en_us', 'Edwin Booth Window Verticle', NULL, NULL, NULL, NULL, NULL, NULL, NULL, NULL, NULL, NULL, NULL, NULL, NULL, NULL, NULL, NULL, NULL, '0', NULL, NULL, NULL, NULL, NULL, NULL, '0', NULL, NULL, NULL, NULL, NULL, NULL, '2017-08-31 11:39:22', '2017-09-27 23:44:23', 'b8fe2b4e-8fd8-4bca-b1c5-d77b94774b7d'),
 ('131', '145', 'en_us', 'Bio John David Van Dooren', NULL, NULL, NULL, NULL, NULL, NULL, NULL, NULL, NULL, NULL, NULL, NULL, NULL, NULL, NULL, NULL, NULL, '0', NULL, NULL, NULL, NULL, NULL, NULL, '0', NULL, NULL, NULL, NULL, NULL, NULL, '2017-08-31 11:39:22', '2017-09-27 23:44:23', '6e6fdf52-420a-4565-8281-cd1aa317e611'),
 ('132', '146', 'en_us', 'Fr Patrick And Dog', NULL, NULL, NULL, NULL, NULL, NULL, NULL, NULL, NULL, NULL, NULL, NULL, NULL, NULL, NULL, NULL, NULL, '0', NULL, NULL, NULL, NULL, NULL, NULL, '0', NULL, NULL, NULL, NULL, NULL, NULL, '2017-08-31 11:39:22', '2017-09-27 23:44:24', '2f521e38-63d9-4597-9a81-6d1ae39a4256'),
 ('133', '147', 'en_us', 'Fr Patrick And Dog', NULL, NULL, NULL, NULL, NULL, NULL, NULL, NULL, NULL, NULL, NULL, NULL, NULL, NULL, NULL, NULL, NULL, '0', NULL, NULL, NULL, NULL, NULL, NULL, '0', NULL, NULL, NULL, NULL, NULL, NULL, '2017-08-31 11:39:22', '2017-09-27 23:44:24', '5a41d58f-8379-409c-84bb-85068dc9dd73'),
 ('134', '148', 'en_us', 'Placeholder', NULL, NULL, NULL, NULL, NULL, NULL, NULL, NULL, NULL, NULL, NULL, NULL, NULL, NULL, NULL, NULL, NULL, '0', NULL, NULL, NULL, NULL, NULL, NULL, '0', NULL, NULL, NULL, NULL, NULL, NULL, '2017-08-31 11:39:23', '2017-09-27 23:44:25', '52c6ab85-f262-40fd-beaa-503e130dcf19'),
 ('135', '149', 'en_us', 'Richard Upjohn Brass Filigree Pulpit', NULL, NULL, NULL, NULL, NULL, NULL, NULL, NULL, NULL, NULL, NULL, NULL, NULL, NULL, NULL, NULL, NULL, '0', NULL, NULL, NULL, NULL, NULL, NULL, '0', NULL, NULL, NULL, NULL, NULL, NULL, '2017-08-31 11:39:23', '2017-09-27 23:44:25', '86a46f49-9b1e-48ad-b33e-8989eb389d45'),
 ('136', '150', 'en_us', 'Blog 01', NULL, NULL, NULL, NULL, NULL, NULL, NULL, NULL, NULL, NULL, NULL, NULL, NULL, NULL, NULL, NULL, NULL, '0', NULL, NULL, NULL, NULL, NULL, NULL, '0', NULL, NULL, NULL, NULL, NULL, NULL, '2017-08-31 11:39:23', '2017-09-27 23:44:25', 'b85287fa-09a5-4116-b562-c00bed8dac18'),
 ('137', '151', 'en_us', 'Btn Facebook', NULL, NULL, NULL, NULL, NULL, NULL, NULL, NULL, NULL, NULL, NULL, NULL, NULL, NULL, NULL, NULL, NULL, '0', NULL, NULL, NULL, NULL, NULL, NULL, '0', NULL, NULL, NULL, NULL, NULL, NULL, '2017-08-31 11:39:23', '2017-09-27 23:44:26', '490eeead-0042-49fe-bddf-1a0aa49ccfd3'),
 ('138', '152', 'en_us', 'Btn Facebook', NULL, NULL, NULL, NULL, NULL, NULL, NULL, NULL, NULL, NULL, NULL, NULL, NULL, NULL, NULL, NULL, NULL, '0', NULL, NULL, NULL, NULL, NULL, NULL, '0', NULL, NULL, NULL, NULL, NULL, NULL, '2017-08-31 11:39:24', '2017-09-27 23:44:26', '21a4d113-5186-484e-b7b5-b672d8e1e099'),
 ('139', '153', 'en_us', 'Btn Instagram', NULL, NULL, NULL, NULL, NULL, NULL, NULL, NULL, NULL, NULL, NULL, NULL, NULL, NULL, NULL, NULL, NULL, '0', NULL, NULL, NULL, NULL, NULL, NULL, '0', NULL, NULL, NULL, NULL, NULL, NULL, '2017-08-31 11:39:24', '2017-09-27 23:44:26', '7e555ef1-67a5-43bc-9629-bc9d3ffee80d'),
 ('140', '154', 'en_us', 'Btn Instagram', NULL, NULL, NULL, NULL, NULL, NULL, NULL, NULL, NULL, NULL, NULL, NULL, NULL, NULL, NULL, NULL, NULL, '0', NULL, NULL, NULL, NULL, NULL, NULL, '0', NULL, NULL, NULL, NULL, NULL, NULL, '2017-08-31 11:39:24', '2017-09-27 23:44:26', '7792134c-8bc2-44e0-b8e0-a7f7978c60eb'),
 ('141', '155', 'en_us', 'Btn Share Email', NULL, NULL, NULL, NULL, NULL, NULL, NULL, NULL, NULL, NULL, NULL, NULL, NULL, NULL, NULL, NULL, NULL, '0', NULL, NULL, NULL, NULL, NULL, NULL, '0', NULL, NULL, NULL, NULL, NULL, NULL, '2017-08-31 11:39:24', '2017-09-27 23:44:26', '9610d5b9-37fa-485c-961f-f27fba921721'),
 ('142', '156', 'en_us', 'Btn Share Email', NULL, NULL, NULL, NULL, NULL, NULL, NULL, NULL, NULL, NULL, NULL, NULL, NULL, NULL, NULL, NULL, NULL, '0', NULL, NULL, NULL, NULL, NULL, NULL, '0', NULL, NULL, NULL, NULL, NULL, NULL, '2017-08-31 11:39:24', '2017-09-27 23:44:26', '4bc6dd30-b287-4b87-96bb-966e9901fbe7'),
 ('143', '157', 'en_us', 'Btn Share Facebook', NULL, NULL, NULL, NULL, NULL, NULL, NULL, NULL, NULL, NULL, NULL, NULL, NULL, NULL, NULL, NULL, NULL, '0', NULL, NULL, NULL, NULL, NULL, NULL, '0', NULL, NULL, NULL, NULL, NULL, NULL, '2017-08-31 11:39:25', '2017-09-27 23:44:27', '5f488a77-5685-47ac-a471-0a6489d9c2b4'),
 ('144', '158', 'en_us', 'Btn Share Facebook', NULL, NULL, NULL, NULL, NULL, NULL, NULL, NULL, NULL, NULL, NULL, NULL, NULL, NULL, NULL, NULL, NULL, '0', NULL, NULL, NULL, NULL, NULL, NULL, '0', NULL, NULL, NULL, NULL, NULL, NULL, '2017-08-31 11:39:25', '2017-09-27 23:44:27', '2c5c08c2-5579-45f6-9226-2f94a7d4c119'),
 ('145', '159', 'en_us', 'Btn Share Google Plus', NULL, NULL, NULL, NULL, NULL, NULL, NULL, NULL, NULL, NULL, NULL, NULL, NULL, NULL, NULL, NULL, NULL, '0', NULL, NULL, NULL, NULL, NULL, NULL, '0', NULL, NULL, NULL, NULL, NULL, NULL, '2017-08-31 11:39:25', '2017-09-27 23:44:27', '9e687050-9df6-4690-9e59-4b14cc04c85c'),
 ('146', '160', 'en_us', 'Btn Share Google Plus', NULL, NULL, NULL, NULL, NULL, NULL, NULL, NULL, NULL, NULL, NULL, NULL, NULL, NULL, NULL, NULL, NULL, '0', NULL, NULL, NULL, NULL, NULL, NULL, '0', NULL, NULL, NULL, NULL, NULL, NULL, '2017-08-31 11:39:25', '2017-09-27 23:44:27', '2c4cee87-457e-4831-9403-f55c46686515'),
 ('147', '161', 'en_us', 'Btn Share Twitter', NULL, NULL, NULL, NULL, NULL, NULL, NULL, NULL, NULL, NULL, NULL, NULL, NULL, NULL, NULL, NULL, NULL, '0', NULL, NULL, NULL, NULL, NULL, NULL, '0', NULL, NULL, NULL, NULL, NULL, NULL, '2017-08-31 11:39:25', '2017-09-27 23:44:27', '7e125950-a796-48bb-aa8e-1944f0058e75'),
 ('148', '162', 'en_us', 'Btn Share Twitter', NULL, NULL, NULL, NULL, NULL, NULL, NULL, NULL, NULL, NULL, NULL, NULL, NULL, NULL, NULL, NULL, NULL, '0', NULL, NULL, NULL, NULL, NULL, NULL, '0', NULL, NULL, NULL, NULL, NULL, NULL, '2017-08-31 11:39:26', '2017-09-27 23:44:28', '9e5e59a2-1cf2-4051-a983-1bb4fc64d1c9'),
 ('149', '163', 'en_us', 'Btn Toggle Menu', NULL, NULL, NULL, NULL, NULL, NULL, NULL, NULL, NULL, NULL, NULL, NULL, NULL, NULL, NULL, NULL, NULL, '0', NULL, NULL, NULL, NULL, NULL, NULL, '0', NULL, NULL, NULL, NULL, NULL, NULL, '2017-08-31 11:39:26', '2017-09-27 23:44:28', 'e0f8d089-f72a-43cf-8abc-9b415b2a862e'),
 ('150', '164', 'en_us', 'Btn Toggle Menu', NULL, NULL, NULL, NULL, NULL, NULL, NULL, NULL, NULL, NULL, NULL, NULL, NULL, NULL, NULL, NULL, NULL, '0', NULL, NULL, NULL, NULL, NULL, NULL, '0', NULL, NULL, NULL, NULL, NULL, NULL, '2017-08-31 11:39:26', '2017-09-27 23:44:28', 'f8f24e03-903b-4d38-9cde-76d125dedf0d'),
 ('151', '165', 'en_us', 'Btn Twiiter', NULL, NULL, NULL, NULL, NULL, NULL, NULL, NULL, NULL, NULL, NULL, NULL, NULL, NULL, NULL, NULL, NULL, '0', NULL, NULL, NULL, NULL, NULL, NULL, '0', NULL, NULL, NULL, NULL, NULL, NULL, '2017-08-31 11:39:26', '2017-09-27 23:44:29', '52c447a9-649c-4f5f-be6f-4dda1c53795a'),
 ('152', '166', 'en_us', 'Btn Twiiter', NULL, NULL, NULL, NULL, NULL, NULL, NULL, NULL, NULL, NULL, NULL, NULL, NULL, NULL, NULL, NULL, NULL, '0', NULL, NULL, NULL, NULL, NULL, NULL, '0', NULL, NULL, NULL, NULL, NULL, NULL, '2017-08-31 11:39:26', '2017-09-27 23:44:30', '73f48fa5-4b3b-4814-97a4-051f2b6f567b'),
 ('153', '167', 'en_us', 'Btn Twitter', NULL, NULL, NULL, NULL, NULL, NULL, NULL, NULL, NULL, NULL, NULL, NULL, NULL, NULL, NULL, NULL, NULL, '0', NULL, NULL, NULL, NULL, NULL, NULL, '0', NULL, NULL, NULL, NULL, NULL, NULL, '2017-08-31 11:39:27', '2017-09-27 23:44:31', 'df9d2291-9bfa-45e4-8ccf-a0a9a4e7e57e'),
 ('154', '168', 'en_us', 'Btn Twitter', NULL, NULL, NULL, NULL, NULL, NULL, NULL, NULL, NULL, NULL, NULL, NULL, NULL, NULL, NULL, NULL, NULL, '0', NULL, NULL, NULL, NULL, NULL, NULL, '0', NULL, NULL, NULL, NULL, NULL, NULL, '2017-08-31 11:39:27', '2017-09-27 23:44:31', '88ef2479-bfc0-4c23-870a-a480b86d1612'),
 ('155', '169', 'en_us', 'Btn Youtube', NULL, NULL, NULL, NULL, NULL, NULL, NULL, NULL, NULL, NULL, NULL, NULL, NULL, NULL, NULL, NULL, NULL, '0', NULL, NULL, NULL, NULL, NULL, NULL, '0', NULL, NULL, NULL, NULL, NULL, NULL, '2017-08-31 11:39:27', '2017-09-27 23:44:31', '2bb3a758-81ee-42d5-b745-7a3d209ef2a8'),
 ('156', '170', 'en_us', 'Btn Youtube', NULL, NULL, NULL, NULL, NULL, NULL, NULL, NULL, NULL, NULL, NULL, NULL, NULL, NULL, NULL, NULL, NULL, '0', NULL, NULL, NULL, NULL, NULL, NULL, '0', NULL, NULL, NULL, NULL, NULL, NULL, '2017-08-31 11:39:27', '2017-09-27 23:44:31', '63c63195-7508-4356-a30f-27da443d238a'),
 ('157', '171', 'en_us', 'Episcopal Badge', NULL, NULL, NULL, NULL, NULL, NULL, NULL, NULL, NULL, NULL, NULL, NULL, NULL, NULL, NULL, NULL, NULL, '0', NULL, NULL, NULL, NULL, NULL, NULL, '0', NULL, NULL, NULL, NULL, NULL, NULL, '2017-08-31 11:39:27', '2017-09-27 23:44:31', '3447f2e4-55f7-4ae7-bf04-a38718310788'),
 ('158', '172', 'en_us', 'Episcopal Badge', NULL, NULL, NULL, NULL, NULL, NULL, NULL, NULL, NULL, NULL, NULL, NULL, NULL, NULL, NULL, NULL, NULL, '0', NULL, NULL, NULL, NULL, NULL, NULL, '0', NULL, NULL, NULL, NULL, NULL, NULL, '2017-08-31 11:39:28', '2017-09-27 23:44:32', '68f44f1a-8a7a-4c0c-8de2-04bae1997e89'),
 ('159', '173', 'en_us', 'Feature Little Church', NULL, NULL, NULL, NULL, NULL, NULL, NULL, NULL, NULL, NULL, NULL, NULL, NULL, NULL, NULL, NULL, NULL, '0', NULL, NULL, NULL, NULL, NULL, NULL, '0', NULL, NULL, NULL, NULL, NULL, NULL, '2017-08-31 11:39:28', '2017-09-27 23:44:33', '59cfadd5-5b24-453a-9220-dd78cc09d9ae'),
 ('160', '174', 'en_us', 'Figure Window', NULL, NULL, NULL, NULL, NULL, NULL, NULL, NULL, NULL, NULL, NULL, NULL, NULL, NULL, NULL, NULL, NULL, '0', NULL, NULL, NULL, NULL, NULL, NULL, '0', NULL, NULL, NULL, NULL, NULL, NULL, '2017-08-31 11:39:28', '2017-09-27 23:44:34', '5fd7deb4-fd90-4a2a-8d3c-729787a52a65'),
 ('161', '175', 'en_us', 'Figure Window', NULL, NULL, NULL, NULL, NULL, NULL, NULL, NULL, NULL, NULL, NULL, NULL, NULL, NULL, NULL, NULL, NULL, '0', NULL, NULL, NULL, NULL, NULL, NULL, '0', NULL, NULL, NULL, NULL, NULL, NULL, '2017-08-31 11:39:28', '2017-09-27 23:44:34', 'e0ac7d45-64fd-4214-8427-590451d79bf3'),
 ('162', '176', 'en_us', 'Hero Welcome', NULL, NULL, NULL, NULL, NULL, NULL, NULL, NULL, NULL, NULL, NULL, NULL, NULL, NULL, NULL, NULL, NULL, '0', NULL, NULL, NULL, NULL, NULL, NULL, '0', NULL, NULL, NULL, NULL, NULL, NULL, '2017-08-31 11:39:29', '2017-09-27 23:44:42', 'fa923199-8f87-4d6d-a493-d53b3d243419'),
 ('163', '177', 'en_us', 'Hero Who We Are', NULL, NULL, NULL, NULL, NULL, NULL, NULL, NULL, NULL, NULL, NULL, NULL, NULL, NULL, NULL, NULL, NULL, '0', NULL, NULL, NULL, NULL, NULL, NULL, '0', NULL, NULL, NULL, NULL, NULL, NULL, '2017-08-31 11:39:29', '2017-09-27 23:44:42', 'd42c843b-959f-4eb3-95a6-11c4015d8146'),
 ('164', '178', 'en_us', 'Hero Our History', NULL, NULL, NULL, NULL, NULL, NULL, NULL, NULL, NULL, NULL, NULL, NULL, NULL, NULL, NULL, NULL, NULL, '0', NULL, NULL, NULL, NULL, NULL, NULL, '0', NULL, NULL, NULL, NULL, NULL, NULL, '2017-08-31 11:39:29', '2017-09-27 23:44:43', 'bb5ff3d2-0132-46a3-b1ca-999160ba51b4'),
 ('166', '180', 'en_us', 'Hero Welcome', NULL, NULL, NULL, NULL, NULL, NULL, NULL, NULL, NULL, NULL, NULL, NULL, NULL, NULL, NULL, NULL, NULL, '0', NULL, NULL, NULL, NULL, NULL, NULL, '0', NULL, NULL, NULL, NULL, NULL, NULL, '2017-08-31 11:39:30', '2017-09-27 23:44:44', 'b5f62d11-a946-4e6e-8c38-d20ce37efd7f'),
 ('167', '181', 'en_us', 'Hero Who We Are', NULL, NULL, NULL, NULL, NULL, NULL, NULL, NULL, NULL, NULL, NULL, NULL, NULL, NULL, NULL, NULL, NULL, '0', NULL, NULL, NULL, NULL, NULL, NULL, '0', NULL, NULL, NULL, NULL, NULL, NULL, '2017-08-31 11:39:30', '2017-09-27 23:44:44', 'e8797d74-f2a8-4aed-8ae9-3a7b2f2f1f11'),
 ('168', '182', 'en_us', 'Hero Worship Schedule', NULL, NULL, NULL, NULL, NULL, NULL, NULL, NULL, NULL, NULL, NULL, NULL, NULL, NULL, NULL, NULL, NULL, '0', NULL, NULL, NULL, NULL, NULL, NULL, '0', NULL, NULL, NULL, NULL, NULL, NULL, '2017-08-31 11:39:30', '2017-09-27 23:44:44', '89ffaf85-c60a-4747-be15-fb941f7a4e66'),
 ('169', '183', 'en_us', 'Little Church Logo', NULL, NULL, NULL, NULL, NULL, NULL, NULL, NULL, NULL, NULL, NULL, NULL, NULL, NULL, NULL, NULL, NULL, '0', NULL, NULL, NULL, NULL, NULL, NULL, '0', NULL, NULL, NULL, NULL, NULL, NULL, '2017-08-31 11:39:31', '2017-09-27 23:44:45', '0da12d36-1496-4f32-ac16-31075341a936'),
 ('170', '184', 'en_us', 'Little Church Logo', NULL, NULL, NULL, NULL, NULL, NULL, NULL, NULL, NULL, NULL, NULL, NULL, NULL, NULL, NULL, NULL, NULL, '0', NULL, NULL, NULL, NULL, NULL, NULL, '0', NULL, NULL, NULL, NULL, NULL, NULL, '2017-08-31 11:39:31', '2017-09-27 23:44:45', 'aeb407bf-8a65-465b-ae34-5c6fdb58f4f9'),
 ('171', '185', 'en_us', 'Marquee 01', NULL, NULL, NULL, NULL, NULL, NULL, NULL, NULL, NULL, NULL, NULL, NULL, NULL, NULL, NULL, NULL, NULL, '0', NULL, NULL, NULL, NULL, NULL, NULL, '0', NULL, NULL, NULL, NULL, NULL, NULL, '2017-08-31 11:39:31', '2017-09-27 23:44:45', '312217ec-5f2e-43d4-a37e-16532759f11f'),
 ('172', '186', 'en_us', 'Marquee 02', NULL, NULL, NULL, NULL, NULL, NULL, NULL, NULL, NULL, NULL, NULL, NULL, NULL, NULL, NULL, NULL, NULL, '0', NULL, NULL, NULL, NULL, NULL, NULL, '0', NULL, NULL, NULL, NULL, NULL, NULL, '2017-08-31 11:39:31', '2017-09-27 23:44:45', '348e4341-f152-474a-83a0-f3368e1386fc'),
 ('173', '187', 'en_us', 'Marquee 03', NULL, NULL, NULL, NULL, NULL, NULL, NULL, NULL, NULL, NULL, NULL, NULL, NULL, NULL, NULL, NULL, NULL, '0', NULL, NULL, NULL, NULL, NULL, NULL, '0', NULL, NULL, NULL, NULL, NULL, NULL, '2017-08-31 11:39:32', '2017-09-27 23:44:45', '834de026-bcdb-4bb0-ad41-5da0756189a5'),
 ('177', '191', 'en_us', 'Liturgy', NULL, NULL, NULL, NULL, NULL, NULL, NULL, NULL, NULL, NULL, NULL, NULL, NULL, NULL, NULL, NULL, NULL, '0', NULL, NULL, NULL, NULL, NULL, NULL, '0', NULL, NULL, NULL, NULL, NULL, NULL, '2017-08-31 11:39:33', '2017-09-27 23:44:46', 'e9aa0321-558c-4aef-8459-2eed66c69274'),
 ('178', '192', 'en_us', 'Music', NULL, NULL, NULL, NULL, NULL, NULL, NULL, NULL, NULL, NULL, NULL, NULL, NULL, NULL, NULL, NULL, NULL, '0', NULL, NULL, NULL, NULL, NULL, NULL, '0', NULL, NULL, NULL, NULL, NULL, NULL, '2017-08-31 11:39:33', '2017-09-27 23:44:46', 'f50f399a-3d50-45ef-a293-14bcc681f146'),
 ('179', '193', 'en_us', 'Parish Life', NULL, NULL, NULL, NULL, NULL, NULL, NULL, NULL, NULL, NULL, NULL, NULL, NULL, NULL, NULL, NULL, NULL, '0', NULL, NULL, NULL, NULL, NULL, NULL, '0', NULL, NULL, NULL, NULL, NULL, NULL, '2017-08-31 11:39:33', '2017-09-27 23:44:47', '6dcea262-d900-449e-b2cd-bd5751f1c41d'),
 ('180', '194', 'en_us', 'Who We Are', NULL, NULL, NULL, NULL, NULL, NULL, NULL, NULL, NULL, NULL, NULL, NULL, NULL, NULL, NULL, NULL, NULL, '0', NULL, NULL, NULL, NULL, NULL, NULL, '0', NULL, NULL, NULL, NULL, NULL, NULL, '2017-08-31 11:39:34', '2017-09-27 23:44:48', '2e084091-8496-4535-89a0-fd0f7026bc92'),
 ('181', '195', 'en_us', '01', NULL, NULL, NULL, NULL, NULL, NULL, NULL, NULL, NULL, NULL, NULL, NULL, NULL, NULL, NULL, NULL, NULL, '0', NULL, NULL, NULL, NULL, NULL, NULL, '0', NULL, NULL, NULL, NULL, NULL, NULL, '2017-08-31 11:39:34', '2017-09-27 23:44:49', '958e1d1e-25c5-486f-8b09-54453b7ff5e9'),
 ('182', '196', 'en_us', '02', NULL, NULL, NULL, NULL, NULL, NULL, NULL, NULL, NULL, NULL, NULL, NULL, NULL, NULL, NULL, NULL, NULL, '0', NULL, NULL, NULL, NULL, NULL, NULL, '0', NULL, NULL, NULL, NULL, NULL, NULL, '2017-08-31 11:39:34', '2017-09-27 23:44:49', '19a83d46-5266-44d3-af84-22597af2ff61'),
 ('183', '197', 'en_us', '03', NULL, NULL, NULL, NULL, NULL, NULL, NULL, NULL, NULL, NULL, NULL, NULL, NULL, NULL, NULL, NULL, NULL, '0', NULL, NULL, NULL, NULL, NULL, NULL, '0', NULL, NULL, NULL, NULL, NULL, NULL, '2017-08-31 11:39:35', '2017-09-27 23:44:49', '85d87942-09b7-43a5-96b3-95dbe0adb3cd'),
 ('184', '198', 'en_us', '04', NULL, NULL, NULL, NULL, NULL, NULL, NULL, NULL, NULL, NULL, NULL, NULL, NULL, NULL, NULL, NULL, NULL, '0', NULL, NULL, NULL, NULL, NULL, NULL, '0', NULL, NULL, NULL, NULL, NULL, NULL, '2017-08-31 11:39:35', '2017-09-27 23:44:50', '12a7e6bf-2f39-4edb-af91-79d634a45697'),
 ('185', '199', 'en_us', '05', NULL, NULL, NULL, NULL, NULL, NULL, NULL, NULL, NULL, NULL, NULL, NULL, NULL, NULL, NULL, NULL, NULL, '0', NULL, NULL, NULL, NULL, NULL, NULL, '0', NULL, NULL, NULL, NULL, NULL, NULL, '2017-08-31 11:39:35', '2017-09-27 23:44:50', 'c432d326-5d46-4666-bc24-25a4c3e63c8b'),
 ('186', '200', 'en_us', '06', NULL, NULL, NULL, NULL, NULL, NULL, NULL, NULL, NULL, NULL, NULL, NULL, NULL, NULL, NULL, NULL, NULL, '0', NULL, NULL, NULL, NULL, NULL, NULL, '0', NULL, NULL, NULL, NULL, NULL, NULL, '2017-08-31 11:39:36', '2017-09-27 23:44:50', '6f1ef5f9-0f78-4ab0-8700-f93c33aff4a1'),
 ('187', '201', 'en_us', '07', NULL, NULL, NULL, NULL, NULL, NULL, NULL, NULL, NULL, NULL, NULL, NULL, NULL, NULL, NULL, NULL, NULL, '0', NULL, NULL, NULL, NULL, NULL, NULL, '0', NULL, NULL, NULL, NULL, NULL, NULL, '2017-08-31 11:39:36', '2017-09-27 23:44:50', '14c5bf89-d3c1-43c4-b2c9-e9dd8ca9aeb0'),
 ('188', '202', 'en_us', 'Wheelchair Access', NULL, NULL, NULL, NULL, NULL, NULL, NULL, NULL, NULL, NULL, NULL, NULL, NULL, NULL, NULL, NULL, NULL, '0', NULL, NULL, NULL, NULL, NULL, NULL, '0', NULL, NULL, NULL, NULL, NULL, NULL, '2017-08-31 11:39:36', '2017-09-27 23:44:51', '9bdcfc00-c90b-4cb1-b3dc-afcf558737f2'),
 ('189', '203', 'en_us', 'Wheelchair Access', NULL, NULL, NULL, NULL, NULL, NULL, NULL, NULL, NULL, NULL, NULL, NULL, NULL, NULL, NULL, NULL, NULL, '0', NULL, NULL, NULL, NULL, NULL, NULL, '0', NULL, NULL, NULL, NULL, NULL, NULL, '2017-08-31 11:39:37', '2017-09-27 23:44:51', '8ef15106-aeeb-47f8-a720-2167a2e36992'),
 ('190', '204', 'en_us', 'Figure Window', NULL, NULL, NULL, NULL, NULL, NULL, NULL, NULL, NULL, NULL, NULL, NULL, NULL, NULL, NULL, NULL, NULL, '0', NULL, NULL, NULL, NULL, NULL, NULL, '0', NULL, NULL, NULL, NULL, NULL, NULL, '2017-08-31 11:39:37', '2017-09-27 23:44:52', 'b2fa83a1-be8c-44a0-9673-0bf1211063db'),
 ('191', '205', 'en_us', 'Ralph Adams Cram Madonna Shrine', NULL, NULL, NULL, NULL, NULL, NULL, NULL, NULL, NULL, NULL, NULL, NULL, NULL, NULL, NULL, NULL, NULL, '0', NULL, NULL, NULL, NULL, NULL, NULL, '0', NULL, NULL, NULL, NULL, NULL, NULL, '2017-08-31 11:39:37', '2017-09-27 23:44:53', '2315c86e-34a7-4521-ab6d-e88cff29ba1d'),
 ('192', '206', 'en_us', 'Fr Patrick And Dog', NULL, NULL, NULL, NULL, NULL, NULL, NULL, NULL, NULL, NULL, NULL, NULL, NULL, NULL, NULL, NULL, NULL, '0', NULL, NULL, NULL, NULL, NULL, NULL, '0', NULL, NULL, NULL, NULL, NULL, NULL, '2017-08-31 11:39:38', '2017-09-27 23:44:52', 'fcfc9021-3a21-4710-a726-db4df19d28ea'),
 ('193', '207', 'en_us', 'Hero Welcome', NULL, NULL, NULL, NULL, NULL, NULL, NULL, NULL, NULL, NULL, NULL, NULL, NULL, NULL, NULL, NULL, NULL, '0', NULL, NULL, NULL, NULL, NULL, NULL, '0', NULL, NULL, NULL, NULL, NULL, NULL, '2017-08-31 11:39:38', '2017-09-27 23:45:03', 'd0ad41a5-8922-4ea5-be30-0dc1d7b7d9f0'),
 ('194', '208', 'en_us', 'Hero Who We Are', NULL, NULL, NULL, NULL, NULL, NULL, NULL, NULL, NULL, NULL, NULL, NULL, NULL, NULL, NULL, NULL, NULL, '0', NULL, NULL, NULL, NULL, NULL, NULL, '0', NULL, NULL, NULL, NULL, NULL, NULL, '2017-08-31 11:39:38', '2017-09-27 23:45:04', '0ab48fb5-e01a-4311-bca9-1b4fd8ee7174'),
 ('195', '209', 'en_us', 'Bio Ian Betts', NULL, NULL, NULL, NULL, NULL, NULL, NULL, NULL, NULL, NULL, NULL, NULL, NULL, NULL, NULL, NULL, NULL, '0', NULL, NULL, NULL, NULL, NULL, NULL, '0', NULL, NULL, NULL, NULL, NULL, NULL, '2017-08-31 11:39:40', '2017-09-27 23:45:07', '447baf67-d2d1-4276-b548-5133fbb1e8ad'),
 ('196', '210', 'en_us', 'Bio John David Van Dooren', NULL, NULL, NULL, NULL, NULL, NULL, NULL, NULL, NULL, NULL, NULL, NULL, NULL, NULL, NULL, NULL, NULL, '0', NULL, NULL, NULL, NULL, NULL, NULL, '0', NULL, NULL, NULL, NULL, NULL, NULL, '2017-08-31 11:39:41', '2017-09-27 23:45:08', 'fcd5b321-5faa-4c28-9924-2ee3e04c9cc8'),
 ('197', '211', 'en_us', 'Edwin Booth Window Verticle', NULL, NULL, NULL, NULL, NULL, NULL, NULL, NULL, NULL, NULL, NULL, NULL, NULL, NULL, NULL, NULL, NULL, '0', NULL, NULL, NULL, NULL, NULL, NULL, '0', NULL, NULL, NULL, NULL, NULL, NULL, '2017-08-31 11:39:41', '2017-09-27 23:45:09', 'af99793f-633c-495f-a5a0-89bdbf8487b0'),
 ('199', '213', 'en_us', 'Fr Patrick And Dog', NULL, NULL, NULL, NULL, NULL, NULL, NULL, NULL, NULL, NULL, NULL, NULL, NULL, NULL, NULL, NULL, NULL, '0', NULL, NULL, NULL, NULL, NULL, NULL, '0', NULL, NULL, NULL, NULL, NULL, NULL, '2017-08-31 11:39:42', '2017-09-27 23:45:10', '1a395db1-2142-4f6c-a714-79bae24c9730'),
 ('200', '214', 'en_us', 'Fr Patrick And Dog', NULL, NULL, NULL, NULL, NULL, NULL, NULL, NULL, NULL, NULL, NULL, NULL, NULL, NULL, NULL, NULL, NULL, '0', NULL, NULL, NULL, NULL, NULL, NULL, '0', NULL, NULL, NULL, NULL, NULL, NULL, '2017-08-31 11:39:42', '2017-09-27 23:45:10', 'a9f4a907-f2d2-43db-8b8c-653196b0f81a'),
 ('201', '215', 'en_us', 'Placeholder', NULL, NULL, NULL, NULL, NULL, NULL, NULL, NULL, NULL, NULL, NULL, NULL, NULL, NULL, NULL, NULL, NULL, '0', NULL, NULL, NULL, NULL, NULL, NULL, '0', NULL, NULL, NULL, NULL, NULL, NULL, '2017-08-31 11:39:42', '2017-09-27 23:45:11', '34ada837-3ce6-43b9-a214-c9c21cd2596c'),
 ('202', '216', 'en_us', 'Richard Upjohn Brass Filigree Pulpit', NULL, NULL, NULL, NULL, NULL, NULL, NULL, NULL, NULL, NULL, NULL, NULL, NULL, NULL, NULL, NULL, NULL, '0', NULL, NULL, NULL, NULL, NULL, NULL, '0', NULL, NULL, NULL, NULL, NULL, NULL, '2017-08-31 11:39:43', '2017-09-27 23:45:11', '706ae15e-61b9-47e2-bb0f-03c03792260d'),
 ('204', '219', 'en_us', 'Ralph Adams Cram Madonna Shrine', NULL, NULL, NULL, NULL, NULL, NULL, NULL, NULL, NULL, NULL, NULL, NULL, NULL, NULL, NULL, NULL, NULL, '0', NULL, NULL, NULL, NULL, NULL, NULL, '0', NULL, NULL, NULL, NULL, NULL, NULL, '2017-08-31 13:41:24', '2017-09-27 23:44:24', 'aacf9129-421e-485e-8789-a81cd5b7de63'),
 ('205', '220', 'en_us', 'Ralph Adams Cram Madonna Shrine', NULL, NULL, NULL, NULL, NULL, NULL, NULL, NULL, NULL, NULL, NULL, NULL, NULL, NULL, NULL, NULL, NULL, '0', NULL, NULL, NULL, NULL, NULL, NULL, '0', NULL, NULL, NULL, NULL, NULL, NULL, '2017-08-31 13:41:41', '2017-09-27 23:45:10', '7c701347-b654-4c69-b705-76b169eddb70'),
 ('206', '221', 'en_us', 'The Garden', NULL, NULL, NULL, NULL, NULL, NULL, NULL, NULL, NULL, 'Mary Jane Gocher', 'Ahron R. Foster Photography', NULL, NULL, NULL, NULL, NULL, NULL, '0', NULL, NULL, NULL, NULL, NULL, NULL, '0', NULL, NULL, NULL, NULL, NULL, NULL, '2017-08-31 14:07:29', '2017-09-26 11:02:08', 'eaff5b45-a906-45f7-aa0c-0b53cadb6582'),
 ('208', '223', 'en_us', 'The Garden', NULL, NULL, NULL, NULL, NULL, NULL, NULL, NULL, NULL, NULL, NULL, NULL, NULL, NULL, NULL, NULL, NULL, '0', NULL, NULL, NULL, NULL, NULL, NULL, '0', NULL, NULL, NULL, NULL, NULL, NULL, '2017-08-31 14:20:29', '2017-09-27 23:44:54', '4af44b0b-b3ca-40da-9ba2-f95b52282d0f'),
 ('209', '225', 'en_us', 'The Garden', NULL, NULL, NULL, NULL, NULL, NULL, NULL, NULL, NULL, NULL, NULL, NULL, NULL, NULL, NULL, NULL, NULL, '0', NULL, NULL, NULL, NULL, NULL, NULL, '0', NULL, NULL, NULL, NULL, NULL, NULL, '2017-08-31 17:47:59', '2017-09-27 23:44:24', '22dc3690-b525-46b3-8522-0b9228fd9c6f'),
 ('210', '226', 'en_us', 'The Garden', NULL, NULL, NULL, NULL, NULL, NULL, NULL, NULL, NULL, NULL, NULL, NULL, NULL, NULL, NULL, NULL, NULL, '0', NULL, NULL, NULL, NULL, NULL, NULL, '0', NULL, NULL, NULL, NULL, NULL, NULL, '2017-08-31 17:48:24', '2017-09-27 23:45:10', 'ea80b2e1-f0c3-4a50-9a73-df60706ffbf7'),
 ('211', '227', 'en_us', 'Feature Little Church', NULL, NULL, NULL, NULL, NULL, NULL, NULL, NULL, NULL, NULL, NULL, NULL, NULL, NULL, NULL, NULL, NULL, '0', NULL, NULL, NULL, NULL, NULL, NULL, '0', NULL, NULL, NULL, NULL, NULL, NULL, '2017-08-31 18:50:03', '2017-09-27 23:45:13', 'a9ca272e-d71a-4b09-8e0e-f9f73d126ae4'),
 ('212', '228', 'en_us', 'Feature Little Church', NULL, NULL, NULL, NULL, NULL, NULL, NULL, NULL, NULL, NULL, NULL, NULL, NULL, NULL, NULL, NULL, NULL, '0', NULL, NULL, NULL, NULL, NULL, NULL, '0', NULL, NULL, NULL, NULL, NULL, NULL, '2017-08-31 19:05:48', '2017-09-27 23:44:36', '8f6d2095-2b51-41f5-93d5-15beff20a3c9'),
 ('213', '229', 'en_us', 'The Rev. Dr. Patrick S. Cheng', '<p>Fr. Patrick Cheng has served on the staff of The Church of the Transfiguration since 2015, first as an associate priest and currently as the associate rector. Prior to his arrival at the Little Church, Fr. Cheng taught historical and systematic theology at the Episcopal Divinity School in Cambridge, Massachusetts, and served as the pastoral assistant at Emmanuel Church in the City of Boston.</p>\n<p>In addition to his ministry at Transfiguration, Fr. Cheng works for a national agency of the Episcopal Church, and he serves on the board of trustees of the Anglican Theological Review. He holds degrees from Yale College, Harvard Law School, and Union Theological Seminary in the City of New York. For more information about Fr. Cheng, please see his website at<a href=\"http://www.patrickcheng.net/\" target=\"_blank\" rel=\"noreferrer noopener\">www.patrickcheng.net</a>.</p>', NULL, NULL, NULL, NULL, NULL, NULL, NULL, 'Associate Rector', NULL, NULL, NULL, NULL, NULL, NULL, NULL, NULL, '0', NULL, NULL, NULL, NULL, NULL, NULL, '0', NULL, NULL, NULL, NULL, NULL, NULL, '2017-08-31 19:57:03', '2017-09-25 09:44:18', '8d86a48b-2580-4935-bb75-6ab2c36b034c');
INSERT INTO `craft_content` (`id`, `elementId`, `locale`, `title`, `field_body`, `field_altAttribute`, `field_linkText`, `field_linkUrl`, `field_headlineA`, `field_headlineB`, `field_introduction`, `field_fullName`, `field_professionalTitle`, `field_byLine`, `field_photoCredit`, `field_graphicFeatureHeadline`, `field_graphicFeatureText`, `field_headline`, `field_tourDescription`, `field_date`, `field_eventDescription`, `field_eventSpotlight`, `field_text`, `field_emailAddress`, `field_time`, `field_choir`, `field_performances`, `field_bodySimple`, `field_featureOnHomepage`, `field_worshipTimes`, `field_directionsTitle`, `field_bySubway`, `field_byBus`, `field_photoCreditLink`, `field_photoCaption`, `dateCreated`, `dateUpdated`, `uid`) VALUES
 ('215', '231', 'en_us', 'Hero Our Mission', NULL, NULL, NULL, NULL, NULL, NULL, NULL, NULL, NULL, NULL, NULL, NULL, NULL, NULL, NULL, NULL, NULL, '0', NULL, NULL, NULL, NULL, NULL, NULL, '0', NULL, NULL, NULL, NULL, NULL, NULL, '2017-08-31 20:22:40', '2017-09-27 23:45:02', 'b3906941-fe1f-4c14-be07-4b10655611db'),
 ('217', '234', 'en_us', 'A Brief History', NULL, '', NULL, NULL, NULL, NULL, '<p>Church of the Transfiguration parish was founded in 1848. The building itself dates from 1850; it was made a national landmark in 1973. The founder, the Rev. Dr. George Hendric Houghton wanted to build a church that would serve the needs of the poor and marginalized, and would welcome all regardless of race, class or background.</p>', NULL, NULL, NULL, '', NULL, NULL, NULL, NULL, NULL, NULL, '0', NULL, NULL, NULL, NULL, NULL, NULL, '0', NULL, NULL, NULL, NULL, NULL, NULL, '2017-08-31 20:27:54', '2017-09-24 22:47:01', 'f971cb62-d5db-406e-956e-86f9f8f5cff4'),
 ('218', '235', 'en_us', 'Hero Our History', NULL, NULL, NULL, NULL, NULL, NULL, NULL, NULL, NULL, NULL, NULL, NULL, NULL, NULL, NULL, NULL, NULL, '0', NULL, NULL, NULL, NULL, NULL, NULL, '0', NULL, NULL, NULL, NULL, NULL, NULL, '2017-08-31 20:28:29', '2017-09-27 23:45:02', '12ea934f-07c1-4c66-9113-7a41cd3eab94'),
 ('220', '238', 'en_us', 'Hero Parish Life', NULL, NULL, NULL, NULL, NULL, NULL, NULL, NULL, NULL, NULL, NULL, NULL, NULL, NULL, NULL, NULL, NULL, '0', NULL, NULL, NULL, NULL, NULL, NULL, '0', NULL, NULL, NULL, NULL, NULL, NULL, '2017-08-31 20:33:51', '2017-09-27 23:45:02', '5873f20d-140a-431b-a303-683ecfc120fa'),
 ('221', '239', 'en_us', 'Parish Life', NULL, '', NULL, NULL, NULL, NULL, '<p>Building community is an important part of Church of the Transfiguration both spiritually and socially. Many of our parishioners gather each weekon Thursdayto participate in worship and Bible Study, while others enjoy going to a local restaurant afterSundaymass to enjoy brunch and social fellowship.</p>', NULL, NULL, NULL, '', NULL, NULL, NULL, NULL, NULL, NULL, '0', NULL, NULL, NULL, NULL, NULL, NULL, '0', NULL, NULL, NULL, NULL, NULL, NULL, '2017-08-31 20:36:16', '2017-09-16 23:19:26', 'c280ba7b-b46b-4106-991b-8f85d01e64ed'),
 ('224', '243', 'en_us', 'Hero Worship Schedule', NULL, NULL, NULL, NULL, NULL, NULL, NULL, NULL, NULL, NULL, NULL, NULL, NULL, NULL, NULL, NULL, NULL, '0', NULL, NULL, NULL, NULL, NULL, NULL, '0', NULL, NULL, NULL, NULL, NULL, NULL, '2017-09-01 10:10:20', '2017-09-27 23:45:04', '893eb1b8-dfd5-4bd7-94ae-bfeadaff31d9'),
 ('225', '244', 'en_us', 'Worship Schedule', NULL, '', NULL, NULL, NULL, NULL, '<p>The cornerstone of Transfigurations spirituality is how we express and demonstrate Gods inclusive love through liturgy, music and worship. As an Anglo-Catholic parish, Transfiguration honors traditional liturgy with a full complement of meaningful preaching and music.</p>', NULL, NULL, NULL, '', NULL, NULL, NULL, NULL, NULL, NULL, '0', NULL, NULL, NULL, NULL, NULL, NULL, '0', NULL, NULL, NULL, NULL, NULL, NULL, '2017-09-01 10:13:15', '2017-09-26 23:03:01', 'ed70f2e8-662a-4f6a-a3e9-c4fcbe403c0e'),
 ('226', '246', 'en_us', 'Hero Liturgy', NULL, NULL, NULL, NULL, NULL, NULL, NULL, NULL, NULL, NULL, NULL, NULL, NULL, NULL, NULL, NULL, NULL, '0', NULL, NULL, NULL, NULL, NULL, NULL, '0', NULL, NULL, NULL, NULL, NULL, NULL, '2017-09-01 11:19:33', '2017-09-27 23:44:38', '3c431052-6787-4ada-a8e0-44bfb8ec37fb'),
 ('227', '247', 'en_us', 'Hero Our History', NULL, NULL, NULL, NULL, NULL, NULL, NULL, NULL, NULL, NULL, NULL, NULL, NULL, NULL, NULL, NULL, NULL, '0', NULL, NULL, NULL, NULL, NULL, NULL, '0', NULL, NULL, NULL, NULL, NULL, NULL, '2017-09-01 11:19:33', '2017-09-27 23:44:39', 'e7e9c51d-3049-471e-b4d0-545208a6a603'),
 ('228', '248', 'en_us', 'Hero Our Mission', NULL, NULL, NULL, NULL, NULL, NULL, NULL, NULL, NULL, NULL, NULL, NULL, NULL, NULL, NULL, NULL, NULL, '0', NULL, NULL, NULL, NULL, NULL, NULL, '0', NULL, NULL, NULL, NULL, NULL, NULL, '2017-09-01 11:19:33', '2017-09-27 23:44:39', '26afdd7d-4d86-4b6a-83d2-31cda9ddd01b'),
 ('229', '249', 'en_us', 'Hero Parish Life', NULL, NULL, NULL, NULL, NULL, NULL, NULL, NULL, NULL, NULL, NULL, NULL, NULL, NULL, NULL, NULL, NULL, '0', NULL, NULL, NULL, NULL, NULL, NULL, '0', NULL, NULL, NULL, NULL, NULL, NULL, '2017-09-01 11:19:34', '2017-09-27 23:44:40', '502ee9c8-ba8b-4c8d-a86a-3a1db2805a05'),
 ('230', '250', 'en_us', 'Hero Worship Schedule', NULL, NULL, NULL, NULL, NULL, NULL, NULL, NULL, NULL, NULL, NULL, NULL, NULL, NULL, NULL, NULL, NULL, '0', NULL, NULL, NULL, NULL, NULL, NULL, '0', NULL, NULL, NULL, NULL, NULL, NULL, '2017-09-01 11:19:34', '2017-09-27 23:44:43', 'aae7ea38-b534-41e8-8c76-ba17751d3af9'),
 ('231', '251', 'en_us', 'Hero Liturgy', NULL, NULL, NULL, NULL, NULL, NULL, NULL, NULL, NULL, NULL, NULL, NULL, NULL, NULL, NULL, NULL, NULL, '0', NULL, NULL, NULL, NULL, NULL, NULL, '0', NULL, NULL, NULL, NULL, NULL, NULL, '2017-09-01 11:19:42', '2017-09-27 23:44:58', 'd73c833d-bb23-4aca-a7a1-f6ac87e3856f'),
 ('233', '253', 'en_us', '01', NULL, NULL, NULL, NULL, NULL, NULL, NULL, NULL, NULL, NULL, NULL, NULL, NULL, NULL, NULL, NULL, NULL, '0', NULL, NULL, NULL, NULL, NULL, NULL, '0', NULL, NULL, NULL, NULL, NULL, NULL, '2017-09-01 11:44:52', '2017-09-27 23:45:14', '40d14b59-1354-4ef0-a639-5f65fbf9d60c'),
 ('234', '254', 'en_us', 'Lychgate', NULL, 'Lynchgate at The Church of the Transfiguration', NULL, NULL, NULL, NULL, NULL, NULL, NULL, NULL, '', NULL, NULL, NULL, '<p>A Lychgate is a type of medieval portal, covered by a roof. Lychgates are rare In the United States, but are still found in England, mostly in rural areas. In days past, it was a place where preliminary prayers were offered for the deceased before the coffin was carried into the church. Our Lychgate was built in 1896. It was designed by Frederick Clark Withers and was the gift of Mrs. Franklin Delano. It was restored and re-dedicated on May 5, 2013.</p>', NULL, NULL, '0', NULL, NULL, NULL, NULL, NULL, NULL, '0', NULL, NULL, NULL, NULL, NULL, NULL, '2017-09-01 11:45:08', '2017-09-23 17:31:27', 'e67a4d34-10fb-4eda-8132-f426fe97b072'),
 ('241', '261', 'en_us', '02', NULL, NULL, NULL, NULL, NULL, NULL, NULL, NULL, NULL, NULL, NULL, NULL, NULL, NULL, NULL, NULL, NULL, '0', NULL, NULL, NULL, NULL, NULL, NULL, '0', NULL, NULL, NULL, NULL, NULL, NULL, '2017-09-01 11:46:08', '2017-09-27 23:45:14', '8bc07034-7465-4858-b838-b439a20beb11'),
 ('242', '262', 'en_us', '03', NULL, NULL, NULL, NULL, NULL, NULL, NULL, NULL, NULL, NULL, NULL, NULL, NULL, NULL, NULL, NULL, NULL, '0', NULL, NULL, NULL, NULL, NULL, NULL, '0', NULL, NULL, NULL, NULL, NULL, NULL, '2017-09-01 11:46:09', '2017-09-27 23:45:14', '3bce94a7-fc9c-47e3-bdc0-fcc37c118d63'),
 ('243', '263', 'en_us', '04', NULL, NULL, NULL, NULL, NULL, NULL, NULL, NULL, NULL, NULL, NULL, NULL, NULL, NULL, NULL, NULL, NULL, '0', NULL, NULL, NULL, NULL, NULL, NULL, '0', NULL, NULL, NULL, NULL, NULL, NULL, '2017-09-01 11:46:09', '2017-09-27 23:45:14', '4256e048-1730-4bac-9664-e2e6a295bf1d'),
 ('244', '264', 'en_us', '05', NULL, NULL, NULL, NULL, NULL, NULL, NULL, NULL, NULL, NULL, NULL, NULL, NULL, NULL, NULL, NULL, NULL, '0', NULL, NULL, NULL, NULL, NULL, NULL, '0', NULL, NULL, NULL, NULL, NULL, NULL, '2017-09-01 11:46:09', '2017-09-27 23:45:15', '935b1c1d-8036-4e7c-8fc7-6f6723cec232'),
 ('245', '265', 'en_us', '06', NULL, NULL, NULL, NULL, NULL, NULL, NULL, NULL, NULL, NULL, NULL, NULL, NULL, NULL, NULL, NULL, NULL, '0', NULL, NULL, NULL, NULL, NULL, NULL, '0', NULL, NULL, NULL, NULL, NULL, NULL, '2017-09-01 11:46:10', '2017-09-27 23:45:15', '1993da74-634b-4f0a-8ba3-0a3543a51c13'),
 ('246', '266', 'en_us', '07', NULL, NULL, NULL, NULL, NULL, NULL, NULL, NULL, NULL, NULL, NULL, NULL, NULL, NULL, NULL, NULL, NULL, '0', NULL, NULL, NULL, NULL, NULL, NULL, '0', NULL, NULL, NULL, NULL, NULL, NULL, '2017-09-01 11:46:10', '2017-09-27 23:45:15', 'a93f7307-537a-4bcc-8609-33cf2028580c'),
 ('247', '267', 'en_us', 'Holy Family Chapel', NULL, 'Holy Family Chapel at The Church of the Transfiguration', NULL, NULL, NULL, NULL, NULL, NULL, NULL, NULL, '', NULL, NULL, NULL, '<p>The Holy Family Chapel is open Monday through Friday. Every day, it receives a steady stream of visitors who come in for a quiet moment, to light a candle, or to attend the daily Mass or prayer services. Its most memorable feature is the Brides Altar, which was installed in 1926. The painting above the altar is the Betrothal of the Blessed Virgin and St. Joseph. Tens of thousands of marriages have taken place before this altar.</p>', NULL, NULL, '0', NULL, NULL, NULL, NULL, NULL, NULL, '0', NULL, NULL, NULL, NULL, NULL, NULL, '2017-09-01 11:46:35', '2017-09-14 18:17:34', '4f9bd6fd-6df9-4f7c-be71-586e78cbeb9b'),
 ('248', '268', 'en_us', 'The Westmacott Madonna', NULL, 'The Westmacott Madonna at The Church of the Transfiguration', NULL, NULL, NULL, NULL, NULL, NULL, NULL, NULL, '', NULL, NULL, NULL, '<p>The Westmacott Madonna is located in the southwest corner of the chapel. This beautiful marble statue of the Madonna and Child is by Sir Richard Westmacott. R.A., who also did the portico sculptures at Buckingham Palace celebrating the battles of Trafalgar and Waterloo.</p>', NULL, NULL, '0', NULL, NULL, NULL, NULL, NULL, NULL, '0', NULL, NULL, NULL, NULL, NULL, NULL, '2017-09-01 11:47:05', '2017-09-14 18:18:52', 'aef6a7ba-905e-47bf-a08d-a75d5f7f437a'),
 ('249', '271', 'en_us', 'Outreach', NULL, '', NULL, NULL, NULL, NULL, '<p>Our parish was founded to serve the needs of the poor and marginalized, and this tradition continues today through several programs. Perhaps our most important outreach, however, is the Holy Family Chapel which is open and welcoming to all who are in search of spiritual refreshment.</p>', NULL, NULL, NULL, '', NULL, NULL, NULL, NULL, NULL, NULL, '0', NULL, NULL, NULL, NULL, NULL, NULL, '0', NULL, NULL, NULL, NULL, NULL, NULL, '2017-09-05 14:56:51', '2017-09-24 22:49:51', '5c70889d-551a-43df-8db2-9b65f697daa8'),
 ('250', '273', 'en_us', 'Hero Visit', NULL, NULL, NULL, NULL, NULL, NULL, NULL, NULL, NULL, NULL, NULL, NULL, NULL, NULL, NULL, NULL, NULL, '0', NULL, NULL, NULL, NULL, NULL, NULL, '0', NULL, NULL, NULL, NULL, NULL, NULL, '2017-09-06 16:31:55', '2017-09-27 23:44:43', '6ba41510-769b-4cb1-93fb-eca71d8bc798'),
 ('251', '274', 'en_us', 'Select Arrows', NULL, NULL, NULL, NULL, NULL, NULL, NULL, NULL, NULL, NULL, NULL, NULL, NULL, NULL, NULL, NULL, NULL, '0', NULL, NULL, NULL, NULL, NULL, NULL, '0', NULL, NULL, NULL, NULL, NULL, NULL, '2017-09-06 16:31:59', '2017-09-27 23:44:48', '23975fbf-6227-4d2d-a6e9-c881bebc5f11'),
 ('252', '275', 'en_us', 'Select Arrows', NULL, NULL, NULL, NULL, NULL, NULL, NULL, NULL, NULL, NULL, NULL, NULL, NULL, NULL, NULL, NULL, NULL, '0', NULL, NULL, NULL, NULL, NULL, NULL, '0', NULL, NULL, NULL, NULL, NULL, NULL, '2017-09-06 16:31:59', '2017-09-27 23:44:48', '2949d117-e980-4d98-ab82-bd5b87a1ccb0'),
 ('263', '287', 'en_us', 'Audio Sermons', NULL, '', NULL, NULL, NULL, NULL, '<p>Never miss the message. Play our sermons directly in your browser or download them for listening on-the-go. Already heard the message? Refresh your memory and listen again.</p>', NULL, NULL, NULL, '', NULL, NULL, NULL, NULL, NULL, NULL, '0', NULL, NULL, NULL, NULL, NULL, NULL, '0', NULL, NULL, NULL, NULL, NULL, NULL, '2017-09-12 09:46:39', '2017-09-12 19:11:02', 'a95f08a0-f83b-4bcf-aa3c-5d1775c140dc'),
 ('264', '289', 'en_us', 'The Fourteenth Sunday after Pentecost', NULL, NULL, NULL, NULL, NULL, NULL, NULL, 'Father Patrick Cheng', NULL, NULL, NULL, NULL, NULL, NULL, NULL, 'September, 10 2017', NULL, '0', NULL, NULL, NULL, NULL, NULL, NULL, '0', NULL, NULL, NULL, NULL, NULL, NULL, '2017-09-12 10:24:17', '2017-09-12 16:50:56', '7e2becb3-adcb-4c8d-87d3-a57add8e1a4e'),
 ('270', '295', 'en_us', '08 06 17', NULL, NULL, NULL, NULL, NULL, NULL, NULL, NULL, NULL, NULL, NULL, NULL, NULL, NULL, NULL, NULL, NULL, '0', NULL, NULL, NULL, NULL, NULL, NULL, '0', NULL, NULL, NULL, NULL, NULL, NULL, '2017-09-12 16:46:27', '2017-09-27 23:45:16', 'de126d32-c2b3-4802-86ff-27eebbfcc909'),
 ('271', '296', 'en_us', '08 27 17', NULL, NULL, NULL, NULL, NULL, NULL, NULL, NULL, NULL, NULL, NULL, NULL, NULL, NULL, NULL, NULL, NULL, '0', NULL, NULL, NULL, NULL, NULL, NULL, '0', NULL, NULL, NULL, NULL, NULL, NULL, '2017-09-12 16:46:28', '2017-09-27 23:45:16', '5dab2a64-dd38-40b7-8636-50225d9e1071'),
 ('272', '297', 'en_us', '08 20 17', NULL, NULL, NULL, NULL, NULL, NULL, NULL, NULL, NULL, NULL, NULL, NULL, NULL, NULL, NULL, NULL, NULL, '0', NULL, NULL, NULL, NULL, NULL, NULL, '0', NULL, NULL, NULL, NULL, NULL, NULL, '2017-09-12 16:46:28', '2017-09-27 23:45:16', 'ff0fef87-02b1-4873-a5b5-43a984a8f6f0'),
 ('273', '298', 'en_us', '08 13 17', NULL, NULL, NULL, NULL, NULL, NULL, NULL, NULL, NULL, NULL, NULL, NULL, NULL, NULL, NULL, NULL, NULL, '0', NULL, NULL, NULL, NULL, NULL, NULL, '0', NULL, NULL, NULL, NULL, NULL, NULL, '2017-09-12 16:46:28', '2017-09-27 23:45:16', 'c120f37c-5b17-4915-963c-9e6553515977'),
 ('274', '299', 'en_us', '09 03 17', NULL, NULL, NULL, NULL, NULL, NULL, NULL, NULL, NULL, NULL, NULL, NULL, NULL, NULL, NULL, NULL, NULL, '0', NULL, NULL, NULL, NULL, NULL, NULL, '0', NULL, NULL, NULL, NULL, NULL, NULL, '2017-09-12 16:46:28', '2017-09-27 23:45:17', '76a24ccd-cba4-4daf-b3ef-122fea6ab9d2'),
 ('276', '301', 'en_us', '09 10 17', NULL, NULL, NULL, NULL, NULL, NULL, NULL, NULL, NULL, NULL, NULL, NULL, NULL, NULL, NULL, NULL, NULL, '0', NULL, NULL, NULL, NULL, NULL, NULL, '0', NULL, NULL, NULL, NULL, NULL, NULL, '2017-09-12 16:49:43', '2017-09-27 23:45:17', '725825e2-bf6c-4bbe-b9c9-1618474dfffe'),
 ('277', '302', 'en_us', 'The Thirteenth Sunday after Pentecost', NULL, NULL, NULL, NULL, NULL, NULL, NULL, 'Father John David van Dooren', NULL, NULL, NULL, NULL, NULL, NULL, NULL, NULL, NULL, '0', NULL, NULL, NULL, NULL, NULL, NULL, '0', NULL, NULL, NULL, NULL, NULL, NULL, '2017-09-12 16:50:42', '2017-09-12 16:53:13', '1606021c-91bd-402d-902c-fbaa3dc987d7'),
 ('278', '303', 'en_us', 'The Twelfth Sunday after Pentecost', NULL, NULL, NULL, NULL, NULL, NULL, NULL, 'Father Patrick Cheng', NULL, NULL, NULL, NULL, NULL, NULL, NULL, NULL, NULL, '0', NULL, NULL, NULL, NULL, NULL, NULL, '0', NULL, NULL, NULL, NULL, NULL, NULL, '2017-09-12 16:54:31', '2017-09-12 16:54:31', '34e35212-a74b-49c2-9530-174496dbbc10'),
 ('279', '304', 'en_us', 'The Eleventh Sunday after Pentecost', NULL, NULL, NULL, NULL, NULL, NULL, NULL, 'Father John David van Dooren', NULL, NULL, NULL, NULL, NULL, NULL, NULL, NULL, NULL, '0', NULL, NULL, NULL, NULL, NULL, NULL, '0', NULL, NULL, NULL, NULL, NULL, NULL, '2017-09-12 16:58:27', '2017-09-12 17:00:22', '5325257c-c5a1-4f81-a7ae-d0168fc303f3'),
 ('284', '309', 'en_us', 'Bio Patrick Cheng', NULL, NULL, NULL, NULL, NULL, NULL, NULL, NULL, NULL, NULL, NULL, NULL, NULL, NULL, NULL, NULL, NULL, '0', NULL, NULL, NULL, NULL, NULL, NULL, '0', NULL, NULL, NULL, NULL, NULL, NULL, '2017-09-13 07:16:26', '2017-09-27 23:45:09', 'ba2687a8-cc5c-4df7-9acb-88f70beaabf4'),
 ('286', '311', 'en_us', 'Bio Warren C Platt', NULL, NULL, NULL, NULL, NULL, NULL, NULL, NULL, NULL, NULL, NULL, NULL, NULL, NULL, NULL, NULL, NULL, '0', NULL, NULL, NULL, NULL, NULL, NULL, '0', NULL, NULL, NULL, NULL, NULL, NULL, '2017-09-13 07:17:45', '2017-09-27 23:45:09', 'cc1263e6-4ca8-45a5-808f-027862b58771'),
 ('288', '313', 'en_us', 'Bio Grace Kobryn', NULL, NULL, NULL, NULL, NULL, NULL, NULL, NULL, NULL, NULL, NULL, NULL, NULL, NULL, NULL, NULL, NULL, '0', NULL, NULL, NULL, NULL, NULL, NULL, '0', NULL, NULL, NULL, NULL, NULL, NULL, '2017-09-13 07:19:39', '2017-09-27 23:45:07', '656d22b8-2622-42db-bd3b-a0f20a121557'),
 ('290', '315', 'en_us', 'Bio Claudia Dumschat', NULL, NULL, NULL, NULL, NULL, NULL, NULL, NULL, NULL, NULL, NULL, NULL, NULL, NULL, NULL, NULL, NULL, '0', NULL, NULL, NULL, NULL, NULL, NULL, '0', NULL, NULL, NULL, NULL, NULL, NULL, '2017-09-13 07:27:13', '2017-09-27 23:45:06', '54cd93ac-1940-405c-bb49-bed4cc19d851'),
 ('291', '316', 'en_us', 'Bio Claudia Dumschat', NULL, NULL, NULL, NULL, NULL, NULL, NULL, NULL, NULL, NULL, NULL, NULL, NULL, NULL, NULL, NULL, NULL, '0', NULL, NULL, NULL, NULL, NULL, NULL, '0', NULL, NULL, NULL, NULL, NULL, NULL, '2017-09-13 07:27:29', '2017-09-27 23:44:19', 'b64bafde-5199-477f-a20c-3ace3ffae5fc'),
 ('292', '317', 'en_us', 'Bio Grace Kobryn', NULL, NULL, NULL, NULL, NULL, NULL, NULL, NULL, NULL, NULL, NULL, NULL, NULL, NULL, NULL, NULL, NULL, '0', NULL, NULL, NULL, NULL, NULL, NULL, '0', NULL, NULL, NULL, NULL, NULL, NULL, '2017-09-13 07:27:29', '2017-09-27 23:44:19', 'e337efbd-49c4-41fa-986e-3a6348e733dd'),
 ('293', '318', 'en_us', 'Bio Patrick Cheng', NULL, NULL, NULL, NULL, NULL, NULL, NULL, NULL, NULL, NULL, NULL, NULL, NULL, NULL, NULL, NULL, NULL, '0', NULL, NULL, NULL, NULL, NULL, NULL, '0', NULL, NULL, NULL, NULL, NULL, NULL, '2017-09-13 07:27:29', '2017-09-27 23:44:23', '8945742b-6f27-42d3-a463-cea7cd2ac5c9'),
 ('294', '319', 'en_us', 'Bio Warren C Platt', NULL, NULL, NULL, NULL, NULL, NULL, NULL, NULL, NULL, NULL, NULL, NULL, NULL, NULL, NULL, NULL, NULL, '0', NULL, NULL, NULL, NULL, NULL, NULL, '0', NULL, NULL, NULL, NULL, NULL, NULL, '2017-09-13 07:27:30', '2017-09-27 23:44:23', '35f31ee3-f442-4c13-ace7-20484f385d99'),
 ('296', '321', 'en_us', 'The Rev. Dr. Warren C. Platt', '<p>The Rev. Warren C. Platt is a native New Yorker, his first forebears having arrived in Brooklyn in December, 1849. He is a graduate of Cornell University (B.A., 1966), Union Theological Seminary (M.Div., 1969), Columbia University (Master of Science in Library Science, 1970), and Columbia University (Ph.D., 1982). Prior to his retirement in 2009, he worked at Brooklyn Public Library and the Research Libraries of the New York Public Library.At the latter institution he was responsible for collection development in the area of religion and cognate disciplines, and he also wrote and edited the research guides which assisted readers in the utilization of the Library\'s collections. During this time he assisted at the Church of the Transfiguration celebrating Mass as well as giving sermons and lectures. He has been published in various academic journals, principally in the areas of church history and library science, and his current area of interest is the history of the rise of ritualism in nineteenth-century Episcopalianism.</p>', NULL, NULL, NULL, NULL, NULL, NULL, NULL, 'Associate Priest', NULL, NULL, NULL, NULL, NULL, NULL, NULL, NULL, '0', NULL, NULL, NULL, NULL, NULL, NULL, '0', NULL, NULL, NULL, NULL, NULL, NULL, '2017-09-13 08:49:10', '2017-09-25 09:44:35', '93dc7433-0f97-4d84-952a-e4c8e6654809'),
 ('297', '322', 'en_us', 'Grace Kobryn', '<p>GraceKobryn has been The Church of the Transfigurations parish administrator since June 2016. Since the age of 8, she has been involved in many different ministries across many denominations.Gracecurrently volunteers with her church in Staten Island as their Christian Education committee chair and as a member of their board. In her free time, she enjoys going for runs and writing.</p>', NULL, NULL, NULL, NULL, NULL, NULL, NULL, 'Parish Administrator', NULL, NULL, NULL, NULL, NULL, NULL, NULL, NULL, '0', NULL, NULL, NULL, NULL, NULL, NULL, '0', NULL, NULL, NULL, NULL, NULL, NULL, '2017-09-13 08:53:46', '2017-09-28 11:04:06', '11522716-13bf-4f1b-91a2-eb73555e943a'),
 ('298', '324', 'en_us', ' Music at Transfiguration', NULL, '', NULL, NULL, NULL, NULL, '<p>Music has always been a vital element of the churchs Anglo-Catholic worship style. Soon after the church was founded, The Rev. George Houghton established the Choir of Men and Boys, the oldest such choir in America.The style and sound of the choir began in the great cathedrals and collegiate choirs of England, where the uppermost musical line was written specifically for the timbre of boys treble voices. Professional adult men sing the alto (countertenor), tenor and bass parts with the boys.In recent years, the church established a Girls Choir, a Cherub Choir and the Lumines.</p>', NULL, NULL, NULL, '', NULL, NULL, NULL, NULL, NULL, NULL, '0', NULL, NULL, NULL, NULL, NULL, NULL, '0', NULL, NULL, NULL, NULL, NULL, NULL, '2017-09-13 09:19:39', '2017-09-26 09:58:29', 'a38964e3-9eda-497b-bd1a-634639ac0840'),
 ('300', '326', 'en_us', 'Hero Camerata', NULL, '', NULL, NULL, NULL, NULL, NULL, NULL, NULL, NULL, NULL, NULL, NULL, NULL, NULL, NULL, NULL, '0', NULL, NULL, NULL, NULL, NULL, NULL, '0', NULL, NULL, NULL, NULL, NULL, NULL, '2017-09-13 09:26:39', '2017-09-27 23:44:55', 'd8665318-a82b-4bf5-985a-a58c0a1aefe7'),
 ('302', '328', 'en_us', 'Hero Organist And Choirmaster', NULL, NULL, NULL, NULL, NULL, NULL, NULL, NULL, NULL, NULL, NULL, NULL, NULL, NULL, NULL, NULL, NULL, '0', NULL, NULL, NULL, NULL, NULL, NULL, '0', NULL, NULL, NULL, NULL, NULL, NULL, '2017-09-13 09:40:28', '2017-09-27 23:45:01', '992b9810-0358-49de-ad42-71da6fc4921b'),
 ('303', '329', 'en_us', 'Organist & Choirmaster', NULL, 'Dr. Claudia Dumschat, Organist & Choirmaster at The Church of the Transfiguration, NYC', NULL, NULL, NULL, NULL, '<p>Claudia Dumschat brings over forty years of experience to her position as Organist and Choirmaster at Transfiguration, where she has served since 1999.She received her doctorate from the Manhattan School of Music and has performed organ concerts throughout the United States and Europe. Dr. Dumschat is the recipient of many awards and has been recorded on CD and is heard frequently on the radio.She is currently on the Board of the New York Chapter of the American Guild of Organists and a Council member of the Episcopal Actors Guild.</p>', NULL, NULL, NULL, '', NULL, NULL, NULL, NULL, NULL, NULL, '0', NULL, NULL, NULL, NULL, NULL, NULL, '0', NULL, NULL, NULL, NULL, NULL, NULL, '2017-09-13 09:42:08', '2017-09-27 08:09:19', '76b8cc33-356b-42da-8b0d-cb074fbac45d'),
 ('305', '332', 'en_us', 'Hero Organist And Choirmaster', NULL, NULL, NULL, NULL, NULL, NULL, NULL, NULL, NULL, NULL, NULL, NULL, NULL, NULL, NULL, NULL, NULL, '0', NULL, NULL, NULL, NULL, NULL, NULL, '0', NULL, NULL, NULL, NULL, NULL, NULL, '2017-09-13 10:21:08', '2017-09-27 23:44:39', '514ea9f2-f1a8-4c27-96c1-b0254cdaa0ba'),
 ('306', '333', 'en_us', 'Concert Series', NULL, '', NULL, NULL, NULL, NULL, '<p>Transfiguration is home to The Arnold Schwartz Memorial Concert Series, which was founded by Marie Schwartz in 2004 in memory of her late husband. Since then over fifty concerts, operas, and music dramas have been performed, using some of the finest singers and musicians in New York City. In addition, the church presents outstanding musical groups from September through June, as well as a Summer Concert Series.</p>\n<p>Examples of Our Concerts can be seen on<a href=\"https://www.youtube.com/user/claudiadumschat\" target=\"_blank\" rel=\"noreferrer noopener\">YouTube</a>.</p>', NULL, NULL, NULL, 'Benjamin Chasteen/Epoch Times', NULL, NULL, NULL, NULL, NULL, NULL, '0', NULL, NULL, NULL, NULL, NULL, NULL, '0', NULL, NULL, NULL, NULL, NULL, NULL, '2017-09-13 10:34:14', '2017-09-27 10:37:11', '5462a475-e3ba-4d2e-8d64-1049798c9edf'),
 ('308', '335', 'en_us', 'Figure Organ', NULL, NULL, NULL, NULL, NULL, NULL, NULL, NULL, NULL, NULL, NULL, NULL, NULL, NULL, NULL, NULL, NULL, '0', NULL, NULL, NULL, NULL, NULL, NULL, '0', NULL, NULL, NULL, NULL, NULL, NULL, '2017-09-13 10:40:09', '2017-09-27 23:44:51', '2d49cd5e-421a-4b64-92c9-4c7ab6fcfaa3'),
 ('310', '339', 'en_us', 'Hero Concert Series', NULL, NULL, NULL, NULL, NULL, NULL, NULL, NULL, NULL, NULL, NULL, NULL, NULL, NULL, NULL, NULL, NULL, '0', NULL, NULL, NULL, NULL, NULL, NULL, '0', NULL, NULL, NULL, NULL, NULL, NULL, '2017-09-13 10:56:17', '2017-09-27 23:44:57', 'e5127c31-2f36-4fa5-bb36-1ffd638d833e'),
 ('312', '342', 'en_us', 'Figure Organ', NULL, NULL, NULL, NULL, NULL, NULL, NULL, NULL, NULL, NULL, NULL, NULL, NULL, NULL, NULL, NULL, NULL, '0', NULL, NULL, NULL, NULL, NULL, NULL, '0', NULL, NULL, NULL, NULL, NULL, NULL, '2017-09-13 14:39:28', '2017-09-27 23:44:33', '79c1d088-e2b3-452b-9c67-474e2b3d1650'),
 ('313', '343', 'en_us', 'Hero Concert Series', NULL, NULL, NULL, NULL, NULL, NULL, NULL, NULL, NULL, NULL, NULL, NULL, NULL, NULL, NULL, NULL, NULL, '0', NULL, NULL, NULL, NULL, NULL, NULL, '0', NULL, NULL, NULL, NULL, NULL, NULL, '2017-09-13 14:39:29', '2017-09-27 23:44:38', '1b77d154-4a2f-47d5-9224-a9b63907fbe9'),
 ('314', '344', 'en_us', 'Midday Music', NULL, '', '', '/music/concert-series', NULL, NULL, NULL, NULL, NULL, NULL, NULL, NULL, NULL, NULL, NULL, NULL, '<p>Claudia Dumschat, organ;<strong></strong><em>All Glory be to God on High: Settings of the hymn by J.S. Bach</em></p>', '0', NULL, NULL, NULL, NULL, NULL, NULL, '0', NULL, NULL, NULL, NULL, NULL, NULL, '2017-09-14 08:25:26', '2017-09-27 10:17:35', 'c410ba18-4137-410e-b65d-850b30da35b5'),
 ('315', '345', 'en_us', 'Midday Music', NULL, '', '', '/music/concert-series', NULL, NULL, NULL, NULL, NULL, NULL, NULL, NULL, NULL, NULL, NULL, NULL, '<p>Bill Gross, baritone; Cristina Madero, mezzo; and Claudia Dumschat, piano;<strong></strong><em>Broadway Show Tunes</em></p>', '0', NULL, NULL, NULL, NULL, NULL, NULL, '0', NULL, NULL, NULL, NULL, NULL, NULL, '2017-09-14 08:41:25', '2017-09-27 10:17:35', 'eb9bcd20-6560-4611-81a9-19efdabe8cd7'),
 ('316', '346', 'en_us', 'Midday Music', NULL, '', '', '', NULL, NULL, NULL, NULL, NULL, NULL, NULL, NULL, NULL, NULL, NULL, NULL, '<p>Audrey Flores, french horn;<em><strong></strong>Liturgical Horn: Music inspired by Gregorian Chant and Biblical themes.</em></p>', '0', NULL, NULL, NULL, NULL, NULL, NULL, '0', NULL, NULL, NULL, NULL, NULL, NULL, '2017-09-14 08:44:20', '2017-09-27 10:17:35', 'a425e76f-a645-4f68-8fc4-52e96ba62b78'),
 ('317', '347', 'en_us', 'Midday Music', NULL, '', '', '/music/concert-series', NULL, NULL, NULL, NULL, NULL, NULL, NULL, NULL, NULL, NULL, NULL, NULL, '<p>Yen Yu Chen, soprano, and Henry Lee, organ;<strong></strong><em>Music of Faure, The Boulanger Sisters, and Vierne</em></p>', '0', NULL, NULL, NULL, NULL, NULL, NULL, '0', NULL, NULL, NULL, NULL, NULL, NULL, '2017-09-14 08:47:28', '2017-09-27 10:17:35', '25b2ad12-26da-4d81-b4e6-542ad38d657e'),
 ('318', '348', 'en_us', 'Solemn Mass', NULL, NULL, NULL, '', NULL, NULL, NULL, NULL, NULL, NULL, NULL, NULL, NULL, NULL, NULL, NULL, '', '0', NULL, NULL, NULL, NULL, NULL, NULL, '0', NULL, NULL, NULL, NULL, NULL, NULL, '2017-09-14 08:55:46', '2017-09-24 20:57:35', '93cfcb47-1ad5-49bf-ad08-c27fd221fdf3'),
 ('319', '349', 'en_us', 'Morning Prayer', NULL, NULL, NULL, '', NULL, NULL, NULL, NULL, NULL, NULL, NULL, NULL, NULL, NULL, NULL, NULL, '', '0', NULL, NULL, NULL, NULL, NULL, NULL, '0', NULL, NULL, NULL, NULL, NULL, NULL, '2017-09-14 08:58:26', '2017-09-24 20:57:27', '80929324-a918-4f57-9f56-f3443cf84f24'),
 ('321', '351', 'en_us', 'Marquee 04', NULL, NULL, NULL, NULL, NULL, NULL, NULL, NULL, NULL, NULL, NULL, NULL, NULL, NULL, NULL, NULL, NULL, '0', NULL, NULL, NULL, NULL, NULL, NULL, '0', NULL, NULL, NULL, NULL, NULL, NULL, '2017-09-14 17:21:36', '2017-09-27 23:45:05', 'f9c9829c-1477-4962-87eb-64b416e95147'),
 ('322', '352', 'en_us', 'Big City Church, Small Town Feeling', NULL, NULL, 'Parish Life', '/about/parish-life', 'Big City Church,', 'Small Town Feeling', NULL, NULL, NULL, NULL, NULL, NULL, NULL, NULL, NULL, NULL, NULL, '0', NULL, NULL, NULL, NULL, NULL, NULL, '0', NULL, NULL, NULL, NULL, NULL, NULL, '2017-09-14 17:23:28', '2017-09-23 18:00:02', '76005764-a4b7-43bc-be54-db85a8b58603'),
 ('323', '353', 'en_us', 'The Joseph Jefferson Window', NULL, 'The Joseph Jefferson Window at The Church of the Transfiguration', NULL, NULL, NULL, NULL, NULL, NULL, NULL, NULL, '', NULL, NULL, NULL, '<p>The Joseph Jefferson window on the South wall of the main church building, memorializes the renowned actor who gave the Church of the Transfiguration its nickname, The Little Church Around the Corner. Jefferson is seen costumed as Rip Van Winkle, a role he was famous for. He is accompanying his deceased friend, George Holland to the church, where they are met by Jesus standing at the lychgate. The window is a gift of the Episcopal Actors Guild, and was installed in 1925.</p>\r\n<p></p>', NULL, NULL, '0', NULL, NULL, NULL, NULL, NULL, NULL, '0', NULL, NULL, NULL, NULL, NULL, NULL, '2017-09-14 18:20:39', '2017-09-14 18:21:01', '40fdc139-426f-47f4-8c7c-0ac30984678b'),
 ('325', '355', 'en_us', 'Liturgy', NULL, '', NULL, NULL, NULL, NULL, '<p>The Gospels speak of troubled people seeking to touch the hem of Christs garment, that they might be healed. Christs garment is no more, but before He left this earth He gave us what our prayerbook calls a foretaste of thy heavenly banquet  Holy Eucharist (or Communion or Mass), instituted at the Last Supper and celebrated every Sunday and weekday at The Church of The Transfiguration. Celebrate is the right word, because every Eucharist is a corporate giving of thanks to God for our many blessings.</p>', NULL, NULL, NULL, '', NULL, NULL, NULL, NULL, NULL, NULL, '0', NULL, NULL, NULL, NULL, NULL, NULL, '0', NULL, NULL, NULL, NULL, '', NULL, '2017-09-14 19:20:28', '2017-09-28 22:57:34', 'b74233dc-36fd-46fb-9dbe-f711c3e24e09'),
 ('327', '358', 'en_us', 'Hero Bible Study', NULL, NULL, NULL, NULL, NULL, NULL, NULL, NULL, NULL, NULL, NULL, NULL, NULL, NULL, NULL, NULL, NULL, '0', NULL, NULL, NULL, NULL, NULL, NULL, '0', NULL, NULL, NULL, NULL, NULL, NULL, '2017-09-14 19:32:53', '2017-09-27 23:44:56', '6a9eb95f-a99a-4288-ae24-78b5ae376244'),
 ('328', '359', 'en_us', 'Bible Study', NULL, '', NULL, NULL, NULL, NULL, '<p>The Thursday night study, which resumed on September 21st, continues throughout October. The evening begins with a mass in the chapel at 6:30 pm. Following the mass, the study will begin at 7:00 pm in the common room.<strong>Newcomers Welcome</strong>.</p>', NULL, NULL, NULL, '', NULL, NULL, NULL, NULL, NULL, NULL, '0', NULL, NULL, NULL, NULL, NULL, NULL, '0', NULL, NULL, NULL, NULL, NULL, NULL, '2017-09-14 19:36:40', '2017-09-16 16:17:13', '5a2e74a8-13e1-4b63-a1bc-27a43f81492c'),
 ('330', '362', 'en_us', 'Hero Weddings', NULL, NULL, NULL, NULL, NULL, NULL, NULL, NULL, NULL, NULL, NULL, NULL, NULL, NULL, NULL, NULL, NULL, '0', NULL, NULL, NULL, NULL, NULL, NULL, '0', NULL, NULL, NULL, NULL, NULL, NULL, '2017-09-14 21:12:46', '2017-09-27 23:45:03', '4eb2dc8f-e0d7-487d-bd29-46453425375b'),
 ('331', '363', 'en_us', 'Weddings', NULL, '', NULL, NULL, NULL, NULL, '<p>The celebration of the sacrament of Marriage is something dear, treasured, and historically significant at the Church of the Transfiguration. All weddings performed at Transfiguration use the Book of Common Prayer, which includes the passage that marriage is to be entered into reverently, deliberately, and in accordance to Gods holy Word. Although Transfiguration has always shared a liberal policy of inclusion with regard to weddings, there is an expectation that wedding parties will honor and respect the traditions and guidelines of the church.</p>', NULL, NULL, NULL, 'Francine Daveta', NULL, NULL, NULL, NULL, NULL, NULL, '0', NULL, NULL, NULL, NULL, NULL, NULL, '0', NULL, NULL, NULL, NULL, 'http://francinedaveta.com/', NULL, '2017-09-14 21:14:41', '2017-09-28 22:45:08', '56df98e0-0755-41b0-bf3e-ebc7ba535488'),
 ('334', '367', 'en_us', 'Hero Bible Study', NULL, NULL, NULL, NULL, NULL, NULL, NULL, NULL, NULL, NULL, NULL, NULL, NULL, NULL, NULL, NULL, NULL, '0', NULL, NULL, NULL, NULL, NULL, NULL, '0', NULL, NULL, NULL, NULL, NULL, NULL, '2017-09-15 13:14:08', '2017-09-27 23:44:37', '27a2402e-c373-4812-ae27-973b6a3439a3'),
 ('335', '368', 'en_us', 'Hero Weddings', NULL, NULL, NULL, NULL, NULL, NULL, NULL, NULL, NULL, NULL, NULL, NULL, NULL, NULL, NULL, NULL, NULL, '0', NULL, NULL, NULL, NULL, NULL, NULL, '0', NULL, NULL, NULL, NULL, NULL, NULL, '2017-09-15 13:14:09', '2017-09-27 23:44:41', '68fe68a4-b9ba-4255-a830-1dac9c7c9061'),
 ('336', '369', 'en_us', 'Marquee 04', NULL, NULL, NULL, NULL, NULL, NULL, NULL, NULL, NULL, NULL, NULL, NULL, NULL, NULL, NULL, NULL, NULL, '0', NULL, NULL, NULL, NULL, NULL, NULL, '0', NULL, NULL, NULL, NULL, NULL, NULL, '2017-09-15 13:14:14', '2017-09-27 23:44:46', '88e3f4dd-2198-41e6-9f24-c1215437f331'),
 ('341', '374', 'en_us', 'Hero Adult Education', NULL, NULL, NULL, NULL, NULL, NULL, NULL, NULL, NULL, NULL, NULL, NULL, NULL, NULL, NULL, NULL, NULL, '0', NULL, NULL, NULL, NULL, NULL, NULL, '0', NULL, NULL, NULL, NULL, NULL, NULL, '2017-09-16 16:20:36', '2017-09-27 23:44:54', '75677dc6-a2d6-4ec1-ac7e-cc51c0a3b180'),
 ('342', '375', 'en_us', 'Adult Education', NULL, '', NULL, NULL, NULL, NULL, '<p>Our Adult Education forums cover a wide variety of spiritual topics both within the Church and elsewhere. The series hosts a number of guest speakers and facilitators and promises an hour of entertaining and informational learning and discussion.<br /></p>', NULL, NULL, NULL, '', NULL, NULL, NULL, NULL, NULL, NULL, '0', NULL, NULL, NULL, NULL, NULL, NULL, '0', NULL, NULL, NULL, NULL, NULL, NULL, '2017-09-16 16:25:03', '2017-09-16 16:25:03', 'e5fa0777-fe97-4ed0-bbb9-ad4e4ca92186'),
 ('343', '377', 'en_us', 'Adult Education', NULL, '', '', '/worship/adult-education', NULL, NULL, NULL, NULL, NULL, NULL, NULL, NULL, NULL, NULL, NULL, NULL, '<p><em>\"Sexuality and Patriarchy in the Old Testament\"</em> withKarina Martin Hogan</p>', '0', NULL, NULL, NULL, NULL, NULL, NULL, '0', NULL, NULL, NULL, NULL, NULL, NULL, '2017-09-16 17:11:37', '2017-09-24 21:53:43', '2604b984-f72c-4b62-b86b-965a568c6c67'),
 ('344', '378', 'en_us', 'Hero Adult Education', NULL, NULL, NULL, NULL, NULL, NULL, NULL, NULL, NULL, NULL, NULL, NULL, NULL, NULL, NULL, NULL, NULL, '0', NULL, NULL, NULL, NULL, NULL, NULL, '0', NULL, NULL, NULL, NULL, NULL, NULL, '2017-09-16 18:10:26', '2017-09-27 23:44:36', 'bd95fb8a-9911-4234-908d-17e181e343cc'),
 ('347', '381', 'en_us', '2017 Founders Day', NULL, NULL, NULL, NULL, NULL, NULL, NULL, NULL, NULL, NULL, NULL, NULL, NULL, NULL, NULL, NULL, NULL, '0', NULL, NULL, NULL, NULL, NULL, NULL, '0', NULL, NULL, NULL, NULL, NULL, NULL, '2017-09-16 19:46:36', '2017-09-27 23:45:18', 'c271941c-12f8-4468-8069-04bee82a46d9'),
 ('350', '384', 'en_us', 'Founders Day', NULL, '', NULL, '', NULL, NULL, NULL, NULL, NULL, NULL, NULL, NULL, NULL, NULL, NULL, NULL, '<p>On the firstSundayin October 1848, George Hendric Houghton gathered a band of twenty-four followers for a celebration of Holy Communion in the parlor of the home of the Rev. Dr. Lawson Carter, an elderly priest, on East 24th Street. None of those first worshipers could have imagined that they had just attended the first service of the Church of the Transfiguration, later to be celebrated as The Little Church Around the Corner. The twenty-eight year-old priest who called this small congregation into being, however, had a clear vision in mind: to establish a parish that would minister to the poor and needy of New York City. The first service in the new church was held on Sunday, March 28th, 1850. <em>(excerpted from A Parish Guide to The Church of the Transfiguration by Zulette M. Catir)</em>  </p>\n<p>His motto was<em>Fides Opera</em>(Faith and Works)\n</p>', '1', NULL, NULL, NULL, NULL, NULL, NULL, '1', NULL, NULL, NULL, NULL, NULL, NULL, '2017-09-16 21:50:54', '2017-09-24 19:28:54', '2fe11b9b-78b6-48c0-990b-4a04a1af117a'),
 ('353', '387', 'en_us', 'Blessing of the Animals', NULL, '', NULL, '', NULL, NULL, NULL, NULL, NULL, NULL, NULL, NULL, NULL, NULL, NULL, NULL, '<p>Calling all creatures great and small. In celebration of the feast of St. Francis of Assisi, Blessings will take place outside the church on Sunday, October 8th, following the pet-friendly 11:00 am mass (approximately 12:30 pm). All are welcome.</p>', '1', NULL, NULL, NULL, NULL, NULL, NULL, '1', NULL, NULL, NULL, NULL, NULL, NULL, '2017-09-16 22:31:41', '2017-09-24 16:39:41', '74a69c4b-63d7-4f44-8cda-6fc8f3f5eaae'),
 ('354', '388', 'en_us', 'Open House New York', NULL, '', NULL, '', NULL, NULL, NULL, NULL, NULL, NULL, NULL, NULL, NULL, NULL, NULL, NULL, '<p>Vivamus parturient per facilisis vitae himenaeos adipiscing lacus nulla mattis a ridiculus condimentum.</p>', '1', NULL, NULL, NULL, NULL, NULL, NULL, '1', NULL, NULL, NULL, NULL, NULL, NULL, '2017-09-16 22:37:49', '2017-09-24 21:33:39', 'a973c6bd-c811-423e-a2ad-f02ab265088f'),
 ('356', '390', 'en_us', 'Open House NY ', NULL, NULL, NULL, NULL, NULL, NULL, NULL, NULL, NULL, NULL, NULL, NULL, NULL, NULL, NULL, NULL, NULL, '0', NULL, NULL, NULL, NULL, NULL, NULL, '0', NULL, NULL, NULL, NULL, NULL, NULL, '2017-09-16 22:38:03', '2017-09-27 23:45:17', 'a52a996e-1c94-44fc-9db1-0badf87def38'),
 ('362', '396', 'en_us', 'John David Signature', NULL, NULL, NULL, NULL, NULL, NULL, NULL, NULL, NULL, NULL, NULL, NULL, NULL, NULL, NULL, NULL, NULL, '0', NULL, NULL, NULL, NULL, NULL, NULL, '0', NULL, NULL, NULL, NULL, NULL, NULL, '2017-09-19 09:31:46', '2017-09-27 23:44:44', '77f18c24-9a18-4bc7-bbd5-f372baae54eb'),
 ('364', '398', 'en_us', 'The Rev. Alison Turner', '<p>Alison Joan Turner was born in the southeast of England. She has always been involved in parish life, especially in the area of church music.She has a bi-vocational ministry, as both a teacher and priest. Her ministerial formation course was based in Cambridge,and she was ordained priest in the Chelmsford Diocese in Michaelmas 1998.<br /></p>\n<p>Her most recent position in the UK was as Priest Vicar in Exeter Cathedral, where she had particular interest and oversight of the nurture and catech<strong>e</strong>sis of childrenandyoung people at local and Diocesan levels. Much of her career in Education has been in Roman Catholic and Anglican multicultural schools in East London. Subsequently, she became a Head of School in two Devon schools, one in a rural setting, and the most recent being Exeter Junior School,<strong></strong>a largecity school until 2015. At that time she moved to New York to join her husband. She holds a BA Hons and subsequent MA in Theology and Education, which she read at St Mary\'s UniversityCollege, Twickenham (Surrey University).</p>\n<p>She is currently studying for a Masters in Sacred Theology at The General Theological Seminary, here in New York. Her husband, Carl is a neighboring Rector within the diocese. They live in Manhattan with their beloved Cairn Terrier, Bertie. Alison has three grown children and a young grandsonin the UK. She is particularly committed to issues surrounding ecumenism, children with special needs and the needs of adoptive families.\n<br /></p>', NULL, NULL, NULL, NULL, NULL, NULL, NULL, 'Assisting Priest', NULL, NULL, NULL, NULL, NULL, NULL, NULL, NULL, '0', NULL, NULL, NULL, NULL, NULL, NULL, '0', NULL, NULL, NULL, NULL, NULL, NULL, '2017-09-20 08:38:42', '2017-09-25 09:45:13', 'c457f48c-ceeb-4862-afb5-c0db133b8532'),
 ('366', '400', 'en_us', 'Bio Alison Turner', NULL, NULL, NULL, NULL, NULL, NULL, NULL, NULL, NULL, NULL, NULL, NULL, NULL, NULL, NULL, NULL, NULL, '0', NULL, NULL, NULL, NULL, NULL, NULL, '0', NULL, NULL, NULL, NULL, NULL, NULL, '2017-09-20 08:46:11', '2017-09-27 23:45:06', 'd62b051d-6be8-41c3-9910-398ce4c0aac4'),
 ('367', '401', 'en_us', 'Volunteer', NULL, '', NULL, NULL, NULL, NULL, '<p>Want to get involved? We are always looking for enthusiastic volunteers to join our many different ministry and outreach programs.</p>', NULL, NULL, NULL, '', NULL, NULL, NULL, NULL, NULL, NULL, '0', NULL, NULL, NULL, NULL, NULL, NULL, '0', NULL, NULL, NULL, NULL, '', '', '2017-09-21 08:42:12', '2017-09-28 11:08:27', '209968ab-dd48-4781-9edd-384441616d9c'),
 ('368', '406', 'en_us', 'Acolytes', NULL, NULL, NULL, NULL, NULL, NULL, NULL, 'Paul Cardozo', NULL, NULL, NULL, NULL, NULL, NULL, NULL, NULL, NULL, '0', NULL, 'paul@pcardozo.com', NULL, NULL, NULL, NULL, '0', NULL, NULL, NULL, NULL, NULL, NULL, '2017-09-21 09:31:53', '2017-09-21 09:31:53', '0463ac78-9b25-4f51-8197-3092724812c0'),
 ('369', '407', 'en_us', 'Altar Society', NULL, NULL, NULL, NULL, NULL, NULL, NULL, 'Pat Williams', NULL, NULL, NULL, NULL, NULL, NULL, NULL, NULL, NULL, '0', NULL, 'patsuitsme@aol.com', NULL, NULL, NULL, NULL, '0', NULL, NULL, NULL, NULL, NULL, NULL, '2017-09-21 09:32:31', '2017-09-21 09:32:31', '1dd828bd-44b5-4b7f-afcb-1f5d0134ab7f'),
 ('370', '408', 'en_us', 'Ecclesia Ministries Food Coordinator', NULL, NULL, NULL, NULL, NULL, NULL, NULL, 'Lee Alderson', NULL, NULL, NULL, NULL, NULL, NULL, NULL, NULL, NULL, '0', NULL, 'lalderson_04@hotmail.com', NULL, NULL, NULL, NULL, '0', NULL, NULL, NULL, NULL, NULL, NULL, '2017-09-21 09:37:34', '2017-09-21 09:37:34', '3cd3dce2-9ad5-4b00-a335-4ae6e4e9a40c'),
 ('371', '409', 'en_us', 'Historical Society', NULL, NULL, NULL, NULL, NULL, NULL, NULL, 'Pat Williams', NULL, NULL, NULL, NULL, NULL, NULL, NULL, NULL, NULL, '0', NULL, 'patsuitsme@aol.com', NULL, NULL, NULL, NULL, '0', NULL, NULL, NULL, NULL, NULL, NULL, '2017-09-21 09:38:03', '2017-09-21 09:38:03', '536bcce3-9428-4a47-9088-dffaa00210b6'),
 ('372', '410', 'en_us', 'Hospitality', NULL, NULL, NULL, NULL, NULL, NULL, NULL, 'Lee Alderson', NULL, NULL, NULL, NULL, NULL, NULL, NULL, NULL, NULL, '0', NULL, 'lalderson_04@hotmail.com', NULL, NULL, NULL, NULL, '0', NULL, NULL, NULL, NULL, NULL, NULL, '2017-09-21 09:38:21', '2017-09-21 09:38:21', '1e2e91cb-7f59-4d10-be54-a5a5249f50fc'),
 ('373', '411', 'en_us', 'Lectors', NULL, NULL, NULL, NULL, NULL, NULL, NULL, 'Marjorie Martin', NULL, NULL, NULL, NULL, NULL, NULL, NULL, NULL, NULL, '0', NULL, 'amritpearl@hotmail.com', NULL, NULL, NULL, NULL, '0', NULL, NULL, NULL, NULL, NULL, NULL, '2017-09-21 09:38:41', '2017-09-21 09:38:41', 'ee2aada1-f46d-4597-bd6e-0cdbf914a23d'),
 ('374', '412', 'en_us', 'Music', NULL, NULL, NULL, NULL, NULL, NULL, NULL, 'Joan Seymour', NULL, NULL, NULL, NULL, NULL, NULL, NULL, NULL, NULL, '0', NULL, 'edytha@earthlink.net', NULL, NULL, NULL, NULL, '0', NULL, NULL, NULL, NULL, NULL, NULL, '2017-09-21 09:39:06', '2017-09-21 09:39:06', 'c3b4c631-a403-492c-b34e-2495410d6816'),
 ('375', '413', 'en_us', 'Tours Guides', NULL, NULL, NULL, NULL, NULL, NULL, NULL, 'Joan Seymour', NULL, NULL, NULL, NULL, NULL, NULL, NULL, NULL, NULL, '0', NULL, 'edytha@earthlink.net', NULL, NULL, NULL, NULL, '0', NULL, NULL, NULL, NULL, NULL, NULL, '2017-09-21 09:39:24', '2017-09-21 09:39:24', 'd45f3a36-42df-4ae5-acb7-cedbbcedc482'),
 ('376', '414', 'en_us', 'Ushers', NULL, NULL, NULL, NULL, NULL, NULL, NULL, 'Elizabeth Carr', NULL, NULL, NULL, NULL, NULL, NULL, NULL, NULL, NULL, '0', NULL, 'elcinchina@hotmail.com', NULL, NULL, NULL, NULL, '0', NULL, NULL, NULL, NULL, NULL, NULL, '2017-09-21 09:39:44', '2017-09-21 09:39:44', '75d4ab66-7020-4032-909e-2d413cde2342'),
 ('377', '415', 'en_us', 'Bio Alison Turner', NULL, NULL, NULL, NULL, NULL, NULL, NULL, NULL, NULL, NULL, NULL, NULL, NULL, NULL, NULL, NULL, NULL, '0', NULL, NULL, NULL, NULL, NULL, NULL, '0', NULL, NULL, NULL, NULL, NULL, NULL, '2017-09-21 10:05:54', '2017-09-27 23:44:18', 'b3571b07-e7b8-4dfa-bd6b-1d2295b2bff3'),
 ('378', '416', 'en_us', 'Favicon', NULL, NULL, NULL, NULL, NULL, NULL, NULL, NULL, NULL, NULL, NULL, NULL, NULL, NULL, NULL, NULL, NULL, '0', NULL, NULL, NULL, NULL, NULL, NULL, '0', NULL, NULL, NULL, NULL, NULL, NULL, '2017-09-21 10:06:12', '2017-09-27 23:44:33', 'd8964516-bd5c-4ecc-bda9-ec2453b3c348'),
 ('379', '419', 'en_us', 'Hero Baptisms', NULL, NULL, NULL, NULL, NULL, NULL, NULL, NULL, NULL, NULL, NULL, NULL, NULL, NULL, NULL, NULL, NULL, '0', NULL, NULL, NULL, NULL, NULL, NULL, '0', NULL, NULL, NULL, NULL, NULL, NULL, '2017-09-22 08:11:46', '2017-09-27 23:44:36', '54f920c7-3221-450b-a9f6-4a5f16d5246a');
INSERT INTO `craft_content` (`id`, `elementId`, `locale`, `title`, `field_body`, `field_altAttribute`, `field_linkText`, `field_linkUrl`, `field_headlineA`, `field_headlineB`, `field_introduction`, `field_fullName`, `field_professionalTitle`, `field_byLine`, `field_photoCredit`, `field_graphicFeatureHeadline`, `field_graphicFeatureText`, `field_headline`, `field_tourDescription`, `field_date`, `field_eventDescription`, `field_eventSpotlight`, `field_text`, `field_emailAddress`, `field_time`, `field_choir`, `field_performances`, `field_bodySimple`, `field_featureOnHomepage`, `field_worshipTimes`, `field_directionsTitle`, `field_bySubway`, `field_byBus`, `field_photoCreditLink`, `field_photoCaption`, `dateCreated`, `dateUpdated`, `uid`) VALUES
 ('380', '420', 'en_us', 'Hero Baptisms', NULL, NULL, NULL, NULL, NULL, NULL, NULL, NULL, NULL, NULL, NULL, NULL, NULL, NULL, NULL, NULL, NULL, '0', NULL, NULL, NULL, NULL, NULL, NULL, '0', NULL, NULL, NULL, NULL, NULL, NULL, '2017-09-22 08:12:03', '2017-09-27 23:44:55', 'cf4db85d-6de5-4d72-b054-bc126146db41'),
 ('382', '422', 'en_us', 'Hero Liturgical Music', NULL, NULL, NULL, NULL, NULL, NULL, NULL, NULL, NULL, NULL, NULL, NULL, NULL, NULL, NULL, NULL, NULL, '0', NULL, NULL, NULL, NULL, NULL, NULL, '0', NULL, NULL, NULL, NULL, NULL, NULL, '2017-09-22 08:21:12', '2017-09-27 23:44:58', 'f9473579-5bc7-4920-9220-b88a71e32c83'),
 ('383', '423', 'en_us', 'Liturgical Music', NULL, '', NULL, NULL, NULL, NULL, '', NULL, NULL, NULL, '', NULL, NULL, NULL, NULL, NULL, NULL, '0', NULL, NULL, NULL, NULL, NULL, NULL, '0', NULL, NULL, NULL, NULL, '', NULL, '2017-09-22 08:21:39', '2017-09-28 23:55:42', 'd0d166dc-66d5-4ea2-8103-661dead004f8'),
 ('384', '424', 'en_us', 'Foundation Day and 167th Anniversary of the Church', NULL, NULL, NULL, NULL, NULL, NULL, NULL, NULL, NULL, NULL, NULL, NULL, NULL, '<p>Foundation Day and 167th Anniversary of the Church</p>', NULL, 'October 1 ', NULL, '0', NULL, NULL, NULL, 'Choir of Men & Boys', '[{\"col1\":\"Anton Bruckner\",\"col2\":\"Locus Iste\"},{\"col1\":\"William Harris\",\"col2\":\"Behold, the Tabernacle of God\"},{\"col1\":\"Jonathan Dove\",\"col2\":\"Missa brevis\"},{\"col1\":\"Ch. M. Widor\",\"col2\":\"Final from Symphony #6\"}]', '', '0', NULL, NULL, NULL, NULL, NULL, NULL, '2017-09-22 09:49:05', '2017-09-24 19:15:10', '6e172cb2-9faf-48cb-9eb3-7fc804914d8e'),
 ('385', '425', 'en_us', 'The Eighteenth Sunday After Pentecost', NULL, NULL, NULL, NULL, NULL, NULL, NULL, NULL, NULL, NULL, NULL, NULL, NULL, NULL, NULL, 'October 8', NULL, '0', NULL, NULL, NULL, 'Lumines Girls Choir', '[{\"col1\":\"Gerry Hancock\",\"col2\":\"Aria\"},{\"col1\":\"Bob Chilcott\",\"col2\":\"Peace Mass\"},{\"col1\":\"Adam Howard\",\"col2\":\"Song of the Animals\"},{\"col1\":\"John Bull (arr. Richard Elsasser)\",\"col2\":\"Rondo in G\"}]', '', '0', NULL, NULL, NULL, NULL, NULL, NULL, '2017-09-22 10:21:18', '2017-09-22 10:21:18', '24f42407-89e8-4f1a-8fb1-1f11b0bd3e03'),
 ('386', '426', 'en_us', 'The Nineteenth Sunday After Pentecost', NULL, NULL, NULL, NULL, NULL, NULL, NULL, NULL, NULL, NULL, NULL, NULL, NULL, NULL, NULL, 'October 15', NULL, '0', NULL, NULL, NULL, 'Choir of Men & Boys', '[{\"col1\":\"Felix Mendelssohn\",\"col2\":\"Sonata #1, Adagio\"},{\"col1\":\"Jonathan Dove\",\"col2\":\"Missa brevis\"},{\"col1\":\"Felix Mendelssohn\",\"col2\":\"Hear My Prayer\"},{\"col1\":\"Felix Mendelssohn\",\"col2\":\"Sonata #1, Allegro Vivace\"}]', '', '0', NULL, NULL, NULL, NULL, NULL, NULL, '2017-09-22 10:25:29', '2017-09-22 10:25:29', '4b782d00-4917-4602-b700-06a9832666df'),
 ('388', '428', 'en_us', 'Choir of Men & Boys', NULL, '', NULL, NULL, NULL, NULL, '<p>The oldest such choir remaining in the United States, the Choir of Men and Boys consists of 8 men and 16 boys, ages 8-14, auditioned and selected from the New York metropolitan area, with diverse ethnic and economic backgrounds. The boys rehearse several times each week and not only are paid but also receive incremental merit-based scholarships through the Anthony J. Mercede Scholarship Fund.</p>', NULL, NULL, NULL, '', NULL, NULL, NULL, NULL, NULL, NULL, '0', NULL, NULL, NULL, NULL, NULL, NULL, '0', NULL, NULL, NULL, NULL, NULL, NULL, '2017-09-22 10:36:10', '2017-09-26 08:40:56', '98db7a3f-2dbe-45e6-b059-65cbd8297c5f'),
 ('389', '430', 'en_us', 'Lumines Girls Choir', NULL, '', NULL, NULL, NULL, NULL, '<p>Lumines Girls Choir performs traditional Anglican choral anthems and hymns, plus spirituals and sacred folk songs, about once a month in church and meets every Saturday morning from 11:45 am to 12:45 pm,and/or Wednesday evening from 5:30 to 6:30 pm.</p>', NULL, NULL, NULL, '', NULL, NULL, NULL, NULL, NULL, NULL, '0', NULL, NULL, NULL, NULL, NULL, NULL, '0', NULL, NULL, NULL, NULL, NULL, NULL, '2017-09-22 10:59:14', '2017-09-27 09:55:02', 'fbb8ee4e-73f7-44b9-8f11-ee28e8c9961c'),
 ('390', '432', 'en_us', 'Cherub Choir', NULL, '', NULL, NULL, NULL, NULL, '<p>The Cherub Choir is open to all children, both boys and girls, from 4 to 8 years old, who learn the basics of music in a warm, joyful, and nurturing environment through singing, movement, and games. They enjoy a fun 30 minute rehearsal everySaturdayfrom9:30-10:00 amin the choir room followed by a small snack.</p>', NULL, NULL, NULL, '', NULL, NULL, NULL, NULL, NULL, NULL, '0', NULL, NULL, NULL, NULL, NULL, NULL, '0', NULL, NULL, NULL, NULL, '', NULL, '2017-09-22 11:21:38', '2017-09-28 00:35:13', '756fb751-fe9b-4d3d-826a-f11983a48482'),
 ('391', '434', 'en_us', 'Camerata', NULL, '', NULL, NULL, NULL, NULL, '<p>The Camerata is a semi-professional chorus which is open to all adult and teenage singers, SATB. An audition is required. Rehearsal schedules will vary with each project.</p>', NULL, NULL, NULL, 'Benjamin Chasteen/Epoch Times', NULL, NULL, NULL, NULL, NULL, NULL, '0', NULL, NULL, NULL, NULL, NULL, NULL, '0', NULL, NULL, NULL, NULL, NULL, NULL, '2017-09-22 11:22:06', '2017-09-26 09:56:30', 'a8dcbcf3-aec9-4571-b887-13fc23a1218f'),
 ('392', '436', 'en_us', 'Hero Liturgical Music', NULL, NULL, NULL, NULL, NULL, NULL, NULL, NULL, NULL, NULL, NULL, NULL, NULL, NULL, NULL, NULL, NULL, '0', NULL, NULL, NULL, NULL, NULL, NULL, '0', NULL, NULL, NULL, NULL, NULL, NULL, '2017-09-23 11:25:16', '2017-09-27 23:44:38', 'c208c77e-0658-41ea-879d-ed59ff61ad0e'),
 ('396', '440', 'en_us', 'Hero Choir Of Men And Boys', NULL, NULL, NULL, NULL, NULL, NULL, NULL, NULL, NULL, NULL, NULL, NULL, NULL, NULL, NULL, NULL, NULL, '0', NULL, NULL, NULL, NULL, NULL, NULL, '0', NULL, NULL, NULL, NULL, NULL, NULL, '2017-09-23 11:31:15', '2017-09-27 23:44:57', 'b5268937-b325-4cf0-8b2e-bc72bdfa1634'),
 ('398', '442', 'en_us', 'Hero Lumines Girls Choir', NULL, NULL, NULL, NULL, NULL, NULL, NULL, NULL, NULL, NULL, NULL, NULL, NULL, NULL, NULL, NULL, NULL, '0', NULL, NULL, NULL, NULL, NULL, NULL, '0', NULL, NULL, NULL, NULL, NULL, NULL, '2017-09-23 11:32:31', '2017-09-27 23:45:01', '3c64ac6b-9ae2-4af2-a6be-d3c215107c2b'),
 ('400', '444', 'en_us', 'Hero Cherub Choir', NULL, NULL, NULL, NULL, NULL, NULL, NULL, NULL, NULL, NULL, NULL, NULL, NULL, NULL, NULL, NULL, NULL, '0', NULL, NULL, NULL, NULL, NULL, NULL, '0', NULL, NULL, NULL, NULL, NULL, NULL, '2017-09-23 11:39:42', '2017-09-27 23:44:56', '0071dc77-63f9-4233-8f1f-7e523eeea03e'),
 ('401', '445', 'en_us', 'Hero Cherub Choir', NULL, NULL, NULL, NULL, NULL, NULL, NULL, NULL, NULL, NULL, NULL, NULL, NULL, NULL, NULL, NULL, NULL, '0', NULL, NULL, NULL, NULL, NULL, NULL, '0', NULL, NULL, NULL, NULL, NULL, NULL, '2017-09-23 11:43:39', '2017-09-27 23:44:37', 'df721017-83f5-4c25-8177-ee5d121a7613'),
 ('402', '446', 'en_us', 'Hero Choir Of Men And Boys', NULL, NULL, NULL, NULL, NULL, NULL, NULL, NULL, NULL, NULL, NULL, NULL, NULL, NULL, NULL, NULL, NULL, '0', NULL, NULL, NULL, NULL, NULL, NULL, '0', NULL, NULL, NULL, NULL, NULL, NULL, '2017-09-23 11:43:39', '2017-09-27 23:44:37', '3236eb23-a0ae-48c7-bdf0-cca44ec5f12e'),
 ('403', '447', 'en_us', 'Hero Lumines Girls Choir', NULL, NULL, NULL, NULL, NULL, NULL, NULL, NULL, NULL, NULL, NULL, NULL, NULL, NULL, NULL, NULL, NULL, '0', NULL, NULL, NULL, NULL, NULL, NULL, '0', NULL, NULL, NULL, NULL, NULL, NULL, '2017-09-23 11:43:40', '2017-09-27 23:44:39', 'ddd29cb9-5053-4bb1-9848-480fd58265b5'),
 ('406', '450', 'en_us', 'The Arnold Schwartz Memorial Organ', NULL, 'The Arnold Schwartz Memorial Organ', NULL, NULL, NULL, NULL, NULL, NULL, NULL, NULL, '', NULL, NULL, NULL, '<p></p><p>This beautiful organ, named in memory of the major donor, Mrs. Marie Schwartzs late husband, is Opus 92 of C. B. Fisk, Inc.&nbsp;Church of the Transfiguration has an extensive music program including a Men and Boys Choir and a Girls Choir. Our Music Director, Dr. Claudia Dumschat auditions children from all over the city. Those accepted for the choirs receive an excellent musical education and ample opportunities to perform.</p><p></p>', NULL, NULL, '0', NULL, NULL, NULL, NULL, NULL, NULL, '0', NULL, NULL, NULL, NULL, NULL, NULL, '2017-09-23 12:03:04', '2017-09-25 10:02:02', '34a912e5-f65c-4765-bac2-09a8d59499a3'),
 ('407', '451', 'en_us', 'The St. Joseph of Arimathea Chapel', NULL, 'The St. Joseph of Arimathea Chapel', NULL, NULL, NULL, NULL, NULL, NULL, NULL, NULL, '', NULL, NULL, NULL, '<p></p><p>The ceiling is decorated with renderings of Fra Angelicos <i>Glory in Paradise</i> and <i>The Last Judgment</i>, painted on canvas panels which have been fitted between the ribs of the plaster vault.&nbsp; Also on view in this chapel is a large painted glass rendering of Raphaels <i>The </i>T<i>ransfiguration</i>. The entrance to the chapel is graced by polychromed wood carvings of the four Archangels, Uriel, Gabriel, Michael and Raphael.</p><p></p>', NULL, NULL, '0', NULL, NULL, NULL, NULL, NULL, NULL, '0', NULL, NULL, NULL, NULL, NULL, NULL, '2017-09-23 12:11:29', '2017-09-23 12:11:29', '462db9f7-336c-4c2f-94db-f0a4d8fc46bd'),
 ('408', '452', 'en_us', 'The Singing Boy', NULL, 'The Singing Boy at The Church of Transfiguration', NULL, NULL, NULL, NULL, NULL, NULL, NULL, NULL, '', NULL, NULL, NULL, '<p>This beautiful statue dates from 1871 and is the work of Franklin Simmons, an American sculptor living in Rome. He seems right at home among the <strong>Compline</strong> <strong>Psalms</strong>. (Compline psalms are prayers said at the end of the day.) Fr. George Hendric Houghton, the founding rector, married a drawing teacher, Caroline Graves Anthon, who painted the psalms on parchment. After her death, Fr. Houghton had her paintings executed in glass as a memorial to her.</p>', NULL, NULL, '0', NULL, NULL, NULL, NULL, NULL, NULL, '0', NULL, NULL, NULL, NULL, NULL, NULL, '2017-09-23 12:12:41', '2017-09-26 22:22:42', '8fe4d172-d88d-47e1-bb1a-c6248396704a'),
 ('410', '454', 'en_us', '2017 Blessing Of The Animals', NULL, NULL, NULL, NULL, NULL, NULL, NULL, NULL, NULL, NULL, NULL, NULL, NULL, NULL, NULL, NULL, NULL, '0', NULL, NULL, NULL, NULL, NULL, NULL, '0', NULL, NULL, NULL, NULL, NULL, NULL, '2017-09-23 12:26:54', '2017-09-27 23:45:17', 'f844e30a-079e-47ca-97cc-786b5035b542'),
 ('411', '455', 'en_us', 'Baptisms', NULL, '', NULL, NULL, NULL, NULL, '<p>Holy Baptism<strong>i</strong>s the sacrament welcoming an infant, child, or an adult into the body of Christ! It is an outward sign of the inward grace of Gods unconditional love for us, and as baptized persons, we are initiated into the full community and responsibilities of the Church.</p>', NULL, NULL, NULL, 'Ahron R. Foster', NULL, NULL, NULL, NULL, NULL, NULL, '0', NULL, NULL, NULL, NULL, NULL, NULL, '0', NULL, NULL, NULL, NULL, '', NULL, '2017-09-23 13:50:08', '2017-09-27 23:01:05', '8fb05830-2f66-4bcc-8565-c9cbc9a7ad4b'),
 ('413', '459', 'en_us', '2017 Blessing Of The Animals', NULL, NULL, NULL, NULL, NULL, NULL, NULL, NULL, NULL, NULL, NULL, NULL, NULL, NULL, NULL, NULL, NULL, '0', NULL, NULL, NULL, NULL, NULL, NULL, '0', NULL, NULL, NULL, NULL, NULL, NULL, '2017-09-23 18:13:07', '2017-09-27 23:44:32', 'bb427f25-e8e0-4ddd-8794-0ad9312ce719'),
 ('414', '460', 'en_us', 'Hero Visit', NULL, NULL, NULL, NULL, NULL, NULL, NULL, NULL, NULL, NULL, NULL, NULL, NULL, NULL, NULL, NULL, NULL, '0', NULL, NULL, NULL, NULL, NULL, NULL, '0', NULL, NULL, NULL, NULL, NULL, NULL, '2017-09-23 18:13:18', '2017-09-27 23:44:41', 'f5a51ca3-e67a-47b5-b4ad-81acd1360af5'),
 ('415', '461', 'en_us', 'Hero Visit', NULL, NULL, NULL, NULL, NULL, NULL, NULL, NULL, NULL, NULL, NULL, NULL, NULL, NULL, NULL, NULL, NULL, '0', NULL, NULL, NULL, NULL, NULL, NULL, '0', NULL, NULL, NULL, NULL, NULL, NULL, '2017-09-23 18:13:34', '2017-09-27 23:45:02', '048bbb73-b96d-40c9-8423-9a1e24ddcd0d'),
 ('416', '462', 'en_us', 'Events', NULL, NULL, NULL, NULL, NULL, NULL, NULL, NULL, NULL, NULL, NULL, NULL, NULL, NULL, NULL, NULL, NULL, '0', NULL, NULL, NULL, NULL, NULL, NULL, '0', NULL, NULL, NULL, NULL, NULL, NULL, '2017-09-24 10:29:32', '2017-09-24 10:29:32', 'bc051593-0744-4f4f-a30b-1e6edd187e29'),
 ('417', '463', 'en_us', 'Past Event', NULL, '', NULL, '', NULL, NULL, NULL, NULL, NULL, NULL, NULL, NULL, NULL, NULL, NULL, NULL, '<p>This is a Past Event</p>', '1', NULL, NULL, NULL, NULL, NULL, NULL, '0', NULL, NULL, NULL, NULL, NULL, NULL, '2017-09-24 10:31:17', '2017-09-24 16:39:41', 'cedeb513-a613-4aea-a094-a9609eb12cdb'),
 ('419', '465', 'en_us', 'Past Event', NULL, NULL, NULL, NULL, NULL, NULL, NULL, NULL, NULL, NULL, NULL, NULL, NULL, NULL, NULL, NULL, NULL, '0', NULL, NULL, NULL, NULL, NULL, NULL, '0', NULL, NULL, NULL, NULL, NULL, NULL, '2017-09-24 15:14:08', '2017-09-27 23:45:18', '6261e2f3-38fc-4419-a4a9-ac09b7ac6b8d'),
 ('420', '466', 'en_us', 'Midday Music', NULL, NULL, NULL, '/music/concert-series', NULL, NULL, NULL, NULL, NULL, NULL, NULL, NULL, NULL, NULL, NULL, NULL, '<p>Claudia Dumschat, organ;<em></em><em>Mendelssohn Organ Sonatas</em></p>', '0', NULL, NULL, NULL, NULL, NULL, NULL, '0', NULL, NULL, NULL, NULL, NULL, NULL, '2017-09-24 18:35:54', '2017-09-27 10:17:35', '087b0375-be6c-4685-b15a-e5ace44f280a'),
 ('421', '467', 'en_us', 'Midday Music', NULL, NULL, NULL, '/music/concert-series', NULL, NULL, NULL, NULL, NULL, NULL, NULL, NULL, NULL, NULL, NULL, NULL, '<p>Natasha Lipinska, violin;<em>Bach at the Little Church</em></p>', '0', NULL, NULL, NULL, NULL, NULL, NULL, '0', NULL, NULL, NULL, NULL, NULL, NULL, '2017-09-24 18:41:17', '2017-09-27 10:17:35', 'c8409365-8e6c-45a8-aba5-2d59ff8b34a4'),
 ('422', '468', 'en_us', 'Midday Music', NULL, NULL, NULL, '/music/concert-series', NULL, NULL, NULL, NULL, NULL, NULL, NULL, NULL, NULL, NULL, NULL, NULL, '<p>Claudia Dumschat, organ;<em>Flemish Organ Recital</em></p>', '0', NULL, NULL, NULL, NULL, NULL, NULL, '0', NULL, NULL, NULL, NULL, NULL, NULL, '2017-09-24 18:42:27', '2017-09-27 10:17:35', '9178207b-60ac-4a40-bf78-1f271f229d12'),
 ('423', '469', 'en_us', 'Midday Music', NULL, NULL, NULL, '/music/concert-series', NULL, NULL, NULL, NULL, NULL, NULL, NULL, NULL, NULL, NULL, NULL, NULL, '<p>Yael Acher, flute;<em>Modianos Solo Flute: Music for All Saints</em></p>', '0', NULL, NULL, NULL, NULL, NULL, NULL, '0', NULL, NULL, NULL, NULL, NULL, NULL, '2017-09-24 18:43:36', '2017-09-27 10:17:35', '72bf9087-c579-4c10-9cd2-2c660e6df310'),
 ('424', '470', 'en_us', 'Midday Music', NULL, NULL, NULL, '/music/concert-series', NULL, NULL, NULL, NULL, NULL, NULL, NULL, NULL, NULL, NULL, NULL, NULL, '<p>Jurhee Hong, organ;<em>Music Bach, Brahms, and Mendelssohn</em></p>', '0', NULL, NULL, NULL, NULL, NULL, NULL, '0', NULL, NULL, NULL, NULL, NULL, NULL, '2017-09-24 18:45:09', '2017-09-27 10:17:35', '0241ae17-fb5b-454c-8ffa-156e8c9e515c'),
 ('425', '471', 'en_us', 'Midday Music', NULL, NULL, NULL, '/music/concert-series', NULL, NULL, NULL, NULL, NULL, NULL, NULL, NULL, NULL, NULL, NULL, NULL, '<p>Kingsley Matthew, piano;<em>A Recital of Music by Bach, Mozart, Schubert, and Khachaturian</em></p>', '0', NULL, NULL, NULL, NULL, NULL, NULL, '0', NULL, NULL, NULL, NULL, NULL, NULL, '2017-09-24 18:46:07', '2017-09-27 10:17:35', '3724d1d9-0c65-4072-9c86-58cf28aa2e50'),
 ('426', '472', 'en_us', 'Midday Music', NULL, NULL, NULL, '/music/concert-series', NULL, NULL, NULL, NULL, NULL, NULL, NULL, NULL, NULL, NULL, NULL, NULL, '<p>Claudia Dumschat, organ; <em>Triumphant Easter Music</em></p>', '0', NULL, NULL, NULL, NULL, NULL, NULL, '0', NULL, NULL, NULL, NULL, NULL, NULL, '2017-09-24 18:47:44', '2017-09-27 10:17:35', '6ab06f82-c913-46d6-8e02-43ab51425276'),
 ('427', '473', 'en_us', 'Midday Music', NULL, NULL, NULL, '/music/concert-series', NULL, NULL, NULL, NULL, NULL, NULL, NULL, NULL, NULL, NULL, NULL, NULL, '<p>Prometheus Duo; Marko Stuparevic, saxophone; Joseph Abad, piano</p>', '0', NULL, NULL, NULL, NULL, NULL, NULL, '0', NULL, NULL, NULL, NULL, NULL, NULL, '2017-09-24 18:49:18', '2017-09-27 10:17:35', 'fddecdc9-51dc-4b7e-9497-321c39cd3c3b'),
 ('428', '474', 'en_us', 'Midday Music', NULL, NULL, NULL, '/music/concert-series', NULL, NULL, NULL, NULL, NULL, NULL, NULL, NULL, NULL, NULL, NULL, NULL, '<p>William Randolph, organ; <em>Organ Recital of African-American Composers</em></p>', '0', NULL, NULL, NULL, NULL, NULL, NULL, '0', NULL, NULL, NULL, NULL, NULL, NULL, '2017-09-24 18:50:29', '2017-09-27 10:17:35', 'ca3cc6da-3a0f-4cc8-ae64-5dc765f20a5b'),
 ('429', '475', 'en_us', 'Midday Music', NULL, NULL, NULL, '/music/concert-series', NULL, NULL, NULL, NULL, NULL, NULL, NULL, NULL, NULL, NULL, NULL, NULL, '<p>Canta Libre Ensemble; Music for French horn, piano, and flute by Eric Ewazen</p>', '0', NULL, NULL, NULL, NULL, NULL, NULL, '0', NULL, NULL, NULL, NULL, NULL, NULL, '2017-09-24 18:52:31', '2017-09-27 10:17:35', '7d9d4486-e082-45c2-95ae-259a09b16818'),
 ('430', '476', 'en_us', 'Midday Music', NULL, NULL, NULL, '/music/concert-series', NULL, NULL, NULL, NULL, NULL, NULL, NULL, NULL, NULL, NULL, NULL, NULL, '<p>Transfiguration Camerata; <em>May Day Music</em></p>', '0', NULL, NULL, NULL, NULL, NULL, NULL, '0', NULL, NULL, NULL, NULL, NULL, NULL, '2017-09-24 18:53:25', '2017-09-27 10:17:35', '897ca1ff-4cf2-4d37-b737-1bf0cb4d1a87'),
 ('431', '477', 'en_us', 'Midday Music', NULL, NULL, NULL, '/music/concert-series', NULL, NULL, NULL, NULL, NULL, NULL, NULL, NULL, NULL, NULL, NULL, NULL, '<p>Rachael Basescu, mezzo-soprano; Erin Brittain, soprano; Grant Mech, baritone; Akiko Hosaki, piano; <em>Stranger in a Strange Land</em></p>', '0', NULL, NULL, NULL, NULL, NULL, NULL, '0', NULL, NULL, NULL, NULL, NULL, NULL, '2017-09-24 18:54:54', '2017-09-27 10:17:35', '96505b54-5d0d-4d8f-836d-759dc195eb2a'),
 ('432', '478', 'en_us', 'Midday Music', NULL, NULL, NULL, '/music/concert-series', NULL, NULL, NULL, NULL, NULL, NULL, NULL, NULL, NULL, NULL, NULL, NULL, '<p>Peter and Will Anderson; Virtuoso Clarinet and Saxophone Duo</p>', '0', NULL, NULL, NULL, NULL, NULL, NULL, '0', NULL, NULL, NULL, NULL, NULL, NULL, '2017-09-24 18:55:57', '2017-09-27 10:17:35', '5e2e4d68-6efd-4b60-9a37-bb5344de663e'),
 ('433', '479', 'en_us', 'Midday Music', NULL, NULL, NULL, '/music/concert-series', NULL, NULL, NULL, NULL, NULL, NULL, NULL, NULL, NULL, NULL, NULL, NULL, '<p>Claudia Dumschat, organ; <em>Symphonie #6 by Charles Marie Widow</em></p>', '0', NULL, NULL, NULL, NULL, NULL, NULL, '0', NULL, NULL, NULL, NULL, NULL, NULL, '2017-09-24 18:56:59', '2017-09-27 10:17:35', '4c0f600a-a27e-450f-b7b8-47af1f0c4401'),
 ('434', '480', 'en_us', 'Midday Music', NULL, NULL, NULL, '/music/concert-series', NULL, NULL, NULL, NULL, NULL, NULL, NULL, NULL, NULL, NULL, NULL, NULL, '<p>Angela Kraft Cross, organ; Works of Bach, Mendelssohn, and Cross</p>', '0', NULL, NULL, NULL, NULL, NULL, NULL, '0', NULL, NULL, NULL, NULL, NULL, NULL, '2017-09-24 18:58:10', '2017-09-27 10:17:35', '26688c20-4c00-44f2-bcb4-af033cf27e45'),
 ('435', '481', 'en_us', 'Midday Music', NULL, NULL, NULL, '/music/concert-series', NULL, NULL, NULL, NULL, NULL, NULL, NULL, NULL, NULL, NULL, NULL, NULL, '<p>Practitioners of Musick: John Burkhalter, recorder and; <em>The 1790 Schaffner Keyboard Manuscript from Lancaster, PA</em></p>', '0', NULL, NULL, NULL, NULL, NULL, NULL, '0', NULL, NULL, NULL, NULL, NULL, NULL, '2017-09-24 19:00:33', '2017-09-27 10:17:35', '9514b62f-a96b-44a5-b68a-9a19e62d51f1'),
 ('437', '483', 'en_us', 'Figure Space For Weddings', NULL, NULL, NULL, NULL, NULL, NULL, NULL, NULL, NULL, NULL, NULL, NULL, NULL, NULL, NULL, NULL, NULL, '0', NULL, NULL, NULL, NULL, NULL, NULL, '0', NULL, NULL, NULL, NULL, NULL, NULL, '2017-09-24 19:28:11', '2017-09-27 23:44:52', 'a289e642-5806-4de7-9789-c82a58c86f08'),
 ('438', '486', 'en_us', 'Adult Education', NULL, NULL, NULL, '', NULL, NULL, NULL, NULL, NULL, NULL, NULL, NULL, NULL, NULL, NULL, NULL, '<p><em>\"Countertraditions on Sexuality in the Old Testament and Apocrypha\"</em> with Karina Martin Hogan</p>', '0', NULL, NULL, NULL, NULL, NULL, NULL, '0', NULL, NULL, NULL, NULL, NULL, NULL, '2017-09-24 21:18:37', '2017-09-24 21:53:34', '2646715e-2408-4e8d-b113-616734c74706'),
 ('439', '487', 'en_us', 'Adult Education', NULL, NULL, NULL, '/worship/adult-education', NULL, NULL, NULL, NULL, NULL, NULL, NULL, NULL, NULL, NULL, NULL, NULL, '<p><em>\"Marriage and Sexuality in the Teachings of Jesus\"</em> with Ian Kinman</p>', '0', NULL, NULL, NULL, NULL, NULL, NULL, '0', NULL, NULL, NULL, NULL, NULL, NULL, '2017-09-24 21:31:34', '2017-09-24 21:53:51', 'f5fb2e9a-16f9-432c-ad48-c5e4a9b4c31f'),
 ('440', '488', 'en_us', 'Adult Education', NULL, NULL, NULL, '/worship/adult-education', NULL, NULL, NULL, NULL, NULL, NULL, NULL, NULL, NULL, NULL, NULL, NULL, '<p><em>\"The Apostle Paul and Same-Sex Eros\"</em> with Ben Dunning</p>', '0', NULL, NULL, NULL, NULL, NULL, NULL, '0', NULL, NULL, NULL, NULL, NULL, NULL, '2017-09-24 21:41:07', '2017-09-24 21:54:21', '8c3710eb-f5cc-4e77-af17-43e25b263b70'),
 ('441', '489', 'en_us', 'Adult Education', NULL, NULL, NULL, '/worship/adult-education', NULL, NULL, NULL, NULL, NULL, NULL, NULL, NULL, NULL, NULL, NULL, NULL, '<p><em>\"LGBTIQ Issues and the Bible\"</em> with Fr. Patrick Cheng</p>', '0', NULL, NULL, NULL, NULL, NULL, NULL, '0', NULL, NULL, NULL, NULL, NULL, NULL, '2017-09-24 21:45:14', '2017-09-24 21:54:08', '617b6def-5949-4f8b-b75d-685ffa333ee6'),
 ('443', '491', 'en_us', 'Dr. Claudia Dumschat', '<p>Dr. Claudia Dumschat received her doctorate from the Manhattan School of Music and has performed organ concerts throughout the United States and Europe. She is the recipient of many awards and has been recorded on CD and is heard frequently on the radio. Many of her performances may also be viewed on<a href=\"https://www.youtube.com/channel/UCtDTSov-BBN5dNcG7OlKn5A\" target=\"_blank\" rel=\"noreferrer noopener\">her YouTube channel</a>.</p>\n<p>She is currently on the Board of the New York Chapter of the American Guild of Organists, a Council member of the Episcopal Actors Guild, and Chair of the Music Committee of the Greenwich Pen Women.</p>', NULL, NULL, NULL, NULL, NULL, NULL, NULL, 'Director of Music', NULL, NULL, NULL, NULL, NULL, NULL, NULL, NULL, '0', NULL, NULL, NULL, NULL, NULL, NULL, '0', NULL, NULL, NULL, NULL, NULL, NULL, '2017-09-24 23:03:02', '2017-09-26 10:38:45', 'f4b5cd2d-92c4-4ecb-89be-a0a1bc9657ff'),
 ('444', '492', 'en_us', '2017 Founders Day', NULL, NULL, NULL, NULL, NULL, NULL, NULL, NULL, NULL, NULL, NULL, NULL, NULL, NULL, NULL, NULL, NULL, '0', NULL, NULL, NULL, NULL, NULL, NULL, '0', NULL, NULL, NULL, NULL, NULL, NULL, '2017-09-25 09:45:54', '2017-09-27 23:44:32', 'f190c537-6e07-4cfe-9293-a3653195226f'),
 ('445', '493', 'en_us', 'Open House Ny', NULL, NULL, NULL, NULL, NULL, NULL, NULL, NULL, NULL, NULL, NULL, NULL, NULL, NULL, NULL, NULL, NULL, '0', NULL, NULL, NULL, NULL, NULL, NULL, '0', NULL, NULL, NULL, NULL, NULL, NULL, '2017-09-25 09:45:56', '2017-09-27 23:44:32', 'd7fdc92c-cb46-4b94-8f8f-7a9a0f3aac19'),
 ('446', '494', 'en_us', 'Past Event', NULL, NULL, NULL, NULL, NULL, NULL, NULL, NULL, NULL, NULL, NULL, NULL, NULL, NULL, NULL, NULL, NULL, '0', NULL, NULL, NULL, NULL, NULL, NULL, '0', NULL, NULL, NULL, NULL, NULL, NULL, '2017-09-25 09:45:57', '2017-09-27 23:44:33', '7c6b607e-bbc5-47a6-a226-4e68ff7d91ab'),
 ('447', '495', 'en_us', 'Figure Space For Weddings', NULL, NULL, NULL, NULL, NULL, NULL, NULL, NULL, NULL, NULL, NULL, NULL, NULL, NULL, NULL, NULL, NULL, '0', NULL, NULL, NULL, NULL, NULL, NULL, '0', NULL, NULL, NULL, NULL, NULL, NULL, '2017-09-25 09:45:59', '2017-09-27 23:44:34', '3fd197e7-a41e-4f8c-8872-eebbcbe5118e'),
 ('459', '507', 'en_us', 'A Little Midday Music', NULL, '', NULL, NULL, NULL, NULL, '<p>The Midday Music series presents a variety of musical artists, both singers and instrumentalists, in half hour concerts.<br />Contribution is now $6.</p>', NULL, NULL, NULL, '', NULL, NULL, NULL, NULL, NULL, NULL, '0', NULL, NULL, NULL, NULL, NULL, NULL, '0', NULL, NULL, NULL, NULL, NULL, NULL, '2017-09-26 08:25:11', '2017-09-26 08:25:11', 'b04bb772-a2c2-490d-ae64-d0bb44eabf95'),
 ('460', '508', 'en_us', 'Special Projects', NULL, '', NULL, NULL, NULL, NULL, '', NULL, NULL, NULL, '', NULL, NULL, NULL, NULL, NULL, NULL, '0', NULL, NULL, NULL, NULL, NULL, NULL, '0', NULL, NULL, NULL, NULL, '', NULL, '2017-09-26 08:36:06', '2017-09-28 23:55:34', 'fed037de-667f-4fd2-ba45-6f18c3cadfef'),
 ('463', '512', 'en_us', 'Hero Camerata', NULL, NULL, NULL, NULL, NULL, NULL, NULL, NULL, NULL, NULL, NULL, NULL, NULL, NULL, NULL, NULL, NULL, '0', NULL, NULL, NULL, NULL, NULL, NULL, '0', NULL, NULL, NULL, NULL, NULL, NULL, '2017-09-26 09:53:13', '2017-09-27 23:44:37', '444b00b2-1499-422a-ae24-0e3d27cc9462'),
 ('466', '515', 'en_us', 'Heros Music At Transfiguration', NULL, NULL, NULL, NULL, NULL, NULL, NULL, NULL, NULL, NULL, NULL, NULL, NULL, NULL, NULL, NULL, NULL, '0', NULL, NULL, NULL, NULL, NULL, NULL, '0', NULL, NULL, NULL, NULL, NULL, NULL, '2017-09-26 09:58:18', '2017-09-27 23:45:04', '435f8f19-3194-4484-b84a-7cbd97c9b2f4'),
 ('468', '517', 'en_us', 'Midday Music Fall Schedule', NULL, NULL, NULL, NULL, NULL, NULL, NULL, NULL, NULL, NULL, NULL, NULL, NULL, NULL, NULL, NULL, NULL, '0', NULL, NULL, NULL, NULL, NULL, NULL, '0', NULL, NULL, NULL, NULL, NULL, NULL, '2017-09-26 10:20:52', '2017-09-27 23:45:18', 'f0e35cdb-142d-42ab-955a-972b5ae12ae7'),
 ('469', '518', 'en_us', 'Funerals', NULL, '', NULL, NULL, NULL, NULL, '<p>Funerals are honored at the Church of the Transfiguration with sincerest devotion and loving care. The ancient words of the burial office from the Book of Common Prayer have blessed human souls through the centuries, and we continue to find consolation and strength from them within Transfigurations strong walls of faith.</p>', NULL, NULL, NULL, '', NULL, NULL, NULL, NULL, NULL, NULL, '0', NULL, NULL, NULL, NULL, NULL, NULL, '0', NULL, NULL, NULL, NULL, NULL, NULL, '2017-09-26 10:43:32', '2017-09-26 10:49:23', 'c9ef425a-38ce-40b3-af36-094e3bb166df'),
 ('471', '520', 'en_us', 'Hero Funerals', NULL, NULL, NULL, NULL, NULL, NULL, NULL, NULL, NULL, NULL, NULL, NULL, NULL, NULL, NULL, NULL, NULL, '0', NULL, NULL, NULL, NULL, NULL, NULL, '0', NULL, NULL, NULL, NULL, NULL, NULL, '2017-09-26 10:49:17', '2017-09-27 23:44:58', 'e7798483-7830-45f8-aad3-d1b402b3c218'),
 ('472', '521', 'en_us', 'Bio Claudia Dumschat 170924 225918', NULL, NULL, NULL, NULL, NULL, NULL, NULL, NULL, NULL, NULL, NULL, NULL, NULL, NULL, NULL, NULL, NULL, '0', NULL, NULL, NULL, NULL, NULL, NULL, '0', NULL, NULL, NULL, NULL, NULL, NULL, '2017-09-26 11:07:34', '2017-09-27 23:44:19', '0f3112cd-dbf4-4963-b689-b87f8ccec163'),
 ('473', '522', 'en_us', 'Hero Funerals', NULL, NULL, NULL, NULL, NULL, NULL, NULL, NULL, NULL, NULL, NULL, NULL, NULL, NULL, NULL, NULL, NULL, '0', NULL, NULL, NULL, NULL, NULL, NULL, '0', NULL, NULL, NULL, NULL, NULL, NULL, '2017-09-26 11:07:52', '2017-09-27 23:44:38', '25af5cd3-b399-46ca-bba3-41069ec97978'),
 ('474', '523', 'en_us', 'Heros Music At Transfiguration', NULL, NULL, NULL, NULL, NULL, NULL, NULL, NULL, NULL, NULL, NULL, NULL, NULL, NULL, NULL, NULL, NULL, '0', NULL, NULL, NULL, NULL, NULL, NULL, '0', NULL, NULL, NULL, NULL, NULL, NULL, '2017-09-26 11:07:55', '2017-09-27 23:44:43', '2309385e-308d-4c05-8044-7d649d102048'),
 ('475', '524', 'en_us', 'Bio Claudia Dumschat 170924 225918', NULL, NULL, NULL, NULL, NULL, NULL, NULL, NULL, NULL, NULL, NULL, NULL, NULL, NULL, NULL, NULL, NULL, '0', NULL, NULL, NULL, NULL, NULL, NULL, '0', NULL, NULL, NULL, NULL, NULL, NULL, '2017-09-26 11:08:10', '2017-09-27 23:45:06', '0fcc46ab-8a49-4b37-b3f2-c35b443aaf67'),
 ('477', '526', 'en_us', 'Bio Elizabeth Carr', NULL, NULL, NULL, NULL, NULL, NULL, NULL, NULL, NULL, NULL, NULL, NULL, NULL, NULL, NULL, NULL, NULL, '0', NULL, NULL, NULL, NULL, NULL, NULL, '0', NULL, NULL, NULL, NULL, NULL, NULL, '2017-09-26 22:31:36', '2017-09-27 23:45:06', 'a2f512fd-6ff6-46ca-94df-3bda8ac7cca4'),
 ('478', '527', 'en_us', 'Elizabeth Carr', '<p>Elizabeth Carr has been a parishioner of the Church of the Transfiguration since 2003 and has been involved in Transfiguration\'s children\'s ministry since 2016. Elizabeth grew up in Toronto in the Anglican Church of Canada and first began teaching Sunday School at her local parish church when she was in high school. After graduating from high school, she moved to Ithaca, New York, to attend college, where she studied Mandarin Chinese and met her future husband, Nathan, a fellow parishioner at the Episcopal Church at Cornell. </p>\n<p>Elizabeth spent a year in Beijing studying at Tsinghua University before returning to the United States to study law at the University of Michigan. After graduating from Michigan, Elizabeth moved to New York City. She has worked as a lawyer in the field of structured finance since 2002.</p>\n<p>Elizabeth and Nathan live in New Jersey with three of their favorite Sunday School pupils.</p>', NULL, NULL, NULL, NULL, NULL, NULL, NULL, 'Sunday School Teacher', NULL, NULL, NULL, NULL, NULL, NULL, NULL, NULL, '0', NULL, NULL, NULL, NULL, NULL, NULL, '0', NULL, NULL, NULL, NULL, NULL, NULL, '2017-09-26 22:31:55', '2017-09-26 22:31:55', '15911e03-6bae-4174-ad65-bdf678b498ec'),
 ('479', '528', 'en_us', 'WEEKDAYS', NULL, NULL, NULL, NULL, NULL, NULL, NULL, NULL, NULL, NULL, NULL, NULL, NULL, NULL, NULL, NULL, NULL, '0', NULL, NULL, NULL, NULL, NULL, NULL, '0', '[{\"col1\":\"8:40 am\",\"col2\":\"Morning Prayer\"},{\"col1\":\"12:10 pm\",\"col2\":\"Mass (Wednesdays include the rite of healing)\"},{\"col1\":\"5:10 pm\",\"col2\":\"Evening Prayer\"}]', NULL, NULL, NULL, NULL, NULL, '2017-09-26 23:16:30', '2017-09-26 23:23:07', '207b0e2e-b533-47b1-a938-31b6488458fd'),
 ('480', '529', 'en_us', 'THURSDAYS', NULL, NULL, NULL, NULL, NULL, NULL, NULL, NULL, NULL, NULL, NULL, NULL, NULL, NULL, NULL, NULL, NULL, '0', NULL, NULL, NULL, NULL, NULL, NULL, '0', '[{\"col1\":\"6:30 pm\",\"col2\":\"Mass before Bible Study\"}]', NULL, NULL, NULL, NULL, NULL, '2017-09-26 23:21:02', '2017-09-26 23:23:07', '8f0511b0-0647-4f1c-a517-5fd756706004'),
 ('481', '530', 'en_us', 'SUNDAYS', NULL, NULL, NULL, NULL, NULL, NULL, NULL, NULL, NULL, NULL, NULL, NULL, NULL, NULL, NULL, NULL, NULL, '0', NULL, NULL, NULL, NULL, NULL, NULL, '0', '[{\"col1\":\"8:00 am\",\"col2\":\"Morning Prayer\"},{\"col1\":\"8:30 am\",\"col2\":\"Mass\"},{\"col1\":\"11:00 am\",\"col2\":\"Solemn Mass\"},{\"col1\":\"5:00 pm\",\"col2\":\"Said Mass\"}]', NULL, NULL, NULL, NULL, NULL, '2017-09-26 23:21:44', '2017-09-26 23:23:07', 'd9b0dfca-b65c-400b-8303-85ccc112c568'),
 ('482', '531', 'en_us', 'Bio Elizabeth Carr', NULL, NULL, NULL, NULL, NULL, NULL, NULL, NULL, NULL, NULL, NULL, NULL, NULL, NULL, NULL, NULL, NULL, '0', NULL, NULL, NULL, NULL, NULL, NULL, '0', NULL, NULL, NULL, NULL, NULL, NULL, '2017-09-26 23:59:10', '2017-09-27 23:44:19', '9fc08cd8-a108-481b-beaa-d841468fe4ea'),
 ('483', '532', 'en_us', 'Plan Your Visit', '<p>We love to have visitors. Every Sunday sees a stream of visitors who come here to photograph the stained-glass windows, wander through the nooks and crannies, and discover the unexpected, such as the actor Rex Harrisons memorial plaque placed next to a Madonna window. Some come for a guided tour and listen to the story of how we came to be called the Little Church Around the Corner. Others come to carry out research on our various art and artifacts.<br /></p>\n<h2>Hours of Operation</h2>\n<p>Main Church   8:10 am to 5:00 pm (or at close of Evening Mass). The Holy Family Chapel is open Monday through Friday from 8:40 am to 5:10 pm (or at the close of Evening Prayers).</p>\n<p>In addition, the Holy Family Chapel is open on most Monday evenings from 6:00 pm to 6:45 pm when the Meditation Group meets, and also on most Thursdays evenings for 6:30 pm Mass when the Bible Study Group is meeting.\n					</p>\n<p>The Parish Office is open Monday through Friday from  9:00 am to 5:00 pm.</p>\n<h3>Guided Tours</h3>\n<p>Guided tours are available every Sunday morning at 12:45 pm. Meet at the organ in the Main Church. Group tours are available by appointment.</p>\n<p><em>To contact the Parish Office or book a tour, call 212 684-6770 or e-mail  <a href=\"mailto:receptionist@littlechurch.org\">receptionist@littlechurch.org.</a></em></p>', '', NULL, NULL, NULL, NULL, NULL, NULL, NULL, NULL, 'Jesse Anders/On Point Images', NULL, NULL, NULL, NULL, NULL, NULL, '0', NULL, NULL, NULL, NULL, NULL, NULL, '0', NULL, 'Getting Here', 'Take the 1, R/W, or 6 to 28th Street, or take the B/D/F/M/N/Q to Herald Square.', 'M1, M2, M3, M5, M6, M7.', NULL, NULL, '2017-09-27 07:44:52', '2017-09-27 08:45:02', '38d8875b-6b3d-4836-801d-5bd25f99e3bd'),
 ('485', '534', 'en_us', 'Empire Violes', '<p>Fallconcert: Rule Britannia<br />$15: buy tickets at door</p>\n<p>Music by Arne, Purcell, Hume, Butler, Simpson, Locke and Morley<br />Founded in 1994. Empire Viols has focused on the rich repertoire for two viols<br />and harpsichord, while expanding its programs through daring and adventurous<br />transcriptions. The ensemble (Martha McGaughey and Carlene Stober, viols;<br />Arthur Haas, harpsichord) performs in the Northeast U.S. and beyond, and was<br />featured on composer Debra Kayes debut CD, And So It Begins, on RavelloRecords.</p>', NULL, NULL, '/music/concert-series', NULL, NULL, NULL, NULL, NULL, NULL, NULL, NULL, NULL, '', NULL, NULL, '<p>FallConcert: Rule Britannia<br /><em>$15: <em>buy tickets at door<br /></em></em>Music by Arne, Purcell, Hume, Butler, Simpson, Locke and MorleyFounded in 1994. Empire Viols has focused on the rich repertoire for two violsand harpsichord, while expanding its programs through daring and adventurous transcriptions. The ensemble (Martha McGaughey and Carlene Stober, viols;Arthur Haas, harpsichord) performs in the Northeast U.S. and beyond, and wasfeatured on composer Debra Kayes debut CD, And So It Begins, on RavelloRecords.</p>', '0', NULL, NULL, NULL, NULL, NULL, NULL, '0', NULL, NULL, NULL, NULL, NULL, NULL, '2017-09-27 10:30:52', '2017-09-27 10:47:59', 'e0f83125-8afa-4d99-96d6-187bd86e8f03'),
 ('486', '535', 'en_us', 'New Venti_Event', NULL, NULL, NULL, '', NULL, NULL, NULL, NULL, NULL, NULL, NULL, NULL, NULL, NULL, NULL, NULL, '<p>A Mass For All Souls Day<br />Free admission<br />Featuring a musical offering of Bachs Cantata 106<i>Gottes Zeit ist der beste Zeit (Gods Time is the Best Time).</i>Marie Marquis, Christian Kay, sopranos: Joe Redd, alto; Ben Thomas, tenor; Jake Ingbar, baritone. The Transfiguration Period Instrument Ensemble and Camerata, Claudia Dumschat, conductor.</p>', '0', NULL, NULL, NULL, NULL, NULL, NULL, '0', NULL, NULL, NULL, NULL, NULL, NULL, '2017-09-27 10:50:19', '2017-09-27 10:50:19', '8345ec8d-7f49-40fd-949e-24a497a055b6'),
 ('487', '536', 'en_us', 'A Mass For All Souls Day', NULL, NULL, NULL, '/music/concert-series', NULL, NULL, NULL, NULL, NULL, NULL, NULL, NULL, NULL, NULL, NULL, NULL, '<p>A Mass For All Souls Day<br /><em>Free admission</em><br />Featuring a musical offering of Bachs Cantata 106<em>Gottes Zeit ist der beste Zeit (Gods Time is the Best Time).</em>Marie Marquis, Christian Kay, sopranos: Joe Redd, alto; Ben Thomas, tenor; Jake Ingbar, baritone. The Transfiguration Period Instrument Ensemble and Camerata, Claudia Dumschat, conductor.</p>', '0', NULL, NULL, NULL, NULL, NULL, NULL, '0', NULL, NULL, NULL, NULL, NULL, NULL, '2017-09-27 10:51:11', '2017-09-27 10:51:48', '4d795e90-d10c-4c4a-823b-905bdb5cfbcf'),
 ('488', '537', 'en_us', 'A Celebration of Latin American Cultural Week', NULL, NULL, NULL, '', NULL, NULL, NULL, NULL, NULL, NULL, NULL, NULL, NULL, NULL, NULL, NULL, '<p>Francisco Roldn, guitar<br />A Celebration of Latin American Cultural Week<br /><em>$15: buy tickets at door</em><br />Colombian-born guitarist Francisco Roldn performed, in the past year, in Portugal, Greece and at the Mannes Guitar Festival in New York, among otherconcerts.This year hes performed at the Mid Hudson Classical Guitar Society and at Symphony Space in NY.Mr. Roldn has performed in Russia, Argentina, Spain, Colombia, the Dominican Republic, Paraguay and throughout the United States.</p>', '0', NULL, NULL, NULL, NULL, NULL, NULL, '0', NULL, NULL, NULL, NULL, NULL, NULL, '2017-09-27 10:59:50', '2017-09-27 10:59:59', '4387eb5e-2f26-4f90-b7a1-b7be2475f0b8'),
 ('491', '540', 'en_us', 'Contact', NULL, NULL, NULL, NULL, NULL, NULL, NULL, NULL, NULL, NULL, NULL, NULL, NULL, NULL, NULL, NULL, NULL, '0', NULL, NULL, NULL, NULL, NULL, NULL, '0', NULL, NULL, NULL, NULL, NULL, NULL, '2017-09-27 23:44:31', '2017-09-27 23:44:31', 'b1c5e1c1-bfa0-4992-8de4-4dd3644ca501'),
 ('492', '541', 'en_us', 'Hero Weddings 170923 140812', NULL, NULL, NULL, NULL, NULL, NULL, NULL, NULL, NULL, NULL, NULL, NULL, NULL, NULL, NULL, NULL, NULL, '0', NULL, NULL, NULL, NULL, NULL, NULL, '0', NULL, NULL, NULL, NULL, NULL, NULL, '2017-09-27 23:44:42', '2017-09-27 23:44:42', 'ddd45f8f-682b-42d3-9cc5-81fd03242fc4'),
 ('493', '542', 'en_us', 'Hero Weddings 170923 140812', NULL, NULL, NULL, NULL, NULL, NULL, NULL, NULL, NULL, NULL, NULL, NULL, NULL, NULL, NULL, NULL, NULL, '0', NULL, NULL, NULL, NULL, NULL, NULL, '0', NULL, NULL, NULL, NULL, NULL, NULL, '2017-09-27 23:45:03', '2017-09-27 23:45:03', '9c79cb8e-6833-4d0a-a7f6-1bf9467b71ef'),
 ('494', '543', 'en_us', 'Amahl and the Night Visitors and John Rutters Dancing Day performed by the Transfiguration Boys and Girls Choirs and Camerata', NULL, NULL, NULL, '', NULL, NULL, NULL, NULL, NULL, NULL, NULL, NULL, NULL, NULL, NULL, NULL, '<p>An Arnold Schwartz Memorial Concert<br />$25 and $15 seniors and students<br />A fully staged and costumed production of Menottis beloved opera, with full orchestra, plus John Rutters<em>Dancing Day</em>.Luciano Pantano, Amahl; ________, The Mother; Ben Thomas, Kaspar, Jake Ingbar, Melchior; Charles Brown, Balthazar. ________________, harp.To hear and see the chorus, children and adults is to see a rainbow of nationalities united bymusic perhaps the greatest unifying force in the world today! <em>The Brooklyn Discovery</em></p>', '0', NULL, NULL, NULL, NULL, NULL, NULL, '0', NULL, NULL, NULL, NULL, NULL, NULL, '2017-09-28 00:18:50', '2017-09-28 00:20:51', '224bc89e-c369-4bdb-b194-b574f27334bf'),
 ('495', '544', 'en_us', 'The Twenty-First Sunday After Pentecost', NULL, NULL, NULL, NULL, NULL, NULL, NULL, NULL, NULL, NULL, NULL, NULL, NULL, NULL, NULL, 'October 30', NULL, '0', NULL, NULL, NULL, 'Men and Boys Choir', '[{\"col1\":\"J.S. Bach (arr. Fox)\",\"col2\":\"Bist du Bei Mir\"},{\"col1\":\"Hans Leo Hassler\",\"col2\":\"Missa Secunda\"},{\"col1\":\"J.S. Bach\",\"col2\":\"Es ist der alte Bund (from Cantata 106)\"},{\"col1\":\"J.S. Bach\",\"col2\":\"Prelude in C Minor, BWV 546\"}]', '', '0', NULL, NULL, NULL, NULL, NULL, NULL, '2017-09-28 00:23:27', '2017-09-28 03:07:46', '0a1d6a1b-4ba0-4ed7-b9b6-2b7fa2989c60'),
 ('496', '545', 'en_us', 'The Twentieth Sunday After Pentecost', NULL, NULL, NULL, NULL, NULL, NULL, NULL, NULL, NULL, NULL, NULL, NULL, NULL, NULL, NULL, 'October 22', NULL, '0', NULL, NULL, NULL, 'Men and Boys Choir', '[{\"col1\":\"Francis Jackson\",\"col2\":\" Communion Service in G\"},{\"col1\":\"Bob Chilcott\",\"col2\":\"Be Thou My Vision\"},{\"col1\":\"Ludovica Viadana\",\"col2\":\"Exultate just\"}]', '', '0', NULL, NULL, NULL, NULL, NULL, NULL, '2017-09-28 00:26:24', '2017-09-28 00:26:24', 'c728e0c0-9742-41ac-9f45-615f1324f50e'),
 ('497', '546', 'en_us', 'All Souls Day Commemoration', NULL, NULL, NULL, NULL, NULL, NULL, NULL, NULL, NULL, NULL, NULL, NULL, NULL, NULL, NULL, 'November 2, 7:00 pm', NULL, '0', NULL, NULL, NULL, 'The Transfiguration Camerata, Lumines Girls Choir, and Gentlemen of the Choir', '[{\"col1\":\"J.S. Bach\",\"col2\":\"Bist du Bei Mir\"},{\"col1\":\"J.S. Bach\",\"col2\":\"Cantata 106 (Gottes Zeit ist der aller beste Zeit, God\\u2019s Time is the Best Time) \"},{\"col1\":\"J.S. Bach\",\"col2\":\"Fugue in Eb Major, (St. Anne) BWV 522\"}]', '', '0', NULL, NULL, NULL, NULL, NULL, NULL, '2017-09-28 03:12:51', '2017-09-28 03:18:07', '5b4d951a-b8c0-48f7-9639-b2afef611952'),
 ('498', '547', 'en_us', 'All Saints\' Sunday', NULL, NULL, NULL, NULL, NULL, NULL, NULL, NULL, NULL, NULL, NULL, NULL, NULL, NULL, NULL, 'November 5', NULL, '0', NULL, NULL, NULL, 'Men and Boys Choir', '[{\"col1\":\"Jehan Alain\",\"col2\":\"Suspended Gardens\"},{\"col1\":\"Jonathan Dove\",\"col2\":\"Missa Brevis\"},{\"col1\":\"Paul Halley\",\"col2\":\"Bring Us, O Lord God\"},{\"col1\":\"Kontakion\",\"col2\":\"Give Rest, O Christ\"},{\"col1\":\"Jehan Alain\",\"col2\":\"Litanies\"}]', '', '0', NULL, NULL, NULL, NULL, NULL, NULL, '2017-09-28 03:15:25', '2017-09-28 03:15:25', '82f5c1a3-77db-44b2-a189-1dbfcd8f6bd8'),
 ('499', '548', 'en_us', 'The Twenty-Third Sunday After Pentecost', NULL, NULL, NULL, NULL, NULL, NULL, NULL, NULL, NULL, NULL, NULL, NULL, NULL, NULL, NULL, 'November 12', NULL, '0', NULL, NULL, NULL, 'Lumines Girls Choir and Cherub Choir', '[{\"col1\":\"John Dunstable\",\"col2\":\"Chanson\"},{\"col1\":\"Anonymous English 13th &14th c.\",\"col2\":\"A Simple Mass\"},{\"col1\":\"Anonymous\",\"col2\":\"Sponsus (A medieval mystery play) \"},{\"col1\":\"John Dunstable\",\"col2\":\"The Agincourt Hymn\"}]', '', '0', NULL, NULL, NULL, NULL, NULL, NULL, '2017-09-28 03:17:47', '2017-09-28 03:20:34', 'b49ba18f-3284-4885-a3e7-797becbff335'),
 ('500', '549', 'en_us', 'Actors\' Guild Memorial Evensong', NULL, NULL, NULL, NULL, NULL, NULL, NULL, NULL, NULL, NULL, NULL, NULL, NULL, NULL, NULL, 'November 12, 3:00 pm', NULL, '0', NULL, NULL, NULL, 'Men and Boys Choir', '[{\"col1\":\"Jehan Alain\",\"col2\":\"Suspended Gardens\"},{\"col1\":\"Anton Dvorak (arr. Fischer)\",\"col2\":\"Goin\' Home\"},{\"col1\":\"Philip Radcliff\",\"col2\":\"Responses\"},{\"col1\":\"George Dyson\",\"col2\":\"Magnificat and Nunc Dimittis\"},{\"col1\":\"Lloyd Weber\",\"col2\":\"Pie Jesu\"},{\"col1\":\"Jehan Alain\",\"col2\":\"Suspended Gardens\"}]', '', '0', NULL, NULL, NULL, NULL, NULL, NULL, '2017-09-28 03:20:07', '2017-09-28 03:37:15', '1e76f9bc-6dc7-447c-84b1-538ed381ef6c'),
 ('501', '550', 'en_us', 'The Twenty-Fourth Sunday After Pentecost', NULL, NULL, NULL, NULL, NULL, NULL, NULL, NULL, NULL, NULL, NULL, NULL, NULL, NULL, NULL, 'November 19', NULL, '0', NULL, NULL, NULL, 'Men and Boys Choir', '[{\"col1\":\"Robert Schumann\",\"col2\":\"Sketch in Db Major\"},{\"col1\":\"Harold Darke\",\"col2\":\"Communion Service in F \"},{\"col1\":\"Anton Dvorak (arr. Fischer)\",\"col2\":\"Goin\\u2019 Home\"},{\"col1\":\"Vaughan Williams\",\"col2\":\"O Taste and See\"},{\"col1\":\"Robert Schumann\",\"col2\":\"Sketch in F Minor\"}]', '', '0', NULL, NULL, NULL, NULL, NULL, NULL, '2017-09-28 03:22:08', '2017-09-28 03:22:08', 'f8828b20-e042-4b70-8056-74bf9c6660bd'),
 ('502', '551', 'en_us', 'The First Sunday of Advent', NULL, NULL, NULL, NULL, NULL, NULL, NULL, NULL, NULL, NULL, NULL, NULL, NULL, NULL, NULL, 'December 3', NULL, '0', NULL, NULL, NULL, 'Men and Boys Choir', '[{\"col1\":\"J.S. Bach \",\"col2\":\"Wachet auf\"},{\"col1\":\"G. Palestrina\",\"col2\":\"Matins Responsory\"},{\"col1\":\"Orlando Gibbons\",\"col2\":\"Mass in F\"},{\"col1\":\"Andre Thomas\",\"col2\":\"Keep Your Lamps!\"},{\"col1\":\"Max Reger\",\"col2\":\"Fantasia on Wachet auf\"}]', '', '0', NULL, NULL, NULL, NULL, NULL, NULL, '2017-09-28 03:23:44', '2017-09-28 03:26:18', '38f00e79-579f-42ec-94f5-4e37868d211a'),
 ('503', '552', 'en_us', 'The Solemnity of Christ the King', NULL, NULL, NULL, NULL, NULL, NULL, NULL, NULL, NULL, NULL, NULL, NULL, NULL, NULL, NULL, 'November 26', NULL, '0', NULL, NULL, NULL, 'Men and Boys Choir', '[{\"col1\":\"William Mathias\",\"col2\":\" Chorale\"},{\"col1\":\"Jonathan Dove\",\"col2\":\"Missa Brevis\"},{\"col1\":\"Anthony Piccolo\",\"col2\":\"O Come Let Us Sing Unto the Lord\"},{\"col1\":\"Mathias\",\"col2\":\"Toccata Giocosa\"}]', '', '0', NULL, NULL, NULL, NULL, NULL, NULL, '2017-09-28 03:25:53', '2017-09-28 03:25:53', 'c50d73ed-5629-4472-8ee8-e94a36aa03d4'),
 ('504', '553', 'en_us', 'The Second Sunday of Advent', NULL, NULL, NULL, NULL, NULL, NULL, NULL, NULL, NULL, NULL, NULL, NULL, NULL, NULL, NULL, 'December 10', NULL, '0', NULL, NULL, NULL, 'Men and Boys Choir', '[{\"col1\":\"John Rutter\",\"col2\":\"Excerpts from \\\"Dancing Day\\\"\"},{\"col1\":\"Orlando Gibbons\",\"col2\":\"Mass in F\"},{\"col1\":\"Orlando Gibbons\",\"col2\":\"This is the Record of John, Nun komm der Heiden Heiland, BWV 661\"},{\"col1\":\"\",\"col2\":\"\"}]', '', '0', NULL, NULL, NULL, NULL, NULL, NULL, '2017-09-28 03:27:49', '2017-09-28 03:27:49', '16f05825-0384-4345-bc10-913706f09b2b'),
 ('505', '554', 'en_us', 'The Third Sunday of Advent', NULL, NULL, NULL, NULL, NULL, NULL, NULL, NULL, NULL, NULL, NULL, NULL, NULL, NULL, NULL, 'December 17', NULL, '0', NULL, NULL, NULL, 'Men and Boys Choir', '[{\"col1\":\"Brian Schober\",\"col2\":\"Toccata on Veni, Veni, Emmanuel\"},{\"col1\":\"Orlando Gibbons\",\"col2\":\"Mass in F\"},{\"col1\":\"John Stainer\",\"col2\":\"How Beautiful upon the Mountains\"},{\"col1\":\"Ch.V. Stanford\",\"col2\":\"Song of Peace\"},{\"col1\":\"Brian Schober\",\"col2\":\"Toccata on Veni, Veni Emmanuel\"}]', '', '0', NULL, NULL, NULL, NULL, NULL, NULL, '2017-09-28 03:29:29', '2017-09-28 03:29:29', '6cd3ab8a-c08c-4a31-a359-64e854a4adbf'),
 ('506', '555', 'en_us', 'Christmas Candlelight Concert', NULL, NULL, NULL, NULL, NULL, NULL, NULL, NULL, NULL, NULL, NULL, NULL, NULL, NULL, NULL, 'December 15, 7:30 pm', NULL, '0', NULL, NULL, NULL, '', '[{\"col1\":\"\",\"col2\":\"\"}]', '<p>Gian Carlo Menottis <em>Amahl and the Night Visitors</em> and John Rutters <em>Dancing Day</em> performed<br>by the Transfiguration Choirs of Men & Boys, Girls Choir, and Camerata with soloists and the&nbsp;Transfiguration Chamber Orchestra.</p>', '0', NULL, NULL, NULL, NULL, NULL, NULL, '2017-09-28 03:30:50', '2017-09-28 23:25:56', '169694ba-33c7-4fd4-9f5e-1072b0bf3a54'),
 ('507', '556', 'en_us', 'The Fourth Sunday of Advent', NULL, NULL, NULL, NULL, NULL, NULL, NULL, NULL, NULL, NULL, NULL, NULL, NULL, NULL, NULL, 'December 24', NULL, '0', NULL, NULL, NULL, '', '[{\"col1\":\"\",\"col2\":\"\"}]', '<p>Soloist at the morning service</p><p>4:00 pm Childrens Creche Service by Lumines Girls Choir, Girls Choir, and Cherub Choir</p>', '0', NULL, NULL, NULL, NULL, NULL, NULL, '2017-09-28 03:32:08', '2017-09-28 03:32:08', '83481f9a-e76c-4a51-8234-e6b6697ece5b'),
 ('508', '557', 'en_us', 'The Nativity of Our Lord Jesus Christ; Carols for Choir and Congregation', NULL, NULL, NULL, NULL, NULL, NULL, NULL, NULL, NULL, NULL, NULL, NULL, NULL, NULL, NULL, 'December 24, 10:00 pm', NULL, '0', NULL, NULL, NULL, 'Men and Boys Choir', '[{\"col1\":\"John Rutter\",\"col2\":\"Selections from \\\"Dancing Day\\\"\"},{\"col1\":\"Anonymous\",\"col2\":\"Two Spanish Carols\"},{\"col1\":\"Harold Darke\",\"col2\":\"In the Bleak Midwinter\"}]', '', '0', NULL, NULL, NULL, NULL, NULL, NULL, '2017-09-28 03:33:56', '2017-09-28 03:33:56', '9d9eaedf-6074-40a1-825d-ff7f453cbfe5'),
 ('509', '558', 'en_us', 'The Nativity of Our Lord Jesus Christ; Procession and Solemn Mass', NULL, NULL, NULL, NULL, NULL, NULL, NULL, NULL, NULL, NULL, NULL, NULL, NULL, NULL, NULL, 'December 24, 10:30 pm', NULL, '0', NULL, NULL, NULL, '', '[{\"col1\":\"Marc-Antoine Charpentier\",\"col2\":\"Missa de Minuit pour Noel \"},{\"col1\":\"French Carol arr. John Rutter\",\"col2\":\"Noel Noevelet\"},{\"col1\":\"French Carol arr. John Rutter\",\"col2\":\"Il est n\\u2019est\"},{\"col1\":\"Franz Biebl\",\"col2\":\"Ave Maria\"},{\"col1\":\"Louis Vierne\",\"col2\":\"Carillon de Westminster\"}]', '', '0', NULL, NULL, NULL, NULL, NULL, NULL, '2017-09-28 03:35:20', '2017-09-28 03:40:18', 'cc5c3fa8-3514-4705-bf7b-dade6733ca1e'),
 ('510', '559', 'en_us', 'Christmas Day', NULL, NULL, NULL, NULL, NULL, NULL, NULL, NULL, NULL, NULL, NULL, NULL, NULL, NULL, NULL, 'December 25', NULL, '0', NULL, NULL, NULL, '', '[{\"col1\":\"Ralph Vaughan Williams\",\"col2\":\"Prelude on Greensleeves\"},{\"col1\":\"Herbert Sumsion\",\"col2\":\"Mass for Mens\' Voices\"},{\"col1\":\"Pietro Yon\",\"col2\":\"Gesu Bambino\"},{\"col1\":\"J.S. Bach\",\"col2\":\" In dulci Jubilo \"}]', '', '0', NULL, NULL, NULL, NULL, NULL, NULL, '2017-09-28 03:36:25', '2017-09-28 03:36:25', 'd8e8417a-eecd-4e33-a32b-7bc95d1e2673'),
 ('511', '560', 'en_us', 'The Holy Name of Jesus', NULL, NULL, NULL, NULL, NULL, NULL, NULL, NULL, NULL, NULL, NULL, NULL, NULL, NULL, NULL, 'January 31', NULL, '0', NULL, NULL, NULL, '', '[{\"col1\":\"\",\"col2\":\"\"}]', '<p>Music for oboe and organ</p>', '0', NULL, NULL, NULL, NULL, NULL, NULL, '2017-09-28 03:36:47', '2017-09-28 03:36:47', 'd985f8ae-95ef-4e3f-8e0d-868e9ad0c888'),
 ('512', '561', 'en_us', 'Hero Prayer Requests', NULL, NULL, NULL, NULL, NULL, NULL, NULL, NULL, NULL, NULL, NULL, NULL, NULL, NULL, NULL, NULL, NULL, '0', NULL, NULL, NULL, NULL, NULL, NULL, '0', NULL, NULL, NULL, NULL, NULL, NULL, '2017-09-28 22:45:51', '2017-09-28 22:45:51', '0e5e8123-9aa9-46d1-8a8c-6ea5be3fa4cf'),
 ('513', '562', 'en_us', 'Prayer Requests', NULL, '', NULL, NULL, NULL, NULL, '<p>It is customary in the Episcopal tradition at our daily offices, and our masses that we have a time for intercessions, or prayers for the people. To add a name to the list, please <a href=\"/contact\">contact the church office</a>or call (212)-684-6770.</p>', NULL, NULL, NULL, '', NULL, NULL, NULL, NULL, NULL, NULL, '0', NULL, NULL, NULL, NULL, NULL, NULL, '0', NULL, NULL, NULL, NULL, '', NULL, '2017-09-28 22:46:38', '2017-09-28 22:52:29', 'ebc8bfb8-4960-4fde-9cce-ac49bb97db89');



DROP TABLE IF EXISTS `craft_deprecationerrors`;


--
-- Schema for table `craft_deprecationerrors`
--
CREATE TABLE `craft_deprecationerrors` (
  `id` int(11) NOT NULL AUTO_INCREMENT,
  `key` varchar(255) COLLATE utf8_unicode_ci NOT NULL,
  `fingerprint` varchar(255) COLLATE utf8_unicode_ci NOT NULL,
  `lastOccurrence` datetime NOT NULL,
  `file` varchar(255) COLLATE utf8_unicode_ci NOT NULL,
  `line` smallint(6) unsigned NOT NULL,
  `class` varchar(255) COLLATE utf8_unicode_ci DEFAULT NULL,
  `method` varchar(255) COLLATE utf8_unicode_ci DEFAULT NULL,
  `template` varchar(255) COLLATE utf8_unicode_ci DEFAULT NULL,
  `templateLine` smallint(6) unsigned DEFAULT NULL,
  `message` varchar(255) COLLATE utf8_unicode_ci DEFAULT NULL,
  `traces` text COLLATE utf8_unicode_ci,
  `dateCreated` datetime NOT NULL,
  `dateUpdated` datetime NOT NULL,
  `uid` char(36) COLLATE utf8_unicode_ci NOT NULL DEFAULT '0',
  PRIMARY KEY (`id`),
  UNIQUE KEY `craft_deprecationerrors_key_fingerprint_unq_idx` (`key`,`fingerprint`)
) ENGINE=InnoDB DEFAULT CHARSET=utf8 COLLATE=utf8_unicode_ci;

DROP TABLE IF EXISTS `craft_elementindexsettings`;


--
-- Schema for table `craft_elementindexsettings`
--
CREATE TABLE `craft_elementindexsettings` (
  `id` int(11) NOT NULL AUTO_INCREMENT,
  `type` varchar(150) COLLATE utf8_unicode_ci NOT NULL,
  `settings` text COLLATE utf8_unicode_ci,
  `dateCreated` datetime NOT NULL,
  `dateUpdated` datetime NOT NULL,
  `uid` char(36) COLLATE utf8_unicode_ci NOT NULL DEFAULT '0',
  PRIMARY KEY (`id`),
  UNIQUE KEY `craft_elementindexsettings_type_unq_idx` (`type`)
) ENGINE=InnoDB AUTO_INCREMENT=7 DEFAULT CHARSET=utf8 COLLATE=utf8_unicode_ci;

--
-- Data for table `craft_elementindexsettings`
--

INSERT INTO `craft_elementindexsettings` (`id`, `type`, `settings`, `dateCreated`, `dateUpdated`, `uid`) VALUES
 ('1', 'Entry', '{\"sources\":{\"section:3\":{\"tableAttributes\":{\"1\":\"postDate\",\"2\":\"expiryDate\",\"3\":\"link\"}},\"*\":{\"tableAttributes\":{\"1\":\"section\",\"2\":\"postDate\",\"3\":\"expiryDate\",\"4\":\"link\"}},\"singles\":{\"tableAttributes\":{\"1\":\"link\"}},\"section:10\":{\"tableAttributes\":{\"1\":\"postDate\",\"2\":\"expiryDate\",\"3\":\"link\"}},\"section:11\":{\"tableAttributes\":{\"1\":\"postDate\",\"2\":\"expiryDate\",\"3\":\"link\"}},\"section:13\":{\"tableAttributes\":{\"1\":\"postDate\",\"2\":\"expiryDate\",\"3\":\"link\"}},\"section:7\":{\"tableAttributes\":{\"1\":\"postDate\",\"2\":\"expiryDate\",\"3\":\"link\"}},\"section:15\":{\"tableAttributes\":{\"1\":\"postDate\",\"2\":\"expiryDate\",\"3\":\"author\",\"4\":\"link\"}},\"section:16\":{\"tableAttributes\":{\"1\":\"postDate\",\"2\":\"expiryDate\",\"3\":\"author\",\"4\":\"link\"}}},\"sourceOrder\":[[\"key\",\"*\"],[\"key\",\"singles\"],[\"heading\",\"Channels\"],[\"key\",\"section:9\"],[\"heading\",\"Structures\"],[\"key\",\"section:3\"],[\"key\",\"section:5\"],[\"key\",\"section:7\"],[\"key\",\"section:10\"],[\"key\",\"section:14\"],[\"key\",\"section:8\"],[\"key\",\"section:15\"],[\"key\",\"section:11\"],[\"heading\",\"Media\"],[\"key\",\"section:13\"],[\"heading\",\"Schedules\"],[\"key\",\"section:18\"],[\"key\",\"section:16\"]]}', '2017-08-25 14:24:58', '2017-09-26 23:15:14', '5ac003d2-b1be-418e-b9f4-f62fcc2c3fd6'),
 ('2', 'Venti_Event', '{\"sources\":{\"*\":{\"tableAttributes\":{\"1\":\"startDate\",\"2\":\"endDate\",\"3\":\"allDay\",\"4\":\"group\",\"5\":\"summary\"}},\"group:2\":{\"tableAttributes\":{\"1\":\"startDate\",\"2\":\"endDate\",\"3\":\"allDay\",\"4\":\"group\",\"5\":\"summary\"}},\"group:5\":{\"tableAttributes\":{\"1\":\"startDate\",\"2\":\"endDate\",\"3\":\"allDay\",\"4\":\"group\",\"5\":\"summary\"}}},\"sourceOrder\":[[\"key\",\"*\"],[\"key\",\"group:5\"],[\"key\",\"group:4\"],[\"key\",\"group:1\"],[\"key\",\"group:2\"]]}', '2017-09-14 08:43:22', '2017-09-16 22:35:34', '02510f1d-39de-47bb-b1e0-446daf885a4f');



DROP TABLE IF EXISTS `craft_elements`;


--
-- Schema for table `craft_elements`
--
CREATE TABLE `craft_elements` (
  `id` int(11) NOT NULL AUTO_INCREMENT,
  `type` varchar(150) COLLATE utf8_unicode_ci NOT NULL,
  `enabled` tinyint(1) unsigned NOT NULL DEFAULT '1',
  `archived` tinyint(1) unsigned NOT NULL DEFAULT '0',
  `dateCreated` datetime NOT NULL,
  `dateUpdated` datetime NOT NULL,
  `uid` char(36) COLLATE utf8_unicode_ci NOT NULL DEFAULT '0',
  PRIMARY KEY (`id`),
  KEY `craft_elements_type_idx` (`type`),
  KEY `craft_elements_enabled_idx` (`enabled`),
  KEY `craft_elements_archived_dateCreated_idx` (`archived`,`dateCreated`)
) ENGINE=InnoDB AUTO_INCREMENT=564 DEFAULT CHARSET=utf8 COLLATE=utf8_unicode_ci;

--
-- Data for table `craft_elements`
--

INSERT INTO `craft_elements` (`id`, `type`, `enabled`, `archived`, `dateCreated`, `dateUpdated`, `uid`) VALUES
 ('1', 'User', '1', '0', '2017-08-24 19:10:37', '2017-08-24 22:29:09', '260e2576-c383-4e2f-bdfb-852c2a019b4e'),
 ('7', 'Entry', '1', '0', '2017-08-25 13:52:11', '2017-09-01 11:23:11', '5a0398f4-bbb2-4633-84d1-2d91b4428c50'),
 ('59', 'Entry', '1', '0', '2017-08-25 14:26:30', '2017-09-14 21:06:47', '95d91ac1-be26-47aa-9299-a8c5965542ae'),
 ('60', 'Entry', '0', '0', '2017-08-25 14:47:49', '2017-09-14 17:23:46', '9743a085-4fb5-4bc8-917d-cae39eb9a130'),
 ('61', 'Entry', '1', '0', '2017-08-25 16:28:45', '2017-09-14 21:36:54', 'b8c1fde5-10e0-4a4a-b633-cd48b09c8710'),
 ('62', 'Entry', '1', '0', '2017-08-25 18:25:38', '2017-09-14 21:02:54', '10cac18b-47a5-4d0c-9a51-6f3ea15c2813'),
 ('63', 'Entry', '1', '0', '2017-08-25 18:49:23', '2017-09-14 21:01:53', '8a5fdec4-a99f-48ef-af94-627efea41e97'),
 ('64', 'Entry', '1', '0', '2017-08-25 18:50:18', '2017-09-15 12:53:51', '2d02c51c-6763-49db-ba47-927f7044d82a'),
 ('65', 'Entry', '1', '0', '2017-08-25 18:50:41', '2017-09-14 21:04:15', '9dc78c1d-a4ae-4fab-8369-5f0d82fd8889'),
 ('69', 'Entry', '1', '0', '2017-08-26 11:22:17', '2017-09-24 22:44:34', 'bd1db48c-e9c1-47ec-98f4-bb87f947c144'),
 ('71', 'MatrixBlock', '1', '0', '2017-08-28 12:21:29', '2017-09-24 22:44:35', '1674f8d3-2195-4f4d-80cb-ace6b9704eb3'),
 ('76', 'Entry', '1', '0', '2017-08-28 15:15:46', '2017-09-26 10:38:31', '865e678b-e06f-4af4-a865-719d924b230a'),
 ('78', 'Entry', '1', '0', '2017-08-28 15:42:05', '2017-09-25 09:43:58', '954d526c-d889-4d88-862f-459c20a320b0'),
 ('87', 'Entry', '1', '0', '2017-08-28 19:40:55', '2017-09-26 22:32:25', '02954fdd-f210-4d5c-af25-8722d30f8b26'),
 ('88', 'MatrixBlock', '1', '0', '2017-08-28 19:41:48', '2017-09-26 22:32:25', '112dedfc-3a80-4b9e-b0b6-70b98438607e'),
 ('94', 'Entry', '1', '0', '2017-08-30 09:08:48', '2017-09-26 23:49:21', 'cb92a41e-03a2-49f0-98d4-4deeb6c84538'),
 ('107', 'MatrixBlock', '1', '0', '2017-08-30 13:55:36', '2017-09-26 23:49:21', '729ef3a0-4e89-4d30-914e-c87d8a957fcf'),
 ('108', 'MatrixBlock', '1', '0', '2017-08-30 14:03:42', '2017-09-26 23:49:21', '12ffffa1-8638-46cc-906e-310dea18f351'),
 ('111', 'MatrixBlock', '1', '0', '2017-08-30 14:11:22', '2017-09-26 23:49:21', '94db9169-223d-4d2a-942a-1b6d32cb9ebc'),
 ('115', 'Entry', '1', '0', '2017-08-30 15:21:41', '2017-08-31 14:04:54', 'b409e78b-f10c-42c7-b3f2-5f5602e14707'),
 ('116', 'MatrixBlock', '1', '0', '2017-08-30 15:21:41', '2017-08-31 14:04:55', '23517700-76cf-4d65-876f-357a3e7a48a6'),
 ('122', 'MatrixBlock', '1', '0', '2017-08-30 23:13:51', '2017-09-26 23:49:21', 'cc34b89e-6e1d-417c-8883-b9e8aa5017cf'),
 ('126', 'MatrixBlock', '1', '0', '2017-08-30 23:20:46', '2017-09-26 23:49:21', 'e1080327-56d0-47ab-8ae5-d71daf9540b6'),
 ('131', 'Asset', '1', '0', '2017-08-31 11:24:59', '2017-09-27 23:45:04', '57937d71-645b-4a62-a32b-c11b1448704c'),
 ('132', 'Asset', '1', '0', '2017-08-31 11:24:59', '2017-09-27 23:45:05', 'deb67f65-ff46-4553-b1e2-b7c2cfe5ecd1'),
 ('133', 'Asset', '1', '0', '2017-08-31 11:25:00', '2017-09-27 23:45:05', 'c1dde285-d7c0-42f8-a6bb-4b19af3fd90b'),
 ('138', 'Asset', '1', '0', '2017-08-31 11:35:10', '2017-09-27 23:45:11', '25ce85eb-f8ba-4375-bbdc-fa69edf37732'),
 ('139', 'Asset', '1', '0', '2017-08-31 11:35:10', '2017-09-27 23:45:13', 'ea094bd6-7239-46b0-bdca-11851a56ce9e'),
 ('140', 'Asset', '1', '0', '2017-08-31 11:35:11', '2017-09-27 23:45:12', 'c8a33f50-cfc5-4c71-8771-656dd6423fd5'),
 ('141', 'Asset', '1', '0', '2017-08-31 11:35:11', '2017-09-27 23:45:12', '583c2791-50e0-4688-9927-8a60390aae0e'),
 ('142', 'Asset', '1', '0', '2017-08-31 11:39:21', '2017-09-27 23:44:21', '4bff3a85-2ecf-4717-b0b2-3d48d39ff0cf'),
 ('144', 'Asset', '1', '0', '2017-08-31 11:39:22', '2017-09-27 23:44:23', '204ec510-976d-4933-b747-5235078db50d'),
 ('145', 'Asset', '1', '0', '2017-08-31 11:39:22', '2017-09-27 23:44:23', '64791f5e-a945-4b7f-ab1c-cc25e05ab897'),
 ('146', 'Asset', '1', '0', '2017-08-31 11:39:22', '2017-09-27 23:44:24', '245f3ecc-48e6-46d7-a03e-b9985ab6c55d'),
 ('147', 'Asset', '1', '0', '2017-08-31 11:39:22', '2017-09-27 23:44:24', 'ccad5b0d-d009-4512-9860-909f660d88b2'),
 ('148', 'Asset', '1', '0', '2017-08-31 11:39:23', '2017-09-27 23:44:25', '7204c32a-8f68-4d64-80a6-ebe84bc1a31b'),
 ('149', 'Asset', '1', '0', '2017-08-31 11:39:23', '2017-09-27 23:44:25', '90ea680b-e3aa-418f-b683-2b954ec2c03b'),
 ('150', 'Asset', '1', '0', '2017-08-31 11:39:23', '2017-09-27 23:44:25', '01a8a755-b8e3-47eb-a317-609b90fd45b4'),
 ('151', 'Asset', '1', '0', '2017-08-31 11:39:23', '2017-09-27 23:44:26', 'c6c6fba2-94f2-4a7b-b86e-59fd8a4e46b0'),
 ('152', 'Asset', '1', '0', '2017-08-31 11:39:24', '2017-09-27 23:44:26', '9c9ccbb4-4aba-4d90-b58d-ea14c5a28f04'),
 ('153', 'Asset', '1', '0', '2017-08-31 11:39:24', '2017-09-27 23:44:26', 'cd02a866-3316-4098-8273-60242b4d8d37'),
 ('154', 'Asset', '1', '0', '2017-08-31 11:39:24', '2017-09-27 23:44:26', 'aa65e726-2a9c-4626-9908-9b1a4e9b345e'),
 ('155', 'Asset', '1', '0', '2017-08-31 11:39:24', '2017-09-27 23:44:26', 'b9a80524-ca28-4290-9aae-e37e853408d9'),
 ('156', 'Asset', '1', '0', '2017-08-31 11:39:24', '2017-09-27 23:44:26', 'fd365af4-4fc0-4804-af45-502d034001ed'),
 ('157', 'Asset', '1', '0', '2017-08-31 11:39:25', '2017-09-27 23:44:27', '91b310c5-785a-4ff6-9c46-9a14819f4d0f'),
 ('158', 'Asset', '1', '0', '2017-08-31 11:39:25', '2017-09-27 23:44:27', 'dbf96b85-8ddc-4c26-85f9-7c0c80893de4'),
 ('159', 'Asset', '1', '0', '2017-08-31 11:39:25', '2017-09-27 23:44:27', 'a5a65880-71c9-4956-8b7d-b53fad4916b4'),
 ('160', 'Asset', '1', '0', '2017-08-31 11:39:25', '2017-09-27 23:44:27', '7fc2351b-0be4-4493-9bbc-7b333324ea59'),
 ('161', 'Asset', '1', '0', '2017-08-31 11:39:25', '2017-09-27 23:44:27', '7c38c015-2741-4ffa-b192-6a98ee0a8206'),
 ('162', 'Asset', '1', '0', '2017-08-31 11:39:26', '2017-09-27 23:44:28', '00351390-1539-4b56-9fed-dc6729fe3161'),
 ('163', 'Asset', '1', '0', '2017-08-31 11:39:26', '2017-09-27 23:44:28', 'ca0fcfaa-863a-4f79-937e-90bb85101dc9'),
 ('164', 'Asset', '1', '0', '2017-08-31 11:39:26', '2017-09-27 23:44:28', 'f1ab72a8-c087-4daf-8d8b-9582c6babb46'),
 ('165', 'Asset', '1', '0', '2017-08-31 11:39:26', '2017-09-27 23:44:29', '06c72e80-8d0d-4669-a18d-9383880542b7'),
 ('166', 'Asset', '1', '0', '2017-08-31 11:39:26', '2017-09-27 23:44:30', '46fb953a-7866-4591-b1b4-3806ff953809'),
 ('167', 'Asset', '1', '0', '2017-08-31 11:39:27', '2017-09-27 23:44:30', 'f7468241-424f-4a82-a497-0851f638925d'),
 ('168', 'Asset', '1', '0', '2017-08-31 11:39:27', '2017-09-27 23:44:31', '4e3900b6-a990-4a91-9db1-fce1160e9638'),
 ('169', 'Asset', '1', '0', '2017-08-31 11:39:27', '2017-09-27 23:44:31', 'ae9dd00f-e393-42c0-a8d1-ca500a7ee073'),
 ('170', 'Asset', '1', '0', '2017-08-31 11:39:27', '2017-09-27 23:44:31', '8cc16715-92c3-41d7-87e6-d67393c406cb'),
 ('171', 'Asset', '1', '0', '2017-08-31 11:39:27', '2017-09-27 23:44:31', '519854f3-2d6c-4ae4-b501-27f64e3ae24c'),
 ('172', 'Asset', '1', '0', '2017-08-31 11:39:28', '2017-09-27 23:44:32', 'b6635d44-d108-4832-8e10-97a142e8163e'),
 ('173', 'Asset', '1', '0', '2017-08-31 11:39:28', '2017-09-27 23:44:33', '939e86ab-941c-4c12-858c-47e4fe588cdf'),
 ('174', 'Asset', '1', '0', '2017-08-31 11:39:28', '2017-09-27 23:44:34', 'bea12671-ebe4-41e3-8e68-3b23c0f73a38'),
 ('175', 'Asset', '1', '0', '2017-08-31 11:39:28', '2017-09-27 23:44:34', '93896dfe-a76b-456e-8514-3fcad32d6748'),
 ('176', 'Asset', '1', '0', '2017-08-31 11:39:29', '2017-09-27 23:44:42', 'a9c24e3e-57e3-493b-b7f3-2339669ccd7f'),
 ('177', 'Asset', '1', '0', '2017-08-31 11:39:29', '2017-09-27 23:44:42', '84e07a4f-be0f-4656-b98c-d2c64b8dfdfc'),
 ('178', 'Asset', '1', '0', '2017-08-31 11:39:29', '2017-09-27 23:44:43', '3761cc5b-ab3c-4f11-849a-7dc056e40959'),
 ('180', 'Asset', '1', '0', '2017-08-31 11:39:30', '2017-09-27 23:44:44', 'c27b1995-aacd-42c8-a10d-5c3ddd5368bc'),
 ('181', 'Asset', '1', '0', '2017-08-31 11:39:30', '2017-09-27 23:44:44', '1d109301-95d7-447f-8e79-e0149559b258'),
 ('182', 'Asset', '1', '0', '2017-08-31 11:39:30', '2017-09-27 23:44:44', '19879afc-ae41-4ab3-a627-7cdde2ffa65f'),
 ('183', 'Asset', '1', '0', '2017-08-31 11:39:31', '2017-09-27 23:44:44', '9a39c170-dd6c-4905-8d90-faa116512d7d'),
 ('184', 'Asset', '1', '0', '2017-08-31 11:39:31', '2017-09-27 23:44:45', '5192299b-9191-4e3b-bfaa-abd08deacdcd'),
 ('185', 'Asset', '1', '0', '2017-08-31 11:39:31', '2017-09-27 23:44:45', '91ee02e4-0963-4b40-90fc-e96fd290762c'),
 ('186', 'Asset', '1', '0', '2017-08-31 11:39:31', '2017-09-27 23:44:45', 'bcc45821-beff-4fe4-adc4-86c16d098004'),
 ('187', 'Asset', '1', '0', '2017-08-31 11:39:32', '2017-09-27 23:44:45', 'd5167317-5236-46b9-8b3a-4c89c7e47966'),
 ('191', 'Asset', '1', '0', '2017-08-31 11:39:33', '2017-09-27 23:44:46', 'fb2a5d62-1cc3-45a0-aff9-7d81542932e4'),
 ('192', 'Asset', '1', '0', '2017-08-31 11:39:33', '2017-09-27 23:44:46', '9808bbd1-365c-4a46-a6fb-0a33a96c8776'),
 ('193', 'Asset', '1', '0', '2017-08-31 11:39:33', '2017-09-27 23:44:46', '4503a710-b6b0-4d8e-8a59-bd339113e3ce'),
 ('194', 'Asset', '1', '0', '2017-08-31 11:39:34', '2017-09-27 23:44:48', 'd73a2d49-c1c0-4bf4-8e4f-bceb1fe6ee73'),
 ('195', 'Asset', '1', '0', '2017-08-31 11:39:34', '2017-09-27 23:44:49', '83bb17cf-af9d-472c-b352-fdb470cb79ef'),
 ('196', 'Asset', '1', '0', '2017-08-31 11:39:34', '2017-09-27 23:44:49', 'd72bbd9c-8c5d-43df-81a5-dedde1abbff2'),
 ('197', 'Asset', '1', '0', '2017-08-31 11:39:35', '2017-09-27 23:44:49', '39b81276-304b-46e9-8800-0b13c1fbb1e4'),
 ('198', 'Asset', '1', '0', '2017-08-31 11:39:35', '2017-09-27 23:44:49', '27e278b2-3f48-40f3-a62d-553677b5c4e2'),
 ('199', 'Asset', '1', '0', '2017-08-31 11:39:35', '2017-09-27 23:44:50', '2f4b39ee-8600-477d-8a4c-646c4b5dc008'),
 ('200', 'Asset', '1', '0', '2017-08-31 11:39:36', '2017-09-27 23:44:50', '5c26f595-0a87-4c7c-a30d-686aab2958d7'),
 ('201', 'Asset', '1', '0', '2017-08-31 11:39:36', '2017-09-27 23:44:50', '3431696b-4e91-4d95-bf59-85d21ab67d13'),
 ('202', 'Asset', '1', '0', '2017-08-31 11:39:36', '2017-09-27 23:44:51', 'd8435c0b-2ddb-42bb-9de8-0c0a1fa46141'),
 ('203', 'Asset', '1', '0', '2017-08-31 11:39:37', '2017-09-27 23:44:51', '8884a9cf-a248-4e26-aad4-4887cacc74be'),
 ('204', 'Asset', '1', '0', '2017-08-31 11:39:37', '2017-09-27 23:44:52', '51549f8b-2065-4cf4-bd3b-d09e38bba5a7'),
 ('205', 'Asset', '1', '0', '2017-08-31 11:39:37', '2017-09-27 23:44:53', '15da2e2a-072f-4024-9b46-672db26985e3'),
 ('206', 'Asset', '1', '0', '2017-08-31 11:39:38', '2017-09-27 23:44:52', '88e3ed85-a2c5-4222-9d59-a7aaa0d64b66'),
 ('207', 'Asset', '1', '0', '2017-08-31 11:39:38', '2017-09-27 23:45:03', 'a4be8884-bfbc-4d2f-b025-0916d4b5fbc7'),
 ('208', 'Asset', '1', '0', '2017-08-31 11:39:38', '2017-09-27 23:45:04', '0f91e881-594b-4fee-90d4-7f30a488d246'),
 ('209', 'Asset', '1', '0', '2017-08-31 11:39:40', '2017-09-27 23:45:07', 'fe5f7ea9-d85a-4467-8e26-da7f52d856b4'),
 ('210', 'Asset', '1', '0', '2017-08-31 11:39:41', '2017-09-27 23:45:08', 'a889e8ca-2401-4ec8-8c62-d248f96d2c82'),
 ('211', 'Asset', '1', '0', '2017-08-31 11:39:41', '2017-09-27 23:45:09', '64eccaac-46be-4159-aced-5d876afd00b4'),
 ('213', 'Asset', '1', '0', '2017-08-31 11:39:42', '2017-09-27 23:45:10', 'ecf519b2-9d3a-46de-b252-dbb2d7111b41'),
 ('214', 'Asset', '1', '0', '2017-08-31 11:39:42', '2017-09-27 23:45:10', '5d12cdd3-ebdd-4c1b-bce9-16b2046b499a'),
 ('215', 'Asset', '1', '0', '2017-08-31 11:39:42', '2017-09-27 23:45:11', '0f3324ab-773a-444c-9eee-03f69b885fa8'),
 ('216', 'Asset', '1', '0', '2017-08-31 11:39:43', '2017-09-27 23:45:11', '507e9168-7866-4004-b401-1361e7db29af'),
 ('218', 'MatrixBlock', '1', '0', '2017-08-31 11:49:46', '2017-09-26 23:49:21', 'd408835e-9ff3-49da-8d51-d911c8788c5e');
INSERT INTO `craft_elements` (`id`, `type`, `enabled`, `archived`, `dateCreated`, `dateUpdated`, `uid`) VALUES
 ('219', 'Asset', '1', '0', '2017-08-31 13:41:24', '2017-09-27 23:44:24', '143f3927-f31a-4b30-bba8-44452a5ef966'),
 ('220', 'Asset', '1', '0', '2017-08-31 13:41:41', '2017-09-27 23:45:10', '03e0a38e-907a-4f14-946a-32be058d6546'),
 ('221', 'Entry', '1', '0', '2017-08-31 14:07:29', '2017-09-26 11:02:08', 'bac824f2-c033-4945-a6ec-abb3f1a4e567'),
 ('223', 'Asset', '1', '0', '2017-08-31 14:20:29', '2017-09-27 23:44:54', '0b5075ce-31fa-41d9-9756-4b84f551a819'),
 ('224', 'MatrixBlock', '1', '0', '2017-08-31 14:22:23', '2017-09-26 11:02:08', '5ad7dcae-4d99-4b2f-824d-3587e2c246a2'),
 ('225', 'Asset', '1', '0', '2017-08-31 17:47:59', '2017-09-27 23:44:24', '5cac38a6-dac2-4ac6-990b-65a01e4a0a99'),
 ('226', 'Asset', '1', '0', '2017-08-31 17:48:24', '2017-09-27 23:45:10', 'e8b21b4e-fc92-45e2-97fa-8100a1fc112a'),
 ('227', 'Asset', '1', '0', '2017-08-31 18:50:03', '2017-09-27 23:45:13', '02a934dc-c729-4da1-ba6a-cfdc5900839f'),
 ('228', 'Asset', '1', '0', '2017-08-31 19:05:48', '2017-09-27 23:44:35', 'bb0f11a8-648d-4d89-8c38-f1bcf813d4a3'),
 ('229', 'Entry', '1', '0', '2017-08-31 19:57:03', '2017-09-25 09:44:18', '670583e1-5c8f-4f81-8f2d-5c8e3e92fab1'),
 ('231', 'Asset', '1', '0', '2017-08-31 20:22:40', '2017-09-27 23:45:02', '29e5cfe8-ba51-458f-9fca-e6b391351cf1'),
 ('234', 'Entry', '1', '0', '2017-08-31 20:27:54', '2017-09-24 22:47:01', 'd8f6dc6d-9657-4d8e-a59e-2a7130d04f85'),
 ('235', 'Asset', '1', '0', '2017-08-31 20:28:29', '2017-09-27 23:45:02', '3dee689c-0800-412f-b8c2-ddd57209160b'),
 ('236', 'MatrixBlock', '1', '0', '2017-08-31 20:29:51', '2017-09-24 22:47:01', '7790f31d-6e08-4f6c-98cb-481f1d4e0e56'),
 ('238', 'Asset', '1', '0', '2017-08-31 20:33:51', '2017-09-27 23:45:02', 'aa1304a1-c222-43f1-b925-efcdfac5490b'),
 ('239', 'Entry', '1', '0', '2017-08-31 20:36:16', '2017-09-16 23:19:26', '77e179dc-fd2c-4c2a-9ae6-6099dc49c4db'),
 ('240', 'MatrixBlock', '1', '0', '2017-08-31 20:36:16', '2017-09-16 23:19:26', 'f4ccddec-49fc-421b-a439-109c76cbbef1'),
 ('243', 'Asset', '1', '0', '2017-09-01 10:10:20', '2017-09-27 23:45:04', 'ecfc30c5-a478-47e0-ba9d-c3db65691aba'),
 ('244', 'Entry', '1', '0', '2017-09-01 10:13:15', '2017-09-26 23:03:01', '3e86fca3-bf0f-49d7-b413-fa505e252e23'),
 ('245', 'MatrixBlock', '1', '0', '2017-09-01 10:13:16', '2017-09-26 23:03:01', '640631dd-a64e-4225-8687-e173a0cad740'),
 ('246', 'Asset', '1', '0', '2017-09-01 11:19:33', '2017-09-27 23:44:38', '4766b8bc-deef-4844-8188-3cb54774bac1'),
 ('247', 'Asset', '1', '0', '2017-09-01 11:19:33', '2017-09-27 23:44:39', '5a9ff47f-f8e3-414c-86ca-78615e25b885'),
 ('248', 'Asset', '1', '0', '2017-09-01 11:19:33', '2017-09-27 23:44:39', 'a3c4b6ad-841b-4ac1-afe5-fda219464949'),
 ('249', 'Asset', '1', '0', '2017-09-01 11:19:34', '2017-09-27 23:44:40', '8c4e5b50-1cd0-426c-ae82-6c1471b18734'),
 ('250', 'Asset', '1', '0', '2017-09-01 11:19:34', '2017-09-27 23:44:43', '042f03ea-af4d-4ee2-b425-b769e008ce10'),
 ('251', 'Asset', '1', '0', '2017-09-01 11:19:42', '2017-09-27 23:44:58', '6efe3a07-8fef-4910-a34e-2139e2d9b55c'),
 ('253', 'Asset', '1', '0', '2017-09-01 11:44:52', '2017-09-27 23:45:14', '1662bf27-8c37-4765-bebd-449847921f4a'),
 ('254', 'Entry', '1', '0', '2017-09-01 11:45:08', '2017-09-23 17:31:27', '9d03386d-7556-43b2-91f9-a1fb1197abae'),
 ('261', 'Asset', '1', '0', '2017-09-01 11:46:08', '2017-09-27 23:45:14', 'e8e2e01a-9b46-4f6b-8b76-7588a611d6fc'),
 ('262', 'Asset', '1', '0', '2017-09-01 11:46:09', '2017-09-27 23:45:14', '2b9b25d8-0fa1-493b-aabf-8295f8fe6cde'),
 ('263', 'Asset', '1', '0', '2017-09-01 11:46:09', '2017-09-27 23:45:14', '8707119b-1cd3-4756-983c-711284312c65'),
 ('264', 'Asset', '1', '0', '2017-09-01 11:46:09', '2017-09-27 23:45:15', '840590c4-6791-44c3-a97e-ce20d4035870'),
 ('265', 'Asset', '1', '0', '2017-09-01 11:46:10', '2017-09-27 23:45:15', '8dcb9d62-f4e2-4cc7-8d44-ec63bc30c45b'),
 ('266', 'Asset', '1', '0', '2017-09-01 11:46:10', '2017-09-27 23:45:15', '45bd8bed-fca0-4083-8a06-1506988576dc'),
 ('267', 'Entry', '1', '0', '2017-09-01 11:46:35', '2017-09-14 18:17:34', 'c9a0cf9a-d9ae-4f23-8a60-2d93df1cabbc'),
 ('268', 'Entry', '1', '0', '2017-09-01 11:47:05', '2017-09-14 18:18:52', 'bd627462-8697-4790-8b00-4e20705beb4e'),
 ('269', 'MatrixBlock', '1', '0', '2017-09-04 20:55:33', '2017-09-24 22:47:01', 'dc10ecef-5525-4ad9-8147-6de3daab2f68'),
 ('270', 'MatrixBlock', '1', '0', '2017-09-04 20:56:38', '2017-09-24 22:47:01', 'be55e937-547a-4de4-bccf-bbc7e2096ef4'),
 ('271', 'Entry', '1', '0', '2017-09-05 14:56:51', '2017-09-24 22:49:51', 'f9a842fc-86f7-4f0c-9f74-e1c9fedd5c99'),
 ('272', 'MatrixBlock', '1', '0', '2017-09-05 15:02:17', '2017-09-24 22:49:51', 'a48901c1-4b3d-42bb-b113-01ed9dec75b3'),
 ('273', 'Asset', '1', '0', '2017-09-06 16:31:55', '2017-09-27 23:44:43', 'b46104c3-0fd3-4556-926a-a773a0ef5c87'),
 ('274', 'Asset', '1', '0', '2017-09-06 16:31:59', '2017-09-27 23:44:48', 'df5d2e02-ab1c-4a31-8923-1907612ce52c'),
 ('275', 'Asset', '1', '0', '2017-09-06 16:31:59', '2017-09-27 23:44:48', '501b409d-c802-43e5-a450-474d7e440856'),
 ('287', 'Entry', '1', '0', '2017-09-12 09:46:39', '2017-09-12 19:11:02', '605f50e9-6faa-4aed-9c71-08eeb70c5f39'),
 ('288', 'MatrixBlock', '1', '0', '2017-09-12 09:46:39', '2017-09-12 19:11:02', '8161833b-f5af-4b0d-a599-60f4cea3cb29'),
 ('289', 'Entry', '1', '0', '2017-09-12 10:24:17', '2017-09-12 16:50:56', '9ea8b121-c7e0-4582-910b-1b6365280257'),
 ('295', 'Asset', '1', '0', '2017-09-12 16:46:27', '2017-09-27 23:45:16', '08d64393-2357-4cc3-a4d7-0712a1302faf'),
 ('296', 'Asset', '1', '0', '2017-09-12 16:46:28', '2017-09-27 23:45:16', '1dabe3b0-a05f-427b-a5f5-d65afb42cad3'),
 ('297', 'Asset', '1', '0', '2017-09-12 16:46:28', '2017-09-27 23:45:16', 'd9681d03-838a-44c1-aab5-612dd4600f50'),
 ('298', 'Asset', '1', '0', '2017-09-12 16:46:28', '2017-09-27 23:45:16', '18bf47d3-0e45-4dc7-b4ea-f5180b090a0a'),
 ('299', 'Asset', '1', '0', '2017-09-12 16:46:28', '2017-09-27 23:45:17', '6bc1eb05-deb5-44e2-80cf-87fe845be703'),
 ('301', 'Asset', '1', '0', '2017-09-12 16:49:43', '2017-09-27 23:45:17', '885c43ff-bbda-4a2d-8ee0-758f2ced97df'),
 ('302', 'Entry', '1', '0', '2017-09-12 16:50:42', '2017-09-12 16:53:13', '60db24b5-ea15-4d3e-9ab4-da539fd3d661'),
 ('303', 'Entry', '1', '0', '2017-09-12 16:54:31', '2017-09-12 16:54:31', '5223ddf0-32a9-4909-972f-8ec5dffa7a15'),
 ('304', 'Entry', '1', '0', '2017-09-12 16:58:27', '2017-09-12 17:00:22', '53b69e7e-b11b-40ea-b0eb-36118e7829d8'),
 ('309', 'Asset', '1', '0', '2017-09-13 07:16:26', '2017-09-27 23:45:09', 'fe376e94-cd22-43f4-ba46-5a108b24b16d'),
 ('311', 'Asset', '1', '0', '2017-09-13 07:17:45', '2017-09-27 23:45:09', '6d272d92-4be0-40cc-920b-a08018e98dd0'),
 ('313', 'Asset', '1', '0', '2017-09-13 07:19:39', '2017-09-27 23:45:07', '8e757ce5-90ff-4022-867e-fb2709201692'),
 ('315', 'Asset', '1', '0', '2017-09-13 07:27:13', '2017-09-27 23:45:06', 'ecdffc52-8e8f-40dd-bb0d-a801d842f1a2'),
 ('316', 'Asset', '1', '0', '2017-09-13 07:27:29', '2017-09-27 23:44:19', '7adbe70e-3205-42d9-b1ed-f9cdb98e13fa'),
 ('317', 'Asset', '1', '0', '2017-09-13 07:27:29', '2017-09-27 23:44:19', '4ee9da76-1509-47fa-83bb-3f885f6bf97d'),
 ('318', 'Asset', '1', '0', '2017-09-13 07:27:29', '2017-09-27 23:44:23', 'be248167-9009-4546-b9cd-644461cef632'),
 ('319', 'Asset', '1', '0', '2017-09-13 07:27:30', '2017-09-27 23:44:23', '002371bd-9fa2-4bb2-9354-d014f8f5dce6'),
 ('321', 'Entry', '1', '0', '2017-09-13 08:49:10', '2017-09-25 09:44:35', 'd0091f08-4347-491f-8647-8fe2705cbd74'),
 ('322', 'Entry', '1', '0', '2017-09-13 08:53:46', '2017-09-28 11:04:06', '0471381d-c24f-4a56-b336-02a570489480'),
 ('323', 'MatrixBlock', '1', '0', '2017-09-13 08:53:56', '2017-09-26 22:32:25', 'cce37958-575d-4415-bbf6-38bd3b4c0bd0'),
 ('324', 'Entry', '1', '0', '2017-09-13 09:19:39', '2017-09-26 09:58:29', '32e1831a-e92b-4f3e-ab3c-d1cecb0336b6'),
 ('326', 'Asset', '1', '0', '2017-09-13 09:26:39', '2017-09-27 23:44:55', 'ee721d76-2b09-46ef-b783-feac57c2a62c'),
 ('328', 'Asset', '1', '0', '2017-09-13 09:40:28', '2017-09-27 23:45:01', 'c5c048b4-d90b-4b7c-baf0-e9128ad45a64'),
 ('329', 'Entry', '1', '0', '2017-09-13 09:42:08', '2017-09-27 08:09:19', '9a0cf21f-10a4-434c-bbc4-cc4bd478cb84'),
 ('330', 'MatrixBlock', '0', '0', '2017-09-13 09:42:53', '2017-09-27 08:09:19', 'edbf7ac7-992d-4610-b17e-f4c54e94ff10'),
 ('332', 'Asset', '1', '0', '2017-09-13 10:21:08', '2017-09-27 23:44:39', '5dbc615f-517b-402c-a0ec-cbd9e79e22e6'),
 ('333', 'Entry', '1', '0', '2017-09-13 10:34:14', '2017-09-27 10:37:11', '113f8a72-af3e-4529-9ea3-3ad9edd8a023'),
 ('335', 'Asset', '1', '0', '2017-09-13 10:40:09', '2017-09-27 23:44:51', 'ad5e6392-ba10-460f-afae-4d71860330cf'),
 ('339', 'Asset', '1', '0', '2017-09-13 10:56:17', '2017-09-27 23:44:57', '806edda4-2375-4d28-af25-57a4b1f6ab45'),
 ('342', 'Asset', '1', '0', '2017-09-13 14:39:28', '2017-09-27 23:44:33', '0327c703-ca53-499e-9a63-f29db40f20c5'),
 ('343', 'Asset', '1', '0', '2017-09-13 14:39:29', '2017-09-27 23:44:38', '29a7c176-ef2e-4b2b-9047-807da5160e38'),
 ('344', 'Venti_Event', '1', '0', '2017-09-14 08:25:26', '2017-09-27 10:17:35', '842310c9-0ea0-4f76-888d-99daf4ffe9c1'),
 ('345', 'Venti_Event', '1', '0', '2017-09-14 08:41:25', '2017-09-27 10:17:35', '30dacc89-6de0-49b6-8427-7790e04fc885'),
 ('346', 'Venti_Event', '1', '0', '2017-09-14 08:44:20', '2017-09-27 10:17:35', '856756f5-61c4-4712-af11-4860886e6a04'),
 ('347', 'Venti_Event', '1', '0', '2017-09-14 08:47:28', '2017-09-27 10:17:35', '3b8e5c2b-753d-4c99-b376-10dac223aae9'),
 ('348', 'Venti_Event', '0', '0', '2017-09-14 08:55:46', '2017-09-24 20:57:35', 'b9587b2c-b9a9-48cf-9fca-cde750ee6436'),
 ('349', 'Venti_Event', '0', '0', '2017-09-14 08:58:26', '2017-09-24 20:57:27', 'c43fc15e-8459-4713-ba63-7cde7ed1a344'),
 ('351', 'Asset', '1', '0', '2017-09-14 17:21:36', '2017-09-27 23:45:05', '46591a25-7a3a-43b0-9be7-5ab8214a6e79'),
 ('352', 'Entry', '1', '0', '2017-09-14 17:23:28', '2017-09-23 18:00:02', '90887d0c-76f1-4a13-8635-4fd1127450bb'),
 ('353', 'Entry', '1', '0', '2017-09-14 18:20:39', '2017-09-14 18:21:01', '4b8c68b0-b499-4c9b-afec-381f0ea86e60'),
 ('355', 'Entry', '1', '0', '2017-09-14 19:20:28', '2017-09-28 22:57:34', '14d518e4-e139-4d5b-8592-8037bfa417ea'),
 ('358', 'Asset', '1', '0', '2017-09-14 19:32:53', '2017-09-27 23:44:56', '2f469b80-c831-44f1-879e-0dd2dba3427f'),
 ('359', 'Entry', '1', '0', '2017-09-14 19:36:40', '2017-09-16 16:17:13', 'f6b773e4-02f8-4236-8b24-a5e0f845a0d5'),
 ('360', 'MatrixBlock', '1', '0', '2017-09-14 19:36:40', '2017-09-16 16:17:13', 'f3be5232-5694-40be-af04-7fa079f5f64e'),
 ('362', 'Asset', '1', '0', '2017-09-14 21:12:46', '2017-09-27 23:45:03', 'd1806fd7-e58d-434a-b17c-0e3d037982bd'),
 ('363', 'Entry', '1', '0', '2017-09-14 21:14:41', '2017-09-28 22:45:08', 'c2a76e62-8efb-4288-96ca-c97c0a53d53e'),
 ('364', 'MatrixBlock', '1', '0', '2017-09-14 21:32:47', '2017-09-28 22:45:08', 'cf14455f-908f-4470-90ca-acf6835fec42'),
 ('367', 'Asset', '1', '0', '2017-09-15 13:14:08', '2017-09-27 23:44:37', '04babb71-c2c7-4ec5-bed7-7eeb358bcb24'),
 ('368', 'Asset', '1', '0', '2017-09-15 13:14:09', '2017-09-27 23:44:41', 'd6052401-b55a-4486-bafa-c842295a4da5'),
 ('369', 'Asset', '1', '0', '2017-09-15 13:14:14', '2017-09-27 23:44:46', 'a52ac7f9-206a-41df-8d3d-4d2bf8e2f885'),
 ('374', 'Asset', '1', '0', '2017-09-16 16:20:36', '2017-09-27 23:44:54', '4978cacf-4d25-4456-8a19-e604e4f6140d'),
 ('375', 'Entry', '1', '0', '2017-09-16 16:25:03', '2017-09-16 16:25:03', '62debbe9-cb81-4f84-b541-4b0f5e2cf045'),
 ('376', 'MatrixBlock', '1', '0', '2017-09-16 16:25:03', '2017-09-16 16:25:03', '36047538-75e2-403a-a778-4e50da0202ba'),
 ('377', 'Venti_Event', '1', '0', '2017-09-16 17:11:37', '2017-09-24 21:53:43', '0f8e9261-c0fa-4765-947e-d7eeb2c779c5');
INSERT INTO `craft_elements` (`id`, `type`, `enabled`, `archived`, `dateCreated`, `dateUpdated`, `uid`) VALUES
 ('378', 'Asset', '1', '0', '2017-09-16 18:10:26', '2017-09-27 23:44:36', 'c7adad97-a71b-4bc9-98b5-ccf8b52b97a2'),
 ('381', 'Asset', '1', '0', '2017-09-16 19:46:36', '2017-09-27 23:45:18', '9047da1f-38ae-40cb-9b5f-eae2f8f121e0'),
 ('384', 'Venti_Event', '1', '0', '2017-09-16 21:50:54', '2017-09-24 19:28:54', 'cb860a79-080d-40bc-a41b-d7445dc1960b'),
 ('387', 'Venti_Event', '1', '0', '2017-09-16 22:31:41', '2017-09-24 16:39:41', 'e6aa37b6-581d-400e-94d9-1bb7b20f0789'),
 ('388', 'Venti_Event', '1', '0', '2017-09-16 22:37:49', '2017-09-24 21:33:39', 'd51a14b8-81ae-4f90-bf5e-e7794a0e2da2'),
 ('390', 'Asset', '1', '0', '2017-09-16 22:38:03', '2017-09-27 23:45:17', '1efe4411-e2a0-4478-812e-05ffc800e88a'),
 ('396', 'Asset', '1', '0', '2017-09-19 09:31:46', '2017-09-27 23:44:44', 'eaabe639-67d1-4aca-a711-9db7fa6c4d8e'),
 ('398', 'Entry', '1', '0', '2017-09-20 08:38:42', '2017-09-25 09:45:13', '265817f5-8530-4389-abc2-81d69b5184a5'),
 ('400', 'Asset', '1', '0', '2017-09-20 08:46:11', '2017-09-27 23:45:06', '1d5e1a5e-6504-4563-97eb-26098e550b70'),
 ('401', 'Entry', '1', '0', '2017-09-21 08:42:12', '2017-09-28 11:08:27', '0b263090-6cf5-445d-be25-c8a96956f47f'),
 ('402', 'MatrixBlock', '1', '0', '2017-09-21 08:44:45', '2017-09-28 11:08:27', '12031c18-4b08-41b6-a1c7-93b3895d9be6'),
 ('406', 'Entry', '1', '0', '2017-09-21 09:31:53', '2017-09-21 09:31:53', '2ace010f-1dba-43c6-a15a-bded5dbe70bc'),
 ('407', 'Entry', '1', '0', '2017-09-21 09:32:31', '2017-09-21 09:32:31', 'a7158de7-7326-493f-ad11-dc90dbd60bc2'),
 ('408', 'Entry', '1', '0', '2017-09-21 09:37:34', '2017-09-21 09:37:34', '7b3f0d00-cdc9-4a67-a62c-93d14bb8f95d'),
 ('409', 'Entry', '1', '0', '2017-09-21 09:38:03', '2017-09-21 09:38:03', '7ce8547f-39bf-4235-8f06-03687a502fb8'),
 ('410', 'Entry', '1', '0', '2017-09-21 09:38:21', '2017-09-21 09:38:21', '41abced7-c4c4-4f87-83ef-e8811dcbaa0d'),
 ('411', 'Entry', '1', '0', '2017-09-21 09:38:41', '2017-09-21 09:38:41', 'e1013b8b-7b1f-4395-bba4-929b3a531803'),
 ('412', 'Entry', '1', '0', '2017-09-21 09:39:06', '2017-09-21 09:39:06', '4b372ed2-f84b-4587-939d-fa304c0f9ce0'),
 ('413', 'Entry', '1', '0', '2017-09-21 09:39:24', '2017-09-21 09:39:24', 'd1835272-54f0-4836-87cd-8f11759c45d1'),
 ('414', 'Entry', '1', '0', '2017-09-21 09:39:44', '2017-09-21 09:39:44', '8b079e20-5050-4c6a-9f76-8a862b50ea63'),
 ('415', 'Asset', '1', '0', '2017-09-21 10:05:54', '2017-09-27 23:44:18', '1f94ad63-eaf8-44e8-8678-1cf500a35d04'),
 ('416', 'Asset', '1', '0', '2017-09-21 10:06:12', '2017-09-27 23:44:33', 'cedb797b-95a4-49aa-b238-e127ae4d1af7'),
 ('417', 'MatrixBlock', '0', '0', '2017-09-22 08:06:47', '2017-09-26 09:58:29', '9f14b742-6030-46ec-9f86-0dd46dd5dadf'),
 ('418', 'MatrixBlock', '0', '0', '2017-09-22 08:06:48', '2017-09-26 09:58:29', 'e98454d0-eb25-4996-9d06-dd89a19eed6e'),
 ('419', 'Asset', '1', '0', '2017-09-22 08:11:46', '2017-09-27 23:44:36', 'f09139df-0c47-4849-9b21-2ccb7e32a325'),
 ('420', 'Asset', '1', '0', '2017-09-22 08:12:03', '2017-09-27 23:44:55', '14cee021-529a-4f44-abeb-2a3ed56666ae'),
 ('422', 'Asset', '1', '0', '2017-09-22 08:21:12', '2017-09-27 23:44:58', '9acbffa2-c932-4dfe-a48e-82ccf1896d6d'),
 ('423', 'Entry', '1', '0', '2017-09-22 08:21:39', '2017-09-28 23:55:42', '3f151b18-ed0f-448c-a8db-6ed2a643943e'),
 ('424', 'Entry', '1', '0', '2017-09-22 09:49:05', '2017-09-24 19:15:10', '3ab8b5af-d938-4671-8d6e-5f8b5e2affc0'),
 ('425', 'Entry', '1', '0', '2017-09-22 10:21:18', '2017-09-22 10:21:18', '148fd662-8dc5-4703-aab8-7ca1888d3bee'),
 ('426', 'Entry', '1', '0', '2017-09-22 10:25:29', '2017-09-22 10:25:29', '0cde5d4f-25c0-45bd-9acb-7595a3d4a1e2'),
 ('428', 'Entry', '1', '0', '2017-09-22 10:36:10', '2017-09-26 08:40:56', '9590312e-695b-490d-9632-66f496390817'),
 ('429', 'MatrixBlock', '1', '0', '2017-09-22 10:44:29', '2017-09-26 08:40:56', '77ade1a1-a122-4eba-9338-ee4ca7d07a48'),
 ('430', 'Entry', '1', '0', '2017-09-22 10:59:14', '2017-09-27 09:55:02', '04364630-1816-467f-8c73-489d0b0ca9ad'),
 ('431', 'MatrixBlock', '1', '0', '2017-09-22 10:59:38', '2017-09-27 09:55:02', '95506b93-e897-4c6f-a8cc-010a38b0adf2'),
 ('432', 'Entry', '1', '0', '2017-09-22 11:21:38', '2017-09-28 00:35:13', '89aac34b-50af-43f3-b3a5-b077803f57b0'),
 ('433', 'MatrixBlock', '1', '0', '2017-09-22 11:21:38', '2017-09-28 00:35:13', '43fc4d2f-d7d4-4da2-92ff-f6b9f8f2afc8'),
 ('434', 'Entry', '1', '0', '2017-09-22 11:22:06', '2017-09-26 09:56:30', 'ebf07edc-d622-44df-8118-76c835af6288'),
 ('435', 'MatrixBlock', '1', '0', '2017-09-22 11:23:21', '2017-09-26 09:56:30', 'eefd14d1-696a-4431-8a78-79955e42fa08'),
 ('436', 'Asset', '1', '0', '2017-09-23 11:25:16', '2017-09-27 23:44:38', '350658ff-31fd-4d42-9144-231e2a9f8ca5'),
 ('440', 'Asset', '1', '0', '2017-09-23 11:31:15', '2017-09-27 23:44:57', '9ae193a0-4c62-4371-a918-d41fe839a99c'),
 ('442', 'Asset', '1', '0', '2017-09-23 11:32:31', '2017-09-27 23:45:00', 'a6e48bbb-78dc-4bd1-9b50-be50011fe5b6'),
 ('444', 'Asset', '1', '0', '2017-09-23 11:39:42', '2017-09-27 23:44:56', '5dfd356a-a812-45d5-93fb-dff8c10b0863'),
 ('445', 'Asset', '1', '0', '2017-09-23 11:43:39', '2017-09-27 23:44:37', 'c98b4d4b-b158-4573-a837-aa0ca3358c3b'),
 ('446', 'Asset', '1', '0', '2017-09-23 11:43:39', '2017-09-27 23:44:37', '41826363-01a9-4a5e-86f8-6acbfb550235'),
 ('447', 'Asset', '1', '0', '2017-09-23 11:43:40', '2017-09-27 23:44:39', '350e4c72-779d-4372-b54d-9a84114c0965'),
 ('450', 'Entry', '1', '0', '2017-09-23 12:03:04', '2017-09-25 10:02:02', '0f2f2e95-7451-490b-a7b0-76c0307d1d09'),
 ('451', 'Entry', '1', '0', '2017-09-23 12:11:29', '2017-09-23 12:11:29', '6f08f6c3-b29e-468c-8b5a-b6570dd4cd81'),
 ('452', 'Entry', '1', '0', '2017-09-23 12:12:41', '2017-09-26 22:22:42', '1427f0ca-9ec4-4fa7-a050-4c088d4a36ad'),
 ('454', 'Asset', '1', '0', '2017-09-23 12:26:54', '2017-09-27 23:45:17', 'aa52f7d3-85f8-405b-8680-5b23cf7a41c5'),
 ('455', 'Entry', '1', '0', '2017-09-23 13:50:08', '2017-09-27 23:01:05', '02aa19c4-9531-4493-90b3-67fd397ff9c8'),
 ('456', 'MatrixBlock', '1', '0', '2017-09-23 13:59:55', '2017-09-27 23:01:05', '07f26dfa-bfc1-42dd-b104-bddd8310a2ad'),
 ('459', 'Asset', '1', '0', '2017-09-23 18:13:07', '2017-09-27 23:44:32', '60d2445f-e8dc-4f87-86a9-1b82ffaad948'),
 ('460', 'Asset', '1', '0', '2017-09-23 18:13:18', '2017-09-27 23:44:41', '9ef08979-55b4-4598-b888-b7dc63bbd0bf'),
 ('461', 'Asset', '1', '0', '2017-09-23 18:13:34', '2017-09-27 23:45:02', '039c23a1-2943-4a83-87bc-16033e8294fc'),
 ('462', 'Entry', '1', '0', '2017-09-24 10:29:32', '2017-09-24 10:29:32', '0994bf3c-427b-4a00-9cb4-377b133986d1'),
 ('463', 'Venti_Event', '1', '0', '2017-09-24 10:31:17', '2017-09-24 16:39:41', '42a7bb98-9ec1-4a50-b079-7abaae7e32be'),
 ('465', 'Asset', '1', '0', '2017-09-24 15:14:08', '2017-09-27 23:45:18', '84eeaf3c-6104-47b0-bc73-b70ddedf7799'),
 ('466', 'Venti_Event', '1', '0', '2017-09-24 18:35:54', '2017-09-27 10:17:35', 'e2467f96-ed6a-4c79-8faa-59453b75772a'),
 ('467', 'Venti_Event', '1', '0', '2017-09-24 18:41:17', '2017-09-27 10:17:35', '38be9d1d-ec32-4a74-8d6b-cf90132db07e'),
 ('468', 'Venti_Event', '1', '0', '2017-09-24 18:42:27', '2017-09-27 10:17:35', '4c6383f7-47e3-484d-ba9d-dd69378171b3'),
 ('469', 'Venti_Event', '1', '0', '2017-09-24 18:43:36', '2017-09-27 10:17:35', 'b82260f4-9fb9-4f6f-95c8-876d643ba8ca'),
 ('470', 'Venti_Event', '1', '0', '2017-09-24 18:45:09', '2017-09-27 10:17:35', 'cf4e5dc1-295d-4d18-a649-d5a131b5cdb2'),
 ('471', 'Venti_Event', '1', '0', '2017-09-24 18:46:07', '2017-09-27 10:17:35', 'ab01857b-ea69-4e84-a4d5-167b401f1d0f'),
 ('472', 'Venti_Event', '1', '0', '2017-09-24 18:47:44', '2017-09-27 10:17:35', 'd381bc1c-ddc3-4a89-a6f0-ac077dfefc46'),
 ('473', 'Venti_Event', '1', '0', '2017-09-24 18:49:18', '2017-09-27 10:17:35', '2c4a80ab-caa7-427e-9e2f-ce09b6c4464b'),
 ('474', 'Venti_Event', '1', '0', '2017-09-24 18:50:29', '2017-09-27 10:17:35', 'dc12aa50-ff7a-46ac-8139-980099e251e7'),
 ('475', 'Venti_Event', '1', '0', '2017-09-24 18:52:31', '2017-09-27 10:17:35', '9971bb08-1d60-4b5d-bfac-5510c64e8de7'),
 ('476', 'Venti_Event', '1', '0', '2017-09-24 18:53:25', '2017-09-27 10:17:35', '89de87ff-b41c-4579-b91e-6388e2fb8fd0'),
 ('477', 'Venti_Event', '1', '0', '2017-09-24 18:54:54', '2017-09-27 10:17:35', 'd68defa8-be1f-41b5-8cba-c423f0b9d820'),
 ('478', 'Venti_Event', '1', '0', '2017-09-24 18:55:57', '2017-09-27 10:17:35', '21c30f6e-a4b2-4602-8892-b95ee79db5ef'),
 ('479', 'Venti_Event', '1', '0', '2017-09-24 18:56:59', '2017-09-27 10:17:35', '123ed748-7ae6-4927-bc22-8aca7152075e'),
 ('480', 'Venti_Event', '1', '0', '2017-09-24 18:58:10', '2017-09-27 10:17:35', '8327f0d3-8b4c-4518-a2f4-190da569de81'),
 ('481', 'Venti_Event', '1', '0', '2017-09-24 19:00:33', '2017-09-27 10:17:35', 'db20b69f-a502-4cbc-8866-b6acad135648'),
 ('483', 'Asset', '1', '0', '2017-09-24 19:28:11', '2017-09-27 23:44:52', '74030cbc-b554-495a-9676-a5e8e5791b8e'),
 ('484', 'MatrixBlock', '1', '0', '2017-09-24 19:30:25', '2017-09-28 22:45:08', '2451ab30-42b2-4209-a62e-8500397fadee'),
 ('485', 'MatrixBlock', '1', '0', '2017-09-24 19:30:25', '2017-09-28 22:45:08', '135e39ae-e930-4d04-8bb0-90a4e41ab749'),
 ('486', 'Venti_Event', '1', '0', '2017-09-24 21:18:37', '2017-09-24 21:53:34', 'c213ad63-19b4-4ec1-8afe-639f4a93bb44'),
 ('487', 'Venti_Event', '1', '0', '2017-09-24 21:31:34', '2017-09-24 21:53:51', '8039534c-f320-492c-ab59-68822d950097'),
 ('488', 'Venti_Event', '1', '0', '2017-09-24 21:41:07', '2017-09-24 21:54:21', 'd568f360-0bbb-4478-801a-0ed1c1eaea97'),
 ('489', 'Venti_Event', '1', '0', '2017-09-24 21:45:14', '2017-09-24 21:54:08', '49df9100-906e-4a15-b8be-ce13b2449c18'),
 ('491', 'Entry', '1', '0', '2017-09-24 23:03:02', '2017-09-26 10:38:45', 'e7fce1a7-67e6-4346-9cb6-521e7f277fc0'),
 ('492', 'Asset', '1', '0', '2017-09-25 09:45:54', '2017-09-27 23:44:32', '9480a9e7-37a0-4016-aee8-e241cf15d77b'),
 ('493', 'Asset', '1', '0', '2017-09-25 09:45:56', '2017-09-27 23:44:32', '36bee998-1e5c-498d-a6db-871894306c83'),
 ('494', 'Asset', '1', '0', '2017-09-25 09:45:57', '2017-09-27 23:44:33', 'eb714bd9-f58d-4bbf-878d-b083851ab28e'),
 ('495', 'Asset', '1', '0', '2017-09-25 09:45:59', '2017-09-27 23:44:34', 'ca40ecda-b937-4e7d-91ad-03fb36addbd4'),
 ('507', 'Entry', '1', '0', '2017-09-26 08:25:11', '2017-09-26 08:25:11', 'fca29f69-10fb-48eb-95dd-e000ea1455ef'),
 ('508', 'Entry', '1', '0', '2017-09-26 08:36:06', '2017-09-28 23:55:34', '98833628-211e-4e7a-8362-e9309605e3c7'),
 ('509', 'MatrixBlock', '1', '0', '2017-09-26 08:36:06', '2017-09-28 23:55:34', '1cea7c63-f1b2-4100-b816-307a3009e761'),
 ('512', 'Asset', '1', '0', '2017-09-26 09:53:13', '2017-09-27 23:44:37', 'f865d9be-6139-4e6b-95ab-46cbd8d1c6de'),
 ('515', 'Asset', '1', '0', '2017-09-26 09:58:18', '2017-09-27 23:45:04', '7290b63c-1ddb-4693-9759-d8c520ec076a'),
 ('517', 'Asset', '1', '0', '2017-09-26 10:20:52', '2017-09-27 23:45:18', '1aaca611-da25-46d6-9b39-2f3432d4abfb'),
 ('518', 'Entry', '1', '0', '2017-09-26 10:43:32', '2017-09-26 10:49:23', '28511fe4-cd98-4531-b9cb-c0111296f7c3'),
 ('520', 'Asset', '1', '0', '2017-09-26 10:49:17', '2017-09-27 23:44:58', '12bf224c-9a95-401c-a6c5-9e2d6c9c4b06'),
 ('521', 'Asset', '1', '0', '2017-09-26 11:07:34', '2017-09-27 23:44:19', '41d02eeb-1e99-4e32-85c6-8e602ee2270a'),
 ('522', 'Asset', '1', '0', '2017-09-26 11:07:52', '2017-09-27 23:44:38', 'd6b5aa6b-6cb0-48d0-9008-c10dabe15eae'),
 ('523', 'Asset', '1', '0', '2017-09-26 11:07:55', '2017-09-27 23:44:43', '5786aab2-e489-44ce-a2be-34ccd46d7067'),
 ('524', 'Asset', '1', '0', '2017-09-26 11:08:10', '2017-09-27 23:45:06', '1eaf0c15-7611-4ad0-9aa3-8137a5e073f3'),
 ('526', 'Asset', '1', '0', '2017-09-26 22:31:36', '2017-09-27 23:45:06', 'bdfc6ed6-01fb-4bc8-8e3c-48c1ad62b348'),
 ('527', 'Entry', '1', '0', '2017-09-26 22:31:55', '2017-09-26 22:31:55', 'ef1b469b-58e9-4b11-9848-0999fc2b0e66');
INSERT INTO `craft_elements` (`id`, `type`, `enabled`, `archived`, `dateCreated`, `dateUpdated`, `uid`) VALUES
 ('528', 'Entry', '1', '0', '2017-09-26 23:16:30', '2017-09-26 23:23:07', '0973a26a-ffbd-4860-8b06-1d7b618f7ebc'),
 ('529', 'Entry', '1', '0', '2017-09-26 23:21:02', '2017-09-26 23:23:07', 'a5e77720-4ae1-4d7e-8438-fb63be27a980'),
 ('530', 'Entry', '1', '0', '2017-09-26 23:21:44', '2017-09-26 23:23:07', 'bbc2b1e5-0736-4008-80dc-3880740a8adc'),
 ('531', 'Asset', '1', '0', '2017-09-26 23:59:10', '2017-09-27 23:44:19', 'd01cd907-c087-4e12-bd64-cd0d68eb5e3b'),
 ('532', 'Entry', '1', '0', '2017-09-27 07:44:52', '2017-09-27 08:45:02', '50fec107-db44-4bd9-84c1-4e9fb87adf11'),
 ('534', 'Venti_Event', '1', '0', '2017-09-27 10:30:52', '2017-09-27 10:47:59', '08e6fce5-2b35-476d-8e1d-4a45c46e7906'),
 ('535', 'Venti_Event', '0', '0', '2017-09-27 10:50:19', '2017-09-27 10:50:19', 'e0890794-23c0-42bf-b781-f1aa9a309bc5'),
 ('536', 'Venti_Event', '1', '0', '2017-09-27 10:51:11', '2017-09-27 10:51:48', 'bb37e272-edbd-4166-986f-460e4457f101'),
 ('537', 'Venti_Event', '1', '0', '2017-09-27 10:59:50', '2017-09-27 10:59:59', 'bf75750b-7ce2-4622-9ab2-4cb5f32dc9b9'),
 ('540', 'Asset', '1', '0', '2017-09-27 23:44:31', '2017-09-27 23:44:31', 'ed21430f-f381-40f1-8c3c-395c9525289d'),
 ('541', 'Asset', '1', '0', '2017-09-27 23:44:42', '2017-09-27 23:44:42', 'b37177a2-296d-4e82-82ab-4b0a2d06d97f'),
 ('542', 'Asset', '1', '0', '2017-09-27 23:45:03', '2017-09-27 23:45:03', 'e7508732-9c2a-499f-81bb-f9417e8edd22'),
 ('543', 'Venti_Event', '1', '0', '2017-09-28 00:18:50', '2017-09-28 00:20:51', '1ca332bf-3f63-4979-a116-fd90c9e78104'),
 ('544', 'Entry', '1', '0', '2017-09-28 00:23:27', '2017-09-28 03:07:46', 'f47d1441-0f3d-4c01-8bcc-77e2e4e3866a'),
 ('545', 'Entry', '1', '0', '2017-09-28 00:26:24', '2017-09-28 00:26:24', 'c999767f-2fd3-46d5-92ea-525f704bc5e0'),
 ('546', 'Entry', '1', '0', '2017-09-28 03:12:51', '2017-09-28 03:18:07', '15f6088b-12da-4903-87f1-67d73483bc33'),
 ('547', 'Entry', '1', '0', '2017-09-28 03:15:25', '2017-09-28 03:15:25', 'be6105cc-4fac-41ab-a04f-3e2e5247baeb'),
 ('548', 'Entry', '1', '0', '2017-09-28 03:17:47', '2017-09-28 03:20:34', '0ce602c6-810c-45fe-83d6-38997f7ca5d3'),
 ('549', 'Entry', '1', '0', '2017-09-28 03:20:07', '2017-09-28 03:37:15', '840490ac-a34f-4e39-b2a3-3ae91758dabc'),
 ('550', 'Entry', '1', '0', '2017-09-28 03:22:08', '2017-09-28 03:22:08', '70dd71d5-08b5-4401-8131-be3313595cb8'),
 ('551', 'Entry', '1', '0', '2017-09-28 03:23:44', '2017-09-28 03:26:18', '2fecb7ad-baa6-4d62-98d6-bcf98bd8ac9b'),
 ('552', 'Entry', '1', '0', '2017-09-28 03:25:53', '2017-09-28 03:25:53', '36c2f449-d433-4ff1-97cc-cda68f4472f2'),
 ('553', 'Entry', '1', '0', '2017-09-28 03:27:49', '2017-09-28 03:27:49', '7463571f-abc1-41d9-8ef8-726c773e93a4'),
 ('554', 'Entry', '1', '0', '2017-09-28 03:29:29', '2017-09-28 03:29:29', 'f12488f6-7980-42b7-bb6c-00542ad39586'),
 ('555', 'Entry', '1', '0', '2017-09-28 03:30:50', '2017-09-28 23:25:56', '1db80124-7673-4af4-ba74-03c2d2c2f603'),
 ('556', 'Entry', '1', '0', '2017-09-28 03:32:08', '2017-09-28 03:32:08', '24db6c8c-2861-4fdf-a409-ae1c54d671d2'),
 ('557', 'Entry', '1', '0', '2017-09-28 03:33:56', '2017-09-28 03:33:56', '35c60622-e243-44fe-b86c-7033e0035643'),
 ('558', 'Entry', '1', '0', '2017-09-28 03:35:20', '2017-09-28 03:40:18', '0f8b8f85-e189-450f-98e4-3c42cc8939de'),
 ('559', 'Entry', '1', '0', '2017-09-28 03:36:25', '2017-09-28 03:36:25', 'e4264797-6277-4fb5-9dd7-36f74e2258a2'),
 ('560', 'Entry', '1', '0', '2017-09-28 03:36:47', '2017-09-28 03:36:47', '8c8f1ed7-ff2d-4785-9be4-2a34f9e5a661'),
 ('561', 'Asset', '1', '0', '2017-09-28 22:45:51', '2017-09-28 22:45:51', '6f53c077-7567-475a-96da-3ff44967b9da'),
 ('562', 'Entry', '1', '0', '2017-09-28 22:46:38', '2017-09-28 22:52:29', '1de16195-edcb-4ecb-a2aa-77469dfe19b4'),
 ('563', 'MatrixBlock', '1', '0', '2017-09-28 22:55:27', '2017-09-28 22:57:34', '2b3e2416-9422-4936-a39a-03855acacd86');



DROP TABLE IF EXISTS `craft_elements_i18n`;


--
-- Schema for table `craft_elements_i18n`
--
CREATE TABLE `craft_elements_i18n` (
  `id` int(11) NOT NULL AUTO_INCREMENT,
  `elementId` int(11) NOT NULL,
  `locale` char(12) COLLATE utf8_unicode_ci NOT NULL,
  `slug` varchar(255) COLLATE utf8_unicode_ci DEFAULT NULL,
  `uri` varchar(255) COLLATE utf8_unicode_ci DEFAULT NULL,
  `enabled` tinyint(1) unsigned NOT NULL DEFAULT '1',
  `dateCreated` datetime NOT NULL,
  `dateUpdated` datetime NOT NULL,
  `uid` char(36) COLLATE utf8_unicode_ci NOT NULL DEFAULT '0',
  PRIMARY KEY (`id`),
  UNIQUE KEY `craft_elements_i18n_elementId_locale_unq_idx` (`elementId`,`locale`),
  UNIQUE KEY `craft_elements_i18n_uri_locale_unq_idx` (`uri`,`locale`),
  KEY `craft_elements_i18n_slug_locale_idx` (`slug`,`locale`),
  KEY `craft_elements_i18n_enabled_idx` (`enabled`),
  KEY `craft_elements_i18n_locale_fk` (`locale`)
) ENGINE=InnoDB AUTO_INCREMENT=564 DEFAULT CHARSET=utf8 COLLATE=utf8_unicode_ci;

--
-- Data for table `craft_elements_i18n`
--

INSERT INTO `craft_elements_i18n` (`id`, `elementId`, `locale`, `slug`, `uri`, `enabled`, `dateCreated`, `dateUpdated`, `uid`) VALUES
 ('1', '1', 'en_us', '', NULL, '1', '2017-08-24 19:10:37', '2017-08-24 22:29:09', 'fb02d71c-d7e4-40bd-a2ee-39d708c3bfb0'),
 ('7', '7', 'en_us', 'an-anglo-catholic-parish-in-manhattans-nomad-neighborhood', NULL, '1', '2017-08-25 13:52:11', '2017-09-01 11:23:11', '1ae4e492-1f51-4864-a114-95526dd2f5a5'),
 ('59', '59', 'en_us', 'your-quiet-moment-is-right-around-the-corner', NULL, '1', '2017-08-25 14:26:30', '2017-09-14 21:06:47', '62c42ca3-c65f-4a97-864e-be8eb96f970e'),
 ('60', '60', 'en_us', 'our-churchs-art-and-architecture-at-a-glance', NULL, '1', '2017-08-25 14:47:49', '2017-09-14 17:23:46', '4b042a3d-ee94-4ead-80f4-a130b58bb79d'),
 ('61', '61', 'en_us', 'introduction', '__home__', '1', '2017-08-25 16:28:45', '2017-09-14 21:36:54', 'ab8ec172-c231-49df-97ca-d831a4a1505a'),
 ('62', '62', 'en_us', 'who-we-are', NULL, '1', '2017-08-25 18:25:38', '2017-09-14 21:02:54', '67cd9c67-600b-4d51-80e5-b851b1d6cda7'),
 ('63', '63', 'en_us', 'liturgy', NULL, '1', '2017-08-25 18:49:23', '2017-09-14 21:01:53', '1feefbbe-b028-4d08-9bf8-714ff35e0ed7'),
 ('64', '64', 'en_us', 'music', NULL, '1', '2017-08-25 18:50:18', '2017-09-15 12:53:51', '9fb7cd4f-1e92-4c60-8c3d-f7bc28edb7c7'),
 ('65', '65', 'en_us', 'parish-life', NULL, '1', '2017-08-25 18:50:41', '2017-09-14 21:04:15', '297c082c-da93-435f-ac53-7035c540d216'),
 ('69', '69', 'en_us', 'welcome', 'about/welcome', '1', '2017-08-26 11:22:17', '2017-09-24 22:44:35', '8b3e08c8-80a2-4ac5-9684-967d4e95dfcd'),
 ('71', '71', 'en_us', '', NULL, '1', '2017-08-28 12:21:29', '2017-09-24 22:44:35', '77367a24-9a08-4e2d-b816-f9eaba471890'),
 ('76', '76', 'en_us', 'ian-betts', NULL, '1', '2017-08-28 15:15:47', '2017-09-26 10:38:31', '7f146255-5b7c-4cfa-aa14-2fd895169e8d'),
 ('78', '78', 'en_us', 'carl-avidano', NULL, '1', '2017-08-28 15:42:06', '2017-09-25 09:44:01', '1dcb8b89-0dd6-4525-9ffa-668b92f3ea95'),
 ('87', '87', 'en_us', 'who-we-are', 'about/who-we-are', '1', '2017-08-28 19:40:55', '2017-09-26 22:32:25', 'f3514a5f-1307-4afb-ab10-51a010cc9fbb'),
 ('88', '88', 'en_us', '', NULL, '1', '2017-08-28 19:41:48', '2017-09-26 22:32:25', '857bee37-3f4b-4b94-886f-015121a90433'),
 ('94', '94', 'en_us', 'good-things-come-in-threes', 'blog/2017/good-things-come-in-threes', '1', '2017-08-30 09:08:48', '2017-09-26 23:49:21', '410d93fa-4d01-4514-8a3d-b70a4e6e5e70'),
 ('107', '107', 'en_us', '', NULL, '1', '2017-08-30 13:55:36', '2017-09-26 23:49:21', '39c90646-c363-45e8-b985-8b922487a306'),
 ('108', '108', 'en_us', '', NULL, '1', '2017-08-30 14:03:42', '2017-09-26 23:49:21', 'b5b00bd9-b906-443d-bbfd-726f48545ca7'),
 ('111', '111', 'en_us', '', NULL, '1', '2017-08-30 14:11:22', '2017-09-26 23:49:21', 'f9231e46-7a6c-4d3a-9bfa-afc81ec28a95'),
 ('115', '115', 'en_us', 'this-is-another-article', 'blog/2017/this-is-another-article', '1', '2017-08-30 15:21:41', '2017-08-31 14:04:55', 'dddc901f-670a-42fb-9869-5c1bc8569e77'),
 ('116', '116', 'en_us', '', NULL, '1', '2017-08-30 15:21:41', '2017-08-31 14:04:55', 'd9e02b64-8702-48cc-bf61-0260e788bb37'),
 ('122', '122', 'en_us', '', NULL, '1', '2017-08-30 23:13:51', '2017-09-26 23:49:21', '2a2572f0-bbf3-443d-b8c1-c88c725695b6'),
 ('126', '126', 'en_us', '', NULL, '1', '2017-08-30 23:20:46', '2017-09-26 23:49:21', '5f241253-7e9a-4f42-a81e-7d9748c59a84'),
 ('131', '131', 'en_us', 'marquee-01', NULL, '1', '2017-08-31 11:24:59', '2017-09-27 23:45:05', '8bbd8cd8-3873-4c27-b378-eac089f81ab6'),
 ('132', '132', 'en_us', 'marquee-02', NULL, '1', '2017-08-31 11:24:59', '2017-09-27 23:45:05', '8894fc7c-ebc5-4119-b203-51dace810515'),
 ('133', '133', 'en_us', 'marquee-03', NULL, '1', '2017-08-31 11:25:00', '2017-09-27 23:45:05', '71dc4fb5-e906-4742-9c28-0567be3c3265'),
 ('138', '138', 'en_us', 'liturgy', NULL, '1', '2017-08-31 11:35:10', '2017-09-27 23:45:11', '9d2f234a-af0e-4db7-812d-6ad088154bf7'),
 ('139', '139', 'en_us', 'music', NULL, '1', '2017-08-31 11:35:10', '2017-09-27 23:45:13', '4bebc8f7-3ae6-4369-9378-3b6abf4c79e6'),
 ('140', '140', 'en_us', 'parish-life', NULL, '1', '2017-08-31 11:35:11', '2017-09-27 23:45:12', 'c8cc56c3-bdae-43ef-bbf2-8952f6d1c8e2'),
 ('141', '141', 'en_us', 'who-we-are', NULL, '1', '2017-08-31 11:35:11', '2017-09-27 23:45:12', 'f151c4b5-8e8e-414b-8839-bd2d86153d0b'),
 ('142', '142', 'en_us', 'bio-ian-betts', NULL, '1', '2017-08-31 11:39:21', '2017-09-27 23:44:21', 'ee5cb440-bfd6-4ec8-8b47-77f63b7938cb'),
 ('144', '144', 'en_us', 'edwin-booth-window-verticle', NULL, '1', '2017-08-31 11:39:22', '2017-09-27 23:44:23', 'b2e9e241-8b82-4762-9b84-2fd0745f5cd3'),
 ('145', '145', 'en_us', 'bio-john-david-van-dooren', NULL, '1', '2017-08-31 11:39:22', '2017-09-27 23:44:23', '105f88eb-217c-47ec-a0d2-cc8fb4818f55'),
 ('146', '146', 'en_us', 'fr-patrick-and-dog', NULL, '1', '2017-08-31 11:39:22', '2017-09-27 23:44:24', 'cc3af603-2be8-4082-aab3-1e2505c08f47'),
 ('147', '147', 'en_us', 'fr-patrick-and-dog', NULL, '1', '2017-08-31 11:39:22', '2017-09-27 23:44:24', '668ac40d-733e-4535-b998-68c7dccd95f3'),
 ('148', '148', 'en_us', 'placeholder', NULL, '1', '2017-08-31 11:39:23', '2017-09-27 23:44:25', '88b610ee-d3de-427f-ab43-7e03ff91e269'),
 ('149', '149', 'en_us', 'richard-upjohn-brass-filigree-pulpit', NULL, '1', '2017-08-31 11:39:23', '2017-09-27 23:44:25', 'cf0c93aa-f3eb-4242-94ae-52cffc265287'),
 ('150', '150', 'en_us', 'blog-01', NULL, '1', '2017-08-31 11:39:23', '2017-09-27 23:44:25', '4a2117f3-078a-4e6d-bf7f-3251b0d1422d'),
 ('151', '151', 'en_us', 'btn-facebook', NULL, '1', '2017-08-31 11:39:23', '2017-09-27 23:44:26', 'd9b3b081-2b3a-4681-9d3d-f18d8fad071c'),
 ('152', '152', 'en_us', 'btn-facebook', NULL, '1', '2017-08-31 11:39:24', '2017-09-27 23:44:26', 'eb7eb3b5-d30d-40fc-8639-6a8942d6485d'),
 ('153', '153', 'en_us', 'btn-instagram', NULL, '1', '2017-08-31 11:39:24', '2017-09-27 23:44:26', '34fcb234-9564-4caa-856c-8a9fbec51ca3'),
 ('154', '154', 'en_us', 'btn-instagram', NULL, '1', '2017-08-31 11:39:24', '2017-09-27 23:44:26', '31ee5337-5e6d-455a-9349-a47cf15847b3'),
 ('155', '155', 'en_us', 'btn-share-email', NULL, '1', '2017-08-31 11:39:24', '2017-09-27 23:44:26', '67d3ec50-aeee-471e-b65e-c29d607b060d'),
 ('156', '156', 'en_us', 'btn-share-email', NULL, '1', '2017-08-31 11:39:24', '2017-09-27 23:44:26', '3a130677-54b9-4928-9faf-b72691238e32'),
 ('157', '157', 'en_us', 'btn-share-facebook', NULL, '1', '2017-08-31 11:39:25', '2017-09-27 23:44:27', '65268af2-a79d-430b-abb8-f6414a6bbaaf'),
 ('158', '158', 'en_us', 'btn-share-facebook', NULL, '1', '2017-08-31 11:39:25', '2017-09-27 23:44:27', 'ebe786e8-04fb-45a7-8644-d2faa8b08f15'),
 ('159', '159', 'en_us', 'btn-share-google-plus', NULL, '1', '2017-08-31 11:39:25', '2017-09-27 23:44:27', '95250e20-75b4-4cc2-aece-67518a0ccde7'),
 ('160', '160', 'en_us', 'btn-share-google-plus', NULL, '1', '2017-08-31 11:39:25', '2017-09-27 23:44:27', '1dbb4e7e-6d61-4102-9ccd-90419ff9a5f8'),
 ('161', '161', 'en_us', 'btn-share-twitter', NULL, '1', '2017-08-31 11:39:25', '2017-09-27 23:44:27', '72d75a89-a2a1-4134-8102-9f7aab680579'),
 ('162', '162', 'en_us', 'btn-share-twitter', NULL, '1', '2017-08-31 11:39:26', '2017-09-27 23:44:28', '8e702a7e-d191-4570-b312-0b9b59ba98eb'),
 ('163', '163', 'en_us', 'btn-toggle-menu', NULL, '1', '2017-08-31 11:39:26', '2017-09-27 23:44:28', '504560ca-6b83-4aef-aa2c-df93349ef228'),
 ('164', '164', 'en_us', 'btn-toggle-menu', NULL, '1', '2017-08-31 11:39:26', '2017-09-27 23:44:28', '2393419d-fb4a-43b1-9452-c1924905aba2'),
 ('165', '165', 'en_us', 'btn-twiiter', NULL, '1', '2017-08-31 11:39:26', '2017-09-27 23:44:29', 'a3420aa1-deec-4cb5-944e-a2d99415b69c'),
 ('166', '166', 'en_us', 'btn-twiiter', NULL, '1', '2017-08-31 11:39:26', '2017-09-27 23:44:30', '726f48b3-9ed2-43ee-9dda-8244de701ca4'),
 ('167', '167', 'en_us', 'btn-twitter', NULL, '1', '2017-08-31 11:39:27', '2017-09-27 23:44:31', 'd94a9478-bc61-4087-ab6f-679d850d57ee'),
 ('168', '168', 'en_us', 'btn-twitter', NULL, '1', '2017-08-31 11:39:27', '2017-09-27 23:44:31', 'a85d3e8a-cdea-4d19-80ba-c1df130fd867'),
 ('169', '169', 'en_us', 'btn-youtube', NULL, '1', '2017-08-31 11:39:27', '2017-09-27 23:44:31', '487bb9b4-b0af-4361-9034-aa06de5c1052'),
 ('170', '170', 'en_us', 'btn-youtube', NULL, '1', '2017-08-31 11:39:27', '2017-09-27 23:44:31', '9e7d63ff-6ecb-4a84-815e-88a993b9bbe5'),
 ('171', '171', 'en_us', 'episcopal-badge', NULL, '1', '2017-08-31 11:39:27', '2017-09-27 23:44:31', '4babb2bb-5c01-4382-9ec4-d72d25a3bd47'),
 ('172', '172', 'en_us', 'episcopal-badge', NULL, '1', '2017-08-31 11:39:28', '2017-09-27 23:44:32', 'a9d7dfbf-7943-4b38-80d2-3a1aae3a6c21'),
 ('173', '173', 'en_us', 'feature-little-church', NULL, '1', '2017-08-31 11:39:28', '2017-09-27 23:44:33', '7b6b2e09-24be-4196-a2a7-32aee85fb391'),
 ('174', '174', 'en_us', 'figure-window', NULL, '1', '2017-08-31 11:39:28', '2017-09-27 23:44:34', '44dd5ce0-a351-4284-bbe8-b071a6ca822f'),
 ('175', '175', 'en_us', 'figure-window', NULL, '1', '2017-08-31 11:39:28', '2017-09-27 23:44:34', 'dd98d640-ab30-4fe4-a5a0-5a5692a14e51'),
 ('176', '176', 'en_us', 'hero-welcome', NULL, '1', '2017-08-31 11:39:29', '2017-09-27 23:44:42', '28f33d86-8ce8-48d8-8dc3-b4db2d9585ad'),
 ('177', '177', 'en_us', 'hero-who-we-are', NULL, '1', '2017-08-31 11:39:29', '2017-09-27 23:44:42', 'f6a29c69-cb87-46f6-901d-fd7ef4dbbe59'),
 ('178', '178', 'en_us', 'hero-our-history', NULL, '1', '2017-08-31 11:39:29', '2017-09-27 23:44:43', '7d3daa3a-2496-4dcf-9407-5d50e05ff7cf'),
 ('180', '180', 'en_us', 'hero-welcome', NULL, '1', '2017-08-31 11:39:30', '2017-09-27 23:44:44', '5e23a9f9-185e-4360-832c-d196fb77ffd9'),
 ('181', '181', 'en_us', 'hero-who-we-are', NULL, '1', '2017-08-31 11:39:30', '2017-09-27 23:44:44', 'bac6e7b5-d90e-4498-b5e6-d47744be96a9'),
 ('182', '182', 'en_us', 'hero-worship-schedule', NULL, '1', '2017-08-31 11:39:30', '2017-09-27 23:44:44', 'd41c0b3b-5002-484e-b643-271ecb8edb60'),
 ('183', '183', 'en_us', 'little-church-logo', NULL, '1', '2017-08-31 11:39:31', '2017-09-27 23:44:45', 'e5cbb376-497e-422e-91c4-7fe8d2a06775'),
 ('184', '184', 'en_us', 'little-church-logo', NULL, '1', '2017-08-31 11:39:31', '2017-09-27 23:44:45', '0c8ae91e-6a2c-45bb-97ff-e9a56516aeaf'),
 ('185', '185', 'en_us', 'marquee-01', NULL, '1', '2017-08-31 11:39:31', '2017-09-27 23:44:45', '3285a098-a303-40ac-ae75-a2ec619d6d7e'),
 ('186', '186', 'en_us', 'marquee-02', NULL, '1', '2017-08-31 11:39:31', '2017-09-27 23:44:45', 'a8ae5e2a-6c09-4f93-a7d6-47db322dea52'),
 ('187', '187', 'en_us', 'marquee-03', NULL, '1', '2017-08-31 11:39:32', '2017-09-27 23:44:46', 'b943fb99-6c19-4d03-b2bb-cbf52e831ec8'),
 ('191', '191', 'en_us', 'liturgy', NULL, '1', '2017-08-31 11:39:33', '2017-09-27 23:44:46', '5ccffbbc-e55b-4e80-b8d7-7fdb0f67c865'),
 ('192', '192', 'en_us', 'music', NULL, '1', '2017-08-31 11:39:33', '2017-09-27 23:44:46', '986a1a19-2f26-40dc-8923-dc56c9b15dbf'),
 ('193', '193', 'en_us', 'parish-life', NULL, '1', '2017-08-31 11:39:33', '2017-09-27 23:44:47', 'a30c74b3-9cde-4bfc-b1d5-6dc25edc4493'),
 ('194', '194', 'en_us', 'who-we-are', NULL, '1', '2017-08-31 11:39:34', '2017-09-27 23:44:48', '40375aac-a000-483a-8946-bd323a6116d5'),
 ('195', '195', 'en_us', '01', NULL, '1', '2017-08-31 11:39:34', '2017-09-27 23:44:49', '047cb6c2-00d9-4814-ad09-914cb918245a'),
 ('196', '196', 'en_us', '02', NULL, '1', '2017-08-31 11:39:34', '2017-09-27 23:44:49', 'a652bb09-1636-4fc6-8499-7f350c533215'),
 ('197', '197', 'en_us', '03', NULL, '1', '2017-08-31 11:39:35', '2017-09-27 23:44:49', 'a75c8b42-2019-4100-a6da-dac23b4c1ca2'),
 ('198', '198', 'en_us', '04', NULL, '1', '2017-08-31 11:39:35', '2017-09-27 23:44:50', '56d41741-6cd3-49df-befa-15f107058545'),
 ('199', '199', 'en_us', '05', NULL, '1', '2017-08-31 11:39:35', '2017-09-27 23:44:50', 'b8843065-a035-4549-b0e3-242a9a1e2d9a'),
 ('200', '200', 'en_us', '06', NULL, '1', '2017-08-31 11:39:36', '2017-09-27 23:44:50', '33621415-0b76-4763-b710-703a72a27a6a'),
 ('201', '201', 'en_us', '07', NULL, '1', '2017-08-31 11:39:36', '2017-09-27 23:44:50', '0275babf-93f0-4f61-a233-5ea46d3919c2'),
 ('202', '202', 'en_us', 'wheelchair-access', NULL, '1', '2017-08-31 11:39:36', '2017-09-27 23:44:51', '7ff35f0a-55e4-4043-abf7-f89ba1ae4101'),
 ('203', '203', 'en_us', 'wheelchair-access', NULL, '1', '2017-08-31 11:39:37', '2017-09-27 23:44:51', '1f4e58ce-8e2a-41f1-8165-adb4784ef35f'),
 ('204', '204', 'en_us', 'figure-window', NULL, '1', '2017-08-31 11:39:37', '2017-09-27 23:44:52', '6417ae0f-0434-467d-9cf4-1f8b46e2a7aa'),
 ('205', '205', 'en_us', 'blog-01', NULL, '1', '2017-08-31 11:39:37', '2017-09-27 23:44:53', '236f49d5-88a7-4ae4-96e9-8e2dccc75d9b'),
 ('206', '206', 'en_us', 'fr-patrick-and-dog', NULL, '1', '2017-08-31 11:39:38', '2017-09-27 23:44:52', 'fe019bbe-1c5d-4553-83ee-946399746c5b'),
 ('207', '207', 'en_us', 'hero-welcome', NULL, '1', '2017-08-31 11:39:38', '2017-09-27 23:45:03', '64031298-bf3f-41a4-8020-bfe439dd7b58'),
 ('208', '208', 'en_us', 'hero-who-we-are', NULL, '1', '2017-08-31 11:39:39', '2017-09-27 23:45:04', '4a2a0998-48e3-4820-b4b2-09655647d64d'),
 ('209', '209', 'en_us', 'bio-ian-betts', NULL, '1', '2017-08-31 11:39:40', '2017-09-27 23:45:07', 'a9a219fb-54ce-44df-9e6d-da901581cbd1'),
 ('210', '210', 'en_us', 'bio-john-david-van-dooren', NULL, '1', '2017-08-31 11:39:41', '2017-09-27 23:45:08', '19af0b06-0352-4d91-be09-e19e41d618fc'),
 ('211', '211', 'en_us', 'edwin-booth-window-verticle', NULL, '1', '2017-08-31 11:39:41', '2017-09-27 23:45:09', 'f9433e6d-9d4a-4042-982e-e3cb8be26d9b'),
 ('213', '213', 'en_us', 'fr-patrick-and-dog', NULL, '1', '2017-08-31 11:39:42', '2017-09-27 23:45:10', '2a7adcaf-ea97-4c72-9999-97ebda9aa12c'),
 ('214', '214', 'en_us', 'fr-patrick-and-dog', NULL, '1', '2017-08-31 11:39:42', '2017-09-27 23:45:10', 'f1fb601f-df6b-463e-a0f8-666b05dcac3e'),
 ('215', '215', 'en_us', 'placeholder', NULL, '1', '2017-08-31 11:39:42', '2017-09-27 23:45:11', '38c3c435-1e8a-469c-8e8e-d67b702711d4'),
 ('216', '216', 'en_us', 'richard-upjohn-brass-filigree-pulpit', NULL, '1', '2017-08-31 11:39:43', '2017-09-27 23:45:11', '894b3257-07ca-49d8-8bc3-3d548a1cdbbe'),
 ('218', '218', 'en_us', '', NULL, '1', '2017-08-31 11:49:46', '2017-09-26 23:49:21', '6cd87004-33ff-4e5c-988c-291763674064');
INSERT INTO `craft_elements_i18n` (`id`, `elementId`, `locale`, `slug`, `uri`, `enabled`, `dateCreated`, `dateUpdated`, `uid`) VALUES
 ('219', '219', 'en_us', 'ralph-adams-cram-madonna-shrine', NULL, '1', '2017-08-31 13:41:24', '2017-09-27 23:44:24', '1d9a5199-dafc-4fef-8c51-dba92f6c1e9b'),
 ('220', '220', 'en_us', 'ralph-adams-cram-madonna-shrine', NULL, '1', '2017-08-31 13:41:41', '2017-09-27 23:45:10', 'ae75c78b-abf0-43ab-9ee8-a172b329429d'),
 ('221', '221', 'en_us', 'the-garden', 'blog/2017/the-garden', '1', '2017-08-31 14:07:29', '2017-09-26 11:02:08', 'e96e23de-73d4-45a5-ace1-6dcf60024d55'),
 ('223', '223', 'en_us', 'the-garden', NULL, '1', '2017-08-31 14:20:29', '2017-09-27 23:44:54', 'e5a41704-3a7e-493e-a01f-ec610147f8aa'),
 ('224', '224', 'en_us', '', NULL, '1', '2017-08-31 14:22:23', '2017-09-26 11:02:08', '3e90e5aa-def5-4b11-90d2-7b0a011a3c60'),
 ('225', '225', 'en_us', 'the-garden', NULL, '1', '2017-08-31 17:47:59', '2017-09-27 23:44:24', '7eb5b75a-8772-414b-93b3-6527bf3aad3f'),
 ('226', '226', 'en_us', 'the-garden', NULL, '1', '2017-08-31 17:48:24', '2017-09-27 23:45:10', '66739f44-7800-4eca-8cd8-34102ca1bd12'),
 ('227', '227', 'en_us', 'feature-little-church', NULL, '1', '2017-08-31 18:50:03', '2017-09-27 23:45:13', '627fcba7-259e-42a4-8fd6-f02c8637148e'),
 ('228', '228', 'en_us', 'feature-little-church', NULL, '1', '2017-08-31 19:05:48', '2017-09-27 23:44:36', '4ec16380-87f2-4ca8-98f6-a45a5aed681f'),
 ('229', '229', 'en_us', 'fr-patrick-cheng', NULL, '1', '2017-08-31 19:57:03', '2017-09-25 09:44:18', '06dfad5c-e9e6-42a1-83fa-d32a076436b3'),
 ('231', '231', 'en_us', 'hero-our-mission', NULL, '1', '2017-08-31 20:22:40', '2017-09-27 23:45:02', '07948d84-c11d-4da0-9b76-349109d35353'),
 ('234', '234', 'en_us', 'our-history', 'about/our-history', '1', '2017-08-31 20:27:54', '2017-09-24 22:47:01', '0a949f16-3580-4ca1-a313-b0bf36c10aec'),
 ('235', '235', 'en_us', 'hero-our-history', NULL, '1', '2017-08-31 20:28:29', '2017-09-27 23:45:02', '490807fe-7c7f-4d0c-a677-8272c68ddc6b'),
 ('236', '236', 'en_us', '', NULL, '1', '2017-08-31 20:29:51', '2017-09-24 22:47:01', 'ed43fb2c-163b-4ed8-a06e-2e410177468f'),
 ('238', '238', 'en_us', 'hero-parish-life', NULL, '1', '2017-08-31 20:33:51', '2017-09-27 23:45:02', 'fd4873d1-d0a3-46a0-ab4d-0f6b8b61676e'),
 ('239', '239', 'en_us', 'parish-life', 'about/parish-life', '1', '2017-08-31 20:36:16', '2017-09-16 23:19:26', 'bb6253c7-2b88-4c16-9be3-bdb5f47b0516'),
 ('240', '240', 'en_us', '', NULL, '1', '2017-08-31 20:36:16', '2017-09-16 23:19:26', '01693aeb-4173-42b4-8a9c-14cbbc5f68d5'),
 ('243', '243', 'en_us', 'hero-worship-schedule', NULL, '1', '2017-09-01 10:10:20', '2017-09-27 23:45:04', '9ffec3e1-12b1-409d-a05a-bcca3960232e'),
 ('244', '244', 'en_us', 'worship-schedule', 'worship/worship-schedule', '1', '2017-09-01 10:13:15', '2017-09-26 23:03:01', '22895e0f-d545-432e-bc92-a131d001ba17'),
 ('245', '245', 'en_us', '', NULL, '1', '2017-09-01 10:13:16', '2017-09-26 23:03:01', 'c53d20b7-549e-4fe2-884d-d1b1afca7fa7'),
 ('246', '246', 'en_us', 'hero-liturgy', NULL, '1', '2017-09-01 11:19:33', '2017-09-27 23:44:38', 'dabee434-e068-4142-aa7e-491983e017cb'),
 ('247', '247', 'en_us', 'hero-our-history', NULL, '1', '2017-09-01 11:19:33', '2017-09-27 23:44:39', '1c1ce54d-2e71-48e2-b173-05e7453fb187'),
 ('248', '248', 'en_us', 'hero-our-mission', NULL, '1', '2017-09-01 11:19:33', '2017-09-27 23:44:39', '08e0a0a2-e3b7-4a42-a7ea-00b34cc0eb1d'),
 ('249', '249', 'en_us', 'hero-parish-life', NULL, '1', '2017-09-01 11:19:34', '2017-09-27 23:44:40', 'bd09b3b5-f051-4b4e-9e23-72557bedd515'),
 ('250', '250', 'en_us', 'hero-worship-schedule', NULL, '1', '2017-09-01 11:19:34', '2017-09-27 23:44:43', '882fef2c-e05f-4f78-91cf-8a2ac0bdcd3a'),
 ('251', '251', 'en_us', 'hero-liturgy', NULL, '1', '2017-09-01 11:19:43', '2017-09-27 23:44:59', 'ee8ed719-cb1e-47ba-b6b7-1839d04cac43'),
 ('253', '253', 'en_us', '01', NULL, '1', '2017-09-01 11:44:52', '2017-09-27 23:45:14', '5d74fb60-52e6-446a-8d88-815d63c0cc83'),
 ('254', '254', 'en_us', 'lich-gate', 'virtual-tour/lich-gate', '1', '2017-09-01 11:45:08', '2017-09-23 17:31:27', '16a45de9-ff29-4f6b-993d-627e68d74302'),
 ('261', '261', 'en_us', '02', NULL, '1', '2017-09-01 11:46:08', '2017-09-27 23:45:14', 'df5138da-18c7-4b7c-98dd-54626cb2fb50'),
 ('262', '262', 'en_us', '03', NULL, '1', '2017-09-01 11:46:09', '2017-09-27 23:45:14', 'b355f3ee-07af-4439-a4a3-cfed161589c5'),
 ('263', '263', 'en_us', '04', NULL, '1', '2017-09-01 11:46:09', '2017-09-27 23:45:14', 'f537b19f-dcf2-4a8b-bf1a-b5c7301bf344'),
 ('264', '264', 'en_us', '05', NULL, '1', '2017-09-01 11:46:09', '2017-09-27 23:45:15', '6cea5025-8e50-4c52-8d2a-fe08827a6734'),
 ('265', '265', 'en_us', '06', NULL, '1', '2017-09-01 11:46:10', '2017-09-27 23:45:15', '00412719-2313-4f4a-9d8e-d0e0c1bfc30d'),
 ('266', '266', 'en_us', '07', NULL, '1', '2017-09-01 11:46:10', '2017-09-27 23:45:15', '3d56b82f-f256-468e-97a9-70d6fc11f33a'),
 ('267', '267', 'en_us', 'holy-family-chapel', 'virtual-tour/holy-family-chapel', '1', '2017-09-01 11:46:35', '2017-09-14 18:17:34', 'ad7e8a66-ef0d-4d28-882c-e418ef1db4c6'),
 ('268', '268', 'en_us', 'sir-richard-westmacott-madonna', 'virtual-tour/sir-richard-westmacott-madonna', '1', '2017-09-01 11:47:05', '2017-09-14 18:18:52', '8db9df57-db4b-41c9-a6a0-51d5c16d7c65'),
 ('269', '269', 'en_us', '', NULL, '1', '2017-09-04 20:55:33', '2017-09-24 22:47:01', 'f7a2f222-dea6-49f5-9abe-0c24d1fcd2af'),
 ('270', '270', 'en_us', '', NULL, '1', '2017-09-04 20:56:38', '2017-09-24 22:47:01', 'd1ffbfcc-3200-4ce8-a7a5-38fec8466b3c'),
 ('271', '271', 'en_us', 'outreach', 'about/outreach', '1', '2017-09-05 14:56:51', '2017-09-24 22:49:51', '58d0516d-d03f-45e4-912b-a2700912ceee'),
 ('272', '272', 'en_us', '', NULL, '1', '2017-09-05 15:02:17', '2017-09-24 22:49:51', '120f575a-0602-473b-9df0-4b397bfa3e5c'),
 ('273', '273', 'en_us', 'hero-visit', NULL, '1', '2017-09-06 16:31:55', '2017-09-27 23:44:43', '652975cc-79e8-4df6-bf19-f952ead35a2c'),
 ('274', '274', 'en_us', 'select-arrows', NULL, '1', '2017-09-06 16:31:59', '2017-09-27 23:44:48', '65fca0da-bbc7-4d70-9b8e-3d79f4568799'),
 ('275', '275', 'en_us', 'select-arrows', NULL, '1', '2017-09-06 16:31:59', '2017-09-27 23:44:48', 'ba577e62-a5fc-4b4e-a764-8751da89ea9c'),
 ('287', '287', 'en_us', 'audio-sermons', 'worship/audio-sermons', '1', '2017-09-12 09:46:39', '2017-09-12 19:11:02', '74d5c419-f239-4268-bec9-7d14045d0a95'),
 ('288', '288', 'en_us', '', NULL, '1', '2017-09-12 09:46:39', '2017-09-12 19:11:02', '682bba2f-793d-406e-b188-6ceede3a7413'),
 ('289', '289', 'en_us', 'the-fourteenth-sunday-after-pentecost', NULL, '1', '2017-09-12 10:24:17', '2017-09-12 16:50:56', '16f14a93-637d-4df4-8429-607d595a5cfc'),
 ('295', '295', 'en_us', '08-06-17', NULL, '1', '2017-09-12 16:46:27', '2017-09-27 23:45:16', '708b9b64-d462-418f-8178-644ba99175a1'),
 ('296', '296', 'en_us', '08-27-17', NULL, '1', '2017-09-12 16:46:28', '2017-09-27 23:45:16', '1a076fbb-529b-49fa-beac-13f90c70f84b'),
 ('297', '297', 'en_us', '08-20-17', NULL, '1', '2017-09-12 16:46:28', '2017-09-27 23:45:16', '977f8777-978b-4e86-88a1-01f2244fc024'),
 ('298', '298', 'en_us', '08-13-17', NULL, '1', '2017-09-12 16:46:28', '2017-09-27 23:45:16', 'e5151827-c2d2-4677-9683-3c5ec44289f9'),
 ('299', '299', 'en_us', '09-03-17', NULL, '1', '2017-09-12 16:46:28', '2017-09-27 23:45:17', 'dc208453-6463-4129-88c4-8a07fe307120'),
 ('301', '301', 'en_us', '09-10-17', NULL, '1', '2017-09-12 16:49:43', '2017-09-27 23:45:17', 'c59c7b74-9d4d-43c5-9e54-e1cd1b5b0700'),
 ('302', '302', 'en_us', 'the-thirteenth-sunday-after-pentecost', NULL, '1', '2017-09-12 16:50:42', '2017-09-12 16:53:13', '6c20d767-bd6c-4cc4-91ec-57276e30ff17'),
 ('303', '303', 'en_us', 'the-twelfth-sunday-after-pentecost', NULL, '1', '2017-09-12 16:54:31', '2017-09-12 16:54:31', 'c2a83bb0-d8bc-47a7-bb5e-ff50b7ed3e9c'),
 ('304', '304', 'en_us', 'the-eleventh-sunday-after-pentecost', NULL, '1', '2017-09-12 16:58:27', '2017-09-12 17:00:22', '8028922b-dc5f-484d-b763-cbf4fa05bd36'),
 ('309', '309', 'en_us', 'bio-patrick-cheng', NULL, '1', '2017-09-13 07:16:26', '2017-09-27 23:45:09', 'b4e8eb57-35d1-45e7-8cfc-8b74fb3aef45'),
 ('311', '311', 'en_us', 'bio-warren-c-platt', NULL, '1', '2017-09-13 07:17:45', '2017-09-27 23:45:09', '4a09a6be-09fe-47e4-b470-ad2c58956399'),
 ('313', '313', 'en_us', 'bio-grace-kobryn', NULL, '1', '2017-09-13 07:19:39', '2017-09-27 23:45:07', '837fcc1a-37d3-47be-8099-f88740914271'),
 ('315', '315', 'en_us', 'bio-claudia-dumschat', NULL, '1', '2017-09-13 07:27:13', '2017-09-27 23:45:06', '817250da-548f-40f6-a608-aae5e75da0bc'),
 ('316', '316', 'en_us', 'bio-claudia-dumschat', NULL, '1', '2017-09-13 07:27:29', '2017-09-27 23:44:19', 'ce1442eb-b23d-447d-85a4-335a23de80d9'),
 ('317', '317', 'en_us', 'bio-grace-kobryn', NULL, '1', '2017-09-13 07:27:29', '2017-09-27 23:44:19', 'ab37dbf8-133a-4ea2-abe9-a8b9b9d355a2'),
 ('318', '318', 'en_us', 'bio-patrick-cheng', NULL, '1', '2017-09-13 07:27:30', '2017-09-27 23:44:23', '88a7c811-5048-4767-88ee-63ab591ce8d1'),
 ('319', '319', 'en_us', 'bio-warren-c-platt', NULL, '1', '2017-09-13 07:27:30', '2017-09-27 23:44:23', '3ba2097c-6ea3-4bb9-9db3-84cfec5285c3'),
 ('321', '321', 'en_us', 'fr-warren-c-platt', NULL, '1', '2017-09-13 08:49:10', '2017-09-25 09:44:35', '525b4e7c-4848-49df-8528-9efa7176e4a3'),
 ('322', '322', 'en_us', 'grace-kobryn', NULL, '1', '2017-09-13 08:53:46', '2017-09-28 11:04:06', '72feb191-b01b-40b4-a573-daff52ec8adb'),
 ('323', '323', 'en_us', '', NULL, '1', '2017-09-13 08:53:56', '2017-09-26 22:32:25', '20526f78-b507-4d22-ab9c-c912fa6af074'),
 ('324', '324', 'en_us', 'music-at-transfiguration', 'music/music-at-transfiguration', '1', '2017-09-13 09:19:39', '2017-09-26 09:58:29', '9444b492-a570-4ab1-906c-5cb0d8c907fe'),
 ('326', '326', 'en_us', 'hero-music-at-transfiguration', NULL, '1', '2017-09-13 09:26:39', '2017-09-27 23:44:55', '9b1ba3bb-3d1f-4ede-ad4a-9b271ab7d9ab'),
 ('328', '328', 'en_us', 'hero-organist-and-choirmaster', NULL, '1', '2017-09-13 09:40:28', '2017-09-27 23:45:01', 'ba245a14-8982-411e-b19b-f847c43bde59'),
 ('329', '329', 'en_us', 'organist-and-choirmaster', 'music/organist-and-choirmaster', '1', '2017-09-13 09:42:08', '2017-09-27 08:09:19', '8fa3e953-20ac-4463-929d-b9ed13f0899a'),
 ('330', '330', 'en_us', '', NULL, '1', '2017-09-13 09:42:53', '2017-09-27 08:09:19', '9ebb03e9-fa6a-4c08-a923-4ad573f9cf17'),
 ('332', '332', 'en_us', 'hero-organist-and-choirmaster', NULL, '1', '2017-09-13 10:21:08', '2017-09-27 23:44:39', 'e9e14787-e09b-4f77-9605-b1e021c51fe8'),
 ('333', '333', 'en_us', 'concert-series', 'music/concert-series', '1', '2017-09-13 10:34:14', '2017-09-27 10:37:11', '56d9a369-4aac-413e-a17d-c1e33b91c27e'),
 ('335', '335', 'en_us', 'figure-organ', NULL, '1', '2017-09-13 10:40:09', '2017-09-27 23:44:51', 'bcc348e4-4217-4878-8d1d-41905f7efe52'),
 ('339', '339', 'en_us', 'hero-concert-series', NULL, '1', '2017-09-13 10:56:17', '2017-09-27 23:44:57', 'f5903153-a8ce-49f4-abbc-85c6aa6e5f93'),
 ('342', '342', 'en_us', 'figure-organ', NULL, '1', '2017-09-13 14:39:28', '2017-09-27 23:44:33', '51ff0305-6f03-4b99-9fec-c39e30bc48e5'),
 ('343', '343', 'en_us', 'hero-concert-series', NULL, '1', '2017-09-13 14:39:29', '2017-09-27 23:44:38', 'f3ec5f4f-8dbd-433f-a54c-1eb41d1dc917'),
 ('344', '344', 'en_us', 'midday-music', 'event/midday-music/2017-09-12', '1', '2017-09-14 08:25:26', '2017-09-27 10:17:35', 'fd977a84-3d88-4416-acff-3ae895b88e4c'),
 ('345', '345', 'en_us', 'midday-music', 'event/midday-music/2017-09-19', '1', '2017-09-14 08:41:25', '2017-09-27 10:17:35', '46a5a618-3aaf-47e6-96ef-f5b49f35cb81'),
 ('346', '346', 'en_us', 'new-venti-event', 'event/new-venti-event/2017-09-26', '1', '2017-09-14 08:44:20', '2017-09-27 10:17:35', '7593338b-77a7-4a3e-96ed-685ee2dfff10'),
 ('347', '347', 'en_us', 'midday-music', 'event/midday-music/2017-10-03', '1', '2017-09-14 08:47:28', '2017-09-27 10:17:35', '0c20622d-faf7-4464-9d85-b08ac4fc8c46'),
 ('348', '348', 'en_us', 'solemn-mass', 'event/solemn-mass/2017-08-27', '1', '2017-09-14 08:55:46', '2017-09-24 20:57:35', '5581bd3c-258b-4736-9ee8-d0db5377fc9f'),
 ('349', '349', 'en_us', 'morning-prayer', 'event/morning-prayer/2017-09-01', '1', '2017-09-14 08:58:26', '2017-09-24 20:57:27', 'e8a9d6ff-2d93-4e96-9353-54c3866b4e4b'),
 ('351', '351', 'en_us', 'marquee-04', NULL, '1', '2017-09-14 17:21:36', '2017-09-27 23:45:05', 'd8ce99b4-be0a-4c97-a416-b5a5e36b5cd1'),
 ('352', '352', 'en_us', 'placeholder', NULL, '1', '2017-09-14 17:23:28', '2017-09-23 18:00:02', '17a2925a-0646-4e46-9080-a81f6a50e4ac'),
 ('353', '353', 'en_us', 'the-joseph-jefferson-window', 'virtual-tour/the-joseph-jefferson-window', '1', '2017-09-14 18:20:39', '2017-09-14 18:21:01', '5ec81b03-6689-4c31-a2e3-326fd070edfd'),
 ('355', '355', 'en_us', 'liturgy', 'worship/liturgy', '1', '2017-09-14 19:20:28', '2017-09-28 22:57:34', '98fe13c8-bd3c-4caf-ae3d-558defd10d2b'),
 ('358', '358', 'en_us', 'hero-bible-study', NULL, '1', '2017-09-14 19:32:53', '2017-09-27 23:44:56', 'd384058b-652c-40a7-a78d-5930c035427e'),
 ('359', '359', 'en_us', 'bible-study', 'worship/bible-study', '1', '2017-09-14 19:36:40', '2017-09-16 16:17:13', 'd314fbce-b1f3-44a8-bedc-abc56d5c7c36'),
 ('360', '360', 'en_us', '', NULL, '1', '2017-09-14 19:36:40', '2017-09-16 16:17:13', 'edf62753-a9af-495f-8249-e1a67b11cee7'),
 ('362', '362', 'en_us', 'hero-weddings', NULL, '1', '2017-09-14 21:12:46', '2017-09-27 23:45:03', 'c9f416df-42bc-4dea-8f50-c4ae92cd2df3'),
 ('363', '363', 'en_us', 'weddings', 'worship/weddings', '1', '2017-09-14 21:14:41', '2017-09-28 22:45:08', '89681536-abf0-4e96-9a6c-8ab897d84a29'),
 ('364', '364', 'en_us', '', NULL, '1', '2017-09-14 21:32:47', '2017-09-28 22:45:08', 'cccef01f-ef51-4373-a3c4-ec324f512c27'),
 ('367', '367', 'en_us', 'hero-bible-study', NULL, '1', '2017-09-15 13:14:08', '2017-09-27 23:44:37', '7e56e310-867d-40ce-b0d6-499ca40b1827'),
 ('368', '368', 'en_us', 'hero-weddings', NULL, '1', '2017-09-15 13:14:09', '2017-09-27 23:44:41', 'c4f91624-662b-4f6a-b11a-2ad96f1b6263'),
 ('369', '369', 'en_us', 'marquee-04', NULL, '1', '2017-09-15 13:14:14', '2017-09-27 23:44:46', '5e0f59c0-6c2c-4190-8bb0-a953a63d29a5'),
 ('374', '374', 'en_us', 'hero-adult-education', NULL, '1', '2017-09-16 16:20:36', '2017-09-27 23:44:54', 'f1a79f86-8e26-452e-a374-6f0b05449d48'),
 ('375', '375', 'en_us', 'adult-education', 'worship/adult-education', '1', '2017-09-16 16:25:03', '2017-09-16 16:25:05', '1d2f8e48-dc6b-447f-aafd-c0325cdc6fad'),
 ('376', '376', 'en_us', '', NULL, '1', '2017-09-16 16:25:03', '2017-09-16 16:25:03', 'b0a9bf86-2f28-4e68-82a0-614a0d2c8b00'),
 ('377', '377', 'en_us', 'adult-education', 'event/adult-education/2017-10-01', '1', '2017-09-16 17:11:37', '2017-09-24 21:53:43', 'ee9a79e8-284b-4f8e-8dfe-768d8a8509e3');
INSERT INTO `craft_elements_i18n` (`id`, `elementId`, `locale`, `slug`, `uri`, `enabled`, `dateCreated`, `dateUpdated`, `uid`) VALUES
 ('378', '378', 'en_us', 'hero-adult-education', NULL, '1', '2017-09-16 18:10:26', '2017-09-27 23:44:36', '8e8c8df5-80e5-4b5c-afa1-3fb1a2bcc471'),
 ('381', '381', 'en_us', 'featured-01', NULL, '1', '2017-09-16 19:46:36', '2017-09-27 23:45:18', 'f773b235-7a36-484a-80f7-a53b504e6782'),
 ('384', '384', 'en_us', 'founders-day', 'event/founders-day/2017-10-01', '1', '2017-09-16 21:50:54', '2017-09-24 19:28:54', '23e94310-594b-4974-a773-42082f9a5603'),
 ('387', '387', 'en_us', 'blessing-of-the-animals', 'event/blessing-of-the-animals/2017-10-08', '1', '2017-09-16 22:31:41', '2017-09-24 16:39:41', '090068e9-0912-45c8-a273-637852f4d31f'),
 ('388', '388', 'en_us', 'open-house-new-york', 'event/open-house-new-york/2017-10-14', '1', '2017-09-16 22:37:49', '2017-09-24 21:33:39', '72ccd8a7-f302-4bb5-b66e-0eb1b420ba27'),
 ('390', '390', 'en_us', 'featured-03', NULL, '1', '2017-09-16 22:38:03', '2017-09-27 23:45:17', '35bd6be5-983c-47d7-8ab0-c5029ba83e79'),
 ('396', '396', 'en_us', 'john-david-signature', NULL, '1', '2017-09-19 09:31:46', '2017-09-27 23:44:44', '4541a159-3757-4bae-873e-1248d91d64d4'),
 ('398', '398', 'en_us', 'mother-alison-turner', NULL, '1', '2017-09-20 08:38:43', '2017-09-25 09:45:13', '8e27564d-e828-4d55-959d-7b3e379dc186'),
 ('400', '400', 'en_us', 'bio-alison-turner', NULL, '1', '2017-09-20 08:46:11', '2017-09-27 23:45:06', '72bb9632-837a-40c2-bb67-572d50e6579a'),
 ('401', '401', 'en_us', 'volunteer', 'about/volunteer', '1', '2017-09-21 08:42:12', '2017-09-28 11:08:27', 'eeefae0a-51e1-4c1d-bec0-b32882f96c46'),
 ('402', '402', 'en_us', '', NULL, '1', '2017-09-21 08:44:45', '2017-09-28 11:08:27', 'fc4ddff0-5602-4690-adb9-1093dc63fbd8'),
 ('406', '406', 'en_us', 'acolytes', NULL, '1', '2017-09-21 09:31:53', '2017-09-21 09:31:54', '841aebb5-c13c-4ec7-8314-c3cb60cd18e2'),
 ('407', '407', 'en_us', 'altar-society', NULL, '1', '2017-09-21 09:32:31', '2017-09-21 09:32:33', '4dfd660d-2477-4a72-b731-dac150508650'),
 ('408', '408', 'en_us', 'ecclesia-ministries-food-coordinator', NULL, '1', '2017-09-21 09:37:34', '2017-09-21 09:37:36', '29f424fc-edc8-4b09-af6a-52d39e9ff531'),
 ('409', '409', 'en_us', 'historical-society', NULL, '1', '2017-09-21 09:38:03', '2017-09-21 09:38:04', '71575dfc-f83c-4fe2-a066-2ae95113f064'),
 ('410', '410', 'en_us', 'hospitality', NULL, '1', '2017-09-21 09:38:21', '2017-09-21 09:38:22', '18157a9a-8aad-4227-8836-7a3f4ef06092'),
 ('411', '411', 'en_us', 'lectors', NULL, '1', '2017-09-21 09:38:41', '2017-09-21 09:38:42', '0c9c82eb-dfd0-4911-8d80-bb381ab9a39b'),
 ('412', '412', 'en_us', 'music', NULL, '1', '2017-09-21 09:39:06', '2017-09-21 09:39:07', '2985090a-749f-4fd4-8d17-e0c2a824ac68'),
 ('413', '413', 'en_us', 'tours-guides', NULL, '1', '2017-09-21 09:39:24', '2017-09-21 09:39:25', 'a29b6f06-14e9-4c39-8f8e-ce1a97a552b0'),
 ('414', '414', 'en_us', 'ushers', NULL, '1', '2017-09-21 09:39:44', '2017-09-21 09:39:45', '384df121-ad06-49fe-8e87-cc26b6fa44f3'),
 ('415', '415', 'en_us', 'bio-alison-turner', NULL, '1', '2017-09-21 10:05:54', '2017-09-27 23:44:18', '28db0cad-fdea-4c72-a2a3-4ad012ba723c'),
 ('416', '416', 'en_us', 'favicon', NULL, '1', '2017-09-21 10:06:12', '2017-09-27 23:44:33', '135ac343-3f58-4a49-b46d-93e5eb2e60c6'),
 ('417', '417', 'en_us', '', NULL, '1', '2017-09-22 08:06:47', '2017-09-26 09:58:29', 'b00a3663-6935-4113-b921-a7bcb3df650a'),
 ('418', '418', 'en_us', '', NULL, '1', '2017-09-22 08:06:48', '2017-09-26 09:58:29', 'eb822b96-508e-451c-8d5f-01c12ec2a6bd'),
 ('419', '419', 'en_us', 'hero-baptisms', NULL, '1', '2017-09-22 08:11:46', '2017-09-27 23:44:36', '20c4da8f-a39c-4649-9ef9-93673e00da50'),
 ('420', '420', 'en_us', 'hero-baptisms', NULL, '1', '2017-09-22 08:12:03', '2017-09-27 23:44:55', '3bf2a3da-b293-42c1-8157-e7ac5efb9d63'),
 ('422', '422', 'en_us', 'hero-liturgical-music', NULL, '1', '2017-09-22 08:21:12', '2017-09-27 23:44:58', '9eca1860-d700-4fda-beb1-c5cc54be288f'),
 ('423', '423', 'en_us', 'liturgical-music', 'music/liturgical-music', '1', '2017-09-22 08:21:39', '2017-09-28 23:55:42', 'ab3ae7c4-b88c-4045-8c09-a7c6285d1fbd'),
 ('424', '424', 'en_us', 'foundation-day-and-167th-anniversary-of-the-church', NULL, '1', '2017-09-22 09:49:06', '2017-09-24 19:15:10', '4a4078fc-78bb-43f3-97a2-a4831e48453c'),
 ('425', '425', 'en_us', 'the-eighteenth-sunday-after-pentecost', NULL, '1', '2017-09-22 10:21:18', '2017-09-22 10:21:20', '18b14462-1378-46a3-a1ec-6a1863362c97'),
 ('426', '426', 'en_us', 'the-nineteenth-sunday-after-pentecost', NULL, '1', '2017-09-22 10:25:29', '2017-09-22 10:25:50', '33d05252-cc10-4e67-9af4-712b54431344'),
 ('428', '428', 'en_us', 'choir-of-men-boys', 'music/choir-of-men-boys', '1', '2017-09-22 10:36:10', '2017-09-26 08:40:56', 'bb26a454-98e7-4042-99c8-b13485155781'),
 ('429', '429', 'en_us', '', NULL, '1', '2017-09-22 10:44:29', '2017-09-26 08:40:56', '959dd6ba-f884-48b5-9936-c547140c35ca'),
 ('430', '430', 'en_us', 'lumines-girls-choir', 'music/lumines-girls-choir', '1', '2017-09-22 10:59:14', '2017-09-27 09:55:02', '1eef0eb9-190c-4475-bd59-1540bb4154ed'),
 ('431', '431', 'en_us', '', NULL, '1', '2017-09-22 10:59:38', '2017-09-27 09:55:02', '647fe1a5-d0a3-4bb5-b988-ec752ae43eed'),
 ('432', '432', 'en_us', 'cherub-choir', 'music/cherub-choir', '1', '2017-09-22 11:21:38', '2017-09-28 00:35:13', '687d2371-0e9f-4b35-bcc9-1f3275427526'),
 ('433', '433', 'en_us', '', NULL, '1', '2017-09-22 11:21:38', '2017-09-28 00:35:13', '407de2c7-6afe-425b-99ac-f32592002112'),
 ('434', '434', 'en_us', 'camerata', 'music/camerata', '1', '2017-09-22 11:22:06', '2017-09-26 09:56:30', '0d4a1f2a-bbe4-4b9a-a10c-c88263b40fe0'),
 ('435', '435', 'en_us', '', NULL, '1', '2017-09-22 11:23:21', '2017-09-26 09:56:30', '2c905ff0-4af8-45da-b33b-5d19b093cf45'),
 ('436', '436', 'en_us', 'hero-liturgical-music', NULL, '1', '2017-09-23 11:25:16', '2017-09-27 23:44:38', '22fb9375-a0b8-475e-a2f2-1219ffe88fa6'),
 ('440', '440', 'en_us', 'hero-choir-of-men-and-boys', NULL, '1', '2017-09-23 11:31:15', '2017-09-27 23:44:57', '5807ccc3-0288-44fd-94c0-6f9d9d2180c8'),
 ('442', '442', 'en_us', 'hero-lumines-girls-choir', NULL, '1', '2017-09-23 11:32:31', '2017-09-27 23:45:01', '66f296e0-4031-4286-a5f4-6c3c48d8ffa7'),
 ('444', '444', 'en_us', 'hero-cherub-choir', NULL, '1', '2017-09-23 11:39:42', '2017-09-27 23:44:56', '95cf8991-bc3f-400e-af5b-c86ff5429b35'),
 ('445', '445', 'en_us', 'hero-cherub-choir', NULL, '1', '2017-09-23 11:43:39', '2017-09-27 23:44:37', 'c9046c87-65db-4938-bfbf-1f83038e3b15'),
 ('446', '446', 'en_us', 'hero-choir-of-men-and-boys', NULL, '1', '2017-09-23 11:43:39', '2017-09-27 23:44:37', '7d46d83d-ec9e-4faf-aa37-a2d8cccc1645'),
 ('447', '447', 'en_us', 'hero-lumines-girls-choir', NULL, '1', '2017-09-23 11:43:40', '2017-09-27 23:44:39', '1752556f-d605-419f-8228-c9d84cbbc67c'),
 ('450', '450', 'en_us', 'the-arnold-schwartz-memorial-organ', 'virtual-tour/the-arnold-schwartz-memorial-organ', '1', '2017-09-23 12:03:04', '2017-09-25 10:02:02', '7f00f38e-8833-4310-bded-fd67261ff843'),
 ('451', '451', 'en_us', 'the-st-joseph-of-arimathea-chapel', 'virtual-tour/the-st-joseph-of-arimathea-chapel', '1', '2017-09-23 12:11:29', '2017-09-23 12:11:31', '863ac900-79ca-4224-88f5-bdeb40964749'),
 ('452', '452', 'en_us', 'the-singing-boy', 'virtual-tour/the-singing-boy', '1', '2017-09-23 12:12:41', '2017-09-26 22:22:42', '283d12c1-caac-40ee-a34d-c9b1b5d9d45d'),
 ('454', '454', 'en_us', '2017-blessing-of-the-animals', NULL, '1', '2017-09-23 12:26:54', '2017-09-27 23:45:17', '86887211-777c-4d55-a005-625e644eff1a'),
 ('455', '455', 'en_us', 'baptisms', 'worship/baptisms', '1', '2017-09-23 13:50:08', '2017-09-27 23:01:05', '505bf3c9-560c-459a-94ad-786e62e06274'),
 ('456', '456', 'en_us', '', NULL, '1', '2017-09-23 13:59:55', '2017-09-27 23:01:05', '602364f0-ea9d-4420-82f5-1c2d9d4c9087'),
 ('459', '459', 'en_us', '2017-blessing-of-the-animals', NULL, '1', '2017-09-23 18:13:08', '2017-09-27 23:44:32', '6fc70e2f-65e9-45e8-9e79-ad9aac6ecd45'),
 ('460', '460', 'en_us', 'hero-visit', NULL, '1', '2017-09-23 18:13:18', '2017-09-27 23:44:41', '862bffb9-479e-4270-94ee-1e64679c3e88'),
 ('461', '461', 'en_us', 'hero-visit', NULL, '1', '2017-09-23 18:13:34', '2017-09-27 23:45:02', 'd65bdc2d-e902-48c5-ae85-cd2415984b3f'),
 ('462', '462', 'en_us', 'events', 'events', '1', '2017-09-24 10:29:32', '2017-09-24 10:29:32', '1880fab8-8c54-4e2f-b881-39e283356b02'),
 ('463', '463', 'en_us', 'past-event', 'event/past-event/2017-09-13', '1', '2017-09-24 10:31:17', '2017-09-24 16:39:41', '830afb91-7fe3-43bd-a3e0-72d16e238b5c'),
 ('465', '465', 'en_us', 'past-event', NULL, '1', '2017-09-24 15:14:08', '2017-09-27 23:45:18', 'f510f515-9c14-4a0f-9fe7-c658b2514748'),
 ('466', '466', 'en_us', 'midday-music', 'event/midday-music/2017-10-10', '1', '2017-09-24 18:35:54', '2017-09-27 10:17:35', 'dc945d08-3c88-425f-ab07-871491fb6bfa'),
 ('467', '467', 'en_us', 'midday-music', 'event/midday-music/2017-10-17', '1', '2017-09-24 18:41:17', '2017-09-27 10:17:35', 'c4b2a230-1dad-4c9e-a9a3-65eefb98e1f9'),
 ('468', '468', 'en_us', 'midday-music', 'event/midday-music/2017-10-24', '1', '2017-09-24 18:42:27', '2017-09-27 10:17:35', '3738a270-806a-4782-82a5-6aa5cb99ab1c'),
 ('469', '469', 'en_us', 'midday-music', 'event/midday-music/2017-10-31', '1', '2017-09-24 18:43:36', '2017-09-27 10:17:35', 'fb728f2b-57a8-4715-8392-5a6b71ef235e'),
 ('470', '470', 'en_us', 'midday-music', 'event/midday-music/2017-11-07', '1', '2017-09-24 18:45:10', '2017-09-27 10:17:35', '8bf7d092-c012-4e2b-b65d-90af6544afc2'),
 ('471', '471', 'en_us', 'midday-music', 'event/midday-music/2017-11-14', '1', '2017-09-24 18:46:07', '2017-09-27 10:17:35', 'b5b03b4e-bcd2-4433-9951-b391ebbdc11c'),
 ('472', '472', 'en_us', 'midday-music', 'event/midday-music/2018-04-03', '1', '2017-09-24 18:47:44', '2017-09-27 10:17:35', '3eb86019-15dd-4521-9888-7d82b2d07296'),
 ('473', '473', 'en_us', 'midday-music', 'event/midday-music/2018-04-10', '1', '2017-09-24 18:49:18', '2017-09-27 10:17:35', '2678b51a-3a58-4969-8b10-ac8bcc750338'),
 ('474', '474', 'en_us', 'midday-music', 'event/midday-music/2018-04-17', '1', '2017-09-24 18:50:30', '2017-09-27 10:17:35', '779f7602-684b-4f96-987e-29cf5e287856'),
 ('475', '475', 'en_us', 'midday-music', 'event/midday-music/2018-04-24', '1', '2017-09-24 18:52:31', '2017-09-27 10:17:35', 'b09fd3d1-763c-4679-9124-cd2d47165b86'),
 ('476', '476', 'en_us', 'midday-music', 'event/midday-music/2018-05-01', '1', '2017-09-24 18:53:25', '2017-09-27 10:17:35', 'd5074861-65ab-4732-be87-a28f1344bfd4'),
 ('477', '477', 'en_us', 'midday-music', 'event/midday-music/2018-05-08', '1', '2017-09-24 18:54:54', '2017-09-27 10:17:35', '9b939b50-8ba1-4c19-8e56-88ea6b40794f'),
 ('478', '478', 'en_us', 'midday-music', 'event/midday-music/2018-05-15', '1', '2017-09-24 18:55:57', '2017-09-27 10:17:35', '44531c74-c55f-4c74-88c4-8334f439e91e'),
 ('479', '479', 'en_us', 'midday-music', 'event/midday-music/2018-05-22', '1', '2017-09-24 18:56:59', '2017-09-27 10:17:35', '86fe29a5-c9eb-49b0-993c-f7a5c00ad538'),
 ('480', '480', 'en_us', 'midday-music', 'event/midday-music/2018-05-29', '1', '2017-09-24 18:58:10', '2017-09-27 10:17:35', 'ea88ff4a-cf52-4334-b75b-de9da3d9788d'),
 ('481', '481', 'en_us', 'midday-music', 'event/midday-music/2018-06-05', '1', '2017-09-24 19:00:33', '2017-09-27 10:17:35', 'd7c50b80-b461-4c5d-ac81-0b930fda7b0f'),
 ('483', '483', 'en_us', 'figure-space-for-weddings', NULL, '1', '2017-09-24 19:28:11', '2017-09-27 23:44:52', '0527daad-a3ac-4395-abfd-2a331d3c3a5e'),
 ('484', '484', 'en_us', '', NULL, '1', '2017-09-24 19:30:25', '2017-09-28 22:45:08', '1f55fada-535b-4548-9fc2-25a635251984'),
 ('485', '485', 'en_us', '', NULL, '1', '2017-09-24 19:30:25', '2017-09-28 22:45:08', 'dfd1d726-f18f-4b2b-aa25-04d60feee319'),
 ('486', '486', 'en_us', 'adult-education', 'event/adult-education/2017-10-08', '1', '2017-09-24 21:18:37', '2017-09-24 21:53:34', 'e2987ec8-da90-4581-ace6-3c3a022fdf25'),
 ('487', '487', 'en_us', 'new-venti-event', 'event/new-venti-event/2017-10-15', '1', '2017-09-24 21:31:34', '2017-09-24 21:53:51', '331d287a-7a1d-4b22-afbf-c99b8ca0033b'),
 ('488', '488', 'en_us', 'adult-education', 'event/adult-education/2017-10-22', '1', '2017-09-24 21:41:07', '2017-09-24 21:54:21', '38eabf0d-fd7c-44f0-a295-e7e2546351e9'),
 ('489', '489', 'en_us', 'adult-education', 'event/adult-education/2017-10-29', '1', '2017-09-24 21:45:15', '2017-09-24 21:54:08', 'ddc04e20-8545-4775-a196-0856809366e5'),
 ('491', '491', 'en_us', 'dr-claudia-dumschat', NULL, '1', '2017-09-24 23:03:02', '2017-09-26 10:38:45', '16a49bc0-0b95-457e-8f8a-b03ea2eab371'),
 ('492', '492', 'en_us', '2017-founders-day', NULL, '1', '2017-09-25 09:45:54', '2017-09-27 23:44:32', '196f589c-117d-4af5-9ff5-781ef14db935'),
 ('493', '493', 'en_us', 'open-house-ny', NULL, '1', '2017-09-25 09:45:56', '2017-09-27 23:44:32', 'ed9b2cb0-f733-4591-80dc-51cadbc11e51'),
 ('494', '494', 'en_us', 'past-event', NULL, '1', '2017-09-25 09:45:57', '2017-09-27 23:44:33', 'eba0977c-1bc9-461c-88df-ccc946a049de'),
 ('495', '495', 'en_us', 'figure-space-for-weddings', NULL, '1', '2017-09-25 09:45:59', '2017-09-27 23:44:34', '9c7c1b34-7b91-400a-81b7-ed9ae7ca1572'),
 ('507', '507', 'en_us', 'a-little-midday-music', 'music/a-little-midday-music', '1', '2017-09-26 08:25:11', '2017-09-26 08:25:50', 'ff6602fc-f3d0-405b-b120-86fabf478c06'),
 ('508', '508', 'en_us', 'special-projects', 'music/special-projects', '1', '2017-09-26 08:36:06', '2017-09-28 23:55:34', 'de9dcc84-4840-445b-855c-625876e0536a'),
 ('509', '509', 'en_us', '', NULL, '1', '2017-09-26 08:36:06', '2017-09-28 23:55:34', '8a9625d9-5282-430f-a8ac-f14286018fde'),
 ('512', '512', 'en_us', 'hero-camerata', NULL, '1', '2017-09-26 09:53:13', '2017-09-27 23:44:37', 'fa84bbbf-637d-4bbb-bc8b-7a2fd0aadd29'),
 ('515', '515', 'en_us', 'heros-music-at-transfiguration', NULL, '1', '2017-09-26 09:58:18', '2017-09-27 23:45:04', 'e8efcf23-24aa-4517-9355-8ae0db0dd05e'),
 ('517', '517', 'en_us', 'midday-music-fall-schedule', NULL, '1', '2017-09-26 10:20:52', '2017-09-27 23:45:18', '82e7fe28-ef8d-48f2-97e4-6bcedea38e23'),
 ('518', '518', 'en_us', 'funerals', 'worship/funerals', '1', '2017-09-26 10:43:32', '2017-09-26 10:49:23', 'bbccc1c4-eca5-4b74-9a99-8a54efeb297a'),
 ('520', '520', 'en_us', 'hero-funerals', NULL, '1', '2017-09-26 10:49:17', '2017-09-27 23:44:58', 'e1965446-b48a-42d6-8288-bcdb5c8057c6'),
 ('521', '521', 'en_us', 'bio-claudia-dumschat-170924-225918', NULL, '1', '2017-09-26 11:07:34', '2017-09-27 23:44:19', 'd493172f-4cf4-4ba1-842d-a884b581880a'),
 ('522', '522', 'en_us', 'hero-funerals', NULL, '1', '2017-09-26 11:07:52', '2017-09-27 23:44:38', 'd4c14132-7233-4a9e-99d6-1f5727837339'),
 ('523', '523', 'en_us', 'heros-music-at-transfiguration', NULL, '1', '2017-09-26 11:07:55', '2017-09-27 23:44:43', 'ee4634b0-df3d-47cd-a0b2-44fe3d2b8ed7'),
 ('524', '524', 'en_us', 'bio-claudia-dumschat-170924-225918', NULL, '1', '2017-09-26 11:08:10', '2017-09-27 23:45:06', 'da2bd74d-c2de-401d-b0c3-7cb7165d4bf8'),
 ('526', '526', 'en_us', 'bio-elizabeth-carr', NULL, '1', '2017-09-26 22:31:37', '2017-09-27 23:45:06', '5c7ab7ca-1902-495d-8b52-9a10af99b634'),
 ('527', '527', 'en_us', 'elizabeth-carr', NULL, '1', '2017-09-26 22:31:55', '2017-09-26 22:31:57', '6ecbd191-3c5d-4e97-8089-bb69e76fb782');
INSERT INTO `craft_elements_i18n` (`id`, `elementId`, `locale`, `slug`, `uri`, `enabled`, `dateCreated`, `dateUpdated`, `uid`) VALUES
 ('528', '528', 'en_us', 'weekdays', NULL, '1', '2017-09-26 23:16:30', '2017-09-26 23:23:07', '353a9876-17b9-4d06-9c7b-bf2c3749540c'),
 ('529', '529', 'en_us', 'thursdays', NULL, '1', '2017-09-26 23:21:02', '2017-09-26 23:23:07', 'b3d2467a-eb73-4b38-b1c1-9dd927eb6deb'),
 ('530', '530', 'en_us', 'sundays', NULL, '1', '2017-09-26 23:21:44', '2017-09-26 23:23:07', 'bc064a70-f0e9-48ef-9202-fd2e4266d675'),
 ('531', '531', 'en_us', 'bio-elizabeth-carr', NULL, '1', '2017-09-26 23:59:10', '2017-09-27 23:44:19', '8cc36992-53c2-4e34-83d3-3946818abba8'),
 ('532', '532', 'en_us', 'visit', 'visit', '1', '2017-09-27 07:44:52', '2017-09-27 08:45:02', 'fafe33b4-fa2f-4a8c-8891-b49a11077e72'),
 ('534', '534', 'en_us', 'new-venti-event', 'event/new-venti-event/2017-10-27', '1', '2017-09-27 10:30:52', '2017-09-27 10:47:59', '67d49e1b-30fe-402a-87bc-12119adbc3ca'),
 ('535', '535', 'en_us', 'new-venti-event', 'event/new-venti-event/2017-11-02', '1', '2017-09-27 10:50:19', '2017-09-27 10:50:19', '043164e7-55fb-430e-a267-f6434979b23e'),
 ('536', '536', 'en_us', 'a-mass-for-all-souls-day', 'event/a-mass-for-all-souls-day/2017-11-02', '1', '2017-09-27 10:51:11', '2017-09-27 10:51:48', 'd752ce4b-3f4a-4863-853f-ff048dd73cf6'),
 ('537', '537', 'en_us', 'a-celebration-of-latin-american-cultural-week', 'event/a-celebration-of-latin-american-cultural-week/2017-11-15', '1', '2017-09-27 10:59:50', '2017-09-27 10:59:59', 'cbd7fa33-28b8-4119-8c00-ba1556bb653e'),
 ('540', '540', 'en_us', 'contact', NULL, '1', '2017-09-27 23:44:31', '2017-09-27 23:44:31', '2595d484-3743-4d1b-8942-f47a4552910b'),
 ('541', '541', 'en_us', 'hero-weddings-170923-140812', NULL, '1', '2017-09-27 23:44:42', '2017-09-27 23:44:42', '78129c90-b00a-4d74-869f-a3f47663b158'),
 ('542', '542', 'en_us', 'hero-weddings-170923-140812', NULL, '1', '2017-09-27 23:45:03', '2017-09-27 23:45:03', 'eaf56cef-fe29-4ddb-a892-dcefdda751e0'),
 ('543', '543', 'en_us', 'amahl-and-the-night-visitors-and-john-rutters-dancing-day-performed-by-the-transfiguration-boys-and-girls-choirs-and-camerata', 'event/amahl-and-the-night-visitors-and-john-rutters-dancing-day-performed-by-the-transfiguration-boys-and-girls-choirs-and-camerata/2017-12-15', '1', '2017-09-28 00:18:50', '2017-09-28 00:20:51', 'fec4a787-4d72-478e-9e4c-227a3fb5da56'),
 ('544', '544', 'en_us', 'the-twentieth-sunday-after-pentecost', NULL, '1', '2017-09-28 00:23:27', '2017-09-28 03:07:46', '1efe63fb-bc3c-4c9e-a09b-98d158b8bb9c'),
 ('545', '545', 'en_us', 'the-twentieth-sunday-after-pentecost', NULL, '1', '2017-09-28 00:26:24', '2017-09-28 00:26:28', 'f0864a99-d0ad-4ab8-bdd8-c0f9c9e7e1b8'),
 ('546', '546', 'en_us', 'all-souls-day-commemoration', NULL, '1', '2017-09-28 03:12:51', '2017-09-28 03:18:07', '3f679476-c941-4766-acd5-e1a440620477'),
 ('547', '547', 'en_us', 'all-saints-sunday', NULL, '1', '2017-09-28 03:15:25', '2017-09-28 03:15:25', '252cb072-79a7-4144-bf9f-dbea18508658'),
 ('548', '548', 'en_us', 'twenty-third-sunday-after-pentecost', NULL, '1', '2017-09-28 03:17:47', '2017-09-28 03:20:34', '317a3b0a-ceca-4234-a3b2-a1dbb325918d'),
 ('549', '549', 'en_us', 'actors-guild-memorial-evensong', NULL, '1', '2017-09-28 03:20:07', '2017-09-28 03:37:15', 'a0b81175-a4b2-4174-b2e0-6020677e466c'),
 ('550', '550', 'en_us', 'the-twenty-fourth-sunday-after-pentecost', NULL, '1', '2017-09-28 03:22:08', '2017-09-28 03:22:08', '9e14e9bc-7167-464e-a47a-77cee7e8bb33'),
 ('551', '551', 'en_us', 'the-solemnity-of-christ-the-king', NULL, '1', '2017-09-28 03:23:44', '2017-09-28 03:26:18', '4f3aea70-1948-4ce2-909a-b9cfcecebbc3'),
 ('552', '552', 'en_us', 'the-solemnity-of-christ-the-king', NULL, '1', '2017-09-28 03:25:53', '2017-09-28 03:25:53', 'eeacf754-963b-4d65-aa0d-680797ec4df2'),
 ('553', '553', 'en_us', 'the-second-sunday-of-advent', NULL, '1', '2017-09-28 03:27:49', '2017-09-28 03:27:50', 'f2734fdb-0fe1-45c0-b975-2f1f08d76a57'),
 ('554', '554', 'en_us', 'the-third-sunday-of-advent', NULL, '1', '2017-09-28 03:29:29', '2017-09-28 03:29:29', '38d5d4c8-f402-4007-8be1-d4656d07d71f'),
 ('555', '555', 'en_us', 'christmas-candlelight-concert', NULL, '1', '2017-09-28 03:30:50', '2017-09-28 23:25:56', 'fb6f0013-7534-4c5c-ba69-b6e8bd439182'),
 ('556', '556', 'en_us', 'the-fourth-sunday-of-advent', NULL, '1', '2017-09-28 03:32:08', '2017-09-28 03:32:08', '3c00c263-d9fd-41c2-8d52-56a335a5aa21'),
 ('557', '557', 'en_us', 'the-nativity-of-our-lord-jesus-christ-carols-for-choir-and-congregation', NULL, '1', '2017-09-28 03:33:56', '2017-09-28 03:33:56', '2c4cf43d-9d71-4e82-a77f-f18397c31d98'),
 ('558', '558', 'en_us', 'the-nativity-of-our-lord-jesus-christ-procession-and-solemn-mass', NULL, '1', '2017-09-28 03:35:20', '2017-09-28 03:40:18', '4bfe2844-2b80-4a99-8c8f-9f001e4d32ee'),
 ('559', '559', 'en_us', 'christmas-day', NULL, '1', '2017-09-28 03:36:25', '2017-09-28 03:36:25', '4c8ae4e8-6286-46c6-97c2-443dc94b8fa6'),
 ('560', '560', 'en_us', 'the-holy-name-of-jesus', NULL, '1', '2017-09-28 03:36:47', '2017-09-28 03:36:47', '09f4ab58-21cb-4777-83f7-a8928596a7fd'),
 ('561', '561', 'en_us', 'hero-prayer-requests', NULL, '1', '2017-09-28 22:45:51', '2017-09-28 22:45:51', 'd557d021-1bfa-4990-b025-4255c4a14e21'),
 ('562', '562', 'en_us', 'prayer-requests', 'worship/prayer-requests', '1', '2017-09-28 22:46:38', '2017-09-28 22:52:29', '0908acd2-e2a9-40a6-a62f-fa414b7c3c91'),
 ('563', '563', 'en_us', '', NULL, '1', '2017-09-28 22:55:27', '2017-09-28 22:57:34', 'b39e8b96-317d-48f7-8ca8-cc966cfd6541');



DROP TABLE IF EXISTS `craft_emailmessages`;


--
-- Schema for table `craft_emailmessages`
--
CREATE TABLE `craft_emailmessages` (
  `id` int(11) NOT NULL AUTO_INCREMENT,
  `key` char(150) COLLATE utf8_unicode_ci NOT NULL,
  `locale` char(12) COLLATE utf8_unicode_ci NOT NULL,
  `subject` varchar(1000) COLLATE utf8_unicode_ci NOT NULL,
  `body` text COLLATE utf8_unicode_ci NOT NULL,
  `dateCreated` datetime NOT NULL,
  `dateUpdated` datetime NOT NULL,
  `uid` char(36) COLLATE utf8_unicode_ci NOT NULL DEFAULT '0',
  PRIMARY KEY (`id`),
  UNIQUE KEY `craft_emailmessages_key_locale_unq_idx` (`key`,`locale`),
  KEY `craft_emailmessages_locale_fk` (`locale`)
) ENGINE=InnoDB DEFAULT CHARSET=utf8 COLLATE=utf8_unicode_ci;

DROP TABLE IF EXISTS `craft_entries`;


--
-- Schema for table `craft_entries`
--
CREATE TABLE `craft_entries` (
  `id` int(11) NOT NULL,
  `sectionId` int(11) NOT NULL,
  `typeId` int(11) DEFAULT NULL,
  `authorId` int(11) DEFAULT NULL,
  `postDate` datetime DEFAULT NULL,
  `expiryDate` datetime DEFAULT NULL,
  `dateCreated` datetime NOT NULL,
  `dateUpdated` datetime NOT NULL,
  `uid` char(36) COLLATE utf8_unicode_ci NOT NULL DEFAULT '0',
  PRIMARY KEY (`id`),
  KEY `craft_entries_sectionId_idx` (`sectionId`),
  KEY `craft_entries_typeId_idx` (`typeId`),
  KEY `craft_entries_postDate_idx` (`postDate`),
  KEY `craft_entries_expiryDate_idx` (`expiryDate`),
  KEY `craft_entries_authorId_fk` (`authorId`)
) ENGINE=InnoDB DEFAULT CHARSET=utf8 COLLATE=utf8_unicode_ci;

--
-- Data for table `craft_entries`
--

INSERT INTO `craft_entries` (`id`, `sectionId`, `typeId`, `authorId`, `postDate`, `expiryDate`, `dateCreated`, `dateUpdated`, `uid`) VALUES
 ('7', '3', '3', '1', '2017-08-25 13:52:00', NULL, '2017-08-25 13:52:11', '2017-09-01 11:23:12', 'c5a6a404-1aca-4ac4-a085-bc72ba05682a'),
 ('59', '3', '3', '1', '2017-08-25 14:26:00', NULL, '2017-08-25 14:26:30', '2017-09-14 21:06:47', '097c9a0c-f42a-42e7-bdfa-f015c19eff80'),
 ('60', '3', '3', '1', '2017-08-25 14:47:00', NULL, '2017-08-25 14:47:50', '2017-09-14 17:23:46', 'dec766de-a6cf-403a-bf60-708451670789'),
 ('61', '4', '4', NULL, '2017-08-25 16:56:41', NULL, '2017-08-25 16:28:45', '2017-09-14 21:36:54', '15a9ad4e-b185-4bfa-b528-18f2ee4036e4'),
 ('62', '5', '5', '1', '2017-08-25 18:25:00', NULL, '2017-08-25 18:25:38', '2017-09-14 21:02:54', 'f4fbd87b-2d27-45b7-9d2a-34cda92f5a3e'),
 ('63', '5', '5', '1', '2017-08-25 18:49:00', NULL, '2017-08-25 18:49:23', '2017-09-14 21:01:53', '5ad4c4a1-1025-4cbd-b1fc-55c1ede5899a'),
 ('64', '5', '5', '1', '2017-08-25 18:50:00', NULL, '2017-08-25 18:50:18', '2017-09-15 12:53:51', '815d5e2c-389a-4cae-8715-51575be74729'),
 ('65', '5', '5', '1', '2017-08-25 18:50:00', NULL, '2017-08-25 18:50:41', '2017-09-14 21:04:15', '82846dbd-bb33-48d3-a891-5a42b4b12a59'),
 ('69', '7', '7', '1', '2017-08-26 11:22:00', NULL, '2017-08-26 11:22:17', '2017-09-24 22:44:35', '7ce62de5-7ce7-49ab-8393-ee873e6afcdd'),
 ('76', '8', '8', '1', '2017-08-28 15:15:00', NULL, '2017-08-28 15:15:47', '2017-09-26 10:38:31', 'd0edbdf2-fc29-4609-a90d-3ed07473fe25'),
 ('78', '8', '8', '1', '2017-08-28 15:42:00', NULL, '2017-08-28 15:42:06', '2017-09-25 09:44:02', 'e1707ee9-3a1f-4dec-af1a-e470db1fad2f'),
 ('87', '7', '7', '1', '2017-08-28 19:40:00', NULL, '2017-08-28 19:40:55', '2017-09-26 22:32:25', '2ec46838-e70c-4ddf-8a97-009e20c29e46'),
 ('94', '9', '9', '1', '2017-08-30 09:08:00', NULL, '2017-08-30 09:08:48', '2017-09-26 23:49:21', '006cfe2b-2847-4f58-b889-f903a8c31cb1'),
 ('115', '9', '9', '1', '2017-08-31 00:00:00', NULL, '2017-08-30 15:21:41', '2017-08-31 14:04:55', '2fba3d65-43a5-488a-b864-c673f81b4199'),
 ('221', '9', '9', '1', '2017-08-28 14:22:00', NULL, '2017-08-31 14:07:29', '2017-09-26 11:02:08', '0f028f94-77ec-483a-add7-10939ea1b361'),
 ('229', '8', '8', '1', '2017-08-31 19:57:00', NULL, '2017-08-31 19:57:03', '2017-09-25 09:44:18', '0e572605-1590-44e5-be2c-ec08e37678ea'),
 ('234', '7', '7', '1', '2017-08-31 20:27:00', NULL, '2017-08-31 20:27:54', '2017-09-24 22:47:01', 'e4719a44-30e0-4277-8f88-c6af9a841e3d'),
 ('239', '7', '7', '1', '2017-08-31 20:36:00', NULL, '2017-08-31 20:36:16', '2017-09-16 23:19:26', '3f3e352e-799f-46f4-888a-8d11d667943c'),
 ('244', '10', '10', '1', '2017-09-01 10:13:00', NULL, '2017-09-01 10:13:16', '2017-09-26 23:03:01', 'c74934a7-a2fa-40c3-b566-1f6c008176f2'),
 ('254', '11', '11', '1', '2017-09-01 11:45:00', NULL, '2017-09-01 11:45:08', '2017-09-23 17:31:27', '8092d57f-3bbf-48c4-96b9-8a6a6c606434'),
 ('267', '11', '11', '1', '2017-09-01 11:46:00', NULL, '2017-09-01 11:46:35', '2017-09-14 18:17:34', 'abbd93e9-8bca-4716-8d7c-38f297d9d832'),
 ('268', '11', '11', '1', '2017-09-01 11:47:00', NULL, '2017-09-01 11:47:05', '2017-09-14 18:18:52', '998a724c-96e0-4f11-b1dd-abcf4cdf7d6e'),
 ('271', '7', '7', '1', '2017-09-05 14:56:00', NULL, '2017-09-05 14:56:51', '2017-09-24 22:49:51', '57081b52-6b4a-4f80-8b43-e8790802dd47'),
 ('287', '10', '10', '1', '2017-09-12 09:46:00', NULL, '2017-09-12 09:46:39', '2017-09-12 19:11:02', '81ee762d-0c6f-481a-bd00-968ddc68400f'),
 ('289', '13', '13', '1', '2017-09-10 10:24:00', NULL, '2017-09-12 10:24:17', '2017-09-12 16:50:56', '451dda3f-eaec-472d-8b47-3dc8411d4da0'),
 ('302', '13', '13', '1', '2017-09-03 00:00:00', NULL, '2017-09-12 16:50:42', '2017-09-12 16:53:13', '12826aa1-94c2-4e04-8cbc-d52b1826f8ed'),
 ('303', '13', '13', '1', '2017-09-12 16:54:31', NULL, '2017-09-12 16:54:31', '2017-09-12 16:54:31', '2946529a-5a07-41f7-ac52-0ca850404094'),
 ('304', '13', '13', '1', '2017-09-12 16:58:00', NULL, '2017-09-12 16:58:27', '2017-09-12 17:00:23', '3d1f01bb-fd4d-4f9b-b753-0e9b8416bfbc'),
 ('321', '8', '8', '1', '2017-09-13 08:49:00', NULL, '2017-09-13 08:49:10', '2017-09-25 09:44:35', '96c362fd-60d1-4c63-b541-444e841be4e1'),
 ('322', '8', '8', '1', '2017-09-13 08:53:00', NULL, '2017-09-13 08:53:46', '2017-09-28 11:04:06', '9e703009-d80f-4d8d-acb5-8a9c56fd8e70'),
 ('324', '14', '14', '1', '2017-09-13 09:19:00', NULL, '2017-09-13 09:19:39', '2017-09-26 09:58:29', 'df16d2bb-c75e-450b-b644-be86e9442387'),
 ('329', '14', '14', '1', '2017-09-13 09:42:00', NULL, '2017-09-13 09:42:08', '2017-09-27 08:09:19', 'ed541953-86d5-42a8-bec0-7dc952e3f90d'),
 ('333', '14', '14', '1', '2017-09-13 10:34:00', NULL, '2017-09-13 10:34:14', '2017-09-27 10:37:11', '500629aa-3623-4296-90d2-1d56e0dea37c'),
 ('352', '3', '3', '1', '2017-09-14 17:23:00', NULL, '2017-09-14 17:23:28', '2017-09-23 18:00:02', '6302ab31-d829-453e-a7c6-95f649ceaef5'),
 ('353', '11', '11', '1', '2017-09-14 18:20:00', NULL, '2017-09-14 18:20:39', '2017-09-14 18:21:01', '48d33a2a-dd2c-4347-a1c9-ed063fbffdd1'),
 ('355', '10', '10', '1', '2017-09-14 19:20:00', NULL, '2017-09-14 19:20:28', '2017-09-28 22:57:34', '4c4769cd-e425-4501-bd83-dca43cdc441b'),
 ('359', '10', '10', '1', '2017-09-14 19:36:00', NULL, '2017-09-14 19:36:40', '2017-09-16 16:17:13', 'f586dde3-5145-44ae-a4dd-1702c6657fc6'),
 ('363', '10', '10', '1', '2017-09-14 21:14:00', NULL, '2017-09-14 21:14:41', '2017-09-28 22:45:08', 'ca063122-6b3e-4bb3-863d-ad696199a8c8'),
 ('375', '10', '10', '1', '2017-09-16 16:25:03', NULL, '2017-09-16 16:25:03', '2017-09-16 16:25:03', 'd50d68e0-7a3b-4c0c-b80d-d243beb071a3'),
 ('398', '8', '8', '1', '2017-09-20 08:38:00', NULL, '2017-09-20 08:38:43', '2017-09-25 09:45:13', '419a8852-9533-429c-a9bd-13c48307ec03'),
 ('401', '7', '7', '1', '2017-09-21 08:42:00', NULL, '2017-09-21 08:42:12', '2017-09-28 11:08:27', '8d018702-7c69-44a5-a1af-3959d404cf2f'),
 ('406', '15', '15', '1', '2017-09-21 09:31:53', NULL, '2017-09-21 09:31:53', '2017-09-21 09:31:53', '75dab647-304f-4fd9-bc0d-d2f68d3fb6b0'),
 ('407', '15', '15', '1', '2017-09-21 09:32:31', NULL, '2017-09-21 09:32:31', '2017-09-21 09:32:31', '3581358f-aca8-48c2-9bd1-449931aaa6fe'),
 ('408', '15', '15', '1', '2017-09-21 09:37:34', NULL, '2017-09-21 09:37:34', '2017-09-21 09:37:34', 'ce14a0ce-66d8-4e55-9ecb-6ac3f6707fde'),
 ('409', '15', '15', '1', '2017-09-21 09:38:03', NULL, '2017-09-21 09:38:03', '2017-09-21 09:38:03', '55056cc2-3509-4990-8981-74eb7d602c6e'),
 ('410', '15', '15', '1', '2017-09-21 09:38:21', NULL, '2017-09-21 09:38:21', '2017-09-21 09:38:21', '84949e4a-0cd8-4ddf-9b4c-02da3ef341cb'),
 ('411', '15', '15', '1', '2017-09-21 09:38:41', NULL, '2017-09-21 09:38:41', '2017-09-21 09:38:41', 'f4609bfc-daec-4654-996f-f65936a6c77d'),
 ('412', '15', '15', '1', '2017-09-21 09:39:06', NULL, '2017-09-21 09:39:06', '2017-09-21 09:39:06', '76728250-34dd-4150-a797-1061be60a160'),
 ('413', '15', '15', '1', '2017-09-21 09:39:24', NULL, '2017-09-21 09:39:24', '2017-09-21 09:39:24', 'b7661e4f-a1b2-4c5e-a2c0-9fc6feacc515'),
 ('414', '15', '15', '1', '2017-09-21 09:39:43', NULL, '2017-09-21 09:39:44', '2017-09-21 09:39:44', '6c35a40b-01d3-4c2e-aa7d-7b5ecfc32303'),
 ('423', '14', '14', '1', '2017-09-22 08:21:00', NULL, '2017-09-22 08:21:39', '2017-09-28 23:55:42', '897f81a1-1157-4071-924a-355d48695722'),
 ('424', '16', '16', '1', '2017-09-22 09:49:00', NULL, '2017-09-22 09:49:06', '2017-09-24 19:15:10', '8db3b029-9cad-4f94-a647-c18ce435604c'),
 ('425', '16', '16', '1', '2017-09-22 10:21:18', NULL, '2017-09-22 10:21:18', '2017-09-22 10:21:18', '644918a8-b2fe-48ed-a0dc-0144139f51c8'),
 ('426', '16', '16', '1', '2017-09-22 10:25:29', NULL, '2017-09-22 10:25:29', '2017-09-22 10:25:29', 'ccffdeab-47f0-4c28-b58f-ec15f412467d'),
 ('428', '14', '14', '1', '2017-09-22 10:36:00', NULL, '2017-09-22 10:36:10', '2017-09-26 08:40:56', '9b144f03-b238-4c66-b179-de839e54453f'),
 ('430', '14', '14', '1', '2017-09-22 10:59:00', NULL, '2017-09-22 10:59:14', '2017-09-27 09:55:02', '428fe4c2-8088-41a6-b232-a1b4932a8216'),
 ('432', '14', '14', '1', '2017-09-22 11:21:00', NULL, '2017-09-22 11:21:38', '2017-09-28 00:35:13', '8829bd64-9c03-4281-9021-e1a78c420734'),
 ('434', '14', '14', '1', '2017-09-22 11:22:00', NULL, '2017-09-22 11:22:06', '2017-09-26 09:56:30', 'b60c449a-1fc5-428d-a308-aa441ec6fa91'),
 ('450', '11', '11', '1', '2017-09-23 12:03:00', NULL, '2017-09-23 12:03:04', '2017-09-25 10:02:02', '4923d173-5d64-4f43-9e1c-ba00c22af4c0'),
 ('451', '11', '11', '1', '2017-09-23 12:11:29', NULL, '2017-09-23 12:11:29', '2017-09-23 12:11:29', '252ec336-fd98-4319-8389-2d5659c4eab5'),
 ('452', '11', '11', '1', '2017-09-23 12:12:00', NULL, '2017-09-23 12:12:41', '2017-09-26 22:22:42', 'ead5c13f-d78b-4712-8616-9c6a44ee7800'),
 ('455', '10', '10', '1', '2017-09-23 13:50:00', NULL, '2017-09-23 13:50:08', '2017-09-27 23:01:05', 'c6425cd1-c03e-43c4-be52-c5a5deb0cfc3'),
 ('462', '17', NULL, NULL, '2017-09-24 10:29:32', NULL, '2017-09-24 10:29:32', '2017-09-24 10:29:32', 'c8c833e7-d3f8-466b-b354-4c8ba4785fcc'),
 ('491', '8', '8', '1', '2017-09-24 23:03:00', NULL, '2017-09-24 23:03:02', '2017-09-26 10:38:45', '26ca8998-3815-4df6-bdb6-7a6e771377a6'),
 ('507', '14', '14', '1', '2017-09-26 08:21:00', NULL, '2017-09-26 08:25:12', '2017-09-26 08:25:12', 'f5682e4e-56e5-49f7-a0ee-a6ae2b5328c2'),
 ('508', '14', '14', '1', '2017-09-26 08:36:00', NULL, '2017-09-26 08:36:06', '2017-09-28 23:55:34', 'b22be3a6-cf32-4f79-99a5-db43d2daba78'),
 ('518', '10', '10', '1', '2017-09-26 10:43:00', NULL, '2017-09-26 10:43:32', '2017-09-26 10:49:23', 'f6c1502f-09cf-4a40-97d4-01908376f2b0'),
 ('527', '8', '8', '1', '2017-09-26 22:31:55', NULL, '2017-09-26 22:31:56', '2017-09-26 22:31:56', '5a71bad8-494a-413b-b29a-afc97061da93'),
 ('528', '18', '18', '1', '2017-09-26 23:16:00', NULL, '2017-09-26 23:16:30', '2017-09-26 23:19:23', '66c974b9-da35-4556-b696-67f9d0434456'),
 ('529', '18', '18', '1', '2017-09-26 23:21:00', NULL, '2017-09-26 23:21:02', '2017-09-26 23:21:59', 'cfd671d3-a778-4f01-a943-5d20ef457dba'),
 ('530', '18', '18', '1', '2017-09-26 23:21:00', NULL, '2017-09-26 23:21:44', '2017-09-26 23:22:06', '76a7dd66-4950-44f1-b427-7fff59b5bc33'),
 ('532', '19', '19', NULL, '2017-09-27 08:45:02', NULL, '2017-09-27 07:44:52', '2017-09-27 08:45:02', '973494c8-ca80-492e-a614-54fdb3261c6f'),
 ('544', '16', '16', '1', '2017-09-28 00:23:00', NULL, '2017-09-28 00:23:27', '2017-09-28 03:07:46', '45bf9bf4-bb0c-4237-b371-1708b829e2d1'),
 ('545', '16', '16', '1', '2017-09-28 00:26:24', NULL, '2017-09-28 00:26:24', '2017-09-28 00:26:24', '4f4a5f0d-443f-42ab-a214-c20195f92e51'),
 ('546', '16', '16', '1', '2017-09-28 03:12:00', NULL, '2017-09-28 03:12:51', '2017-09-28 03:18:07', 'e654c659-096c-40a4-9d8e-80d4ac519b90'),
 ('547', '16', '16', '1', '2017-09-28 03:15:25', NULL, '2017-09-28 03:15:25', '2017-09-28 03:15:25', '8bae8c99-e0f1-43ea-9779-2ca7d9da9c04'),
 ('548', '16', '16', '1', '2017-09-28 03:17:00', NULL, '2017-09-28 03:17:47', '2017-09-28 03:20:34', 'a05a1122-3609-4fac-bfce-7c67b987694c'),
 ('549', '16', '16', '1', '2017-09-28 03:20:00', NULL, '2017-09-28 03:20:07', '2017-09-28 03:37:15', 'bb0910e8-72e2-4662-a04c-58ceda0f363e'),
 ('550', '16', '16', '1', '2017-09-28 03:22:08', NULL, '2017-09-28 03:22:08', '2017-09-28 03:22:08', '96f60d9b-8ec0-428c-94e9-68c0997f5b36'),
 ('551', '16', '16', '1', '2017-09-28 03:23:00', NULL, '2017-09-28 03:23:44', '2017-09-28 03:26:18', '77e4932e-6310-48b4-84d1-7ad00bfb3b3f'),
 ('552', '16', '16', '1', '2017-09-28 03:25:53', NULL, '2017-09-28 03:25:53', '2017-09-28 03:25:53', 'a6d05878-9737-4888-9c50-320baaa3eb99'),
 ('553', '16', '16', '1', '2017-09-28 03:27:49', NULL, '2017-09-28 03:27:49', '2017-09-28 03:27:49', 'e26db99b-e192-4674-b35c-fe9b1e52878c'),
 ('554', '16', '16', '1', '2017-09-28 03:29:29', NULL, '2017-09-28 03:29:29', '2017-09-28 03:29:29', 'ee7db4c3-8101-4d97-b4f0-209e16ac9630'),
 ('555', '16', '16', '1', '2017-09-28 03:30:00', NULL, '2017-09-28 03:30:50', '2017-09-28 23:25:56', '9ca93150-a44b-4674-b025-693e72e5d0fd'),
 ('556', '16', '16', '1', '2017-09-28 03:32:08', NULL, '2017-09-28 03:32:08', '2017-09-28 03:32:08', '356b63e4-e508-4fb6-9e33-924b4c274d25'),
 ('557', '16', '16', '1', '2017-09-28 03:33:56', NULL, '2017-09-28 03:33:56', '2017-09-28 03:33:56', '0825ef34-cfc1-4d8f-ae48-b2b023adb85f'),
 ('558', '16', '16', '1', '2017-09-28 03:35:00', NULL, '2017-09-28 03:35:20', '2017-09-28 03:40:18', '33c51a57-d228-47f0-a3ab-48d6a1a31ad4'),
 ('559', '16', '16', '1', '2017-09-28 03:36:25', NULL, '2017-09-28 03:36:25', '2017-09-28 03:36:25', 'c8064a91-9acf-4ecd-9d2e-4a1ec1acb590'),
 ('560', '16', '16', '1', '2017-09-28 03:36:47', NULL, '2017-09-28 03:36:47', '2017-09-28 03:36:47', '09d6022d-2b45-48cc-b231-731e079b9fdd'),
 ('562', '10', '10', '1', '2017-09-28 22:46:00', NULL, '2017-09-28 22:46:38', '2017-09-28 22:52:29', '92082a73-108e-4db9-b3c8-875ab7c591c7');



DROP TABLE IF EXISTS `craft_entrydrafts`;


--
-- Schema for table `craft_entrydrafts`
--
CREATE TABLE `craft_entrydrafts` (
  `id` int(11) NOT NULL AUTO_INCREMENT,
  `entryId` int(11) NOT NULL,
  `sectionId` int(11) NOT NULL,
  `creatorId` int(11) NOT NULL,
  `locale` char(12) COLLATE utf8_unicode_ci NOT NULL,
  `name` varchar(255) COLLATE utf8_unicode_ci NOT NULL,
  `notes` tinytext COLLATE utf8_unicode_ci,
  `data` mediumtext COLLATE utf8_unicode_ci NOT NULL,
  `dateCreated` datetime NOT NULL,
  `dateUpdated` datetime NOT NULL,
  `uid` char(36) COLLATE utf8_unicode_ci NOT NULL DEFAULT '0',
  PRIMARY KEY (`id`),
  KEY `craft_entrydrafts_entryId_locale_idx` (`entryId`,`locale`),
  KEY `craft_entrydrafts_sectionId_fk` (`sectionId`),
  KEY `craft_entrydrafts_creatorId_fk` (`creatorId`),
  KEY `craft_entrydrafts_locale_fk` (`locale`)
) ENGINE=InnoDB DEFAULT CHARSET=utf8 COLLATE=utf8_unicode_ci;

DROP TABLE IF EXISTS `craft_entrytypes`;


--
-- Schema for table `craft_entrytypes`
--
CREATE TABLE `craft_entrytypes` (
  `id` int(11) NOT NULL AUTO_INCREMENT,
  `sectionId` int(11) NOT NULL,
  `fieldLayoutId` int(11) DEFAULT NULL,
  `name` varchar(255) COLLATE utf8_unicode_ci NOT NULL,
  `handle` varchar(255) COLLATE utf8_unicode_ci NOT NULL,
  `hasTitleField` tinyint(1) unsigned NOT NULL DEFAULT '1',
  `titleLabel` varchar(255) COLLATE utf8_unicode_ci DEFAULT 'Title',
  `titleFormat` varchar(255) COLLATE utf8_unicode_ci DEFAULT NULL,
  `sortOrder` smallint(6) unsigned DEFAULT NULL,
  `dateCreated` datetime NOT NULL,
  `dateUpdated` datetime NOT NULL,
  `uid` char(36) COLLATE utf8_unicode_ci NOT NULL DEFAULT '0',
  PRIMARY KEY (`id`),
  UNIQUE KEY `craft_entrytypes_name_sectionId_unq_idx` (`name`,`sectionId`),
  UNIQUE KEY `craft_entrytypes_handle_sectionId_unq_idx` (`handle`,`sectionId`),
  KEY `craft_entrytypes_sectionId_fk` (`sectionId`),
  KEY `craft_entrytypes_fieldLayoutId_fk` (`fieldLayoutId`)
) ENGINE=InnoDB AUTO_INCREMENT=20 DEFAULT CHARSET=utf8 COLLATE=utf8_unicode_ci;

--
-- Data for table `craft_entrytypes`
--

INSERT INTO `craft_entrytypes` (`id`, `sectionId`, `fieldLayoutId`, `name`, `handle`, `hasTitleField`, `titleLabel`, `titleFormat`, `sortOrder`, `dateCreated`, `dateUpdated`, `uid`) VALUES
 ('3', '3', '25', 'Marquee Slide', 'marqueeSlide', '1', 'Title', NULL, '1', '2017-08-25 13:20:53', '2017-08-25 18:22:17', 'a8d75fb3-06f9-408a-971e-ac2559718e4e'),
 ('4', '4', '279', 'Home', 'homepage', '0', NULL, '{section.name|raw}', '1', '2017-08-25 16:28:45', '2017-09-24 10:23:07', '356e755d-743b-42fc-9e97-87c127ec6617'),
 ('5', '5', '141', 'Quadrants', 'quadrants', '1', 'Link Title', NULL, '1', '2017-08-25 16:57:57', '2017-08-31 11:33:36', 'ba6893e1-a4c8-4795-8ed3-5eaa8848bfeb'),
 ('7', '7', '305', 'About', 'about', '1', 'Title', NULL, '1', '2017-08-26 11:07:16', '2017-09-27 23:31:12', '5c84bdd7-210d-41f3-8b51-ba982fb70a7d'),
 ('8', '8', '75', 'Church Bio', 'churchBio', '1', 'Full Name', NULL, '1', '2017-08-28 15:07:07', '2017-08-28 15:13:24', '0333d244-3d0b-4a0b-bb15-481d850a3554'),
 ('9', '9', '299', 'Blog', 'blog', '1', 'Title', NULL, '1', '2017-08-30 09:04:27', '2017-09-27 22:59:50', 'd2774d01-198e-4bf1-a271-aa115c3780f3'),
 ('10', '10', '297', 'Worship', 'worship', '1', 'Title', NULL, '1', '2017-09-01 10:04:40', '2017-09-27 22:58:34', '1b6470b4-2a33-405a-bc7d-8d9ae6333a5f'),
 ('11', '11', '158', 'Virtual Tour', 'virtualTour', '1', 'Title', NULL, '1', '2017-09-01 11:25:00', '2017-09-01 11:42:38', 'cb296943-37fb-4abb-ad47-20008af5613c'),
 ('13', '13', '205', 'Audio Sermons', 'audioSermons', '1', 'Title', NULL, '1', '2017-09-12 10:18:21', '2017-09-12 16:43:47', '6e9bb48d-bf88-4b0a-8dc2-d7351a9914ae'),
 ('14', '14', '298', 'Music', 'music', '1', 'Title', NULL, '1', '2017-09-13 09:18:30', '2017-09-27 22:59:15', '0d874fa5-7e22-4dbd-85a9-d5e136efe65d'),
 ('15', '15', '269', 'Volunteer Contacts', 'volunteerContacts', '1', 'Title', NULL, '1', '2017-09-21 09:25:09', '2017-09-21 09:31:12', '2c02f6f6-7120-4a50-9953-7832802b1fcf'),
 ('16', '16', '278', 'Liturgical Music Schedule', 'liturgicalMusicSchedule', '1', 'Title', NULL, '1', '2017-09-22 09:37:19', '2017-09-22 10:14:46', '6cc91bf7-4324-4436-934f-10b8330ae588'),
 ('17', '17', '280', 'Events', 'events', '0', NULL, '{section.name|raw}', '1', '2017-09-24 10:29:32', '2017-09-24 10:29:32', '8b4e38bf-e714-4471-97d3-99906d7f55e6'),
 ('18', '18', '289', 'Worship Schedule', 'worshipSchedule', '1', 'Days of Week', NULL, '1', '2017-09-26 23:07:33', '2017-09-26 23:18:20', 'a49667ac-e5e6-429b-bb2c-47437b78646f'),
 ('19', '19', '292', 'Plan Your Visit', 'visit', '0', NULL, '{section.name|raw}', '1', '2017-09-27 07:44:51', '2017-09-27 08:44:53', 'deb74fb9-01ae-472a-adfa-2acd689b4416');



DROP TABLE IF EXISTS `craft_entryversions`;


--
-- Schema for table `craft_entryversions`
--
CREATE TABLE `craft_entryversions` (
  `id` int(11) NOT NULL AUTO_INCREMENT,
  `entryId` int(11) NOT NULL,
  `sectionId` int(11) NOT NULL,
  `creatorId` int(11) DEFAULT NULL,
  `locale` char(12) COLLATE utf8_unicode_ci NOT NULL,
  `num` smallint(6) unsigned NOT NULL,
  `notes` tinytext COLLATE utf8_unicode_ci,
  `data` mediumtext COLLATE utf8_unicode_ci NOT NULL,
  `dateCreated` datetime NOT NULL,
  `dateUpdated` datetime NOT NULL,
  `uid` char(36) COLLATE utf8_unicode_ci NOT NULL DEFAULT '0',
  PRIMARY KEY (`id`),
  KEY `craft_entryversions_entryId_locale_idx` (`entryId`,`locale`),
  KEY `craft_entryversions_sectionId_fk` (`sectionId`),
  KEY `craft_entryversions_creatorId_fk` (`creatorId`),
  KEY `craft_entryversions_locale_fk` (`locale`)
) ENGINE=InnoDB AUTO_INCREMENT=215 DEFAULT CHARSET=utf8 COLLATE=utf8_unicode_ci;

--
-- Data for table `craft_entryversions`
--

INSERT INTO `craft_entryversions` (`id`, `entryId`, `sectionId`, `creatorId`, `locale`, `num`, `notes`, `data`, `dateCreated`, `dateUpdated`, `uid`) VALUES
 ('4', '69', '7', '1', 'en_us', '1', '', '{\"typeId\":null,\"authorId\":\"1\",\"title\":\"Welcome\",\"slug\":\"welcome\",\"postDate\":1503746537,\"expiryDate\":null,\"enabled\":1,\"parentId\":null,\"fields\":{\"11\":[\"68\"],\"3\":\"Welcome to our little church\",\"1\":\"<p>Mi aptent suspendisse sociis augue pretium eleifend ante suspendisse ad condimentum a a scelerisque a sem tempor tristique vestibulum ultrices lectus consectetur potenti fusce ipsum parturient fermentum.Tincidunt aliquet tellus urna pretium a mus quis adipiscing a a porta eget aliquet ullamcorper mollis leo.Natoque class a a tellus condimentum purus curabitur a fusce arcu congue conubia mus natoque at.<\\/p>\"}}', '2017-08-26 11:22:17', '2017-08-26 11:22:17', 'c6ee4100-306f-4b58-b1cc-7f4f8b848ff5'),
 ('5', '69', '7', '1', 'en_us', '2', '', '{\"typeId\":\"7\",\"authorId\":\"1\",\"title\":\"Welcome\",\"slug\":\"welcome\",\"postDate\":1503746520,\"expiryDate\":null,\"enabled\":1,\"parentId\":null,\"fields\":{\"11\":[\"68\"],\"3\":\"Welcome to our little church\",\"1\":\"<p>Mi aptent suspendisse sociis augue pretium eleifend ante suspendisse ad condimentum a a scelerisque a sem tempor tristique vestibulum ultrices lectus consectetur potenti fusce ipsum parturient fermentum.Tincidunt aliquet tellus urna pretium a mus quis adipiscing a a porta eget aliquet ullamcorper mollis leo.Natoque class a a tellus condimentum purus curabitur a fusce arcu congue conubia mus natoque at.<\\/p>\"}}', '2017-08-26 11:24:43', '2017-08-26 11:24:43', '2b7c314c-f48d-451a-bd26-0f2e9551b872'),
 ('6', '69', '7', '1', 'en_us', '3', '', '{\"typeId\":\"7\",\"authorId\":\"1\",\"title\":\"Welcome\",\"slug\":\"welcome\",\"postDate\":1503746520,\"expiryDate\":null,\"enabled\":1,\"parentId\":null,\"fields\":{\"11\":[\"68\"],\"3\":\"Welcome to our little church\",\"1\":\"<p>Mi aptent suspendisse sociis augue pretium eleifend ante suspendisse ad condimentum a a scelerisque a sem tempor tristique vestibulum ultrices lectus consectetur potenti fusce ipsum parturient fermentum.Tincidunt aliquet tellus urna pretium a mus quis adipiscing a a porta eget aliquet ullamcorper mollis leo. Natoque class a a tellus condimentum purus curabitur a fusce arcu congue conubia mus natoque at.<\\/p>\"}}', '2017-08-26 13:59:35', '2017-08-26 13:59:35', '133c5d9b-d172-4a59-a5bd-42fe716d574e'),
 ('7', '69', '7', '1', 'en_us', '4', '', '{\"typeId\":\"7\",\"authorId\":\"1\",\"title\":\"Welcome\",\"slug\":\"welcome\",\"postDate\":1503746520,\"expiryDate\":null,\"enabled\":1,\"parentId\":null,\"fields\":{\"11\":[\"68\"],\"3\":\"Welcome to our little church\",\"1\":\"<p>Mi aptent suspendisse sociis augue pretium eleifend ante suspendisse ad condimentum a a scelerisque a sem tempor tristique vestibulum ultrices lectus consectetur potenti fusce ipsum parturient fermentum.Tincidunt aliquet tellus urna pretium a mus quis adipiscing a a porta eget aliquet ullamcorper mollis leo. Natoque class a a tellus condimentum purus curabitur a fusce arcu congue conubia mus natoque at.<\\/p>\",\"12\":\"<p>Ullamcorper scelerisque a placerat sodales orci aliquet pharetra tempor a etiam parturient id ante arcu elit sem id consectetur mollis euismod conubia a a posuere. Adipiscing eget congue suspendisse conubia ullamcorper parturient lacinia condimentum elementum enim eget per a viverra a ante condimentum parturient adipiscing etiam adipiscing potenti vestibulum pulvinar a. A class ullamcorper per dignissim eget porta mus himenaeos tempor a vitae condimentum a fermentum sed nec nisl nunc dis eget. Purus mus vel eros velit cum non a ac ad sem parturient odio vestibulum nibh porta dapibus parturient duis vitae scelerisque fames a cubilia a posuere nam risus ligula.<\\/p>\"}}', '2017-08-28 11:48:31', '2017-08-28 11:48:31', '5f29a637-7be6-49a2-9234-62d0f2eaf7f8'),
 ('8', '69', '7', '1', 'en_us', '5', '', '{\"typeId\":\"7\",\"authorId\":\"1\",\"title\":\"Welcome\",\"slug\":\"welcome\",\"postDate\":1503746520,\"expiryDate\":null,\"enabled\":1,\"parentId\":null,\"fields\":{\"11\":[\"68\"],\"3\":\"Welcome to our little church\",\"1\":\"<p>Mi aptent suspendisse sociis augue pretium eleifend ante suspendisse ad condimentum a a scelerisque a sem tempor tristique vestibulum ultrices lectus consectetur potenti fusce ipsum parturient fermentum.Tincidunt aliquet tellus urna pretium a mus quis adipiscing a a porta eget aliquet ullamcorper mollis leo. Natoque class a a tellus condimentum purus curabitur a fusce arcu congue conubia mus natoque at.<\\/p>\",\"12\":\"<p>Ullamcorper scelerisque a placerat sodales orci aliquet pharetra tempor a etiam parturient id ante arcu elit sem id consectetur mollis euismod conubia a a posuere. Adipiscing eget congue suspendisse conubia ullamcorper parturient lacinia condimentum elementum enim eget per a viverra a ante condimentum parturient adipiscing etiam adipiscing potenti vestibulum pulvinar a. A class ullamcorper per dignissim eget porta mus himenaeos tempor a vitae condimentum a fermentum sed nec nisl nunc dis eget. Purus mus vel eros velit cum non a ac ad sem parturient odio vestibulum nibh porta dapibus parturient duis vitae scelerisque fames a cubilia a posuere nam risus ligula.<\\/p>\"}}', '2017-08-28 11:55:20', '2017-08-28 11:55:20', 'f73cb57a-626f-40d4-b80a-facc6912d7c9'),
 ('9', '69', '7', '1', 'en_us', '6', '', '{\"typeId\":\"7\",\"authorId\":\"1\",\"title\":\"Welcome\",\"slug\":\"welcome\",\"postDate\":1503746520,\"expiryDate\":null,\"enabled\":1,\"parentId\":null,\"fields\":{\"11\":[\"68\"],\"3\":\"Welcome to our little church\",\"1\":\"<p>Mi aptent suspendisse sociis augue pretium eleifend ante suspendisse ad condimentum a a scelerisque a sem tempor tristique vestibulum ultrices lectus consectetur potenti fusce ipsum parturient fermentum.Tincidunt aliquet tellus urna pretium a mus quis adipiscing a a porta eget aliquet ullamcorper mollis leo. Natoque class a a tellus condimentum purus curabitur a fusce arcu congue conubia mus natoque at.<\\/p>\",\"12\":\"<p>Ullamcorper scelerisque a placerat sodales orci aliquet pharetra tempor a etiam parturient id ante arcu elit sem id consectetur mollis euismod conubia a a posuere. Adipiscing eget congue suspendisse conubia ullamcorper parturient lacinia condimentum elementum enim eget per a viverra a ante condimentum parturient adipiscing etiam adipiscing potenti vestibulum pulvinar a. A class ullamcorper per dignissim eget porta mus himenaeos tempor a vitae condimentum a fermentum sed nec nisl nunc dis eget. Purus mus vel eros velit cum non a ac ad sem parturient odio vestibulum nibh porta dapibus parturient duis vitae scelerisque fames a cubilia a posuere nam risus ligula.<\\/p>\"}}', '2017-08-28 11:57:45', '2017-08-28 11:57:45', 'e779990f-8f2c-45f7-ac88-7aa8da385328'),
 ('10', '69', '7', '1', 'en_us', '7', '', '{\"typeId\":\"7\",\"authorId\":\"1\",\"title\":\"Welcome\",\"slug\":\"welcome\",\"postDate\":1503746520,\"expiryDate\":null,\"enabled\":1,\"parentId\":null,\"fields\":{\"11\":[\"68\"],\"3\":\"Welcome to our little church\",\"1\":\"<p>Mi aptent suspendisse sociis augue pretium eleifend ante suspendisse ad condimentum a a scelerisque a sem tempor tristique vestibulum ultrices lectus consectetur potenti fusce ipsum parturient fermentum.Tincidunt aliquet tellus urna pretium a mus quis adipiscing a a porta eget aliquet ullamcorper mollis leo. Natoque class a a tellus condimentum purus curabitur a fusce arcu congue conubia mus natoque at.<\\/p>\",\"12\":\"<p>Ullamcorper scelerisque a placerat sodales orci aliquet pharetra tempor a etiam parturient id ante arcu elit sem id consectetur mollis euismod conubia a a posuere. Adipiscing eget congue suspendisse conubia ullamcorper parturient lacinia condimentum elementum enim eget per a viverra a ante condimentum parturient adipiscing etiam adipiscing potenti vestibulum pulvinar a. A class ullamcorper per dignissim eget porta mus himenaeos tempor a vitae condimentum a fermentum sed nec nisl nunc dis eget. Purus mus vel eros velit cum non a ac ad sem parturient odio vestibulum nibh porta dapibus parturient duis vitae scelerisque fames a cubilia a posuere nam risus ligula.<\\/p>\"}}', '2017-08-28 11:58:22', '2017-08-28 11:58:22', '0789713a-3687-4bfd-a4cd-9279e8495902'),
 ('11', '69', '7', '1', 'en_us', '8', '', '{\"typeId\":\"7\",\"authorId\":\"1\",\"title\":\"Welcome\",\"slug\":\"welcome\",\"postDate\":1503746520,\"expiryDate\":null,\"enabled\":1,\"parentId\":null,\"fields\":{\"11\":[\"68\"],\"3\":\"Welcome to our little church\",\"1\":\"<p>Mi aptent suspendisse sociis augue pretium eleifend ante suspendisse ad condimentum a a scelerisque a sem tempor tristique vestibulum ultrices lectus consectetur potenti fusce ipsum parturient fermentum.Tincidunt aliquet tellus urna pretium a mus quis adipiscing a a porta eget aliquet ullamcorper mollis leo. Natoque class a a tellus condimentum purus curabitur a fusce arcu congue conubia mus natoque at.<\\/p>\",\"12\":\"<p>Ullamcorper scelerisque a placerat sodales orci aliquet pharetra tempor a etiam parturient id ante arcu elit sem id consectetur mollis euismod conubia a a posuere. Adipiscing eget congue suspendisse conubia ullamcorper parturient lacinia condimentum elementum enim eget per a viverra a ante condimentum parturient adipiscing etiam adipiscing potenti vestibulum pulvinar a. A class ullamcorper per dignissim eget porta mus himenaeos tempor a vitae condimentum a fermentum sed nec nisl nunc dis eget. Purus mus vel eros velit cum non a ac ad sem parturient odio vestibulum nibh porta dapibus parturient duis vitae scelerisque fames a cubilia a posuere nam risus ligula.<\\/p>\"}}', '2017-08-28 12:00:05', '2017-08-28 12:00:05', '6eb63272-1a3a-4408-97d1-d8421db07957'),
 ('12', '69', '7', '1', 'en_us', '9', '', '{\"typeId\":\"7\",\"authorId\":\"1\",\"title\":\"Welcome\",\"slug\":\"welcome\",\"postDate\":1503746520,\"expiryDate\":null,\"enabled\":1,\"parentId\":null,\"fields\":{\"11\":[\"68\"],\"3\":\"Welcome to our little church\",\"1\":\"<p>Mi aptent suspendisse sociis augue pretium eleifend ante suspendisse ad condimentum a a scelerisque a sem tempor tristique vestibulum ultrices lectus consectetur potenti fusce ipsum parturient fermentum.Tincidunt aliquet tellus urna pretium a mus quis adipiscing a a porta eget aliquet ullamcorper mollis leo. Natoque class a a tellus condimentum purus curabitur a fusce arcu congue conubia mus natoque at.<\\/p>\",\"12\":\"<p>Ullamcorper scelerisque a placerat sodales orci aliquet pharetra tempor a etiam parturient id ante arcu elit sem id consectetur mollis euismod conubia a a posuere. Adipiscing eget congue suspendisse conubia ullamcorper parturient lacinia condimentum elementum enim eget per a viverra a ante condimentum parturient adipiscing etiam adipiscing potenti vestibulum pulvinar.<\\/p>\"}}', '2017-08-28 12:02:33', '2017-08-28 12:02:33', '775f0d65-6118-440f-ac92-165388721331'),
 ('13', '69', '7', '1', 'en_us', '10', '', '{\"typeId\":\"7\",\"authorId\":\"1\",\"title\":\"Welcome\",\"slug\":\"welcome\",\"postDate\":1503746520,\"expiryDate\":null,\"enabled\":1,\"parentId\":null,\"fields\":{\"11\":[\"68\"],\"3\":\"Welcome to our little church\",\"1\":\"<p>Mi aptent suspendisse sociis augue pretium eleifend ante suspendisse ad condimentum a a scelerisque a sem tempor tristique vestibulum ultrices lectus consectetur potenti fusce ipsum parturient fermentum.Tincidunt aliquet tellus urna pretium a mus quis adipiscing a a porta eget aliquet ullamcorper mollis leo. Natoque class a a tellus condimentum purus curabitur a fusce arcu congue conubia mus natoque at.<\\/p>\",\"12\":\"<p>Ullamcorper scelerisque a placerat sodales orci aliquet pharetra tempor a etiam parturient id ante arcu elit sem id consectetur mollis euismod conubia a a posuere. Adipiscing eget congue suspendisse conubia ullamcorper parturient lacinia condimentum elementum enim eget per a viverra a ante condimentum parturient adipiscing etiam adipiscing potenti vestibulum pulvinar.<\\/p>\"}}', '2017-08-28 12:04:37', '2017-08-28 12:04:37', 'a0e7b188-b9e5-4be4-9f41-9919fe21b294'),
 ('14', '69', '7', '1', 'en_us', '11', '', '{\"typeId\":\"7\",\"authorId\":\"1\",\"title\":\"Welcome\",\"slug\":\"welcome\",\"postDate\":1503746520,\"expiryDate\":null,\"enabled\":1,\"parentId\":null,\"fields\":{\"11\":[\"68\"],\"3\":\"Welcome to our little church\",\"13\":{\"new1\":{\"type\":\"paragraph\",\"enabled\":\"1\",\"fields\":{\"text\":\"<h2>New here?<\\/h2>\"}}},\"12\":\"<p>Ullamcorper scelerisque a placerat sodales orci aliquet pharetra tempor a etiam parturient id ante arcu elit sem id consectetur mollis euismod conubia a a posuere. Adipiscing eget congue suspendisse conubia ullamcorper parturient lacinia condimentum elementum enim eget per a viverra a ante condimentum parturient adipiscing etiam adipiscing potenti vestibulum pulvinar.<\\/p>\"}}', '2017-08-28 12:21:30', '2017-08-28 12:21:30', '13dd3127-bc0b-48bb-8790-2bd4d881e578'),
 ('15', '69', '7', '1', 'en_us', '12', '', '{\"typeId\":\"7\",\"authorId\":\"1\",\"title\":\"Welcome\",\"slug\":\"welcome\",\"postDate\":1503746520,\"expiryDate\":null,\"enabled\":1,\"parentId\":null,\"fields\":{\"11\":[\"68\"],\"3\":\"Welcome to our little church\",\"13\":{\"71\":{\"type\":\"paragraph\",\"enabled\":\"1\",\"fields\":{\"text\":\"<h2>First time here?<\\/h2><p>I invite you to join us in worship and fellowship at any one of our services, coffee hour, concert series, or a simple contemplative visit to our garden and chapel. I like to think of our parish as a quiet oasis in the heart of this vibrant city. And yet we have so much going on at our Little Church.<\\/p>\"}}},\"12\":\"<p>Ullamcorper scelerisque a placerat sodales orci aliquet pharetra tempor a etiam parturient id ante arcu elit sem id consectetur mollis euismod conubia a a posuere. Adipiscing eget congue suspendisse conubia ullamcorper parturient lacinia condimentum elementum enim eget per a viverra a ante condimentum parturient adipiscing etiam adipiscing potenti vestibulum pulvinar.<\\/p>\"}}', '2017-08-28 12:24:43', '2017-08-28 12:24:43', 'b2ac1054-6eb4-4c1f-b7f2-9b5df126c81f'),
 ('16', '69', '7', '1', 'en_us', '13', '', '{\"typeId\":\"7\",\"authorId\":\"1\",\"title\":\"Welcome\",\"slug\":\"welcome\",\"postDate\":1503746520,\"expiryDate\":null,\"enabled\":1,\"parentId\":null,\"fields\":{\"11\":[\"68\"],\"3\":\"Welcome to our little church\",\"13\":{\"71\":{\"type\":\"paragraph\",\"enabled\":\"1\",\"fields\":{\"text\":\"<h2>First time here?<\\/h2>\\r\\n<p>I invite you to join us in worship and fellowship at any one of our services, coffee hour, concert series, or a simple contemplative visit to our garden and chapel. I like to think of our parish as a quiet oasis in the heart of this vibrant city. And yet we have so much going on at our Little Church.<\\/p>\"}}},\"12\":\"<p>Ullamcorper scelerisque a placerat sodales orci aliquet pharetra tempor a etiam parturient id ante arcu elit sem id consectetur mollis euismod conubia a a posuere. Adipiscing eget congue suspendisse conubia ullamcorper parturient lacinia condimentum elementum enim eget per a viverra a ante condimentum parturient adipiscing etiam adipiscing potenti vestibulum pulvinar.<\\/p>\"}}', '2017-08-28 12:24:54', '2017-08-28 12:24:54', 'a64f1f82-7c79-4f98-ad8a-29e0777320c0'),
 ('17', '69', '7', '1', 'en_us', '14', '', '{\"typeId\":\"7\",\"authorId\":\"1\",\"title\":\"Welcome\",\"slug\":\"welcome\",\"postDate\":1503746520,\"expiryDate\":null,\"enabled\":1,\"parentId\":null,\"fields\":{\"11\":[\"68\"],\"3\":\"Welcome to our little church\",\"13\":{\"71\":{\"type\":\"paragraph\",\"enabled\":\"1\",\"fields\":{\"text\":\"<h2>First time here?<\\/h2>\\r\\n<p>I invite you to join us in worship and fellowship at any one of our services, coffee hour, concert series, or a simple contemplative visit to our garden and chapel. I like to think of our parish as a quiet oasis in the heart of this vibrant city. And yet we have so much going on at our Little Church.<\\/p>\"}}},\"12\":\"<p>Welcome to the Church of the Transfiguration located in Manhattan\'s NoMad district. We are an Episcopal Church and part of the larger, worldwide Anglican Communion, with a&nbsp;<a href=\\\"#\\\">rich musical and liturgical tradition<\\/a>. We host a diverse community embracing all people, across a vast spectrum of cultural, ethnic, racial, gender, sexual orientation, and economic backgrounds, as full members in the body of Christ.<\\/p>\"}}', '2017-08-28 12:28:22', '2017-08-28 12:28:22', '2c5187be-99ec-41b8-af62-c7e9d70db614'),
 ('18', '69', '7', '1', 'en_us', '15', '', '{\"typeId\":\"7\",\"authorId\":\"1\",\"title\":\"Welcome\",\"slug\":\"welcome\",\"postDate\":1503746520,\"expiryDate\":null,\"enabled\":1,\"parentId\":null,\"fields\":{\"11\":[\"68\"],\"3\":\"Welcome to our little church\",\"13\":{\"71\":{\"type\":\"paragraph\",\"enabled\":\"1\",\"fields\":{\"text\":\"<h2>First time here?<\\/h2>\\r\\n<p>I invite you to join us in worship and fellowship at any one of our services, coffee hour, concert series, or a simple contemplative visit to our garden and chapel. I like to think of our parish as a quiet oasis in the heart of this vibrant city. And yet we have so much going on at our Little Church.<\\/p>\"}}},\"12\":\"<p>Welcome to the Church of the Transfiguration located in Manhattan\'s NoMad district. We are an Episcopal Church and part of the larger, worldwide Anglican Communion, with a&nbsp;<a href=\\\"#\\\">rich musical and liturgical tradition<\\/a>. We host a diverse community embracing all people, across a vast spectrum of cultural, ethnic, racial, gender, sexual orientation, and economic backgrounds, as full members in the body of Christ.<\\/p>\"}}', '2017-08-28 12:30:17', '2017-08-28 12:30:17', 'b17fa754-f35a-48be-bf3a-37142ba91ffc'),
 ('19', '69', '7', '1', 'en_us', '16', '', '{\"typeId\":\"7\",\"authorId\":\"1\",\"title\":\"Welcome\",\"slug\":\"welcome\",\"postDate\":1503746520,\"expiryDate\":null,\"enabled\":1,\"parentId\":null,\"fields\":{\"11\":[\"68\"],\"3\":\"Welcome to our little church\",\"13\":{\"71\":{\"type\":\"paragraph\",\"enabled\":\"1\",\"fields\":{\"text\":\"<h2>First time here?<\\/h2>\\r\\n<p>I invite you to join us in worship and fellowship at any one of our services, coffee hour, concert series, or a simple contemplative visit to our garden and chapel. I like to think of our parish as a quiet oasis in the heart of this vibrant city. And yet we have so much going on at our Little Church.<\\/p>\"}},\"new1\":{\"type\":\"figure\",\"enabled\":\"1\",\"fields\":{\"image\":[\"72\"],\"altAttribute\":\"\",\"caption\":\"<p>This is a caption<\\/p>\",\"credit\":\"\"}}},\"12\":\"<p>Welcome to the Church of the Transfiguration located in Manhattan\'s NoMad district. We are an Episcopal Church and part of the larger, worldwide Anglican Communion, with a&nbsp;<a href=\\\"#\\\">rich musical and liturgical tradition<\\/a>. We host a diverse community embracing all people, across a vast spectrum of cultural, ethnic, racial, gender, sexual orientation, and economic backgrounds, as full members in the body of Christ.<\\/p>\"}}', '2017-08-28 12:33:09', '2017-08-28 12:33:09', '5c20c57e-c93d-4556-bd5d-8a0b6bb484ec'),
 ('20', '69', '7', '1', 'en_us', '17', '', '{\"typeId\":\"7\",\"authorId\":\"1\",\"title\":\"Welcome\",\"slug\":\"welcome\",\"postDate\":1503746520,\"expiryDate\":null,\"enabled\":1,\"parentId\":null,\"fields\":{\"11\":[\"68\"],\"3\":\"Welcome to our little church\",\"13\":{\"71\":{\"type\":\"paragraph\",\"enabled\":\"1\",\"fields\":{\"text\":\"<h2>First time here?<\\/h2>\\r\\n<p>I invite you to join us in worship and fellowship at any one of our services, coffee hour, concert series, or a simple contemplative visit to our garden and chapel. I like to think of our parish as a quiet oasis in the heart of this vibrant city. And yet we have so much going on at our Little Church.<\\/p>\"}},\"73\":{\"type\":\"figure\",\"enabled\":\"1\",\"fields\":{\"image\":[\"72\"],\"altAttribute\":\"\",\"caption\":\"<p>This is a caption<\\/p>\",\"credit\":\"\"}},\"new1\":{\"type\":\"paragraph\",\"enabled\":\"1\",\"fields\":{\"text\":\"<blockquote><b>The Church of the Transfiguration is a community committed to faith in action. We embrace all who seek God\\u2019s inclusive love.<\\/b><\\/blockquote>\"}}},\"12\":\"<p>Welcome to the Church of the Transfiguration located in Manhattan\'s NoMad district. We are an Episcopal Church and part of the larger, worldwide Anglican Communion, with a&nbsp;<a href=\\\"#\\\">rich musical and liturgical tradition<\\/a>. We host a diverse community embracing all people, across a vast spectrum of cultural, ethnic, racial, gender, sexual orientation, and economic backgrounds, as full members in the body of Christ.<\\/p>\"}}', '2017-08-28 12:43:05', '2017-08-28 12:43:05', '2ee2ecc3-4b18-4871-8bfe-5b373adcdaa3'),
 ('21', '69', '7', '1', 'en_us', '18', '', '{\"typeId\":\"7\",\"authorId\":\"1\",\"title\":\"Welcome\",\"slug\":\"welcome\",\"postDate\":1503746520,\"expiryDate\":null,\"enabled\":1,\"parentId\":null,\"fields\":{\"11\":[\"68\"],\"3\":\"Welcome to our little church\",\"13\":{\"71\":{\"type\":\"paragraph\",\"enabled\":\"1\",\"fields\":{\"text\":\"<h2>First time here?<\\/h2>\\r\\n<p>I invite you to join us in worship and fellowship at any one of our services, coffee hour, concert series, or a simple contemplative visit to our garden and chapel. I like to think of our parish as a quiet oasis in the heart of this vibrant city. And yet we have so much going on at our Little Church.<\\/p>\"}},\"73\":{\"type\":\"figure\",\"enabled\":\"1\",\"fields\":{\"image\":[\"72\"],\"altAttribute\":\"\",\"caption\":\"<p>This is a caption<\\/p>\",\"credit\":\"\"}},\"74\":{\"type\":\"paragraph\",\"enabled\":\"1\",\"fields\":{\"text\":\"<h2>Sem inceptos sociosqu interdum<\\/h2><p>Consequat orci a cum suspendisse pretium orci dui dapibus ultricies nisi vulputate erat a dui. Ultricies enim a ut per egestas augue dis ad tellus mus a hac ac a scelerisque ullamcorper eupraesent quisque adipiscing. Erat purus ante habitasse mus interdum scelerisque a hac fermentum cum conguesuspendisse scelerisque auctor condimentum eu ipsum varius cursus a tempus aenean consectetur et a. Cubilia scelerisque ligula fusce a consequat vel fames a arcu mi nisl et at ultrices nunc. Sem inceptos sociosqu interdum adipiscing quis aliquam adipiscing vel taciti enim penatibus et ullamcorper venenatis.<\\/p><blockquote><strong>The Church of the Transfiguration is a community committed to faith in action. We embrace all who seek God\\u2019s inclusive love<br><\\/strong><\\/blockquote><p>Consequat orci a cum suspendisse pretium orci dui dapibus ultricies nisi vulputate erat a dui. Ultricies enim a ut per egestas augue dis ad tellus mus a hac ac a scelerisque ullamcorper eupraesent quisque adipiscing. Erat purus ante habitasse mus interdum scelerisque a hac fermentum cum conguesuspendisse scelerisque auctor condimentum eu ipsum varius cursus a tempus aenean consectetur et a. Cubilia scelerisque ligula fusce a consequat vel fames a arcu mi nisl et at ultrices nunc. Sem inceptos sociosqu interdum adipiscing quis aliquam adipiscing vel taciti enim penatibus et ullamcorper venenatis.<\\/p>\"}}},\"12\":\"<p>Welcome to the Church of the Transfiguration located in Manhattan\'s NoMad district. We are an Episcopal Church and part of the larger, worldwide Anglican Communion, with a&nbsp;<a href=\\\"#\\\">rich musical and liturgical tradition<\\/a>. We host a diverse community embracing all people, across a vast spectrum of cultural, ethnic, racial, gender, sexual orientation, and economic backgrounds, as full members in the body of Christ.<\\/p>\"}}', '2017-08-28 12:48:09', '2017-08-28 12:48:09', '344d6de6-efb3-45a0-9650-79beba919762'),
 ('22', '69', '7', '1', 'en_us', '19', '', '{\"typeId\":\"7\",\"authorId\":\"1\",\"title\":\"Welcome\",\"slug\":\"welcome\",\"postDate\":1503746520,\"expiryDate\":null,\"enabled\":1,\"parentId\":null,\"fields\":{\"11\":[\"68\"],\"3\":\"Welcome to our little church\",\"13\":{\"71\":{\"type\":\"paragraph\",\"enabled\":\"1\",\"fields\":{\"text\":\"<h2>First time here?<\\/h2>\\r\\n<p>I invite you to join us in worship and fellowship at any one of our services, coffee hour, concert series, or a simple contemplative visit to our garden and chapel. I like to think of our parish as a quiet oasis in the heart of this vibrant city. And yet we have so much going on at our Little Church.<\\/p>\"}},\"73\":{\"type\":\"figure\",\"enabled\":\"1\",\"fields\":{\"image\":[\"72\"],\"altAttribute\":\"\",\"caption\":\"<p>This is a caption<\\/p>\",\"credit\":\"\"}},\"74\":{\"type\":\"paragraph\",\"enabled\":\"1\",\"fields\":{\"text\":\"<h2>Sem inceptos sociosqu interdum<\\/h2>\\r\\n<p>Consequat orci a cum suspendisse pretium orci dui dapibus ultricies nisi vulputate erat a dui. Ultricies enim a ut per egestas augue dis ad tellus mus a hac ac a scelerisque ullamcorper eupraesent quisque adipiscing. Erat purus ante habitasse mus interdum scelerisque a hac fermentum cum conguesuspendisse scelerisque auctor condimentum eu ipsum varius cursus a tempus aenean consectetur et a. Cubilia scelerisque ligula fusce a consequat vel fames a arcu mi nisl et at ultrices nunc. Sem inceptos sociosqu interdum adipiscing quis aliquam adipiscing vel taciti enim penatibus et ullamcorper venenatis.<\\/p>\\r\\n<blockquote><strong>The Church of the Transfiguration is a community committed to faith in action. We embrace all who seek God\\u2019s inclusive love<br><\\/strong><\\/blockquote>\\r\\n<p>Consequat orci a cum suspendisse pretium orci dui dapibus ultricies nisi vulputate erat a dui. Ultricies enim a ut per egestas augue dis ad tellus mus a hac ac a scelerisque ullamcorper eupraesent quisque adipiscing. Erat purus ante habitasse mus interdum scelerisque a hac fermentum cum conguesuspendisse scelerisque auctor condimentum eu ipsum varius cursus a tempus aenean consectetur et a. Cubilia scelerisque ligula fusce a consequat vel fames a arcu mi nisl et at ultrices nunc. Sem inceptos sociosqu interdum adipiscing quis aliquam adipiscing vel taciti enim penatibus et ullamcorper venenatis.<\\/p>\"}}},\"12\":\"<p>Welcome to the Church of the Transfiguration located in Manhattan\'s NoMad district. We are an Episcopal Church and part of the larger, worldwide Anglican Communion, with a&nbsp;<a href=\\\"#\\\">rich musical and liturgical tradition<\\/a>. We host a diverse community embracing all people, across a vast spectrum of cultural, ethnic, racial, gender, sexual orientation, and economic backgrounds, as full members in the body of Christ.<\\/p>\"}}', '2017-08-28 12:48:54', '2017-08-28 12:48:54', '4de0b987-d760-4f2f-b397-69838f36d49f'),
 ('23', '69', '7', '1', 'en_us', '20', '', '{\"typeId\":\"7\",\"authorId\":\"1\",\"title\":\"Welcome\",\"slug\":\"welcome\",\"postDate\":1503746520,\"expiryDate\":null,\"enabled\":1,\"parentId\":null,\"fields\":{\"11\":[\"68\"],\"3\":\"Welcome to our little church\",\"13\":{\"71\":{\"type\":\"paragraph\",\"enabled\":\"1\",\"fields\":{\"text\":\"<h2>First time here?<\\/h2>\\r\\n<p>I invite you to join us in worship and fellowship at any one of our services, coffee hour, concert series, or a simple contemplative visit to our garden and chapel. I like to think of our parish as a quiet oasis in the heart of this vibrant city. And yet we have so much going on at our Little Church.<\\/p>\"}},\"73\":{\"type\":\"figure\",\"enabled\":\"1\",\"fields\":{\"image\":[\"72\"],\"altAttribute\":\"\",\"caption\":\"<p>This is a caption<\\/p>\",\"credit\":\"\"}},\"74\":{\"type\":\"paragraph\",\"enabled\":\"1\",\"fields\":{\"text\":\"<h2>Sem inceptos sociosqu interdum<\\/h2>\\r\\n<p>Consequat orci a cum suspendisse pretium orci dui dapibus ultricies nisi vulputate erat a dui. Ultricies enim a ut per egestas augue dis ad tellus mus a hac ac a scelerisque ullamcorper eupraesent quisque adipiscing. Erat purus ante habitasse mus interdum scelerisque a hac fermentum cum conguesuspendisse scelerisque auctor condimentum eu ipsum varius cursus a tempus aenean consectetur et a. Cubilia scelerisque ligula fusce a consequat vel fames a arcu mi nisl et at ultrices nunc. Sem inceptos sociosqu interdum adipiscing quis aliquam adipiscing vel taciti enim penatibus et ullamcorper venenatis.<\\/p>\\r\\n<blockquote><strong>The Church of the Transfiguration is a community committed to faith in action. We embrace all who seek God\\u2019s inclusive love<br><\\/strong><\\/blockquote>\\r\\n<p>Consequat orci a cum suspendisse pretium orci dui dapibus ultricies nisi vulputate erat a dui. Ultricies enim a ut per egestas augue dis ad tellus mus a hac ac a scelerisque ullamcorper eupraesent quisque adipiscing. Erat purus ante habitasse mus interdum scelerisque a hac fermentum cum conguesuspendisse scelerisque auctor condimentum eu ipsum varius cursus a tempus aenean consectetur et a. Cubilia scelerisque ligula fusce a consequat vel fames a arcu mi nisl et at ultrices nunc. Sem inceptos sociosqu interdum adipiscing quis aliquam adipiscing vel taciti enim penatibus et ullamcorper venenatis.<\\/p>\"}}},\"12\":\"<p>Welcome to the Church of the Transfiguration located in Manhattan\'s NoMad district. We are an Episcopal Church and part of the larger, worldwide Anglican Communion, with a&nbsp;<a href=\\\"#\\\">rich musical and liturgical tradition<\\/a>. We host a diverse community embracing all people, across a vast spectrum of cultural, ethnic, racial, gender, sexual orientation, and economic backgrounds, as full members in the body of Christ.<\\/p>\"}}', '2017-08-28 12:49:05', '2017-08-28 12:49:05', 'd0f1cf6f-77d9-420e-9676-33269205d97f'),
 ('24', '69', '7', '1', 'en_us', '21', '', '{\"typeId\":\"7\",\"authorId\":\"1\",\"title\":\"Welcome\",\"slug\":\"welcome\",\"postDate\":1503746520,\"expiryDate\":null,\"enabled\":1,\"parentId\":null,\"fields\":{\"11\":[\"68\"],\"3\":\"Welcome to our little church\",\"13\":{\"71\":{\"type\":\"paragraph\",\"enabled\":\"1\",\"fields\":{\"text\":\"<h2>First time here?<\\/h2>\\r\\n<p>I invite you to join us in worship and fellowship at any one of our services, coffee hour, concert series, or a simple contemplative visit to our garden and chapel. I like to think of our parish as a quiet oasis in the heart of this vibrant city. And yet we have so much going on at our Little Church.<\\/p>\"}},\"73\":{\"type\":\"figure\",\"enabled\":\"1\",\"fields\":{\"image\":[\"72\"],\"altAttribute\":\"\",\"caption\":\"<p>This is a caption<\\/p>\",\"credit\":\"\"}},\"74\":{\"type\":\"paragraph\",\"enabled\":\"1\",\"fields\":{\"text\":\"<h2>Sem inceptos sociosqu interdum<\\/h2>\\r\\n<p>Consequat orci a cum suspendisse pretium orci dui dapibus ultricies nisi vulputate erat a dui. Ultricies enim a ut per egestas augue dis ad tellus mus a hac ac a scelerisque ullamcorper eupraesent quisque adipiscing. Erat purus ante habitasse mus interdum scelerisque a hac fermentum cum conguesuspendisse scelerisque auctor condimentum eu ipsum varius cursus a tempus aenean consectetur et a. Cubilia scelerisque ligula fusce a consequat vel fames a arcu mi nisl et at ultrices nunc. Sem inceptos sociosqu interdum adipiscing quis aliquam adipiscing vel taciti enim penatibus et ullamcorper venenatis.<\\/p>\\r\\n<blockquote>The Church of the Transfiguration is a community committed to faith in action. We embrace all who seek God\\u2019s inclusive love<\\/blockquote>\\r\\n<p>Consequat orci a cum suspendisse pretium orci dui dapibus ultricies nisi vulputate erat a dui. Ultricies enim a ut per egestas augue dis ad tellus mus a hac ac a scelerisque ullamcorper eupraesent quisque adipiscing. Erat purus ante habitasse mus interdum scelerisque a hac fermentum cum conguesuspendisse scelerisque auctor condimentum eu ipsum varius cursus a tempus aenean consectetur et a. Cubilia scelerisque ligula fusce a consequat vel fames a arcu mi nisl et at ultrices nunc. Sem inceptos sociosqu interdum adipiscing quis aliquam adipiscing vel taciti enim penatibus et ullamcorper venenatis.<\\/p>\"}}},\"12\":\"<p>Welcome to the Church of the Transfiguration located in Manhattan\'s NoMad district. We are an Episcopal Church and part of the larger, worldwide Anglican Communion, with a&nbsp;<a href=\\\"#\\\">rich musical and liturgical tradition<\\/a>. We host a diverse community embracing all people, across a vast spectrum of cultural, ethnic, racial, gender, sexual orientation, and economic backgrounds, as full members in the body of Christ.<\\/p>\"}}', '2017-08-28 12:54:17', '2017-08-28 12:54:17', 'd00d65f4-f9cf-42e3-b95e-3b1f80323785'),
 ('25', '69', '7', '1', 'en_us', '22', '', '{\"typeId\":\"7\",\"authorId\":\"1\",\"title\":\"Welcome\",\"slug\":\"welcome\",\"postDate\":1503746520,\"expiryDate\":null,\"enabled\":1,\"parentId\":null,\"fields\":{\"11\":[\"68\"],\"3\":\"Welcome to our little church\",\"13\":{\"71\":{\"type\":\"paragraph\",\"enabled\":\"1\",\"fields\":{\"text\":\"<h2>First time here?<\\/h2>\\r\\n<p>I invite you to join us in worship and fellowship at any one of our services, coffee hour, concert series, or a simple contemplative visit to our garden and chapel. I like to think of our parish as a quiet oasis in the heart of this vibrant city. And yet we have so much going on at our Little Church.<\\/p>\"}},\"73\":{\"type\":\"figureFull\",\"enabled\":\"1\",\"fields\":{\"image\":[\"72\"],\"altAttribute\":\"\",\"caption\":\"<p>This is a caption<\\/p>\",\"credit\":\"\"}},\"74\":{\"type\":\"paragraph\",\"enabled\":\"1\",\"fields\":{\"text\":\"<h2>Sem inceptos sociosqu interdum<\\/h2>\\r\\n<p>Consequat orci a cum suspendisse pretium orci dui dapibus ultricies nisi vulputate erat a dui. Ultricies enim a ut per egestas augue dis ad tellus mus a hac ac a scelerisque ullamcorper eupraesent quisque adipiscing. Erat purus ante habitasse mus interdum scelerisque a hac fermentum cum conguesuspendisse scelerisque auctor condimentum eu ipsum varius cursus a tempus aenean consectetur et a. Cubilia scelerisque ligula fusce a consequat vel fames a arcu mi nisl et at ultrices nunc. Sem inceptos sociosqu interdum adipiscing quis aliquam adipiscing vel taciti enim penatibus et ullamcorper venenatis.<\\/p>\\r\\n<blockquote>The Church of the Transfiguration is a community committed to faith in action. We embrace all who seek God\\u2019s inclusive love<\\/blockquote>\\r\\n<p>Consequat orci a cum suspendisse pretium orci dui dapibus ultricies nisi vulputate erat a dui. Ultricies enim a ut per egestas augue dis ad tellus mus a hac ac a scelerisque ullamcorper eupraesent quisque adipiscing. Erat purus ante habitasse mus interdum scelerisque a hac fermentum cum conguesuspendisse scelerisque auctor condimentum eu ipsum varius cursus a tempus aenean consectetur et a. Cubilia scelerisque ligula fusce a consequat vel fames a arcu mi nisl et at ultrices nunc. Sem inceptos sociosqu interdum adipiscing quis aliquam adipiscing vel taciti enim penatibus et ullamcorper venenatis.<\\/p><p><a href=\\\"http:\\/\\/lc-craft\\/images\\/blog-01.jpg#asset:8\\\">Blog 01<\\/a><br><\\/p>\"}}},\"12\":\"<p>Welcome to the Church of the Transfiguration located in Manhattan\'s NoMad district. We are an Episcopal Church and part of the larger, worldwide Anglican Communion, with a&nbsp;<a href=\\\"#\\\">rich musical and liturgical tradition<\\/a>. We host a diverse community embracing all people, across a vast spectrum of cultural, ethnic, racial, gender, sexual orientation, and economic backgrounds, as full members in the body of Christ.<\\/p>\"}}', '2017-08-28 14:30:59', '2017-08-28 14:30:59', 'fd0990db-8534-46ce-b98f-9a6df5c234ad'),
 ('26', '69', '7', '1', 'en_us', '23', '', '{\"typeId\":\"7\",\"authorId\":\"1\",\"title\":\"Welcome\",\"slug\":\"welcome\",\"postDate\":1503746520,\"expiryDate\":null,\"enabled\":1,\"parentId\":null,\"fields\":{\"11\":[\"68\"],\"3\":\"Welcome to our little church\",\"13\":{\"71\":{\"type\":\"paragraph\",\"enabled\":\"1\",\"fields\":{\"text\":\"<h2>First time here?<\\/h2>\\r\\n<p>I invite you to join us in worship and fellowship at any one of our services, coffee hour, concert series, or a simple contemplative visit to our garden and chapel. I like to think of our parish as a quiet oasis in the heart of this vibrant city. And yet we have so much going on at our Little Church.<\\/p>\"}},\"73\":{\"type\":\"figureFull\",\"enabled\":\"1\",\"fields\":{\"image\":[\"72\"],\"altAttribute\":\"\",\"caption\":\"<p>This is a caption<\\/p>\",\"credit\":\"\"}},\"74\":{\"type\":\"paragraph\",\"enabled\":\"1\",\"fields\":{\"text\":\"<h2>Sem inceptos sociosqu interdum<\\/h2>\\r\\n<p>Consequat orci a cum suspendisse pretium orci dui dapibus ultricies nisi vulputate erat a dui. Ultricies enim a ut per egestas augue dis ad tellus mus a hac ac a scelerisque ullamcorper eupraesent quisque adipiscing. Erat purus ante habitasse mus interdum scelerisque a hac fermentum cum conguesuspendisse scelerisque auctor condimentum eu ipsum varius cursus a tempus aenean consectetur et a. Cubilia scelerisque ligula fusce a consequat vel fames a arcu mi nisl et at ultrices nunc. Sem inceptos sociosqu interdum adipiscing quis aliquam adipiscing vel taciti enim penatibus et ullamcorper venenatis.<\\/p>\\r\\n<blockquote>The Church of the Transfiguration is a community committed to faith in action. We embrace all who seek God\\u2019s inclusive love<\\/blockquote>\\r\\n<p>Consequat orci a cum suspendisse pretium orci dui dapibus ultricies nisi vulputate erat a dui. Ultricies enim a ut per egestas augue dis ad tellus mus a hac ac a scelerisque ullamcorper eupraesent quisque adipiscing. Erat purus ante habitasse mus interdum scelerisque a hac fermentum cum conguesuspendisse scelerisque auctor condimentum eu ipsum varius cursus a tempus aenean consectetur et a. Cubilia scelerisque ligula fusce a consequat vel fames a arcu mi nisl et at ultrices nunc. Sem inceptos sociosqu interdum adipiscing quis aliquam adipiscing vel taciti enim penatibus et ullamcorper venenatis.<\\/p>\"}},\"new2\":{\"type\":\"paragraph\",\"enabled\":\"1\",\"fields\":{\"text\":\"<h3>Hello<\\/h3><p>Here is some text.<\\/p>\"}}},\"12\":\"<p>Welcome to the Church of the Transfiguration located in Manhattan\'s NoMad district. We are an Episcopal Church and part of the larger, worldwide Anglican Communion, with a&nbsp;<a href=\\\"#\\\">rich musical and liturgical tradition<\\/a>. We host a diverse community embracing all people, across a vast spectrum of cultural, ethnic, racial, gender, sexual orientation, and economic backgrounds, as full members in the body of Christ.<\\/p>\"}}', '2017-08-28 14:35:18', '2017-08-28 14:35:18', '6fca2b2b-cb37-409c-b1f2-d012efd97f84'),
 ('27', '69', '7', '1', 'en_us', '24', '', '{\"typeId\":\"7\",\"authorId\":\"1\",\"title\":\"Welcome\",\"slug\":\"welcome\",\"postDate\":1503746520,\"expiryDate\":null,\"enabled\":1,\"parentId\":null,\"fields\":{\"11\":[\"68\"],\"3\":\"Welcome to our little church\",\"13\":{\"71\":{\"type\":\"paragraph\",\"enabled\":\"1\",\"fields\":{\"text\":\"<h2>First time here?<\\/h2>\\r\\n<p>I invite you to join us in worship and fellowship at any one of our services, coffee hour, concert series, or a simple contemplative visit to our garden and chapel. I like to think of our parish as a quiet oasis in the heart of this vibrant city. And yet we have so much going on at our Little Church.<\\/p>\"}},\"73\":{\"type\":\"figureFull\",\"enabled\":\"1\",\"fields\":{\"image\":[\"72\"],\"altAttribute\":\"\",\"caption\":\"<p>This is a caption<\\/p>\",\"credit\":\"\"}},\"74\":{\"type\":\"paragraph\",\"enabled\":\"1\",\"fields\":{\"text\":\"<h2>Sem inceptos sociosqu interdum<\\/h2>\\r\\n<p>Consequat orci a cum suspendisse pretium orci dui dapibus ultricies nisi vulputate erat a dui. Ultricies enim a ut per egestas augue dis ad tellus mus a hac ac a scelerisque ullamcorper eupraesent quisque adipiscing. Erat purus ante habitasse mus interdum scelerisque a hac fermentum cum conguesuspendisse scelerisque auctor condimentum eu ipsum varius cursus a tempus aenean consectetur et a. Cubilia scelerisque ligula fusce a consequat vel fames a arcu mi nisl et at ultrices nunc. Sem inceptos sociosqu interdum adipiscing quis aliquam adipiscing vel taciti enim penatibus et ullamcorper venenatis.<\\/p>\\r\\n<blockquote>The Church of the Transfiguration is a community committed to faith in action. We embrace all who seek God\\u2019s inclusive love<\\/blockquote>\\r\\n<p>Consequat orci a cum suspendisse pretium orci dui dapibus ultricies nisi vulputate erat a dui. Ultricies enim a ut per egestas augue dis ad tellus mus a hac ac a scelerisque ullamcorper eupraesent quisque adipiscing. Erat purus ante habitasse mus interdum scelerisque a hac fermentum cum conguesuspendisse scelerisque auctor condimentum eu ipsum varius cursus a tempus aenean consectetur et a. Cubilia scelerisque ligula fusce a consequat vel fames a arcu mi nisl et at ultrices nunc. Sem inceptos sociosqu interdum adipiscing quis aliquam adipiscing vel taciti enim penatibus et ullamcorper venenatis.<\\/p>\"}},\"75\":{\"type\":\"paragraph\",\"enabled\":\"1\",\"fields\":{\"text\":\"<h3>Sem inceptos sociosqu interdum<\\/h3>\\r\\n<p>Consequat orci a cum suspendisse pretium orci dui dapibus ultricies nisi vulputate erat a dui. Ultricies enim a ut per egestas augue dis ad tellus mus a hac ac a scelerisque ullamcorper eupraesent quisque adipiscing. Erat purus ante habitasse mus interdum scelerisque a hac fermentum cum conguesuspendisse scelerisque auctor condimentum eu ipsum varius cursus a tempus aenean consectetur.<\\/p>\"}}},\"12\":\"<p>Welcome to the Church of the Transfiguration located in Manhattan\'s NoMad district. We are an Episcopal Church and part of the larger, worldwide Anglican Communion, with a&nbsp;<a href=\\\"#\\\">rich musical and liturgical tradition<\\/a>. We host a diverse community embracing all people, across a vast spectrum of cultural, ethnic, racial, gender, sexual orientation, and economic backgrounds, as full members in the body of Christ.<\\/p>\"}}', '2017-08-28 14:36:43', '2017-08-28 14:36:43', '3e8154e0-e84d-4132-a1f1-f8b738d91a84'),
 ('28', '76', '8', '1', 'en_us', '1', '', '{\"typeId\":null,\"authorId\":\"1\",\"title\":\"Ian Betts\",\"slug\":\"ian-betts\",\"postDate\":1503933346,\"expiryDate\":null,\"enabled\":1,\"parentId\":null,\"fields\":{\"1\":\"<p>Dictum sit sed venenatis magnis nulla per parturient a dictumst urna a parturient velit scelerisque ullamcorper nec orci eu himenaeos mus amet adipiscing metus ut duis. Vitae parturient a sit ut quisque accumsan scelerisque in a a hac mattis a felis scelerisque blandit suspendisse mus montes a at adipiscing. Ullamcorper ipsum lobortis facilisi scelerisque a vestibulum nascetur id mattis tincidunt dictum netus dictumst pulvinar risus sagittis consectetur leo dolor cras. Laoreet facilisis leo ullamcorper a cursus interdum proin ad habitasse diam ridiculus a parturient mi parturient parturient scelerisque parturient suspendisse vestibulum.<\\/p>\",\"24\":\"Deacon\",\"10\":\"\"}}', '2017-08-28 15:15:47', '2017-08-28 15:15:47', '0f3c13e0-f66e-445f-a38d-85fa9dfe62b0'),
 ('29', '69', '7', '1', 'en_us', '25', '', '{\"typeId\":\"7\",\"authorId\":\"1\",\"title\":\"Welcome\",\"slug\":\"welcome\",\"postDate\":1503746520,\"expiryDate\":null,\"enabled\":1,\"parentId\":null,\"fields\":{\"11\":[\"68\"],\"3\":\"Welcome to our little church\",\"13\":{\"71\":{\"type\":\"generalSection\",\"enabled\":\"1\",\"fields\":{\"text\":\"<h2>First time here?<\\/h2>\\r\\n<p>I invite you to join us in worship and fellowship at any one of our services, coffee hour, concert series, or a simple contemplative visit to our garden and chapel. I like to think of our parish as a quiet oasis in the heart of this vibrant city. And yet we have so much going on at our Little Church.<\\/p>\"}},\"73\":{\"type\":\"figureFull\",\"enabled\":\"1\",\"fields\":{\"image\":[\"72\"],\"altAttribute\":\"\",\"caption\":\"<p>This is a caption<\\/p>\",\"credit\":\"\"}},\"74\":{\"type\":\"generalSection\",\"enabled\":\"1\",\"fields\":{\"text\":\"<h2>Sem inceptos sociosqu interdum<\\/h2>\\r\\n<p>Consequat orci a cum suspendisse pretium orci dui dapibus ultricies nisi vulputate erat a dui. Ultricies enim a ut per egestas augue dis ad tellus mus a hac ac a scelerisque ullamcorper eupraesent quisque adipiscing. Erat purus ante habitasse mus interdum scelerisque a hac fermentum cum conguesuspendisse scelerisque auctor condimentum eu ipsum varius cursus a tempus aenean consectetur et a. Cubilia scelerisque ligula fusce a consequat vel fames a arcu mi nisl et at ultrices nunc. Sem inceptos sociosqu interdum adipiscing quis aliquam adipiscing vel taciti enim penatibus et ullamcorper venenatis.<\\/p>\\r\\n<blockquote>The Church of the Transfiguration is a community committed to faith in action. We embrace all who seek God\\u2019s inclusive love<\\/blockquote>\\r\\n<p>Consequat orci a cum suspendisse pretium orci dui dapibus ultricies nisi vulputate erat a dui. Ultricies enim a ut per egestas augue dis ad tellus mus a hac ac a scelerisque ullamcorper eupraesent quisque adipiscing. Erat purus ante habitasse mus interdum scelerisque a hac fermentum cum conguesuspendisse scelerisque auctor condimentum eu ipsum varius cursus a tempus aenean consectetur et a. Cubilia scelerisque ligula fusce a consequat vel fames a arcu mi nisl et at ultrices nunc. Sem inceptos sociosqu interdum adipiscing quis aliquam adipiscing vel taciti enim penatibus et ullamcorper venenatis.<\\/p>\"}},\"75\":{\"type\":\"generalSection\",\"enabled\":\"1\",\"fields\":{\"text\":\"<h3>Sem inceptos sociosqu interdum<\\/h3>\\r\\n<p>Consequat orci a cum suspendisse pretium orci dui dapibus ultricies nisi vulputate erat a dui. Ultricies enim a ut per egestas augue dis ad tellus mus a hac ac a scelerisque ullamcorper eupraesent quisque adipiscing. Erat purus ante habitasse mus interdum scelerisque a hac fermentum cum conguesuspendisse scelerisque auctor condimentum eu ipsum varius cursus a tempus aenean consectetur.<\\/p>\"}},\"new1\":{\"type\":\"bios\",\"enabled\":\"1\",\"fields\":{\"type\":\"Leadership\",\"individual\":[\"76\"]}}},\"12\":\"<p>Welcome to the Church of the Transfiguration located in Manhattan\'s NoMad district. We are an Episcopal Church and part of the larger, worldwide Anglican Communion, with a&nbsp;<a href=\\\"#\\\">rich musical and liturgical tradition<\\/a>. We host a diverse community embracing all people, across a vast spectrum of cultural, ethnic, racial, gender, sexual orientation, and economic backgrounds, as full members in the body of Christ.<\\/p>\"}}', '2017-08-28 15:16:58', '2017-08-28 15:16:58', 'f2868ecb-7988-45de-9014-565226b803c2'),
 ('30', '69', '7', '1', 'en_us', '26', '', '{\"typeId\":\"7\",\"authorId\":\"1\",\"title\":\"Welcome\",\"slug\":\"welcome\",\"postDate\":1503746520,\"expiryDate\":null,\"enabled\":1,\"parentId\":null,\"fields\":{\"11\":[\"68\"],\"3\":\"Welcome to our little church\",\"13\":{\"71\":{\"type\":\"generalSection\",\"enabled\":\"1\",\"fields\":{\"text\":\"<h2>First time here?<\\/h2>\\r\\n<p>I invite you to join us in worship and fellowship at any one of our services, coffee hour, concert series, or a simple contemplative visit to our garden and chapel. I like to think of our parish as a quiet oasis in the heart of this vibrant city. And yet we have so much going on at our Little Church.<\\/p>\"}},\"73\":{\"type\":\"figureFull\",\"enabled\":\"1\",\"fields\":{\"image\":[\"72\"],\"altAttribute\":\"\",\"caption\":\"<p>This is a caption<\\/p>\",\"credit\":\"\"}},\"74\":{\"type\":\"generalSection\",\"enabled\":\"1\",\"fields\":{\"text\":\"<h2>Sem inceptos sociosqu interdum<\\/h2>\\r\\n<p>Consequat orci a cum suspendisse pretium orci dui dapibus ultricies nisi vulputate erat a dui. Ultricies enim a ut per egestas augue dis ad tellus mus a hac ac a scelerisque ullamcorper eupraesent quisque adipiscing. Erat purus ante habitasse mus interdum scelerisque a hac fermentum cum conguesuspendisse scelerisque auctor condimentum eu ipsum varius cursus a tempus aenean consectetur et a. Cubilia scelerisque ligula fusce a consequat vel fames a arcu mi nisl et at ultrices nunc. Sem inceptos sociosqu interdum adipiscing quis aliquam adipiscing vel taciti enim penatibus et ullamcorper venenatis.<\\/p>\\r\\n<blockquote>The Church of the Transfiguration is a community committed to faith in action. We embrace all who seek God\\u2019s inclusive love<\\/blockquote>\\r\\n<p>Consequat orci a cum suspendisse pretium orci dui dapibus ultricies nisi vulputate erat a dui. Ultricies enim a ut per egestas augue dis ad tellus mus a hac ac a scelerisque ullamcorper eupraesent quisque adipiscing. Erat purus ante habitasse mus interdum scelerisque a hac fermentum cum conguesuspendisse scelerisque auctor condimentum eu ipsum varius cursus a tempus aenean consectetur et a. Cubilia scelerisque ligula fusce a consequat vel fames a arcu mi nisl et at ultrices nunc. Sem inceptos sociosqu interdum adipiscing quis aliquam adipiscing vel taciti enim penatibus et ullamcorper venenatis.<\\/p>\"}},\"75\":{\"type\":\"generalSection\",\"enabled\":\"1\",\"fields\":{\"text\":\"<h3>Sem inceptos sociosqu interdum<\\/h3>\\r\\n<p>Consequat orci a cum suspendisse pretium orci dui dapibus ultricies nisi vulputate erat a dui. Ultricies enim a ut per egestas augue dis ad tellus mus a hac ac a scelerisque ullamcorper eupraesent quisque adipiscing. Erat purus ante habitasse mus interdum scelerisque a hac fermentum cum conguesuspendisse scelerisque auctor condimentum eu ipsum varius cursus a tempus aenean consectetur.<\\/p>\"}},\"77\":{\"type\":\"bios\",\"enabled\":\"1\",\"fields\":{\"type\":\"Leadership\",\"individual\":[\"76\"]}}},\"12\":\"<p>Welcome to the Church of the Transfiguration located in Manhattan\'s NoMad district. We are an Episcopal Church and part of the larger, worldwide Anglican Communion, with a&nbsp;<a href=\\\"#\\\">rich musical and liturgical tradition<\\/a>. We host a diverse community embracing all people, across a vast spectrum of cultural, ethnic, racial, gender, sexual orientation, and economic backgrounds, as full members in the body of Christ.<\\/p>\"}}', '2017-08-28 15:22:00', '2017-08-28 15:22:00', '3ff9b615-a0dd-4568-ab81-a7c639129adc'),
 ('31', '78', '8', '1', 'en_us', '1', '', '{\"typeId\":null,\"authorId\":\"1\",\"title\":\"Carl Avidano\",\"slug\":\"carl-avidano\",\"postDate\":1503934925,\"expiryDate\":null,\"enabled\":1,\"parentId\":null,\"fields\":{\"1\":\"<p>Whoa!<\\/p>\",\"24\":\"Web Designer\",\"10\":\"\"}}', '2017-08-28 15:42:06', '2017-08-28 15:42:06', '348afb57-5166-444d-85b5-c503a84f577c'),
 ('32', '69', '7', '1', 'en_us', '27', '', '{\"typeId\":\"7\",\"authorId\":\"1\",\"title\":\"Welcome\",\"slug\":\"welcome\",\"postDate\":1503746520,\"expiryDate\":null,\"enabled\":1,\"parentId\":null,\"fields\":{\"11\":[\"68\"],\"3\":\"Welcome to our little church\",\"13\":{\"71\":{\"type\":\"generalSection\",\"enabled\":\"1\",\"fields\":{\"text\":\"<h2>First time here?<\\/h2>\\r\\n<p>I invite you to join us in worship and fellowship at any one of our services, coffee hour, concert series, or a simple contemplative visit to our garden and chapel. I like to think of our parish as a quiet oasis in the heart of this vibrant city. And yet we have so much going on at our Little Church.<\\/p>\"}},\"73\":{\"type\":\"figureFull\",\"enabled\":\"1\",\"fields\":{\"image\":[\"72\"],\"altAttribute\":\"\",\"caption\":\"<p>This is a caption<\\/p>\",\"credit\":\"\"}},\"74\":{\"type\":\"generalSection\",\"enabled\":\"1\",\"fields\":{\"text\":\"<h2>Sem inceptos sociosqu interdum<\\/h2>\\r\\n<p>Consequat orci a cum suspendisse pretium orci dui dapibus ultricies nisi vulputate erat a dui. Ultricies enim a ut per egestas augue dis ad tellus mus a hac ac a scelerisque ullamcorper eupraesent quisque adipiscing. Erat purus ante habitasse mus interdum scelerisque a hac fermentum cum conguesuspendisse scelerisque auctor condimentum eu ipsum varius cursus a tempus aenean consectetur et a. Cubilia scelerisque ligula fusce a consequat vel fames a arcu mi nisl et at ultrices nunc. Sem inceptos sociosqu interdum adipiscing quis aliquam adipiscing vel taciti enim penatibus et ullamcorper venenatis.<\\/p>\\r\\n<blockquote>The Church of the Transfiguration is a community committed to faith in action. We embrace all who seek God\\u2019s inclusive love<\\/blockquote>\\r\\n<p>Consequat orci a cum suspendisse pretium orci dui dapibus ultricies nisi vulputate erat a dui. Ultricies enim a ut per egestas augue dis ad tellus mus a hac ac a scelerisque ullamcorper eupraesent quisque adipiscing. Erat purus ante habitasse mus interdum scelerisque a hac fermentum cum conguesuspendisse scelerisque auctor condimentum eu ipsum varius cursus a tempus aenean consectetur et a. Cubilia scelerisque ligula fusce a consequat vel fames a arcu mi nisl et at ultrices nunc. Sem inceptos sociosqu interdum adipiscing quis aliquam adipiscing vel taciti enim penatibus et ullamcorper venenatis.<\\/p>\"}},\"75\":{\"type\":\"generalSection\",\"enabled\":\"1\",\"fields\":{\"text\":\"<h3>Sem inceptos sociosqu interdum<\\/h3>\\r\\n<p>Consequat orci a cum suspendisse pretium orci dui dapibus ultricies nisi vulputate erat a dui. Ultricies enim a ut per egestas augue dis ad tellus mus a hac ac a scelerisque ullamcorper eupraesent quisque adipiscing. Erat purus ante habitasse mus interdum scelerisque a hac fermentum cum conguesuspendisse scelerisque auctor condimentum eu ipsum varius cursus a tempus aenean consectetur.<\\/p>\"}},\"77\":{\"type\":\"bioGroup\",\"enabled\":\"1\",\"fields\":{\"bioType\":\"Leadership\",\"individuals\":[\"78\",\"76\"]}}},\"12\":\"<p>Welcome to the Church of the Transfiguration located in Manhattan\'s NoMad district. We are an Episcopal Church and part of the larger, worldwide Anglican Communion, with a&nbsp;<a href=\\\"#\\\">rich musical and liturgical tradition<\\/a>. We host a diverse community embracing all people, across a vast spectrum of cultural, ethnic, racial, gender, sexual orientation, and economic backgrounds, as full members in the body of Christ.<\\/p>\"}}', '2017-08-28 15:42:35', '2017-08-28 15:42:35', '6db80c76-0af2-4df3-9bb7-388356a48c9b'),
 ('33', '76', '8', '1', 'en_us', '2', '', '{\"typeId\":\"8\",\"authorId\":\"1\",\"title\":\"Ian Betts\",\"slug\":\"ian-betts\",\"postDate\":1503933300,\"expiryDate\":null,\"enabled\":1,\"parentId\":null,\"fields\":{\"1\":\"<p>Dictum sit sed venenatis magnis nulla per parturient a dictumst urna a parturient velit scelerisque ullamcorper nec orci eu himenaeos mus amet adipiscing metus ut duis. Vitae parturient a sit ut quisque accumsan scelerisque in a a hac mattis a felis scelerisque blandit suspendisse mus montes a at adipiscing. Ullamcorper ipsum lobortis facilisi scelerisque a vestibulum nascetur id mattis tincidunt dictum netus dictumst pulvinar risus sagittis consectetur leo dolor cras. Laoreet facilisis leo ullamcorper a cursus interdum proin ad habitasse diam ridiculus a parturient mi parturient parturient scelerisque parturient suspendisse vestibulum.<\\/p>\",\"24\":\"Deacon\",\"10\":[\"80\"]}}', '2017-08-28 16:13:33', '2017-08-28 16:13:33', 'e65560b6-02af-42b8-8779-a801051b2a46'),
 ('34', '69', '7', '1', 'en_us', '28', '', '{\"typeId\":\"7\",\"authorId\":\"1\",\"title\":\"Welcome\",\"slug\":\"welcome\",\"postDate\":1503746520,\"expiryDate\":null,\"enabled\":1,\"parentId\":null,\"fields\":{\"11\":[\"68\"],\"3\":\"Welcome to our little church\",\"13\":{\"71\":{\"type\":\"generalSection\",\"enabled\":\"1\",\"fields\":{\"text\":\"<h2>First time here?<\\/h2>\\r\\n<p>I invite you to join us in worship and fellowship at any one of our services, coffee hour, concert series, or a simple contemplative visit to our garden and chapel. I like to think of our parish as a quiet oasis in the heart of this vibrant city. And yet we have so much going on at our Little Church.<\\/p>\"}},\"73\":{\"type\":\"figureFull\",\"enabled\":\"1\",\"fields\":{\"image\":[\"72\"],\"altAttribute\":\"\",\"caption\":\"<p>This is a caption<\\/p>\",\"credit\":\"\"}},\"74\":{\"type\":\"generalSection\",\"enabled\":\"1\",\"fields\":{\"text\":\"<h2>Sem inceptos sociosqu interdum<\\/h2>\\r\\n<p>Consequat orci a cum suspendisse pretium orci dui dapibus ultricies nisi vulputate erat a dui. Ultricies enim a ut per egestas augue dis ad tellus mus a hac ac a scelerisque ullamcorper eupraesent quisque adipiscing. Erat purus ante habitasse mus interdum scelerisque a hac fermentum cum conguesuspendisse scelerisque auctor condimentum eu ipsum varius cursus a tempus aenean consectetur et a. Cubilia scelerisque ligula fusce a consequat vel fames a arcu mi nisl et at ultrices nunc. Sem inceptos sociosqu interdum adipiscing quis aliquam adipiscing vel taciti enim penatibus et ullamcorper venenatis.<\\/p>\\r\\n<blockquote>The Church of the Transfiguration is a community committed to faith in action. We embrace all who seek God\\u2019s inclusive love<\\/blockquote>\\r\\n<p>Consequat orci a cum suspendisse pretium orci dui dapibus ultricies nisi vulputate erat a dui. Ultricies enim a ut per egestas augue dis ad tellus mus a hac ac a scelerisque ullamcorper eupraesent quisque adipiscing. Erat purus ante habitasse mus interdum scelerisque a hac fermentum cum conguesuspendisse scelerisque auctor condimentum eu ipsum varius cursus a tempus aenean consectetur et a. Cubilia scelerisque ligula fusce a consequat vel fames a arcu mi nisl et at ultrices nunc. Sem inceptos sociosqu interdum adipiscing quis aliquam adipiscing vel taciti enim penatibus et ullamcorper venenatis.<\\/p>\"}},\"75\":{\"type\":\"generalSection\",\"enabled\":\"1\",\"fields\":{\"text\":\"<h3>Sem inceptos sociosqu interdum<\\/h3>\\r\\n<p>Consequat orci a cum suspendisse pretium orci dui dapibus ultricies nisi vulputate erat a dui. Ultricies enim a ut per egestas augue dis ad tellus mus a hac ac a scelerisque ullamcorper eupraesent quisque adipiscing. Erat purus ante habitasse mus interdum scelerisque a hac fermentum cum conguesuspendisse scelerisque auctor condimentum eu ipsum varius cursus a tempus aenean consectetur.<\\/p>\"}},\"77\":{\"type\":\"bioGroup\",\"enabled\":\"1\",\"fields\":{\"bioType\":\"Leadership\",\"individuals\":[\"76\",\"78\"]}}},\"12\":\"<p>Welcome to the Church of the Transfiguration located in Manhattan\'s NoMad district. We are an Episcopal Church and part of the larger, worldwide Anglican Communion, with a&nbsp;<a href=\\\"#\\\">rich musical and liturgical tradition<\\/a>. We host a diverse community embracing all people, across a vast spectrum of cultural, ethnic, racial, gender, sexual orientation, and economic backgrounds, as full members in the body of Christ.<\\/p>\"}}', '2017-08-28 18:10:23', '2017-08-28 18:10:23', '55f6b039-067a-4a49-abdf-c4c3a2602eb6'),
 ('35', '76', '8', '1', 'en_us', '3', '', '{\"typeId\":\"8\",\"authorId\":\"1\",\"title\":\"Ian Betts\",\"slug\":\"ian-betts\",\"postDate\":1503933300,\"expiryDate\":null,\"enabled\":1,\"parentId\":null,\"fields\":{\"1\":\"<p>Dictum sit sed venenatis magnis nulla per parturient a dictumst urna a parturient velit scelerisque ullamcorper nec orci eu himenaeos mus amet adipiscing metus ut duis. Vitae parturient a sit ut quisque accumsan scelerisque in a a hac mattis a felis scelerisque blandit suspendisse mus montes a at adipiscing. Ullamcorper ipsum lobortis facilisi scelerisque a vestibulum nascetur id mattis tincidunt dictum netus dictumst pulvinar risus sagittis consectetur leo dolor cras.&nbsp;<\\/p><p>Laoreet facilisis leo ullamcorper a cursus interdum proin ad habitasse diam ridiculus a parturient mi parturient parturient scelerisque parturient suspendisse vestibulum.<\\/p>\",\"24\":\"Deacon\",\"10\":[\"80\"]}}', '2017-08-28 18:38:28', '2017-08-28 18:38:28', 'c84738f1-bfbf-4aa3-9fef-84a0b898dc91'),
 ('36', '78', '8', '1', 'en_us', '2', '', '{\"typeId\":\"8\",\"authorId\":\"1\",\"title\":\"Father John David van Dooren\",\"slug\":\"carl-avidano\",\"postDate\":1503934920,\"expiryDate\":null,\"enabled\":1,\"parentId\":null,\"fields\":{\"1\":\"<p>Dictum sit sed venenatis magnis nulla per parturient a dictumst urna a parturient velit scelerisque ullamcorper nec orci eu himenaeos mus amet adipiscing metus ut duis. Vitae parturient a sit ut quisque accumsan scelerisque in a a hac mattis a felis scelerisque blandit suspendisse mus montes a at adipiscing. Ullamcorper ipsum lobortis facilisi scelerisque a vestibulum nascetur id mattis tincidunt dictum netus dictumst pulvinar risus sagittis consectetur leo dolor cras.&nbsp;<\\/p>\\r\\n<p>Laoreet facilisis leo ullamcorper a cursus interdum proin ad habitasse diam ridiculus a parturient mi parturient parturient scelerisque parturient suspendisse vestibulum.<\\/p>\",\"24\":\"Dictum Erat Consectetur\",\"10\":\"\"}}', '2017-08-28 18:52:13', '2017-08-28 18:52:13', '6849697d-bc49-40f9-ac7c-c39b7b3f361d'),
 ('37', '78', '8', '1', 'en_us', '3', '', '{\"typeId\":\"8\",\"authorId\":\"1\",\"title\":\"Fr. John David van Dooren\",\"slug\":\"carl-avidano\",\"postDate\":1503934920,\"expiryDate\":null,\"enabled\":1,\"parentId\":null,\"fields\":{\"1\":\"<p>Dictum sit sed venenatis magnis nulla per parturient a dictumst urna a parturient velit scelerisque ullamcorper nec orci eu himenaeos mus amet adipiscing metus ut duis. Vitae parturient a sit ut quisque accumsan scelerisque in a a hac mattis a felis scelerisque blandit suspendisse mus montes a at adipiscing. Ullamcorper ipsum lobortis facilisi scelerisque a vestibulum nascetur id mattis tincidunt dictum netus dictumst pulvinar risus sagittis consectetur leo dolor cras.&nbsp;<\\/p>\\r\\n<p>Laoreet facilisis leo ullamcorper a cursus interdum proin ad habitasse diam ridiculus a parturient mi parturient parturient scelerisque parturient suspendisse vestibulum.<\\/p>\",\"24\":\"Dictum Erat Consectetur\",\"10\":\"\"}}', '2017-08-28 18:52:55', '2017-08-28 18:52:55', 'ee4cd565-183f-48dc-a5cc-0dc4e19281f8'),
 ('38', '69', '7', '1', 'en_us', '29', '', '{\"typeId\":\"7\",\"authorId\":\"1\",\"title\":\"Welcome\",\"slug\":\"welcome\",\"postDate\":1503746520,\"expiryDate\":null,\"enabled\":1,\"parentId\":null,\"fields\":{\"11\":[\"68\"],\"3\":\"Welcome to our little church\",\"13\":{\"71\":{\"type\":\"generalSection\",\"enabled\":\"1\",\"fields\":{\"text\":\"<h2>First time here?<\\/h2>\\r\\n<p>I invite you to join us in worship and fellowship at any one of our services, coffee hour, concert series, or a simple contemplative visit to our garden and chapel. I like to think of our parish as a quiet oasis in the heart of this vibrant city. And yet we have so much going on at our Little Church.<\\/p>\"}},\"73\":{\"type\":\"figureFull\",\"enabled\":\"1\",\"fields\":{\"image\":[\"72\"],\"altAttribute\":\"\",\"caption\":\"<p>This is a caption<\\/p>\",\"credit\":\"\"}},\"74\":{\"type\":\"generalSection\",\"enabled\":\"1\",\"fields\":{\"text\":\"<h2>Sem inceptos sociosqu interdum<\\/h2>\\r\\n<p>Consequat orci a cum suspendisse pretium orci dui dapibus ultricies nisi vulputate erat a dui. Ultricies enim a ut per egestas augue dis ad tellus mus a hac ac a scelerisque ullamcorper eupraesent quisque adipiscing. Erat purus ante habitasse mus interdum scelerisque a hac fermentum cum conguesuspendisse scelerisque auctor condimentum eu ipsum varius cursus a tempus aenean consectetur et a. Cubilia scelerisque ligula fusce a consequat vel fames a arcu mi nisl et at ultrices nunc. Sem inceptos sociosqu interdum adipiscing quis aliquam adipiscing vel taciti enim penatibus et ullamcorper venenatis.<\\/p>\\r\\n<blockquote>The Church of the Transfiguration is a community committed to faith in action. We embrace all who seek God\\u2019s inclusive love<\\/blockquote>\\r\\n<p>Consequat orci a cum suspendisse pretium orci dui dapibus ultricies nisi vulputate erat a dui. Ultricies enim a ut per egestas augue dis ad tellus mus a hac ac a scelerisque ullamcorper eupraesent quisque adipiscing. Erat purus ante habitasse mus interdum scelerisque a hac fermentum cum conguesuspendisse scelerisque auctor condimentum eu ipsum varius cursus a tempus aenean consectetur et a. Cubilia scelerisque ligula fusce a consequat vel fames a arcu mi nisl et at ultrices nunc. Sem inceptos sociosqu interdum adipiscing quis aliquam adipiscing vel taciti enim penatibus et ullamcorper venenatis.<\\/p>\"}},\"75\":{\"type\":\"generalSection\",\"enabled\":\"1\",\"fields\":{\"text\":\"<h3>Sem inceptos sociosqu interdum<\\/h3>\\r\\n<p>Consequat orci a cum suspendisse pretium orci dui dapibus ultricies nisi vulputate erat a dui. Ultricies enim a ut per egestas augue dis ad tellus mus a hac ac a scelerisque ullamcorper eupraesent quisque adipiscing. Erat purus ante habitasse mus interdum scelerisque a hac fermentum cum conguesuspendisse scelerisque auctor condimentum eu ipsum varius cursus a tempus aenean consectetur.<\\/p>\"}},\"77\":{\"type\":\"bioGroup\",\"enabled\":\"1\",\"fields\":{\"bioType\":\"Leadership\",\"individuals\":[\"76\",\"78\"]}}},\"12\":\"<p>Welcome to the Church of the Transfiguration located in Manhattan\'s NoMad district. We are an Episcopal Church and part of the larger, worldwide Anglican Communion, with a&nbsp;<a href=\\\"#\\\">rich musical and liturgical tradition<\\/a>. We host a diverse community embracing all people, across a vast spectrum of cultural, ethnic, racial, gender, sexual orientation, and economic backgrounds, as full members in the body of Christ.<\\/p>\"}}', '2017-08-28 19:05:44', '2017-08-28 19:05:44', 'efbdfbc8-7317-4f32-b71e-b750820d50fa'),
 ('39', '69', '7', '1', 'en_us', '30', '', '{\"typeId\":\"7\",\"authorId\":\"1\",\"title\":\"Welcome\",\"slug\":\"welcome\",\"postDate\":1503746520,\"expiryDate\":null,\"enabled\":1,\"parentId\":null,\"fields\":{\"11\":[\"68\"],\"3\":\"Welcome to our little church\",\"13\":{\"71\":{\"type\":\"generalSection\",\"enabled\":\"1\",\"fields\":{\"text\":\"<h2>First time here?<\\/h2>\\r\\n<p>I invite you to join us in worship and fellowship at any one of our services, coffee hour, concert series, or a simple contemplative visit to our garden and chapel. I like to think of our parish as a quiet oasis in the heart of this vibrant city. And yet we have so much going on at our Little Church.<\\/p>\"}},\"73\":{\"type\":\"figureFull\",\"enabled\":\"1\",\"fields\":{\"image\":[\"72\"],\"altAttribute\":\"\",\"caption\":\"<p>This is a caption<\\/p>\",\"credit\":\"\"}},\"74\":{\"type\":\"generalSection\",\"enabled\":\"1\",\"fields\":{\"text\":\"<h2>Sem inceptos sociosqu interdum<\\/h2>\\r\\n<p>Consequat orci a cum suspendisse pretium orci dui dapibus ultricies nisi vulputate erat a dui. Ultricies enim a ut per egestas augue dis ad tellus mus a hac ac a scelerisque ullamcorper eupraesent quisque adipiscing. Erat purus ante habitasse mus interdum scelerisque a hac fermentum cum conguesuspendisse scelerisque auctor condimentum eu ipsum varius cursus a tempus aenean consectetur et a. Cubilia scelerisque ligula fusce a consequat vel fames a arcu mi nisl et at ultrices nunc. Sem inceptos sociosqu interdum adipiscing quis aliquam adipiscing vel taciti enim penatibus et ullamcorper venenatis.<\\/p>\\r\\n<blockquote>The Church of the Transfiguration is a community committed to faith in action. We embrace all who seek God\\u2019s inclusive love<\\/blockquote>\\r\\n<p>Consequat orci a cum suspendisse pretium orci dui dapibus ultricies nisi vulputate erat a dui. Ultricies enim a ut per egestas augue dis ad tellus mus a hac ac a scelerisque ullamcorper eupraesent quisque adipiscing. Erat purus ante habitasse mus interdum scelerisque a hac fermentum cum conguesuspendisse scelerisque auctor condimentum eu ipsum varius cursus a tempus aenean consectetur et a. Cubilia scelerisque ligula fusce a consequat vel fames a arcu mi nisl et at ultrices nunc. Sem inceptos sociosqu interdum adipiscing quis aliquam adipiscing vel taciti enim penatibus et ullamcorper venenatis.<\\/p>\"}},\"75\":{\"type\":\"generalSection\",\"enabled\":\"1\",\"fields\":{\"text\":\"<h3>Sem inceptos sociosqu interdum<\\/h3>\\r\\n<p>Consequat orci a cum suspendisse pretium orci dui dapibus ultricies nisi vulputate erat a dui. Ultricies enim a ut per egestas augue dis ad tellus mus a hac ac a scelerisque ullamcorper eupraesent quisque adipiscing. Erat purus ante habitasse mus interdum scelerisque a hac fermentum cum conguesuspendisse scelerisque auctor condimentum eu ipsum varius cursus a tempus aenean consectetur.<\\/p>\"}},\"77\":{\"type\":\"bioGroup\",\"enabled\":\"1\",\"fields\":{\"bioType\":\"Leadership\",\"individuals\":[\"78\",\"76\"]}}},\"12\":\"<p>Welcome to the Church of the Transfiguration located in Manhattan\'s NoMad district. We are an Episcopal Church and part of the larger, worldwide Anglican Communion, with a&nbsp;<a href=\\\"#\\\">rich musical and liturgical tradition<\\/a>. We host a diverse community embracing all people, across a vast spectrum of cultural, ethnic, racial, gender, sexual orientation, and economic backgrounds, as full members in the body of Christ.<\\/p>\"}}', '2017-08-28 19:06:28', '2017-08-28 19:06:28', '97eb02fc-42b1-4a71-af10-9c3893e516dd'),
 ('40', '87', '7', '1', 'en_us', '1', '', '{\"typeId\":null,\"authorId\":\"1\",\"title\":\"Who We Are\",\"slug\":\"who-we-are\",\"postDate\":1503949255,\"expiryDate\":null,\"enabled\":1,\"parentId\":null,\"fields\":{\"11\":[\"86\"],\"3\":\"Who We Are\",\"13\":\"\",\"12\":\"<p>Consequat orci a cum suspendisse pretium orci dui dapibus ultricies nisi vulputate erat a dui. Ultricies enim a ut per egestas augue dis ad tellus mus a hac ac a scelerisque ullamcorper eupraesent quisque adipiscing. Erat purus ante habitasse mus interdum scelerisque a hac fermentum cum conguesuspendisse scelerisque auctor condimentum eu ipsum varius cursus a tempus aenean consectetur et a. Cubilia scelerisque ligula fusce a consequat vel fames a arcu mi nisl et at ultrices nunc. Sem inceptos sociosqu interdum adipiscing quis aliquam adipiscing vel taciti enim penatibus et ullamcorper venenatis.<\\/p>\"}}', '2017-08-28 19:40:55', '2017-08-28 19:40:55', '7445c827-c31e-4d92-ae2d-8443ef57458e'),
 ('41', '87', '7', '1', 'en_us', '2', '', '{\"typeId\":\"7\",\"authorId\":\"1\",\"title\":\"Who We Are\",\"slug\":\"who-we-are\",\"postDate\":1503949200,\"expiryDate\":null,\"enabled\":1,\"parentId\":null,\"fields\":{\"11\":[\"86\"],\"3\":\"Who We Are\",\"13\":{\"new1\":{\"type\":\"bioGroup\",\"enabled\":\"1\",\"fields\":{\"bioType\":\"Leadership\",\"individuals\":[\"78\",\"76\"]}}},\"12\":\"<p>Consequat orci a cum suspendisse pretium orci dui dapibus ultricies nisi vulputate erat a dui. Ultricies enim a ut per egestas augue dis ad tellus mus a hac ac a scelerisque ullamcorper eupraesent quisque adipiscing. Erat purus ante habitasse mus interdum scelerisque a hac fermentum cum conguesuspendisse scelerisque auctor condimentum eu ipsum varius cursus a tempus aenean consectetur et a. Cubilia scelerisque ligula fusce a consequat vel fames a arcu mi nisl et at ultrices nunc. Sem inceptos sociosqu interdum adipiscing quis aliquam adipiscing vel taciti enim penatibus et ullamcorper venenatis.<\\/p>\"}}', '2017-08-28 19:41:48', '2017-08-28 19:41:48', '2831987a-26ab-4909-a125-0a51b07cfafb'),
 ('42', '69', '7', '1', 'en_us', '31', '', '{\"typeId\":\"7\",\"authorId\":\"1\",\"title\":\"Welcome\",\"slug\":\"welcome\",\"postDate\":1503746520,\"expiryDate\":null,\"enabled\":1,\"parentId\":null,\"fields\":{\"11\":[\"68\"],\"3\":\"Welcome to our little church\",\"13\":{\"71\":{\"type\":\"generalSection\",\"enabled\":\"1\",\"fields\":{\"text\":\"<h2>First time here?<\\/h2>\\r\\n<p>I invite you to join us in worship and fellowship at any one of our services, coffee hour, concert series, or a simple contemplative visit to our garden and chapel. I like to think of our parish as a quiet oasis in the heart of this vibrant city. And yet we have so much going on at our Little Church.<\\/p>\"}},\"73\":{\"type\":\"figureFull\",\"enabled\":\"\",\"fields\":{\"image\":[\"72\"],\"altAttribute\":\"\",\"caption\":\"<p>This is a caption<\\/p>\",\"credit\":\"\"}},\"74\":{\"type\":\"generalSection\",\"enabled\":\"\",\"fields\":{\"text\":\"<h2>Sem inceptos sociosqu interdum<\\/h2>\\r\\n<p>Consequat orci a cum suspendisse pretium orci dui dapibus ultricies nisi vulputate erat a dui. Ultricies enim a ut per egestas augue dis ad tellus mus a hac ac a scelerisque ullamcorper eupraesent quisque adipiscing. Erat purus ante habitasse mus interdum scelerisque a hac fermentum cum conguesuspendisse scelerisque auctor condimentum eu ipsum varius cursus a tempus aenean consectetur et a. Cubilia scelerisque ligula fusce a consequat vel fames a arcu mi nisl et at ultrices nunc. Sem inceptos sociosqu interdum adipiscing quis aliquam adipiscing vel taciti enim penatibus et ullamcorper venenatis.<\\/p>\\r\\n<blockquote>The Church of the Transfiguration is a community committed to faith in action. We embrace all who seek God\\u2019s inclusive love<\\/blockquote>\\r\\n<p>Consequat orci a cum suspendisse pretium orci dui dapibus ultricies nisi vulputate erat a dui. Ultricies enim a ut per egestas augue dis ad tellus mus a hac ac a scelerisque ullamcorper eupraesent quisque adipiscing. Erat purus ante habitasse mus interdum scelerisque a hac fermentum cum conguesuspendisse scelerisque auctor condimentum eu ipsum varius cursus a tempus aenean consectetur et a. Cubilia scelerisque ligula fusce a consequat vel fames a arcu mi nisl et at ultrices nunc. Sem inceptos sociosqu interdum adipiscing quis aliquam adipiscing vel taciti enim penatibus et ullamcorper venenatis.<\\/p>\"}},\"75\":{\"type\":\"generalSection\",\"enabled\":\"\",\"fields\":{\"text\":\"<h3>Sem inceptos sociosqu interdum<\\/h3>\\r\\n<p>Consequat orci a cum suspendisse pretium orci dui dapibus ultricies nisi vulputate erat a dui. Ultricies enim a ut per egestas augue dis ad tellus mus a hac ac a scelerisque ullamcorper eupraesent quisque adipiscing. Erat purus ante habitasse mus interdum scelerisque a hac fermentum cum conguesuspendisse scelerisque auctor condimentum eu ipsum varius cursus a tempus aenean consectetur.<\\/p>\"}},\"77\":{\"type\":\"bioGroup\",\"enabled\":\"\",\"fields\":{\"bioType\":\"Leadership\",\"individuals\":[\"78\",\"76\"]}}},\"12\":\"<p>Welcome to the Church of the Transfiguration located in Manhattan\'s NoMad district. We are an Episcopal Church and part of the larger, worldwide Anglican Communion, with a&nbsp;<a href=\\\"#\\\">rich musical and liturgical tradition<\\/a>. We host a diverse community embracing all people, across a vast spectrum of cultural, ethnic, racial, gender, sexual orientation, and economic backgrounds, as full members in the body of Christ.<\\/p>\"}}', '2017-08-28 19:42:31', '2017-08-28 19:42:31', '3e7513c5-4954-466c-8bf1-528037402ec7'),
 ('43', '87', '7', '1', 'en_us', '3', '', '{\"typeId\":\"7\",\"authorId\":\"1\",\"title\":\"Who We Are\",\"slug\":\"who-we-are\",\"postDate\":1503949200,\"expiryDate\":null,\"enabled\":1,\"parentId\":null,\"fields\":{\"11\":[\"86\"],\"3\":\"Who We Are\",\"13\":{\"88\":{\"type\":\"bioGroup\",\"enabled\":\"1\",\"fields\":{\"bioType\":\"Leadership\",\"individuals\":[\"78\",\"76\"]}}},\"12\":\"<p>Consequat orci a cum suspendisse pretium orci dui dapibus ultricies nisi vulputate erat a dui. Ultricies enim a ut per egestas augue dis ad tellus mus a hac ac a scelerisque ullamcorper eupraesent quisque adipiscing. Erat purus ante habitasse mus interdum scelerisque a hac fermentum cum conguesuspendisse scelerisque auctor condimentum eu ipsum varius cursus a tempus aenean consectetur et a. Cubilia scelerisque ligula fusce a consequat vel fames a arcu mi nisl et at ultrices nunc. Sem inceptos sociosqu interdum adipiscing quis aliquam adipiscing vel taciti enim penatibus et ullamcorper venenatis.<\\/p>\"}}', '2017-08-28 19:42:40', '2017-08-28 19:42:40', '2bf4c4bc-2b6a-4a4d-b8f9-2d60de2e6205'),
 ('44', '94', '9', '1', 'en_us', '1', '', '{\"typeId\":null,\"authorId\":\"1\",\"title\":\"Good Things Come in Threes\",\"slug\":\"good-things-come-in-threes\",\"postDate\":1504084128,\"expiryDate\":null,\"enabled\":1,\"parentId\":null,\"fields\":{\"25\":[\"93\"],\"26\":\"Mary Jane Gocher\"}}', '2017-08-30 09:08:48', '2017-08-30 09:08:48', '3fbcce34-14ac-44aa-800d-147acef9ce72'),
 ('45', '87', '7', '1', 'en_us', '4', '', '{\"typeId\":\"7\",\"authorId\":\"1\",\"title\":\"Who We Are\",\"slug\":\"who-we-are\",\"postDate\":1503949200,\"expiryDate\":null,\"enabled\":1,\"parentId\":null,\"fields\":{\"3\":\"Who We Are\",\"13\":{\"88\":{\"type\":\"bioGroup\",\"enabled\":\"1\",\"fields\":{\"bioType\":\"Leadership\",\"individuals\":[\"78\",\"76\"]}}},\"11\":[\"86\"],\"12\":\"<p>Consequat orci a cum suspendisse pretium orci dui dapibus ultricies nisi vulputate erat a dui. Ultricies enim a ut per egestas augue dis ad tellus mus a hac ac a scelerisque ullamcorper eupraesent quisque adipiscing. Erat purus ante habitasse mus interdum scelerisque a hac fermentum cum conguesuspendisse scelerisque auctor condimentum eu ipsum varius cursus a tempus aenean consectetur et a. Cubilia scelerisque ligula fusce a consequat vel fames a arcu mi nisl et at ultrices nunc. Sem inceptos sociosqu interdum adipiscing quis aliquam adipiscing vel taciti enim penatibus et ullamcorper venenatis.<\\/p>\"}}', '2017-08-30 11:33:18', '2017-08-30 11:33:18', '568ca577-e58d-433c-8ccf-b871e12250e9'),
 ('46', '69', '7', '1', 'en_us', '32', '', '{\"typeId\":\"7\",\"authorId\":\"1\",\"title\":\"Welcome\",\"slug\":\"welcome\",\"postDate\":1503746520,\"expiryDate\":null,\"enabled\":1,\"parentId\":null,\"fields\":{\"3\":\"Welcome to our little church\",\"13\":{\"71\":{\"type\":\"generalSection\",\"enabled\":\"1\",\"fields\":{\"text\":\"<h2>First time here?<\\/h2>\\r\\n<p>I invite you to join us in worship and fellowship at any one of our services, coffee hour, concert series, or a simple contemplative visit to our garden and chapel. I like to think of our parish as a quiet oasis in the heart of this vibrant city. And yet we have so much going on at our Little Church.<\\/p>\"}},\"73\":{\"type\":\"figureFull\",\"enabled\":\"\",\"fields\":{\"image\":[\"72\"],\"altAttribute\":\"\",\"caption\":\"<p>This is a caption<\\/p>\",\"credit\":\"\"}},\"74\":{\"type\":\"generalSection\",\"enabled\":\"\",\"fields\":{\"text\":\"<h2>Sem inceptos sociosqu interdum<\\/h2>\\r\\n<p>Consequat orci a cum suspendisse pretium orci dui dapibus ultricies nisi vulputate erat a dui. Ultricies enim a ut per egestas augue dis ad tellus mus a hac ac a scelerisque ullamcorper eupraesent quisque adipiscing. Erat purus ante habitasse mus interdum scelerisque a hac fermentum cum conguesuspendisse scelerisque auctor condimentum eu ipsum varius cursus a tempus aenean consectetur et a. Cubilia scelerisque ligula fusce a consequat vel fames a arcu mi nisl et at ultrices nunc. Sem inceptos sociosqu interdum adipiscing quis aliquam adipiscing vel taciti enim penatibus et ullamcorper venenatis.<\\/p>\\r\\n<blockquote>The Church of the Transfiguration is a community committed to faith in action. We embrace all who seek God\\u2019s inclusive love<\\/blockquote>\\r\\n<p>Consequat orci a cum suspendisse pretium orci dui dapibus ultricies nisi vulputate erat a dui. Ultricies enim a ut per egestas augue dis ad tellus mus a hac ac a scelerisque ullamcorper eupraesent quisque adipiscing. Erat purus ante habitasse mus interdum scelerisque a hac fermentum cum conguesuspendisse scelerisque auctor condimentum eu ipsum varius cursus a tempus aenean consectetur et a. Cubilia scelerisque ligula fusce a consequat vel fames a arcu mi nisl et at ultrices nunc. Sem inceptos sociosqu interdum adipiscing quis aliquam adipiscing vel taciti enim penatibus et ullamcorper venenatis.<\\/p>\"}},\"75\":{\"type\":\"generalSection\",\"enabled\":\"\",\"fields\":{\"text\":\"<h3>Sem inceptos sociosqu interdum<\\/h3>\\r\\n<p>Consequat orci a cum suspendisse pretium orci dui dapibus ultricies nisi vulputate erat a dui. Ultricies enim a ut per egestas augue dis ad tellus mus a hac ac a scelerisque ullamcorper eupraesent quisque adipiscing. Erat purus ante habitasse mus interdum scelerisque a hac fermentum cum conguesuspendisse scelerisque auctor condimentum eu ipsum varius cursus a tempus aenean consectetur.<\\/p>\"}},\"77\":{\"type\":\"bioGroup\",\"enabled\":\"\",\"fields\":{\"bioType\":\"Leadership\",\"individuals\":[\"78\",\"76\"]}}},\"11\":[\"68\"],\"12\":\"<p>Welcome to the Church of the Transfiguration located in Manhattan\'s NoMad district. We are an Episcopal Church and part of the larger, worldwide Anglican Communion, with a&nbsp;<a href=\\\"#\\\">rich musical and liturgical tradition<\\/a>. We host a diverse community embracing all people, across a vast spectrum of cultural, ethnic, racial, gender, sexual orientation, and economic backgrounds, as full members in the body of Christ.<\\/p>\"}}', '2017-08-30 11:33:37', '2017-08-30 11:33:37', '57544a55-a6b9-4084-8bef-d9fbb7774831'),
 ('47', '69', '7', '1', 'en_us', '33', '', '{\"typeId\":\"7\",\"authorId\":\"1\",\"title\":\"Welcome\",\"slug\":\"welcome\",\"postDate\":1503746520,\"expiryDate\":null,\"enabled\":1,\"parentId\":null,\"fields\":{\"3\":\"Welcome to our little church\",\"13\":{\"71\":{\"type\":\"generalSection\",\"enabled\":\"1\",\"fields\":{\"text\":\"<h2>First time here?<\\/h2>\\r\\n<p>I invite you to join us in worship and fellowship at any one of our services, coffee hour, concert series, or a simple contemplative visit to our garden and chapel. I like to think of our parish as a quiet oasis in the heart of this vibrant city. And yet we have so much going on at our Little Church.<\\/p>\"}},\"73\":{\"type\":\"figureFull\",\"enabled\":\"\",\"fields\":{\"image\":[\"72\"],\"altAttribute\":\"\",\"caption\":\"<p>This is a caption<\\/p>\",\"credit\":\"\"}},\"74\":{\"type\":\"generalSection\",\"enabled\":\"1\",\"fields\":{\"text\":\"<h2>Sem inceptos sociosqu interdum<\\/h2>\\r\\n<p>Consequat orci a cum suspendisse pretium orci dui dapibus ultricies nisi vulputate erat a dui. Ultricies enim a ut per egestas augue dis ad tellus mus a hac ac a scelerisque ullamcorper eupraesent quisque adipiscing. Erat purus ante habitasse mus interdum scelerisque a hac fermentum cum conguesuspendisse scelerisque auctor condimentum eu ipsum varius cursus a tempus aenean consectetur et a. Cubilia scelerisque ligula fusce a consequat vel fames a arcu mi nisl et at ultrices nunc. Sem inceptos sociosqu interdum adipiscing quis aliquam adipiscing vel taciti enim penatibus et ullamcorper venenatis.<\\/p>\\r\\n<blockquote>The Church of the Transfiguration is a community committed to faith in action. We embrace all who seek God\\u2019s inclusive love<\\/blockquote>\\r\\n<p>Consequat orci a cum suspendisse pretium orci dui dapibus ultricies nisi vulputate erat a dui. Ultricies enim a ut per egestas augue dis ad tellus mus a hac ac a scelerisque ullamcorper eupraesent quisque adipiscing. Erat purus ante habitasse mus interdum scelerisque a hac fermentum cum conguesuspendisse scelerisque auctor condimentum eu ipsum varius cursus a tempus aenean consectetur et a. Cubilia scelerisque ligula fusce a consequat vel fames a arcu mi nisl et at ultrices nunc. Sem inceptos sociosqu interdum adipiscing quis aliquam adipiscing vel taciti enim penatibus et ullamcorper venenatis.<\\/p>\"}},\"75\":{\"type\":\"generalSection\",\"enabled\":\"\",\"fields\":{\"text\":\"<h3>Sem inceptos sociosqu interdum<\\/h3>\\r\\n<p>Consequat orci a cum suspendisse pretium orci dui dapibus ultricies nisi vulputate erat a dui. Ultricies enim a ut per egestas augue dis ad tellus mus a hac ac a scelerisque ullamcorper eupraesent quisque adipiscing. Erat purus ante habitasse mus interdum scelerisque a hac fermentum cum conguesuspendisse scelerisque auctor condimentum eu ipsum varius cursus a tempus aenean consectetur.<\\/p>\"}},\"77\":{\"type\":\"bioGroup\",\"enabled\":\"\",\"fields\":{\"bioType\":\"Leadership\",\"individual\":[\"78\",\"76\"]}}},\"11\":[\"68\"],\"12\":\"<p>Welcome to the Church of the Transfiguration located in Manhattan\'s NoMad district. We are an Episcopal Church and part of the larger, worldwide Anglican Communion, with a&nbsp;<a href=\\\"#\\\">rich musical and liturgical tradition<\\/a>. We host a diverse community embracing all people, across a vast spectrum of cultural, ethnic, racial, gender, sexual orientation, and economic backgrounds, as full members in the body of Christ.<\\/p>\"}}', '2017-08-30 12:06:13', '2017-08-30 12:06:13', 'dc206e91-8b7e-46f4-bac2-62c067f0d0a7'),
 ('48', '69', '7', '1', 'en_us', '34', '', '{\"typeId\":\"7\",\"authorId\":\"1\",\"title\":\"Welcome\",\"slug\":\"welcome\",\"postDate\":1503746520,\"expiryDate\":null,\"enabled\":1,\"parentId\":null,\"fields\":{\"3\":\"Welcome to our little church\",\"13\":{\"71\":{\"type\":\"generalSection\",\"enabled\":\"1\",\"fields\":{\"text\":\"<h2>First time here?<\\/h2>\\r\\n<p>I invite you to join us in worship and fellowship at any one of our services, coffee hour, concert series, or a simple contemplative visit to our garden and chapel. I like to think of our parish as a quiet oasis in the heart of this vibrant city. And yet we have so much going on at our Little Church.<\\/p>\"}},\"73\":{\"type\":\"figureFull\",\"enabled\":\"\",\"fields\":{\"image\":[\"72\"],\"altAttribute\":\"\",\"caption\":\"<p>This is a caption<\\/p>\",\"credit\":\"\"}},\"74\":{\"type\":\"generalSection\",\"enabled\":\"1\",\"fields\":{\"text\":\"<h2>Sem inceptos sociosqu interdum<\\/h2>\\r\\n<p>Consequat orci a cum suspendisse pretium orci dui dapibus ultricies nisi vulputate erat a dui. Ultricies enim a ut per egestas augue dis ad tellus mus a hac ac a scelerisque ullamcorper eupraesent quisque adipiscing. Erat purus ante habitasse mus interdum scelerisque a hac fermentum cum conguesuspendisse scelerisque auctor condimentum eu ipsum varius cursus a tempus aenean consectetur et a. Cubilia scelerisque ligula fusce a consequat vel fames a arcu mi nisl et at ultrices nunc. Sem inceptos sociosqu interdum adipiscing quis aliquam adipiscing vel taciti enim penatibus et ullamcorper venenatis.<\\/p>\\r\\n<blockquote>The Church of the Transfiguration is a community committed to faith in action. We embrace all who seek God\\u2019s inclusive love<\\/blockquote>\\r\\n<p>Consequat orci a cum suspendisse pretium orci dui dapibus ultricies nisi vulputate erat a dui. Ultricies enim a ut per egestas augue dis ad tellus mus a hac ac a scelerisque ullamcorper eupraesent quisque adipiscing. Erat purus ante habitasse mus interdum scelerisque a hac fermentum cum conguesuspendisse scelerisque auctor condimentum eu ipsum varius cursus a tempus aenean consectetur et a. Cubilia scelerisque ligula fusce a consequat vel fames a arcu mi nisl et at ultrices nunc. Sem inceptos sociosqu interdum adipiscing quis aliquam adipiscing vel taciti enim penatibus et ullamcorper venenatis.<\\/p><ul><li>List Item One<\\/li><li>List Item Two<\\/li><\\/ul>\"}},\"75\":{\"type\":\"generalSection\",\"enabled\":\"\",\"fields\":{\"text\":\"<h3>Sem inceptos sociosqu interdum<\\/h3>\\r\\n<p>Consequat orci a cum suspendisse pretium orci dui dapibus ultricies nisi vulputate erat a dui. Ultricies enim a ut per egestas augue dis ad tellus mus a hac ac a scelerisque ullamcorper eupraesent quisque adipiscing. Erat purus ante habitasse mus interdum scelerisque a hac fermentum cum conguesuspendisse scelerisque auctor condimentum eu ipsum varius cursus a tempus aenean consectetur.<\\/p>\"}},\"77\":{\"type\":\"bioGroup\",\"enabled\":\"\",\"fields\":{\"bioType\":\"Leadership\",\"individual\":[\"78\",\"76\"]}}},\"11\":[\"68\"],\"12\":\"<p>Welcome to the Church of the Transfiguration located in Manhattan\'s NoMad district. We are an Episcopal Church and part of the larger, worldwide Anglican Communion, with a&nbsp;<a href=\\\"#\\\">rich musical and liturgical tradition<\\/a>. We host a diverse community embracing all people, across a vast spectrum of cultural, ethnic, racial, gender, sexual orientation, and economic backgrounds, as full members in the body of Christ.<\\/p>\"}}', '2017-08-30 12:07:09', '2017-08-30 12:07:09', 'd8734bcc-bffb-4571-843f-e842a2f9941a'),
 ('49', '69', '7', '1', 'en_us', '35', '', '{\"typeId\":\"7\",\"authorId\":\"1\",\"title\":\"Welcome\",\"slug\":\"welcome\",\"postDate\":1503746520,\"expiryDate\":null,\"enabled\":1,\"parentId\":null,\"fields\":{\"3\":\"Welcome to our little church\",\"13\":{\"71\":{\"type\":\"generalSection\",\"enabled\":\"1\",\"fields\":{\"text\":\"<h2>First time here?<\\/h2>\\r\\n<p>I invite you to join us in worship and fellowship at any one of our services, coffee hour, concert series, or a simple contemplative visit to our garden and chapel. I like to think of our parish as a quiet oasis in the heart of this vibrant city. And yet we have so much going on at our Little Church.<\\/p>\"}},\"73\":{\"type\":\"figureFull\",\"enabled\":\"\",\"fields\":{\"image\":[\"72\"],\"altAttribute\":\"\",\"caption\":\"<p>This is a caption<\\/p>\",\"credit\":\"\"}},\"74\":{\"type\":\"generalSection\",\"enabled\":\"1\",\"fields\":{\"text\":\"<h2>Sem inceptos sociosqu interdum<\\/h2>\\r\\n<p>Consequat orci a cum suspendisse pretium orci dui dapibus ultricies nisi vulputate erat a dui. Ultricies enim a ut per egestas augue dis ad tellus mus a hac ac a scelerisque ullamcorper eupraesent quisque adipiscing. Erat purus ante habitasse mus interdum scelerisque a hac fermentum cum conguesuspendisse scelerisque auctor condimentum eu ipsum varius cursus a tempus aenean consectetur et a. Cubilia scelerisque ligula fusce a consequat vel fames a arcu mi nisl et at ultrices nunc. Sem inceptos sociosqu interdum adipiscing quis aliquam adipiscing vel taciti enim penatibus et ullamcorper venenatis.<\\/p>\\r\\n<blockquote>The Church of the Transfiguration is a community committed to faith in action. We embrace all who seek God\\u2019s inclusive love<\\/blockquote>\\r\\n<p>Consequat orci a cum suspendisse pretium orci dui dapibus ultricies nisi vulputate erat a dui. Ultricies enim a ut per egestas augue dis ad tellus mus a hac ac a scelerisque ullamcorper eupraesent quisque adipiscing. Erat purus ante habitasse mus interdum scelerisque a hac fermentum cum conguesuspendisse scelerisque auctor condimentum eu ipsum varius cursus a tempus aenean consectetur et a. Cubilia scelerisque ligula fusce a consequat vel fames a arcu mi nisl et at ultrices nunc. Sem inceptos sociosqu interdum adipiscing quis aliquam adipiscing vel taciti enim penatibus et ullamcorper venenatis.<\\/p>\"}},\"75\":{\"type\":\"generalSection\",\"enabled\":\"\",\"fields\":{\"text\":\"<h3>Sem inceptos sociosqu interdum<\\/h3>\\r\\n<p>Consequat orci a cum suspendisse pretium orci dui dapibus ultricies nisi vulputate erat a dui. Ultricies enim a ut per egestas augue dis ad tellus mus a hac ac a scelerisque ullamcorper eupraesent quisque adipiscing. Erat purus ante habitasse mus interdum scelerisque a hac fermentum cum conguesuspendisse scelerisque auctor condimentum eu ipsum varius cursus a tempus aenean consectetur.<\\/p>\"}},\"77\":{\"type\":\"bioGroup\",\"enabled\":\"\",\"fields\":{\"bioType\":\"Leadership\",\"individual\":[\"78\",\"76\"]}}},\"11\":[\"68\"],\"12\":\"<p>Welcome to the Church of the Transfiguration located in Manhattan\'s NoMad district. We are an Episcopal Church and part of the larger, worldwide Anglican Communion, with a&nbsp;<a href=\\\"#\\\">rich musical and liturgical tradition<\\/a>. We host a diverse community embracing all people, across a vast spectrum of cultural, ethnic, racial, gender, sexual orientation, and economic backgrounds, as full members in the body of Christ.<\\/p>\"}}', '2017-08-30 12:09:45', '2017-08-30 12:09:45', '46afcc16-244a-40ce-9515-d76ee8cdaa21'),
 ('50', '69', '7', '1', 'en_us', '36', '', '{\"typeId\":\"7\",\"authorId\":\"1\",\"title\":\"Welcome\",\"slug\":\"welcome\",\"postDate\":1503746520,\"expiryDate\":null,\"enabled\":1,\"parentId\":null,\"fields\":{\"3\":\"Welcome to our little church\",\"13\":{\"71\":{\"type\":\"generalSection\",\"enabled\":\"1\",\"fields\":{\"text\":\"<h2>First time here?<\\/h2>\\r\\n<p>I invite you to join us in worship and fellowship at any one of our services, coffee hour, concert series, or a simple contemplative visit to our garden and chapel. I like to think of our parish as a quiet oasis in the heart of this vibrant city. And yet we have so much going on at our Little Church.<\\/p>\"}},\"73\":{\"type\":\"figureFull\",\"enabled\":\"\",\"fields\":{\"image\":[\"72\"],\"altAttribute\":\"\",\"caption\":\"<p>This is a caption<\\/p>\",\"credit\":\"\"}},\"74\":{\"type\":\"generalSection\",\"enabled\":\"1\",\"fields\":{\"text\":\"<h2>Sem inceptos sociosqu interdum<\\/h2>\\r\\n<p>Consequat orci a cum suspendisse pretium orci dui dapibus ultricies nisi vulputate erat a dui. Ultricies enim a ut per egestas augue dis ad tellus mus a hac ac a scelerisque ullamcorper eupraesent quisque adipiscing. Erat purus ante habitasse mus interdum scelerisque a hac fermentum cum conguesuspendisse scelerisque auctor condimentum eu ipsum varius cursus a tempus aenean consectetur et a. Cubilia scelerisque ligula fusce a consequat vel fames a arcu mi nisl et at ultrices nunc. Sem inceptos sociosqu interdum adipiscing quis aliquam adipiscing vel taciti enim penatibus et ullamcorper venenatis.<\\/p>\\r\\n<blockquote>The Church of the Transfiguration is a community committed to faith in action. We embrace all who seek God\\u2019s inclusive love<\\/blockquote>\\r\\n<p>Consequat orci a cum suspendisse pretium orci dui dapibus ultricies nisi vulputate erat a dui. Ultricies enim a ut per egestas augue dis ad tellus mus a hac ac a scelerisque ullamcorper eupraesent quisque adipiscing. Erat purus ante habitasse mus interdum scelerisque a hac fermentum cum conguesuspendisse scelerisque auctor condimentum eu ipsum varius cursus a tempus aenean consectetur et a. Cubilia scelerisque ligula fusce a consequat vel fames a arcu mi nisl et at ultrices nunc. Sem inceptos sociosqu interdum adipiscing quis aliquam adipiscing vel taciti enim penatibus et ullamcorper venenatis.<\\/p>\"}},\"75\":{\"type\":\"generalSection\",\"enabled\":\"\",\"fields\":{\"text\":\"<h3>Sem inceptos sociosqu interdum<\\/h3>\\r\\n<p>Consequat orci a cum suspendisse pretium orci dui dapibus ultricies nisi vulputate erat a dui. Ultricies enim a ut per egestas augue dis ad tellus mus a hac ac a scelerisque ullamcorper eupraesent quisque adipiscing. Erat purus ante habitasse mus interdum scelerisque a hac fermentum cum conguesuspendisse scelerisque auctor condimentum eu ipsum varius cursus a tempus aenean consectetur.<\\/p>\"}},\"77\":{\"type\":\"bioGroup\",\"enabled\":\"\",\"fields\":{\"bioType\":\"Leadership\",\"individual\":[\"78\",\"76\"]}}},\"11\":[\"68\"],\"12\":\"<p>Welcome to the Church of the Transfiguration located in Manhattan\'s NoMad district. We are an Episcopal Church and part of the larger, worldwide Anglican Communion, with a&nbsp;<a href=\\\"#\\\">rich musical and liturgical tradition<\\/a>. We host a diverse community embracing all people, across a vast spectrum of cultural, ethnic, racial, gender, sexual orientation, and economic backgrounds, as full members in the body of Christ.<\\/p>\",\"27\":\"Meghan Joseph\"}}', '2017-08-30 12:15:28', '2017-08-30 12:15:28', '1eea024b-9db4-4ca8-abd0-9d1df764e9a5'),
 ('51', '94', '9', '1', 'en_us', '2', '', '{\"typeId\":\"9\",\"authorId\":\"1\",\"title\":\"Good Things Come in Threes\",\"slug\":\"good-things-come-in-threes\",\"postDate\":1504084080,\"expiryDate\":null,\"enabled\":1,\"parentId\":null,\"fields\":{\"25\":[\"93\"],\"26\":\"Mary Jane Gocher\",\"27\":\"Corey Schneider\"}}', '2017-08-30 13:14:24', '2017-08-30 13:14:24', 'c9efcabf-ab75-42db-b7ea-f6c751fd180d'),
 ('52', '94', '9', '1', 'en_us', '3', '', '{\"typeId\":\"9\",\"authorId\":\"1\",\"title\":\"Good Things Come in Threes\",\"slug\":\"good-things-come-in-threes\",\"postDate\":1504084080,\"expiryDate\":null,\"enabled\":1,\"parentId\":null,\"fields\":{\"28\":{\"new1\":{\"type\":\"paragraph\",\"enabled\":\"1\",\"fields\":{\"text\":\"<p><span class=\\\"s1\\\">I was paging my way through <i>Holy Men, Holy Women<\\/i> on a fact-checking mission when I came across the entry for December 16<\\/span><span class=\\\"s2\\\"><sup>th<\\/sup><\\/span><span class=\\\"s1\\\">.<\\/span><\\/p>\\r\\n<p><span class=\\\"s1\\\"><\\/span>\\r\\n<\\/p>\\r\\n<p><span class=\\\"s1\\\">I was stunned to see that this day had been set apart to honor two architects and an artist whose work was represented here at Transfiguration:<span class=\\\"Apple-converted-space\\\">&nbsp; <\\/span>Ralph Adams Cram, designer of St. Thomas Church NYC and the nave of the Cathedral of St. John the Divine, Richard Upjohn, the designer of Trinity Church on Wall Street in lower Manhattan, and John Lafarge, painter of murals and designer of many notable stained glass windows.<\\/span><\\/p>\\r\\n<p><span class=\\\"s1\\\"><\\/span>\\r\\n<\\/p>\\r\\n<p><span class=\\\"s1\\\"><i>Holy Men, Holy Women<\\/i> encourages us to offer thanks for \\u201cthe vision of Ralph Adams Cram, John LaFarge and Richard Upjohn, whose harmonious revival of the Gothic enriched our churches with a sacramental understanding of reality in the face of secular materialism&hellip;.\\u201d *<\\/span><\\/p>\\r\\n<p><span class=\\\"s1\\\"><\\/span>\\r\\n<\\/p>\\r\\n<p><span class=\\\"s1\\\">Ralph Adams Cram was the designer of our beautiful polychromed wood Madonna Shrine, located in the Transept.<span class=\\\"Apple-converted-space\\\">&nbsp; <\\/span>It was donated by Mr. F. E. Saxham Drury in memory of Elbridge T. Gerry and Mabel Gerry Drury.<\\/span><\\/p>\\r\\n<p><span class=\\\"s1\\\"><\\/span>\\r\\n<\\/p>\\r\\n<p><span class=\\\"s1\\\">Turn to your right, and there is John LaFarge\\u2019s magnificent window depicting Edwin Booth, the leading Shakespearean actor of his time, holding a mask and dressed in Greco-Roman costume.<span class=\\\"Apple-converted-space\\\">&nbsp; <\\/span>(Edwin Booth was the brother of the notorious John Wilkes Booth, President Lincoln\\u2019s assassin.) The window was given in his memory in 1898 by members of the Players Club, which he founded.<\\/span><\\/p>\\r\\n<p><span class=\\\"s1\\\"><\\/span>\\r\\n<\\/p>\\r\\n<p><span class=\\\"s1\\\">And a few steps away, near the chancel on the northeast side of the nave, stands Richard Upjohn\\u2019s beautiful and intricate brass filigree pulpit.<\\/span><\\/p>\\r\\n<p><span class=\\\"s1\\\"><\\/span>\\r\\n<\\/p>\\r\\n<p><span class=\\\"s1\\\">How fortunate we are to have works by all three of these masters under the roof of the \\u201cLittle Church\\u201d.<span class=\\\"Apple-converted-space\\\">&nbsp; <\\/span>I will give thanks when December 16<\\/span><span class=\\\"s2\\\"><sup>th<\\/sup><\\/span><span class=\\\"s1\\\"> rolls around.<\\/span><\\/p>\"}}},\"25\":[\"93\"],\"26\":\"Mary Jane Gocher\",\"27\":\"Corey Schneider\"}}', '2017-08-30 13:55:36', '2017-08-30 13:55:36', '1d105e5f-5d97-461d-800c-65547d002481'),
 ('53', '94', '9', '1', 'en_us', '4', '', '{\"typeId\":\"9\",\"authorId\":\"1\",\"title\":\"Good Things Come in Threes\",\"slug\":\"good-things-come-in-threes\",\"postDate\":1504084080,\"expiryDate\":null,\"enabled\":1,\"parentId\":null,\"fields\":{\"28\":{\"107\":{\"type\":\"paragraph\",\"enabled\":\"1\",\"fields\":{\"text\":\"<p>I was paging my way through <em>Holy Men, Holy Women<\\/em> on a fact-checking mission when I came across the entry for December 16<sup>th<\\/sup>.<\\/p>\\r\\n<p>\\r\\n<\\/p>\\r\\n<p>I was stunned to see that this day had been set apart to honor two architects and an artist whose work was represented here at Transfiguration:&nbsp; Ralph Adams Cram, designer of St. Thomas Church NYC and the nave of the Cathedral of St. John the Divine, Richard Upjohn, the designer of Trinity Church on Wall Street in lower Manhattan, and John Lafarge, painter of murals and designer of many notable stained glass windows.<\\/p>\\r\\n<p>\\r\\n<\\/p>\\r\\n<p><em>Holy Men, Holy Women<\\/em> encourages us to offer thanks for \\u201cthe vision of Ralph Adams Cram, John LaFarge and Richard Upjohn, whose harmonious revival of the Gothic enriched our churches with a sacramental understanding of reality in the face of secular materialism&hellip;.\\u201d *<\\/p>\\r\\n<p>\\r\\n<\\/p>\\r\\n<p>Ralph Adams Cram was the designer of our beautiful polychromed wood Madonna Shrine, located in the Transept.&nbsp; It was donated by Mr. F. E. Saxham Drury in memory of Elbridge T. Gerry and Mabel Gerry Drury.<\\/p>\\r\\n<p>\\r\\n<\\/p>\\r\\n<p>Turn to your right, and there is John LaFarge\\u2019s magnificent window depicting Edwin Booth, the leading Shakespearean actor of his time, holding a mask and dressed in Greco-Roman costume.&nbsp; (Edwin Booth was the brother of the notorious John Wilkes Booth, President Lincoln\\u2019s assassin.) The window was given in his memory in 1898 by members of the Players Club, which he founded.<\\/p>\\r\\n<p>\\r\\n<\\/p>\\r\\n<p>And a few steps away, near the chancel on the northeast side of the nave, stands Richard Upjohn\\u2019s beautiful and intricate brass filigree pulpit.<\\/p>\\r\\n<p>\\r\\n<\\/p>\\r\\n<p>How fortunate we are to have works by all three of these masters under the roof of the \\u201cLittle Church\\u201d.&nbsp; I will give thanks when December 16<sup>th<\\/sup> rolls around.<\\/p>\"}}},\"25\":[\"93\"],\"26\":\"Mary Jane Gocher\",\"27\":\"Corey Schneider\"}}', '2017-08-30 13:55:55', '2017-08-30 13:55:55', '8c9f18f8-bc98-4a7e-ad83-85a27412968d'),
 ('54', '94', '9', '1', 'en_us', '5', '', '{\"typeId\":\"9\",\"authorId\":\"1\",\"title\":\"Good Things Come in Threes\",\"slug\":\"good-things-come-in-threes\",\"postDate\":1504084080,\"expiryDate\":null,\"enabled\":1,\"parentId\":null,\"fields\":{\"28\":{\"107\":{\"type\":\"paragraph\",\"enabled\":\"1\",\"fields\":{\"text\":\"<p>I was paging my way through <em>Holy Men, Holy Women<\\/em> on a fact-checking mission when I came across the entry for December 16<sup>th<\\/sup>.<\\/p>\\r\\n<p>\\r\\n<\\/p>\\r\\n<p>I was stunned to see that this day had been set apart to honor two architects and an artist whose work was represented here at Transfiguration:&nbsp; Ralph Adams Cram, designer of St. Thomas Church NYC and the nave of the Cathedral of St. John the Divine, Richard Upjohn, the designer of Trinity Church on Wall Street in lower Manhattan, and John Lafarge, painter of murals and designer of many notable stained glass windows.<\\/p>\\r\\n<p>\\r\\n<\\/p>\\r\\n<p><em>Holy Men, Holy Women<\\/em> encourages us to offer thanks for \\u201cthe vision of Ralph Adams Cram, John LaFarge and Richard Upjohn, whose harmonious revival of the Gothic enriched our churches with a sacramental understanding of reality in the face of secular materialism&hellip;.\\u201d *<\\/p>\\r\\n<p>\\r\\n<\\/p>\\r\\n<p>Ralph Adams Cram was the designer of our beautiful polychromed wood Madonna Shrine, located in the Transept.&nbsp; It was donated by Mr. F. E. Saxham Drury in memory of Elbridge T. Gerry and Mabel Gerry Drury.<\\/p>\"}},\"new1\":{\"type\":\"paragraph\",\"enabled\":\"1\",\"fields\":{\"text\":\"<p>Turn to your right, and there is John LaFarge\\u2019s magnificent window depicting Edwin Booth, the leading Shakespearean actor of his time, holding a mask and dressed in Greco-Roman costume.&nbsp; (Edwin Booth was the brother of the notorious John Wilkes Booth, President Lincoln\\u2019s assassin.) The window was given in his memory in 1898 by members of the Players Club, which he founded.<\\/p>\\r\\n<p>And a few steps away, near the chancel on the northeast side of the nave, stands Richard Upjohn\\u2019s beautiful and intricate brass filigree pulpit.<\\/p>\\r\\n<p>How fortunate we are to have works by all three of these masters under the roof of the \\u201cLittle Church\\u201d.&nbsp; I will give thanks when December 16<sup>th<\\/sup>&nbsp;rolls around.<\\/p><p><\\/p>\"}}},\"25\":[\"93\"],\"26\":\"Mary Jane Gocher\",\"27\":\"Corey Schneider\"}}', '2017-08-30 14:03:42', '2017-08-30 14:03:42', 'b5d1792d-8c2e-4297-832d-7b83c418cc39'),
 ('55', '94', '9', '1', 'en_us', '6', '', '{\"typeId\":\"9\",\"authorId\":\"1\",\"title\":\"Good Things Come in Threes\",\"slug\":\"good-things-come-in-threes\",\"postDate\":1504084080,\"expiryDate\":null,\"enabled\":1,\"parentId\":null,\"fields\":{\"28\":{\"107\":{\"type\":\"paragraph\",\"enabled\":\"1\",\"fields\":{\"text\":\"<p>I was paging my way through <em>Holy Men, Holy Women<\\/em> on a fact-checking mission when I came across the entry for December 16<sup>th<\\/sup>.<\\/p>\\r\\n<p>\\r\\n<\\/p>\\r\\n<p>I was stunned to see that this day had been set apart to honor two architects and an artist whose work was represented here at Transfiguration:&nbsp; Ralph Adams Cram, designer of St. Thomas Church NYC and the nave of the Cathedral of St. John the Divine, Richard Upjohn, the designer of Trinity Church on Wall Street in lower Manhattan, and John Lafarge, painter of murals and designer of many notable stained glass windows.<\\/p>\\r\\n<p>\\r\\n<\\/p>\\r\\n<p><em>Holy Men, Holy Women<\\/em> encourages us to offer thanks for \\u201cthe vision of Ralph Adams Cram, John LaFarge and Richard Upjohn, whose harmonious revival of the Gothic enriched our churches with a sacramental understanding of reality in the face of secular materialism&hellip;.\\u201d *<\\/p>\\r\\n<p>\\r\\n<\\/p>\\r\\n<p>Ralph Adams Cram was the designer of our beautiful polychromed wood Madonna Shrine, located in the Transept.&nbsp; It was donated by Mr. F. E. Saxham Drury in memory of Elbridge T. Gerry and Mabel Gerry Drury.<\\/p>\"}},\"new1\":{\"type\":\"figure\",\"enabled\":\"1\",\"fields\":{\"image\":[\"110\"],\"altArttribute\":\"John LaFarge\\u2019s magnificent window depicting Edwin Booth\",\"caption\":\"\",\"enlarge\":\"\"}},\"108\":{\"type\":\"paragraph\",\"enabled\":\"1\",\"fields\":{\"text\":\"<p>Turn to your right, and there is John LaFarge\\u2019s magnificent window depicting Edwin Booth, the leading Shakespearean actor of his time, holding a mask and dressed in Greco-Roman costume.&nbsp; (Edwin Booth was the brother of the notorious John Wilkes Booth, President Lincoln\\u2019s assassin.) The window was given in his memory in 1898 by members of the Players Club, which he founded.<\\/p>\\r\\n<p>And a few steps away, near the chancel on the northeast side of the nave, stands Richard Upjohn\\u2019s beautiful and intricate brass filigree pulpit.<\\/p>\\r\\n<p>How fortunate we are to have works by all three of these masters under the roof of the \\u201cLittle Church\\u201d.&nbsp; I will give thanks when December 16<sup>th<\\/sup>&nbsp;rolls around.<\\/p>\"}}},\"25\":[\"93\"],\"26\":\"Mary Jane Gocher\",\"27\":\"Corey Schneider\"}}', '2017-08-30 14:11:22', '2017-08-30 14:11:22', 'c65f086a-0f8b-40cd-843c-4d8f78c9b8b5'),
 ('56', '94', '9', '1', 'en_us', '7', '', '{\"typeId\":\"9\",\"authorId\":\"1\",\"title\":\"Good Things Come in Threes\",\"slug\":\"good-things-come-in-threes\",\"postDate\":1504084080,\"expiryDate\":null,\"enabled\":1,\"parentId\":null,\"fields\":{\"28\":{\"107\":{\"type\":\"paragraph\",\"enabled\":\"1\",\"fields\":{\"text\":\"<p>I was paging my way through <em>Holy Men, Holy Women<\\/em> on a fact-checking mission when I came across the entry for December 16<sup>th<\\/sup>.<\\/p>\\r\\n<p>\\r\\n<\\/p>\\r\\n<p>I was stunned to see that this day had been set apart to honor two architects and an artist whose work was represented here at Transfiguration:&nbsp; Ralph Adams Cram, designer of St. Thomas Church NYC and the nave of the Cathedral of St. John the Divine, Richard Upjohn, the designer of Trinity Church on Wall Street in lower Manhattan, and John Lafarge, painter of murals and designer of many notable stained glass windows.<\\/p>\\r\\n<p>\\r\\n<\\/p>\\r\\n<p><em>Holy Men, Holy Women<\\/em> encourages us to offer thanks for \\u201cthe vision of Ralph Adams Cram, John LaFarge and Richard Upjohn, whose harmonious revival of the Gothic enriched our churches with a sacramental understanding of reality in the face of secular materialism&hellip;.\\u201d *<\\/p>\\r\\n<p>\\r\\n<\\/p>\\r\\n<p>Ralph Adams Cram was the designer of our beautiful polychromed wood Madonna Shrine, located in the Transept.&nbsp; It was donated by Mr. F. E. Saxham Drury in memory of Elbridge T. Gerry and Mabel Gerry Drury.<\\/p>\"}},\"111\":{\"type\":\"figure\",\"enabled\":\"1\",\"fields\":{\"image\":[\"110\"],\"altArttribute\":\"John LaFarge\\u2019s magnificent window depicting Edwin Booth\",\"caption\":\"\",\"enlarge\":\"\"}},\"108\":{\"type\":\"paragraph\",\"enabled\":\"1\",\"fields\":{\"text\":\"<p>Turn to your right, and there is John LaFarge\\u2019s magnificent window depicting Edwin Booth, the leading Shakespearean actor of his time, holding a mask and dressed in Greco-Roman costume.&nbsp; (Edwin Booth was the brother of the notorious John Wilkes Booth, President Lincoln\\u2019s assassin.) The window was given in his memory in 1898 by members of the Players Club, which he founded.<\\/p>\\r\\n<p>And a few steps away, near the chancel on the northeast side of the nave, stands Richard Upjohn\\u2019s beautiful and intricate brass filigree pulpit.<\\/p>\\r\\n<p>How fortunate we are to have works by all three of these masters under the roof of the \\u201cLittle Church\\u201d.&nbsp; I will give thanks when December 16<sup>th<\\/sup>&nbsp;rolls around.<\\/p>\"}}},\"25\":[\"93\"],\"26\":\"Mary Jane Gocher\",\"27\":\"Corey Schneider\"}}', '2017-08-30 14:16:32', '2017-08-30 14:16:32', '3488079b-5ea1-48b2-9848-2e947c2d9279'),
 ('57', '94', '9', '1', 'en_us', '8', '', '{\"typeId\":\"9\",\"authorId\":\"1\",\"title\":\"Good Things Come in Threes\",\"slug\":\"good-things-come-in-threes\",\"postDate\":1504084080,\"expiryDate\":null,\"enabled\":1,\"parentId\":null,\"fields\":{\"28\":{\"107\":{\"type\":\"paragraph\",\"enabled\":\"1\",\"fields\":{\"text\":\"<p>I was paging my way through <em>Holy Men, Holy Women<\\/em> on a fact-checking mission when I came across the entry for December 16<sup>th<\\/sup>.<\\/p>\\r\\n<p>\\r\\n<\\/p>\\r\\n<p>I was stunned to see that this day had been set apart to honor two architects and an artist whose work was represented here at Transfiguration:&nbsp; Ralph Adams Cram, designer of St. Thomas Church NYC and the nave of the Cathedral of St. John the Divine, Richard Upjohn, the designer of Trinity Church on Wall Street in lower Manhattan, and John Lafarge, painter of murals and designer of many notable stained glass windows.<\\/p>\\r\\n<p>\\r\\n<\\/p>\\r\\n<p><em>Holy Men, Holy Women<\\/em> encourages us to offer thanks for \\u201cthe vision of Ralph Adams Cram, John LaFarge and Richard Upjohn, whose harmonious revival of the Gothic enriched our churches with a sacramental understanding of reality in the face of secular materialism&hellip;\\u201d *<\\/p>\\r\\n<p>\\r\\n<\\/p>\\r\\n<p>Ralph Adams Cram was the designer of our beautiful polychromed wood Madonna Shrine, located in the Transept.&nbsp; It was donated by Mr. F. E. Saxham Drury in memory of Elbridge T. Gerry and Mabel Gerry Drury.<\\/p>\"}},\"111\":{\"type\":\"figure\",\"enabled\":\"1\",\"fields\":{\"image\":[\"110\"],\"altAttribute\":\"John LaFarge\\u2019s magnificent window depicting Edwin Booth\",\"caption\":\"\",\"enlarge\":\"\"}},\"108\":{\"type\":\"paragraph\",\"enabled\":\"1\",\"fields\":{\"text\":\"<p>Turn to your right, and there is John LaFarge\\u2019s magnificent window depicting Edwin Booth, the leading Shakespearean actor of his time, holding a mask and dressed in Greco-Roman costume.&nbsp; (Edwin Booth was the brother of the notorious John Wilkes Booth, President Lincoln\\u2019s assassin.) The window was given in his memory in 1898 by members of the Players Club, which he founded.<\\/p>\\r\\n<p>And a few steps away, near the chancel on the northeast side of the nave, stands Richard Upjohn\\u2019s beautiful and intricate brass filigree pulpit.<\\/p>\\r\\n<p>How fortunate we are to have works by all three of these masters under the roof of the \\u201cLittle Church\\u201d.&nbsp; I will give thanks when December 16<sup>th<\\/sup>&nbsp;rolls around.<\\/p>\"}}},\"25\":[\"93\"],\"26\":\"Mary Jane Gocher\",\"27\":\"Corey Schneider\"}}', '2017-08-30 14:19:09', '2017-08-30 14:19:09', '64f2a309-42a9-41fd-9f5a-0bb1a13fe849'),
 ('58', '94', '9', '1', 'en_us', '9', '', '{\"typeId\":\"9\",\"authorId\":\"1\",\"title\":\"Good Things Come in Threes\",\"slug\":\"good-things-come-in-threes\",\"postDate\":1504084080,\"expiryDate\":null,\"enabled\":1,\"parentId\":null,\"fields\":{\"28\":{\"107\":{\"type\":\"paragraph\",\"enabled\":\"1\",\"fields\":{\"text\":\"<p>I was paging my way through <em>Holy Men, Holy Women<\\/em> on a fact-checking mission when I came across the entry for December 16<sup>th<\\/sup>.<\\/p>\\r\\n<p>\\r\\n<\\/p>\\r\\n<p>I was stunned to see that this day had been set apart to honor two architects and an artist whose work was represented here at Transfiguration:&nbsp; Ralph Adams Cram, designer of St. Thomas Church NYC and the nave of the Cathedral of St. John the Divine, Richard Upjohn, the designer of Trinity Church on Wall Street in lower Manhattan, and John Lafarge, painter of murals and designer of many notable stained glass windows.<\\/p>\\r\\n<p>\\r\\n<\\/p>\\r\\n<p><em>Holy Men, Holy Women<\\/em> encourages us to offer thanks for \\u201cthe vision of Ralph Adams Cram, John LaFarge and Richard Upjohn, whose harmonious revival of the Gothic enriched our churches with a sacramental understanding of reality in the face of secular materialism&hellip;\\u201d *<\\/p>\\r\\n<p>\\r\\n<\\/p>\\r\\n<p>Ralph Adams Cram was the designer of our beautiful polychromed wood Madonna Shrine, located in the Transept.&nbsp; It was donated by Mr. F. E. Saxham Drury in memory of Elbridge T. Gerry and Mabel Gerry Drury.<\\/p>\"}},\"111\":{\"type\":\"figure\",\"enabled\":\"1\",\"fields\":{\"image\":[\"110\"],\"altAttribute\":\"John LaFarge\\u2019s magnificent window depicting Edwin Booth\",\"caption\":\"<p>John LaFarge\\u2019s magnificent window depicting Edwin Booth<\\/p>\",\"enlarge\":\"\"}},\"108\":{\"type\":\"paragraph\",\"enabled\":\"1\",\"fields\":{\"text\":\"<p>Turn to your right, and there is John LaFarge\\u2019s magnificent window depicting Edwin Booth, the leading Shakespearean actor of his time, holding a mask and dressed in Greco-Roman costume.&nbsp; (Edwin Booth was the brother of the notorious John Wilkes Booth, President Lincoln\\u2019s assassin.) The window was given in his memory in 1898 by members of the Players Club, which he founded.<\\/p>\\r\\n<p>And a few steps away, near the chancel on the northeast side of the nave, stands Richard Upjohn\\u2019s beautiful and intricate brass filigree pulpit.<\\/p>\\r\\n<p>How fortunate we are to have works by all three of these masters under the roof of the \\u201cLittle Church\\u201d.&nbsp; I will give thanks when December 16<sup>th<\\/sup>&nbsp;rolls around.<\\/p>\"}}},\"25\":[\"93\"],\"26\":\"Mary Jane Gocher\",\"27\":\"Corey Schneider\"}}', '2017-08-30 14:19:31', '2017-08-30 14:19:31', '9387c66e-9e0a-4d62-80db-558b15d1d8ff'),
 ('59', '94', '9', '1', 'en_us', '10', '', '{\"typeId\":\"9\",\"authorId\":\"1\",\"title\":\"Good Things Come in Threes\",\"slug\":\"good-things-come-in-threes\",\"postDate\":1504084080,\"expiryDate\":null,\"enabled\":1,\"parentId\":null,\"fields\":{\"28\":{\"107\":{\"type\":\"paragraph\",\"enabled\":\"1\",\"fields\":{\"text\":\"<p>I was paging my way through <em>Holy Men, Holy Women<\\/em> on a fact-checking mission when I came across the entry for December 16<sup>th<\\/sup>.<\\/p>\\r\\n<p>\\r\\n<\\/p>\\r\\n<p>I was stunned to see that this day had been set apart to honor two architects and an artist whose work was represented here at Transfiguration:&nbsp; Ralph Adams Cram, designer of St. Thomas Church NYC and the nave of the Cathedral of St. John the Divine, Richard Upjohn, the designer of Trinity Church on Wall Street in lower Manhattan, and John Lafarge, painter of murals and designer of many notable stained glass windows.<\\/p>\\r\\n<p>\\r\\n<\\/p>\\r\\n<p><em>Holy Men, Holy Women<\\/em> encourages us to offer thanks for \\u201cthe vision of Ralph Adams Cram, John LaFarge and Richard Upjohn, whose harmonious revival of the Gothic enriched our churches with a sacramental understanding of reality in the face of secular materialism&hellip;\\u201d *<\\/p>\\r\\n<p>\\r\\n<\\/p>\\r\\n<p>Ralph Adams Cram was the designer of our beautiful polychromed wood Madonna Shrine, located in the Transept.&nbsp; It was donated by Mr. F. E. Saxham Drury in memory of Elbridge T. Gerry and Mabel Gerry Drury.<\\/p>\"}},\"111\":{\"type\":\"figure\",\"enabled\":\"1\",\"fields\":{\"image\":[\"110\"],\"altAttribute\":\"John LaFarge\\u2019s magnificent window depicting Edwin Booth\",\"caption\":\"<p>John LaFarge\\u2019s magnificent window depicting Edwin Booth<\\/p>\",\"enlarge\":\"\"}},\"108\":{\"type\":\"paragraph\",\"enabled\":\"1\",\"fields\":{\"text\":\"<p>Turn to your right, and there is John LaFarge\\u2019s magnificent window depicting Edwin Booth, the leading Shakespearean actor of his time, holding a mask and dressed in Greco-Roman costume.&nbsp; (Edwin Booth was the brother of the notorious John Wilkes Booth, President Lincoln\\u2019s assassin.) The window was given in his memory in 1898 by members of the Players Club, which he founded.<\\/p>\\r\\n<p>And a few steps away, near the chancel on the northeast side of the nave, stands Richard Upjohn\\u2019s beautiful and intricate brass filigree pulpit.<\\/p>\\r\\n<p>How fortunate we are to have works by all three of these masters under the roof of the \\u201cLittle Church\\u201d.&nbsp; I will give thanks when December 16<sup>th<\\/sup>&nbsp;rolls around.<\\/p>\"}}},\"25\":[\"93\"],\"26\":\"Mary Jane Gocher\",\"27\":\"Corey Schneider\"}}', '2017-08-30 14:21:00', '2017-08-30 14:21:00', 'd6c10d27-c184-4d65-8649-049155eb0dcf'),
 ('60', '94', '9', '1', 'en_us', '11', '', '{\"typeId\":\"9\",\"authorId\":\"1\",\"title\":\"Good Things Come in Threes\",\"slug\":\"good-things-come-in-threes\",\"postDate\":1504084080,\"expiryDate\":null,\"enabled\":1,\"parentId\":null,\"fields\":{\"28\":{\"107\":{\"type\":\"paragraph\",\"enabled\":\"1\",\"fields\":{\"text\":\"<p>I was paging my way through <em>Holy Men, Holy Women<\\/em> on a fact-checking mission when I came across the entry for December 16<sup>th<\\/sup>.<\\/p>\\r\\n<p>\\r\\n<\\/p>\\r\\n<p>I was stunned to see that this day had been set apart to honor two architects and an artist whose work was represented here at Transfiguration:&nbsp; Ralph Adams Cram, designer of St. Thomas Church NYC and the nave of the Cathedral of St. John the Divine, Richard Upjohn, the designer of Trinity Church on Wall Street in lower Manhattan, and John Lafarge, painter of murals and designer of many notable stained glass windows.<\\/p>\\r\\n<p>\\r\\n<\\/p>\\r\\n<p><em>Holy Men, Holy Women<\\/em> encourages us to offer thanks for \\u201cthe vision of Ralph Adams Cram, John LaFarge and Richard Upjohn, whose harmonious revival of the Gothic enriched our churches with a sacramental understanding of reality in the face of secular materialism&hellip;\\u201d *<\\/p>\\r\\n<p>\\r\\n<\\/p>\\r\\n<p>Ralph Adams Cram was the designer of our beautiful polychromed wood Madonna Shrine, located in the Transept.&nbsp; It was donated by Mr. F. E. Saxham Drury in memory of Elbridge T. Gerry and Mabel Gerry Drury.<\\/p>\"}},\"111\":{\"type\":\"figure\",\"enabled\":\"1\",\"fields\":{\"image\":[\"110\"],\"altAttribute\":\"John LaFarge\\u2019s magnificent window depicting Edwin Booth\",\"caption\":\"<p>John LaFarge\\u2019s magnificent window depicting Edwin Booth<\\/p>\",\"enlarge\":\"1\"}},\"108\":{\"type\":\"paragraph\",\"enabled\":\"1\",\"fields\":{\"text\":\"<p>Turn to your right, and there is John LaFarge\\u2019s magnificent window depicting Edwin Booth, the leading Shakespearean actor of his time, holding a mask and dressed in Greco-Roman costume.&nbsp; (Edwin Booth was the brother of the notorious John Wilkes Booth, President Lincoln\\u2019s assassin.) The window was given in his memory in 1898 by members of the Players Club, which he founded.<\\/p>\\r\\n<p>And a few steps away, near the chancel on the northeast side of the nave, stands Richard Upjohn\\u2019s beautiful and intricate brass filigree pulpit.<\\/p>\\r\\n<p>How fortunate we are to have works by all three of these masters under the roof of the \\u201cLittle Church\\u201d.&nbsp; I will give thanks when December 16<sup>th<\\/sup>&nbsp;rolls around.<\\/p>\"}}},\"25\":[\"93\"],\"26\":\"Mary Jane Gocher\",\"27\":\"Corey Schneider\"}}', '2017-08-30 14:22:16', '2017-08-30 14:22:16', 'eb05c314-012c-45d3-b1f7-3cf510a6e521'),
 ('61', '115', '9', '1', 'en_us', '1', '', '{\"typeId\":null,\"authorId\":\"1\",\"title\":\"This is another article\",\"slug\":\"this-is-another-article\",\"postDate\":1504106501,\"expiryDate\":null,\"enabled\":1,\"parentId\":null,\"fields\":{\"28\":{\"new1\":{\"type\":\"paragraph\",\"enabled\":\"1\",\"fields\":{\"text\":\"<p>Sem natoque nulla ligula ullamcorper facilisi semper conubia inceptos a risus aptent egestas dictumst vulputate at ultrices fermentum pretium hendrerit ad a. Suspendisse tristique consequat torquent ipsum hac cum a at ac at phasellus id fringilla dis risus auctor himenaeos parturient ac vestibulum dis faucibus litora. Ultrices et facilisi neque suscipit ad torquent convallis cras nisl condimentum a suspendisse felis vestibulum ridiculus suscipit nunc dapibus ac velit a.&nbsp;<\\/p>\\r\\n<p>Eleifend ut vivamus parturient hendrerit est parturient a nec elit a ante nec adipiscing condimentum velit montes metus eu sagittis enim. Turpis a diam ultricies arcu curabitur dignissim eleifend non aliquam interdum ad nulla tincidunt aenean aptent fringilla consectetur primis neque. Id scelerisque laoreet ad scelerisque ligula ut vestibulum praesent cras a habitant consectetur purus parturient. Eu laoreet nam in hac inceptos in hendrerit lobortis sociosqu cum elit aliquam condimentum ad a.&nbsp;<\\/p>\\r\\n<p>Vestibulum mi parturient auctor lectus suscipit curae litora lectus condimentum cubilia dui porttitor blandit ut. Faucibus penatibus a eros etiam pulvinar ultricies in a egestas vestibulum cum massa quisque interdum. Ullamcorper vestibulum parturient et mattis mi parturient sagittis praesent morbi netus condimentum fermentum ullamcorper ligula ante molestie hac phasellus facilisi class mattis blandit urna ridiculus ante magnis sociosqu a. Aliquet turpis ligula eros ad parturient parturient malesuada penatibus aliquet mi adipiscing ad pulvinar cubilia scelerisque laoreet penatibus vivamus a a scelerisque. Parturient ad massa cum nisi senectus massa taciti vestibulum accumsan magna in parturient nibh odio. A mi velit erat ullamcorper rutrum lacus vestibulum donec sit duis maecenas nam hendrerit gravida sed turpis enim scelerisque senectus laoreet quam lectus id adipiscing.&nbsp;<\\/p>\\r\\n<p>Habitasse vestibulum odio scelerisque eu dolor condimentum ornare urna dictumst velit a consectetur nisi parturient quisque scelerisque morbi vitae mus penatibus sociosqu nec eget at vestibulum feugiat interdum nascetur. Suscipit tortor purus semper sodales leo id vestibulum adipiscing montes adipiscing sed curae sodales porta nisi senectus mi conubia euismod senectus. Arcu eleifend suspendisse sociosqu velit laoreet a potenti risus justo suspendisse a vestibulum curabitur vel torquent a vehicula et tincidunt. Aliquet a malesuada parturient et potenti inceptos nec natoque sem scelerisque scelerisque nibh conubia condimentum nascetur phasellus. Torquent placerat a suspendisse sagittis vestibulum mi volutpat ultrices sed nam sagittis sociosqu dolor eget convallis sociis accumsan at.&nbsp;<\\/p>\\r\\n<p>Adipiscing parturient ad condimentum at a ac lacus montes rhoncus arcu vel condimentum magnis venenatis praesent sem scelerisque dis eleifend urna gravida a ullamcorper a nisi ullamcorper sed lacus. Natoque vel nullam curabitur eu sem eu purus suspendisse et accumsan scelerisque adipiscing sit adipiscing suspendisse consectetur lacinia sociis commodo vestibulum natoque egestas. Ut faucibus fringilla habitasse elementum odio euismod adipiscing varius massa in parturient a gravida nostra sit.&nbsp;<\\/p>\\r\\n<p>Facilisi parturient tempus parturient interdum leo dis ullamcorper scelerisque odio vulputate feugiat suspendisse a eu varius hac diam neque phasellus tempor. Aenean maecenas a neque sed a a tortor vestibulum ad eu aptent consectetur nullam tortor. Vestibulum facilisis pharetra imperdiet nullam rutrum sem suspendisse a litora a id eu lacinia elit mus morbi a in in sociosqu ad in id torquent sodales.<\\/p>\"}}},\"25\":\"\",\"26\":\"Carl Avidano\",\"27\":\"\"}}', '2017-08-30 15:21:41', '2017-08-30 15:21:41', '2acfc559-457b-470d-b53f-2aa795196a2c'),
 ('62', '94', '9', '1', 'en_us', '12', '', '{\"typeId\":\"9\",\"authorId\":\"1\",\"title\":\"Good Things Come in Threes\",\"slug\":\"good-things-come-in-threes\",\"postDate\":1504084080,\"expiryDate\":null,\"enabled\":1,\"parentId\":null,\"fields\":{\"28\":{\"107\":{\"type\":\"paragraph\",\"enabled\":\"1\",\"fields\":{\"text\":\"<p>I was paging my way through <em>Holy Men, Holy Women<\\/em> on a fact-checking mission when I came across the entry for December 16<sup>th<\\/sup>.<\\/p>\\r\\n<p>\\r\\n<\\/p>\\r\\n<p>I was stunned to see that this day had been set apart to honor two architects and an artist whose work was represented here at Transfiguration:&nbsp; Ralph Adams Cram, designer of St. Thomas Church NYC and the nave of the Cathedral of St. John the Divine, Richard Upjohn, the designer of Trinity Church on Wall Street in lower Manhattan, and John Lafarge, painter of murals and designer of many notable stained glass windows.<\\/p>\\r\\n<p>\\r\\n<\\/p>\\r\\n<p><em>Holy Men, Holy Women<\\/em> encourages us to offer thanks for \\u201cthe vision of Ralph Adams Cram, John LaFarge and Richard Upjohn, whose harmonious revival of the Gothic enriched our churches with a sacramental understanding of reality in the face of secular materialism&hellip;\\u201d *<\\/p>\\r\\n<p>\\r\\n<\\/p>\\r\\n<p>Ralph Adams Cram was the designer of our beautiful polychromed wood Madonna Shrine, located in the Transept.&nbsp; It was donated by Mr. F. E. Saxham Drury in memory of Elbridge T. Gerry and Mabel Gerry Drury.<\\/p>\"}},\"111\":{\"type\":\"figure\",\"enabled\":\"1\",\"fields\":{\"image\":[\"110\"],\"altAttribute\":\"John LaFarge\\u2019s magnificent window depicting Edwin Booth\",\"caption\":\"<p>John LaFarge\\u2019s magnificent window depicting Edwin Booth<\\/p>\",\"enlarge\":\"1\"}},\"108\":{\"type\":\"paragraph\",\"enabled\":\"1\",\"fields\":{\"text\":\"<p>Turn to your right, and there is John LaFarge\\u2019s magnificent window depicting Edwin Booth, the leading Shakespearean actor of his time, holding a mask and dressed in Greco-Roman costume.&nbsp; (Edwin Booth was the brother of the notorious John Wilkes Booth, President Lincoln\\u2019s assassin.) The window was given in his memory in 1898 by members of the Players Club, which he founded.<\\/p>\\r\\n<p>And a few steps away, near the chancel on the northeast side of the nave, stands Richard Upjohn\\u2019s beautiful and intricate brass filigree pulpit.<\\/p>\\r\\n<p>How fortunate we are to have works by all three of these masters under the roof of the \\u201cLittle Church\\u201d.&nbsp; I will give thanks when December 16<sup>th<\\/sup>&nbsp;rolls around.<\\/p>\"}}},\"25\":[\"93\"],\"26\":\"Mary Jane Gocher\",\"27\":\"Corey Schneider\"}}', '2017-08-30 15:21:52', '2017-08-30 15:21:52', '849cb71d-ed83-4707-8c3f-bda210182ebc'),
 ('63', '115', '9', '1', 'en_us', '2', '', '{\"typeId\":\"9\",\"authorId\":\"1\",\"title\":\"Do All Dogs Go To Heaven?\",\"slug\":\"this-is-another-article\",\"postDate\":1504106460,\"expiryDate\":null,\"enabled\":1,\"parentId\":null,\"fields\":{\"28\":{\"116\":{\"type\":\"paragraph\",\"enabled\":\"1\",\"fields\":{\"text\":\"<p>Sem natoque nulla ligula ullamcorper facilisi semper conubia inceptos a risus aptent egestas dictumst vulputate at ultrices fermentum pretium hendrerit ad a. Suspendisse tristique consequat torquent ipsum hac cum a at ac at phasellus id fringilla dis risus auctor himenaeos parturient ac vestibulum dis faucibus litora. Ultrices et facilisi neque suscipit ad torquent convallis cras nisl condimentum a suspendisse felis vestibulum ridiculus suscipit nunc dapibus ac velit a.&nbsp;<\\/p>\\r\\n<p>Eleifend ut vivamus parturient hendrerit est parturient a nec elit a ante nec adipiscing condimentum velit montes metus eu sagittis enim. Turpis a diam ultricies arcu curabitur dignissim eleifend non aliquam interdum ad nulla tincidunt aenean aptent fringilla consectetur primis neque. Id scelerisque laoreet ad scelerisque ligula ut vestibulum praesent cras a habitant consectetur purus parturient. Eu laoreet nam in hac inceptos in hendrerit lobortis sociosqu cum elit aliquam condimentum ad a.&nbsp;<\\/p>\\r\\n<p>Vestibulum mi parturient auctor lectus suscipit curae litora lectus condimentum cubilia dui porttitor blandit ut. Faucibus penatibus a eros etiam pulvinar ultricies in a egestas vestibulum cum massa quisque interdum. Ullamcorper vestibulum parturient et mattis mi parturient sagittis praesent morbi netus condimentum fermentum ullamcorper ligula ante molestie hac phasellus facilisi class mattis blandit urna ridiculus ante magnis sociosqu a. Aliquet turpis ligula eros ad parturient parturient malesuada penatibus aliquet mi adipiscing ad pulvinar cubilia scelerisque laoreet penatibus vivamus a a scelerisque. Parturient ad massa cum nisi senectus massa taciti vestibulum accumsan magna in parturient nibh odio. A mi velit erat ullamcorper rutrum lacus vestibulum donec sit duis maecenas nam hendrerit gravida sed turpis enim scelerisque senectus laoreet quam lectus id adipiscing.&nbsp;<\\/p>\\r\\n<p>Habitasse vestibulum odio scelerisque eu dolor condimentum ornare urna dictumst velit a consectetur nisi parturient quisque scelerisque morbi vitae mus penatibus sociosqu nec eget at vestibulum feugiat interdum nascetur. Suscipit tortor purus semper sodales leo id vestibulum adipiscing montes adipiscing sed curae sodales porta nisi senectus mi conubia euismod senectus. Arcu eleifend suspendisse sociosqu velit laoreet a potenti risus justo suspendisse a vestibulum curabitur vel torquent a vehicula et tincidunt. Aliquet a malesuada parturient et potenti inceptos nec natoque sem scelerisque scelerisque nibh conubia condimentum nascetur phasellus. Torquent placerat a suspendisse sagittis vestibulum mi volutpat ultrices sed nam sagittis sociosqu dolor eget convallis sociis accumsan at.&nbsp;<\\/p>\\r\\n<p>Adipiscing parturient ad condimentum at a ac lacus montes rhoncus arcu vel condimentum magnis venenatis praesent sem scelerisque dis eleifend urna gravida a ullamcorper a nisi ullamcorper sed lacus. Natoque vel nullam curabitur eu sem eu purus suspendisse et accumsan scelerisque adipiscing sit adipiscing suspendisse consectetur lacinia sociis commodo vestibulum natoque egestas. Ut faucibus fringilla habitasse elementum odio euismod adipiscing varius massa in parturient a gravida nostra sit.&nbsp;<\\/p>\\r\\n<p>Facilisi parturient tempus parturient interdum leo dis ullamcorper scelerisque odio vulputate feugiat suspendisse a eu varius hac diam neque phasellus tempor. Aenean maecenas a neque sed a a tortor vestibulum ad eu aptent consectetur nullam tortor. Vestibulum facilisis pharetra imperdiet nullam rutrum sem suspendisse a litora a id eu lacinia elit mus morbi a in in sociosqu ad in id torquent sodales.<\\/p>\"}}},\"25\":[\"117\"],\"26\":\"Mary Jane Gocher\",\"27\":\"\"}}', '2017-08-30 15:29:34', '2017-08-30 15:29:34', '5af3ef41-c252-40c8-99c0-8374609eb32b'),
 ('64', '115', '9', '1', 'en_us', '3', '', '{\"typeId\":\"9\",\"authorId\":\"1\",\"title\":\"Do All Dogs Go To Heaven?\",\"slug\":\"this-is-another-article\",\"postDate\":1504051200,\"expiryDate\":null,\"enabled\":1,\"parentId\":null,\"fields\":{\"28\":{\"116\":{\"type\":\"paragraph\",\"enabled\":\"1\",\"fields\":{\"text\":\"<p>Sem natoque nulla ligula ullamcorper facilisi semper conubia inceptos a risus aptent egestas dictumst vulputate at ultrices fermentum pretium hendrerit ad a. Suspendisse tristique consequat torquent ipsum hac cum a at ac at phasellus id fringilla dis risus auctor himenaeos parturient ac vestibulum dis faucibus litora. Ultrices et facilisi neque suscipit ad torquent convallis cras nisl condimentum a suspendisse felis vestibulum ridiculus suscipit nunc dapibus ac velit a.&nbsp;<\\/p>\\r\\n<p>Eleifend ut vivamus parturient hendrerit est parturient a nec elit a ante nec adipiscing condimentum velit montes metus eu sagittis enim. Turpis a diam ultricies arcu curabitur dignissim eleifend non aliquam interdum ad nulla tincidunt aenean aptent fringilla consectetur primis neque. Id scelerisque laoreet ad scelerisque ligula ut vestibulum praesent cras a habitant consectetur purus parturient. Eu laoreet nam in hac inceptos in hendrerit lobortis sociosqu cum elit aliquam condimentum ad a.&nbsp;<\\/p>\\r\\n<p>Vestibulum mi parturient auctor lectus suscipit curae litora lectus condimentum cubilia dui porttitor blandit ut. Faucibus penatibus a eros etiam pulvinar ultricies in a egestas vestibulum cum massa quisque interdum. Ullamcorper vestibulum parturient et mattis mi parturient sagittis praesent morbi netus condimentum fermentum ullamcorper ligula ante molestie hac phasellus facilisi class mattis blandit urna ridiculus ante magnis sociosqu a. Aliquet turpis ligula eros ad parturient parturient malesuada penatibus aliquet mi adipiscing ad pulvinar cubilia scelerisque laoreet penatibus vivamus a a scelerisque. Parturient ad massa cum nisi senectus massa taciti vestibulum accumsan magna in parturient nibh odio. A mi velit erat ullamcorper rutrum lacus vestibulum donec sit duis maecenas nam hendrerit gravida sed turpis enim scelerisque senectus laoreet quam lectus id adipiscing.&nbsp;<\\/p>\\r\\n<p>Habitasse vestibulum odio scelerisque eu dolor condimentum ornare urna dictumst velit a consectetur nisi parturient quisque scelerisque morbi vitae mus penatibus sociosqu nec eget at vestibulum feugiat interdum nascetur. Suscipit tortor purus semper sodales leo id vestibulum adipiscing montes adipiscing sed curae sodales porta nisi senectus mi conubia euismod senectus. Arcu eleifend suspendisse sociosqu velit laoreet a potenti risus justo suspendisse a vestibulum curabitur vel torquent a vehicula et tincidunt. Aliquet a malesuada parturient et potenti inceptos nec natoque sem scelerisque scelerisque nibh conubia condimentum nascetur phasellus. Torquent placerat a suspendisse sagittis vestibulum mi volutpat ultrices sed nam sagittis sociosqu dolor eget convallis sociis accumsan at.&nbsp;<\\/p>\\r\\n<p>Adipiscing parturient ad condimentum at a ac lacus montes rhoncus arcu vel condimentum magnis venenatis praesent sem scelerisque dis eleifend urna gravida a ullamcorper a nisi ullamcorper sed lacus. Natoque vel nullam curabitur eu sem eu purus suspendisse et accumsan scelerisque adipiscing sit adipiscing suspendisse consectetur lacinia sociis commodo vestibulum natoque egestas. Ut faucibus fringilla habitasse elementum odio euismod adipiscing varius massa in parturient a gravida nostra sit.&nbsp;<\\/p>\\r\\n<p>Facilisi parturient tempus parturient interdum leo dis ullamcorper scelerisque odio vulputate feugiat suspendisse a eu varius hac diam neque phasellus tempor. Aenean maecenas a neque sed a a tortor vestibulum ad eu aptent consectetur nullam tortor. Vestibulum facilisis pharetra imperdiet nullam rutrum sem suspendisse a litora a id eu lacinia elit mus morbi a in in sociosqu ad in id torquent sodales.<\\/p>\"}}},\"25\":[\"117\"],\"26\":\"Mary Jane Gocher\",\"27\":\"\"}}', '2017-08-30 15:29:57', '2017-08-30 15:29:57', '16f2f95f-8c98-49f5-9316-c0485b6b76ed'),
 ('65', '69', '7', '1', 'en_us', '37', '', '{\"typeId\":\"7\",\"authorId\":\"1\",\"title\":\"Welcome\",\"slug\":\"welcome\",\"postDate\":1503746520,\"expiryDate\":null,\"enabled\":1,\"parentId\":null,\"fields\":{\"3\":\"Welcome to our little church\",\"13\":{\"71\":{\"type\":\"generalSection\",\"enabled\":\"1\",\"fields\":{\"text\":\"<h2>First time here?<\\/h2>\\r\\n<p>I invite you to join us in worship and fellowship at any one of our services, coffee hour, concert series, or a simple contemplative visit to our garden and chapel. I like to think of our parish as a quiet oasis in the heart of this vibrant city. And yet we have so much going on at our Little Church.<\\/p>\"}},\"73\":{\"type\":\"figureFull\",\"enabled\":\"\",\"fields\":{\"image\":[\"72\"],\"altAttribute\":\"\",\"caption\":\"<p>This is a caption<\\/p>\",\"credit\":\"\"}},\"74\":{\"type\":\"generalSection\",\"enabled\":\"\",\"fields\":{\"text\":\"<h2>Sem inceptos sociosqu interdum<\\/h2>\\r\\n<p>Consequat orci a cum suspendisse pretium orci dui dapibus ultricies nisi vulputate erat a dui. Ultricies enim a ut per egestas augue dis ad tellus mus a hac ac a scelerisque ullamcorper eupraesent quisque adipiscing. Erat purus ante habitasse mus interdum scelerisque a hac fermentum cum conguesuspendisse scelerisque auctor condimentum eu ipsum varius cursus a tempus aenean consectetur et a. Cubilia scelerisque ligula fusce a consequat vel fames a arcu mi nisl et at ultrices nunc. Sem inceptos sociosqu interdum adipiscing quis aliquam adipiscing vel taciti enim penatibus et ullamcorper venenatis.<\\/p>\\r\\n<blockquote>The Church of the Transfiguration is a community committed to faith in action. We embrace all who seek God\\u2019s inclusive love<\\/blockquote>\\r\\n<p>Consequat orci a cum suspendisse pretium orci dui dapibus ultricies nisi vulputate erat a dui. Ultricies enim a ut per egestas augue dis ad tellus mus a hac ac a scelerisque ullamcorper eupraesent quisque adipiscing. Erat purus ante habitasse mus interdum scelerisque a hac fermentum cum conguesuspendisse scelerisque auctor condimentum eu ipsum varius cursus a tempus aenean consectetur et a. Cubilia scelerisque ligula fusce a consequat vel fames a arcu mi nisl et at ultrices nunc. Sem inceptos sociosqu interdum adipiscing quis aliquam adipiscing vel taciti enim penatibus et ullamcorper venenatis.<\\/p>\"}},\"75\":{\"type\":\"generalSection\",\"enabled\":\"\",\"fields\":{\"text\":\"<h3>Sem inceptos sociosqu interdum<\\/h3>\\r\\n<p>Consequat orci a cum suspendisse pretium orci dui dapibus ultricies nisi vulputate erat a dui. Ultricies enim a ut per egestas augue dis ad tellus mus a hac ac a scelerisque ullamcorper eupraesent quisque adipiscing. Erat purus ante habitasse mus interdum scelerisque a hac fermentum cum conguesuspendisse scelerisque auctor condimentum eu ipsum varius cursus a tempus aenean consectetur.<\\/p>\"}},\"77\":{\"type\":\"bioGroup\",\"enabled\":\"\",\"fields\":{\"bioType\":\"Leadership\",\"individual\":[\"78\",\"76\"]}}},\"11\":[\"68\"],\"12\":\"<p>Welcome to the Church of the Transfiguration located in Manhattan\'s NoMad district. We are an Episcopal Church and part of the larger, worldwide Anglican Communion, with a&nbsp;<a href=\\\"#\\\">rich musical and liturgical tradition<\\/a>. We host a diverse community embracing all people, across a vast spectrum of cultural, ethnic, racial, gender, sexual orientation, and economic backgrounds, as full members in the body of Christ.<\\/p>\",\"27\":\"Meghan Joseph\"}}', '2017-08-30 18:44:04', '2017-08-30 18:44:04', '3d1a887e-cd4e-4f9c-9831-a5be1c8229e2'),
 ('66', '87', '7', '1', 'en_us', '5', '', '{\"typeId\":\"7\",\"authorId\":\"1\",\"title\":\"Who We Are\",\"slug\":\"who-we-are\",\"postDate\":1503949200,\"expiryDate\":null,\"enabled\":1,\"parentId\":null,\"fields\":{\"3\":\"Who We Are\",\"13\":{\"88\":{\"type\":\"bioGroup\",\"enabled\":\"1\",\"fields\":{\"bioType\":\"Leadership\",\"individual\":[\"76\",\"78\"]}}},\"11\":[\"86\"],\"12\":\"<p>Consequat orci a cum suspendisse pretium orci dui dapibus ultricies nisi vulputate erat a dui. Ultricies enim a ut per egestas augue dis ad tellus mus a hac ac a scelerisque ullamcorper eupraesent quisque adipiscing. Erat purus ante habitasse mus interdum scelerisque a hac fermentum cum conguesuspendisse scelerisque auctor condimentum eu ipsum varius cursus a tempus aenean consectetur et a. Cubilia scelerisque ligula fusce a consequat vel fames a arcu mi nisl et at ultrices nunc. Sem inceptos sociosqu interdum adipiscing quis aliquam adipiscing vel taciti enim penatibus et ullamcorper venenatis.<\\/p>\",\"27\":\"\"}}', '2017-08-30 18:47:51', '2017-08-30 18:47:51', '111fab3a-0da3-4101-8d77-4db6a10cdd47'),
 ('67', '87', '7', '1', 'en_us', '6', '', '{\"typeId\":\"7\",\"authorId\":\"1\",\"title\":\"Who We Are\",\"slug\":\"who-we-are\",\"postDate\":1503949200,\"expiryDate\":null,\"enabled\":1,\"parentId\":null,\"fields\":{\"3\":\"Who We Are\",\"13\":{\"88\":{\"type\":\"bioGroup\",\"enabled\":\"1\",\"fields\":{\"bioType\":\"Leadership\",\"individual\":[\"78\",\"76\"]}}},\"11\":[\"86\"],\"12\":\"<p>Consequat orci a cum suspendisse pretium orci dui dapibus ultricies nisi vulputate erat a dui. Ultricies enim a ut per egestas augue dis ad tellus mus a hac ac a scelerisque ullamcorper eupraesent quisque adipiscing. Erat purus ante habitasse mus interdum scelerisque a hac fermentum cum conguesuspendisse scelerisque auctor condimentum eu ipsum varius cursus a tempus aenean consectetur et a. Cubilia scelerisque ligula fusce a consequat vel fames a arcu mi nisl et at ultrices nunc. Sem inceptos sociosqu interdum adipiscing quis aliquam adipiscing vel taciti enim penatibus et ullamcorper venenatis.<\\/p>\",\"27\":\"\"}}', '2017-08-30 18:48:32', '2017-08-30 18:48:32', '56debfb8-1653-4cdd-a63f-f80346b8226b'),
 ('68', '94', '9', '1', 'en_us', '13', '', '{\"typeId\":\"9\",\"authorId\":\"1\",\"title\":\"Good Things Come in Threes\",\"slug\":\"good-things-come-in-threes\",\"postDate\":1504084080,\"expiryDate\":null,\"enabled\":1,\"parentId\":null,\"fields\":{\"28\":{\"107\":{\"type\":\"paragraph\",\"enabled\":\"1\",\"fields\":{\"text\":\"<p>I was paging my way through <em>Holy Men, Holy Women<\\/em> on a fact-checking mission when I came across the entry for December 16<sup>th<\\/sup>.<\\/p>\\r\\n<p>\\r\\n<\\/p>\\r\\n<p>I was stunned to see that this day had been set apart to honor two architects and an artist whose work was represented here at Transfiguration:&nbsp; Ralph Adams Cram, designer of St. Thomas Church NYC and the nave of the Cathedral of St. John the Divine, Richard Upjohn, the designer of Trinity Church on Wall Street in lower Manhattan, and John Lafarge, painter of murals and designer of many notable stained glass windows.<\\/p>\\r\\n<p>\\r\\n<\\/p>\\r\\n<p><em>Holy Men, Holy Women<\\/em> encourages us to offer thanks for \\u201cthe vision of Ralph Adams Cram, John LaFarge and Richard Upjohn, whose harmonious revival of the Gothic enriched our churches with a sacramental understanding of reality in the face of secular materialism&hellip;\\u201d *<\\/p>\\r\\n<p>\\r\\n<\\/p>\\r\\n<p>Ralph Adams Cram was the designer of our beautiful polychromed wood Madonna Shrine, located in the Transept.&nbsp; It was donated by Mr. F. E. Saxham Drury in memory of Elbridge T. Gerry and Mabel Gerry Drury.<\\/p>\"}},\"111\":{\"type\":\"figure\",\"enabled\":\"1\",\"fields\":{\"image\":[\"110\"],\"altAttribute\":\"John LaFarge\\u2019s magnificent window depicting Edwin Booth\",\"caption\":\"<p>John LaFarge\\u2019s magnificent window depicting Edwin Booth<\\/p>\",\"enlarge\":\"1\",\"orientation\":\"verticle\"}},\"108\":{\"type\":\"paragraph\",\"enabled\":\"1\",\"fields\":{\"text\":\"<p>Turn to your right, and there is John LaFarge\\u2019s magnificent window depicting Edwin Booth, the leading Shakespearean actor of his time, holding a mask and dressed in Greco-Roman costume.&nbsp; (Edwin Booth was the brother of the notorious John Wilkes Booth, President Lincoln\\u2019s assassin.) The window was given in his memory in 1898 by members of the Players Club, which he founded.<\\/p>\\r\\n<p>And a few steps away, near the chancel on the northeast side of the nave, stands Richard Upjohn\\u2019s beautiful and intricate brass filigree pulpit.<\\/p>\\r\\n<p>How fortunate we are to have works by all three of these masters under the roof of the \\u201cLittle Church\\u201d.&nbsp; I will give thanks when December 16<sup>th<\\/sup>&nbsp;rolls around.<\\/p>\"}}},\"25\":[\"93\"],\"26\":\"Mary Jane Gocher\",\"27\":\"Corey Schneider\"}}', '2017-08-30 22:51:43', '2017-08-30 22:51:43', '81f40d53-0695-4fcb-8d65-3a9aaf458421'),
 ('69', '94', '9', '1', 'en_us', '14', '', '{\"typeId\":\"9\",\"authorId\":\"1\",\"title\":\"Good Things Come in Threes\",\"slug\":\"good-things-come-in-threes\",\"postDate\":1504084080,\"expiryDate\":null,\"enabled\":1,\"parentId\":null,\"fields\":{\"28\":{\"107\":{\"type\":\"paragraph\",\"enabled\":\"1\",\"fields\":{\"text\":\"<p>I was paging my way through <em>Holy Men, Holy Women<\\/em> on a fact-checking mission when I came across the entry for December 16<sup>th<\\/sup>.<\\/p>\\r\\n<p>\\r\\n<\\/p>\\r\\n<p>I was stunned to see that this day had been set apart to honor two architects and an artist whose work was represented here at Transfiguration:&nbsp; Ralph Adams Cram, designer of St. Thomas Church NYC and the nave of the Cathedral of St. John the Divine, Richard Upjohn, the designer of Trinity Church on Wall Street in lower Manhattan, and John Lafarge, painter of murals and designer of many notable stained glass windows.<\\/p>\\r\\n<p>\\r\\n<\\/p>\\r\\n<p><em>Holy Men, Holy Women<\\/em> encourages us to offer thanks for \\u201cthe vision of Ralph Adams Cram, John LaFarge and Richard Upjohn, whose harmonious revival of the Gothic enriched our churches with a sacramental understanding of reality in the face of secular materialism&hellip;\\u201d *<\\/p>\\r\\n<p>\\r\\n<\\/p>\\r\\n<p>Ralph Adams Cram was the designer of our beautiful polychromed wood Madonna Shrine, located in the Transept.&nbsp; It was donated by Mr. F. E. Saxham Drury in memory of Elbridge T. Gerry and Mabel Gerry Drury.<\\/p>\"}},\"111\":{\"type\":\"figure\",\"enabled\":\"1\",\"fields\":{\"image\":[\"110\"],\"altAttribute\":\"John LaFarge\\u2019s magnificent window depicting Edwin Booth\",\"caption\":\"<p>John LaFarge\\u2019s magnificent window depicting Edwin Booth<\\/p>\",\"enlarge\":\"1\",\"orientation\":\"vertical\"}},\"108\":{\"type\":\"paragraph\",\"enabled\":\"1\",\"fields\":{\"text\":\"<p>Turn to your right, and there is John LaFarge\\u2019s magnificent window depicting Edwin Booth, the leading Shakespearean actor of his time, holding a mask and dressed in Greco-Roman costume.&nbsp; (Edwin Booth was the brother of the notorious John Wilkes Booth, President Lincoln\\u2019s assassin.) The window was given in his memory in 1898 by members of the Players Club, which he founded.<\\/p>\\r\\n<p>And a few steps away, near the chancel on the northeast side of the nave, stands Richard Upjohn\\u2019s beautiful and intricate brass filigree pulpit.<\\/p>\\r\\n<p>How fortunate we are to have works by all three of these masters under the roof of the \\u201cLittle Church\\u201d.&nbsp; I will give thanks when December 16<sup>th<\\/sup>&nbsp;rolls around.<\\/p>\"}}},\"25\":[\"93\"],\"26\":\"Mary Jane Gocher\",\"27\":\"Corey Schneider\"}}', '2017-08-30 22:52:59', '2017-08-30 22:52:59', '52ccb51d-40db-4084-9612-41731dc4e1ad'),
 ('70', '94', '9', '1', 'en_us', '15', '', '{\"typeId\":\"9\",\"authorId\":\"1\",\"title\":\"Good Things Come in Threes\",\"slug\":\"good-things-come-in-threes\",\"postDate\":1504084080,\"expiryDate\":null,\"enabled\":1,\"parentId\":null,\"fields\":{\"28\":{\"107\":{\"type\":\"paragraph\",\"enabled\":\"1\",\"fields\":{\"text\":\"<p>I was paging my way through <em>Holy Men, Holy Women<\\/em> on a fact-checking mission when I came across the entry for December 16<sup>th<\\/sup>.<\\/p>\\r\\n<p>\\r\\n<\\/p>\\r\\n<p>I was stunned to see that this day had been set apart to honor two architects and an artist whose work was represented here at Transfiguration:&nbsp; Ralph Adams Cram, designer of St. Thomas Church NYC and the nave of the Cathedral of St. John the Divine, Richard Upjohn, the designer of Trinity Church on Wall Street in lower Manhattan, and John Lafarge, painter of murals and designer of many notable stained glass windows.<\\/p>\\r\\n<p>\\r\\n<\\/p>\\r\\n<p><em>Holy Men, Holy Women<\\/em> encourages us to offer thanks for \\u201cthe vision of Ralph Adams Cram, John LaFarge and Richard Upjohn, whose harmonious revival of the Gothic enriched our churches with a sacramental understanding of reality in the face of secular materialism&hellip;\\u201d *<\\/p>\\r\\n<p>\\r\\n<\\/p>\\r\\n<p>Ralph Adams Cram was the designer of our beautiful polychromed wood Madonna Shrine, located in the Transept.&nbsp; It was donated by Mr. F. E. Saxham Drury in memory of Elbridge T. Gerry and Mabel Gerry Drury.<\\/p>\"}},\"111\":{\"type\":\"figure\",\"enabled\":\"1\",\"fields\":{\"image\":[\"110\"],\"altAttribute\":\"John LaFarge\\u2019s magnificent window depicting Edwin Booth\",\"caption\":\"<p>John LaFarge\\u2019s magnificent window depicting Edwin Booth<\\/p>\",\"enlarge\":\"1\",\"orientation\":\"vertical\"}},\"108\":{\"type\":\"paragraph\",\"enabled\":\"1\",\"fields\":{\"text\":\"<p>Turn to your right, and there is John LaFarge\\u2019s magnificent window depicting Edwin Booth, the leading Shakespearean actor of his time, holding a mask and dressed in Greco-Roman costume.&nbsp; (Edwin Booth was the brother of the notorious John Wilkes Booth, President Lincoln\\u2019s assassin.) The window was given in his memory in 1898 by members of the Players Club, which he founded.<\\/p>\"}},\"new2\":{\"type\":\"figure\",\"enabled\":\"1\",\"fields\":{\"image\":[\"120\"],\"altAttribute\":\"Richard Upjohn\\u2019s beautiful and intricate brass filigree pulpit\",\"caption\":\"<p>Richard Upjohn\\u2019s beautiful and intricate brass filigree pulpit<\\/p>\",\"enlarge\":\"1\",\"orientation\":\"horizontal\"}},\"new1\":{\"type\":\"paragraph\",\"enabled\":\"1\",\"fields\":{\"text\":\"<p>And a few steps away, near the chancel on the northeast side of the nave, stands Richard Upjohn\\u2019s beautiful and intricate brass filigree pulpit.<\\/p>\\r\\n<p>How fortunate we are to have works by all three of these masters under the roof of the \\u201cLittle Church\\u201d.&nbsp; I will give thanks when December 16<sup>th<\\/sup>&nbsp;rolls around.<\\/p>\"}}},\"25\":[\"93\"],\"26\":\"Mary Jane Gocher\",\"27\":\"Corey Schneider\"}}', '2017-08-30 23:13:51', '2017-08-30 23:13:51', 'fafa6811-09c2-48be-ad8f-9f43d18f8df7'),
 ('71', '94', '9', '1', 'en_us', '16', '', '{\"typeId\":\"9\",\"authorId\":\"1\",\"title\":\"Good Things Come in Threes\",\"slug\":\"good-things-come-in-threes\",\"postDate\":1504084080,\"expiryDate\":null,\"enabled\":1,\"parentId\":null,\"fields\":{\"28\":{\"107\":{\"type\":\"paragraph\",\"enabled\":\"1\",\"fields\":{\"text\":\"<p>I was paging my way through <em>Holy Men, Holy Women<\\/em> on a fact-checking mission when I came across the entry for December 16<sup>th<\\/sup>.<\\/p>\\r\\n<p>\\r\\n<\\/p>\\r\\n<p>I was stunned to see that this day had been set apart to honor two architects and an artist whose work was represented here at Transfiguration:&nbsp; Ralph Adams Cram, designer of St. Thomas Church NYC and the nave of the Cathedral of St. John the Divine, Richard Upjohn, the designer of Trinity Church on Wall Street in lower Manhattan, and John Lafarge, painter of murals and designer of many notable stained glass windows.<\\/p>\\r\\n<p>\\r\\n<\\/p>\\r\\n<p><em>Holy Men, Holy Women<\\/em> encourages us to offer thanks for \\u201cthe vision of Ralph Adams Cram, John LaFarge and Richard Upjohn, whose harmonious revival of the Gothic enriched our churches with a sacramental understanding of reality in the face of secular materialism&hellip;\\u201d *<\\/p>\\r\\n<p>\\r\\n<\\/p>\\r\\n<p>Ralph Adams Cram was the designer of our beautiful polychromed wood Madonna Shrine, located in the Transept.&nbsp; It was donated by Mr. F. E. Saxham Drury in memory of Elbridge T. Gerry and Mabel Gerry Drury.<\\/p>\"}},\"111\":{\"type\":\"figure\",\"enabled\":\"1\",\"fields\":{\"image\":[\"110\"],\"altAttribute\":\"John LaFarge\\u2019s magnificent window depicting Edwin Booth\",\"caption\":\"<p>John LaFarge\\u2019s magnificent window depicting Edwin Booth<\\/p>\",\"enlarge\":\"1\",\"orientation\":\"vertical\"}},\"108\":{\"type\":\"paragraph\",\"enabled\":\"1\",\"fields\":{\"text\":\"<p>Turn to your right, and there is John LaFarge\\u2019s magnificent window depicting Edwin Booth, the leading Shakespearean actor of his time, holding a mask and dressed in Greco-Roman costume.&nbsp; (Edwin Booth was the brother of the notorious John Wilkes Booth, President Lincoln\\u2019s assassin.) The window was given in his memory in 1898 by members of the Players Club, which he founded.<\\/p>\"}},\"122\":{\"type\":\"figure\",\"enabled\":\"1\",\"fields\":{\"image\":[\"125\"],\"altAttribute\":\"Richard Upjohn\\u2019s beautiful and intricate brass filigree pulpit\",\"caption\":\"<p>Richard Upjohn\\u2019s beautiful and intricate brass filigree pulpit<\\/p>\",\"enlarge\":\"1\",\"orientation\":\"horizontal\"}},\"123\":{\"type\":\"paragraph\",\"enabled\":\"1\",\"fields\":{\"text\":\"<p>And a few steps away, near the chancel on the northeast side of the nave, stands Richard Upjohn\\u2019s beautiful and intricate brass filigree pulpit.<\\/p>\\r\\n<p>How fortunate we are to have works by all three of these masters under the roof of the \\u201cLittle Church\\u201d.&nbsp; I will give thanks when December 16<sup>th<\\/sup>&nbsp;rolls around.<\\/p>\"}}},\"25\":[\"93\"],\"26\":\"Mary Jane Gocher\",\"27\":\"Corey Schneider\"}}', '2017-08-30 23:15:04', '2017-08-30 23:15:04', '6923ec16-86d3-43c2-b888-aa0a5b2c9198'),
 ('72', '94', '9', '1', 'en_us', '17', '', '{\"typeId\":\"9\",\"authorId\":\"1\",\"title\":\"Good Things Come in Threes\",\"slug\":\"good-things-come-in-threes\",\"postDate\":1504084080,\"expiryDate\":null,\"enabled\":1,\"parentId\":null,\"fields\":{\"28\":{\"107\":{\"type\":\"paragraph\",\"enabled\":\"1\",\"fields\":{\"text\":\"<p>I was paging my way through <em>Holy Men, Holy Women<\\/em> on a fact-checking mission when I came across the entry for December 16<sup>th<\\/sup>.<\\/p>\\r\\n<p>\\r\\n<\\/p>\\r\\n<p>I was stunned to see that this day had been set apart to honor two architects and an artist whose work was represented here at Transfiguration:&nbsp; Ralph Adams Cram, designer of St. Thomas Church NYC and the nave of the Cathedral of St. John the Divine, Richard Upjohn, the designer of Trinity Church on Wall Street in lower Manhattan, and John Lafarge, painter of murals and designer of many notable stained glass windows.<\\/p>\\r\\n<p>\\r\\n<\\/p>\\r\\n<p><em>Holy Men, Holy Women<\\/em> encourages us to offer thanks for \\u201cthe vision of Ralph Adams Cram, John LaFarge and Richard Upjohn, whose harmonious revival of the Gothic enriched our churches with a sacramental understanding of reality in the face of secular materialism&hellip;\\u201d *<\\/p>\\r\\n<p>\\r\\n<\\/p>\\r\\n<p>Ralph Adams Cram was the designer of our beautiful polychromed wood Madonna Shrine, located in the Transept.&nbsp; It was donated by Mr. F. E. Saxham Drury in memory of Elbridge T. Gerry and Mabel Gerry Drury.<\\/p>\"}},\"111\":{\"type\":\"figure\",\"enabled\":\"1\",\"fields\":{\"image\":[\"110\"],\"altAttribute\":\"John LaFarge\\u2019s magnificent window depicting Edwin Booth\",\"caption\":\"<p>John LaFarge\\u2019s magnificent window depicting Edwin Booth<\\/p>\",\"enlarge\":\"1\",\"orientation\":\"vertical\"}},\"108\":{\"type\":\"paragraph\",\"enabled\":\"1\",\"fields\":{\"text\":\"<p>Turn to your right, and there is John LaFarge\\u2019s magnificent window depicting Edwin Booth, the leading Shakespearean actor of his time, holding a mask and dressed in Greco-Roman costume.&nbsp; (Edwin Booth was the brother of the notorious John Wilkes Booth, President Lincoln\\u2019s assassin.) The window was given in his memory in 1898 by members of the Players Club, which he founded.<\\/p>\"}},\"122\":{\"type\":\"figure\",\"enabled\":\"1\",\"fields\":{\"image\":[\"125\"],\"altAttribute\":\"Richard Upjohn\\u2019s beautiful and intricate brass filigree pulpit\",\"caption\":\"<p>Richard Upjohn\\u2019s beautiful and intricate brass filigree pulpit<\\/p>\",\"enlarge\":\"1\",\"orientation\":\"horizontal\"}},\"123\":{\"type\":\"paragraph\",\"enabled\":\"1\",\"fields\":{\"text\":\"<p>And a few steps away, near the chancel on the northeast side of the nave, stands Richard Upjohn\\u2019s beautiful and intricate brass filigree pulpit.<\\/p>\\r\\n<p>How fortunate we are to have works by all three of these masters under the roof of the \\u201cLittle Church\\u201d.&nbsp; I will give thanks when December 16<sup>th<\\/sup>&nbsp;rolls around.<\\/p>\"}}},\"25\":[\"93\"],\"26\":\"Mary Jane Gocher\",\"27\":\"Corey Schneider\"}}', '2017-08-30 23:16:16', '2017-08-30 23:16:16', '2f2501aa-d0e3-4ae1-bc09-cea0d6f0a090'),
 ('73', '94', '9', '1', 'en_us', '18', '', '{\"typeId\":\"9\",\"authorId\":\"1\",\"title\":\"Good Things Come in Threes\",\"slug\":\"good-things-come-in-threes\",\"postDate\":1504084080,\"expiryDate\":null,\"enabled\":1,\"parentId\":null,\"fields\":{\"28\":{\"107\":{\"type\":\"paragraph\",\"enabled\":\"1\",\"fields\":{\"text\":\"<p>I was paging my way through <em>Holy Men, Holy Women<\\/em> on a fact-checking mission when I came across the entry for December 16<sup>th<\\/sup>.<\\/p>\\r\\n<p>\\r\\n<\\/p>\\r\\n<p>I was stunned to see that this day had been set apart to honor two architects and an artist whose work was represented here at Transfiguration:&nbsp; Ralph Adams Cram, designer of St. Thomas Church NYC and the nave of the Cathedral of St. John the Divine, Richard Upjohn, the designer of Trinity Church on Wall Street in lower Manhattan, and John Lafarge, painter of murals and designer of many notable stained glass windows.<\\/p>\\r\\n<p>\\r\\n<\\/p>\\r\\n<p><em>Holy Men, Holy Women<\\/em> encourages us to offer thanks for \\u201cthe vision of Ralph Adams Cram, John LaFarge and Richard Upjohn, whose harmonious revival of the Gothic enriched our churches with a sacramental understanding of reality in the face of secular materialism&hellip;\\u201d *<\\/p>\\r\\n<p>\\r\\n<\\/p>\\r\\n<p>Ralph Adams Cram was the designer of our beautiful polychromed wood Madonna Shrine, located in the Transept.&nbsp; It was donated by Mr. F. E. Saxham Drury in memory of Elbridge T. Gerry and Mabel Gerry Drury.<\\/p>\"}},\"111\":{\"type\":\"figure\",\"enabled\":\"1\",\"fields\":{\"image\":[\"110\"],\"altAttribute\":\"John LaFarge\\u2019s magnificent window depicting Edwin Booth\",\"caption\":\"<p>John LaFarge\\u2019s magnificent window depicting Edwin Booth<\\/p>\",\"enlarge\":\"1\",\"orientation\":\"vertical\"}},\"108\":{\"type\":\"paragraph\",\"enabled\":\"1\",\"fields\":{\"text\":\"<p>Turn to your right, and there is John LaFarge\\u2019s magnificent window depicting Edwin Booth, the leading Shakespearean actor of his time, holding a mask and dressed in Greco-Roman costume.&nbsp; (Edwin Booth was the brother of the notorious John Wilkes Booth, President Lincoln\\u2019s assassin.) The window was given in his memory in 1898 by members of the Players Club, which he founded.<\\/p>\"}},\"123\":{\"type\":\"paragraph\",\"enabled\":\"1\",\"fields\":{\"text\":\"<p>And a few steps away, near the chancel on the northeast side of the nave, stands Richard Upjohn\\u2019s beautiful and intricate brass filigree pulpit.<\\/p>\"}},\"122\":{\"type\":\"figure\",\"enabled\":\"1\",\"fields\":{\"image\":[\"125\"],\"altAttribute\":\"Richard Upjohn\\u2019s beautiful and intricate brass filigree pulpit\",\"caption\":\"<p>Richard Upjohn\\u2019s beautiful and intricate brass filigree pulpit<\\/p>\",\"enlarge\":\"1\",\"orientation\":\"horizontal\"}},\"new1\":{\"type\":\"paragraph\",\"enabled\":\"1\",\"fields\":{\"text\":\"<p>How fortunate we are to have works by all three of these masters under the roof of the \\u201cLittle Church\\u201d.&nbsp; I will give thanks when December 16<sup>th<\\/sup>&nbsp;rolls around.<\\/p>\"}}},\"25\":[\"93\"],\"26\":\"Mary Jane Gocher\",\"27\":\"Corey Schneider\"}}', '2017-08-30 23:20:46', '2017-08-30 23:20:46', 'ae1ac918-215b-4741-a341-d7bc5b7cacb7'),
 ('74', '94', '9', '1', 'en_us', '19', '', '{\"typeId\":\"9\",\"authorId\":\"1\",\"title\":\"Good Things Come in Threes\",\"slug\":\"good-things-come-in-threes\",\"postDate\":1504084080,\"expiryDate\":null,\"enabled\":1,\"parentId\":null,\"fields\":{\"28\":{\"107\":{\"type\":\"paragraph\",\"enabled\":\"1\",\"fields\":{\"text\":\"<p>I was paging my way through <em>Holy Men, Holy Women<\\/em> on a fact-checking mission when I came across the entry for December 16<sup>th<\\/sup>.<\\/p>\\r\\n<p>\\r\\n<\\/p>\\r\\n<p>I was stunned to see that this day had been set apart to honor two architects and an artist whose work was represented here at Transfiguration:&nbsp; Ralph Adams Cram, designer of St. Thomas Church NYC and the nave of the Cathedral of St. John the Divine, Richard Upjohn, the designer of Trinity Church on Wall Street in lower Manhattan, and John Lafarge, painter of murals and designer of many notable stained glass windows.<\\/p>\\r\\n<p>\\r\\n<\\/p>\\r\\n<p><em>Holy Men, Holy Women<\\/em> encourages us to offer thanks for \\u201cthe vision of Ralph Adams Cram, John LaFarge and Richard Upjohn, whose harmonious revival of the Gothic enriched our churches with a sacramental understanding of reality in the face of secular materialism&hellip;\\u201d *<\\/p>\\r\\n<p>\\r\\n<\\/p>\\r\\n<p>Ralph Adams Cram was the designer of our beautiful polychromed wood Madonna Shrine, located in the Transept.&nbsp; It was donated by Mr. F. E. Saxham Drury in memory of Elbridge T. Gerry and Mabel Gerry Drury.<\\/p>\"}},\"111\":{\"type\":\"figure\",\"enabled\":\"1\",\"fields\":{\"image\":[\"110\"],\"altAttribute\":\"John LaFarge\\u2019s magnificent window depicting Edwin Booth\",\"caption\":\"<p>John LaFarge\\u2019s magnificent window depicting Edwin Booth<\\/p>\",\"enlarge\":\"1\",\"orientation\":\"vertical\"}},\"108\":{\"type\":\"paragraph\",\"enabled\":\"1\",\"fields\":{\"text\":\"<p>Turn to your right, and there is John LaFarge\\u2019s magnificent window depicting Edwin Booth, the leading Shakespearean actor of his time, holding a mask and dressed in Greco-Roman costume.&nbsp; (Edwin Booth was the brother of the notorious John Wilkes Booth, President Lincoln\\u2019s assassin.) The window was given in his memory in 1898 by members of the Players Club, which he founded.<\\/p>\"}},\"123\":{\"type\":\"paragraph\",\"enabled\":\"1\",\"fields\":{\"text\":\"<p>Ralph Adams Cram was the designer of our beautiful polychromed wood Madonna Shrine, located in the Transept.&nbsp; It was donated by Mr. F. E. Saxham Drury in memory of Elbridge T. Gerry and Mabel Gerry Drury.<\\/p><p>And a few steps away, near the chancel on the northeast side of the nave, stands Richard Upjohn\\u2019s beautiful and intricate brass filigree pulpit.<\\/p>\"}},\"122\":{\"type\":\"figure\",\"enabled\":\"1\",\"fields\":{\"image\":[\"125\"],\"altAttribute\":\"Richard Upjohn\\u2019s beautiful and intricate brass filigree pulpit\",\"caption\":\"<p>Richard Upjohn\\u2019s beautiful and intricate brass filigree pulpit<\\/p>\",\"enlarge\":\"1\",\"orientation\":\"horizontal\"}},\"126\":{\"type\":\"paragraph\",\"enabled\":\"1\",\"fields\":{\"text\":\"<p>How fortunate we are to have works by all three of these masters under the roof of the \\u201cLittle Church\\u201d.&nbsp; I will give thanks when December 16<sup>th<\\/sup>&nbsp;rolls around.<\\/p>\"}}},\"25\":[\"93\"],\"26\":\"Mary Jane Gocher\",\"27\":\"Corey Schneider\"}}', '2017-08-30 23:24:26', '2017-08-30 23:24:26', '7a3046c1-5589-49ac-8fb6-cb351bdf9eaf'),
 ('75', '94', '9', '1', 'en_us', '20', '', '{\"typeId\":\"9\",\"authorId\":\"1\",\"title\":\"Good Things Come in Threes\",\"slug\":\"good-things-come-in-threes\",\"postDate\":1504084080,\"expiryDate\":null,\"enabled\":1,\"parentId\":null,\"fields\":{\"28\":{\"107\":{\"type\":\"paragraph\",\"enabled\":\"1\",\"fields\":{\"text\":\"<p>I was paging my way through <em>Holy Men, Holy Women<\\/em> on a fact-checking mission when I came across the entry for December 16<sup>th<\\/sup>.<\\/p>\\r\\n<p>\\r\\n<\\/p>\\r\\n<p>I was stunned to see that this day had been set apart to honor two architects and an artist whose work was represented here at Transfiguration:&nbsp; Ralph Adams Cram, designer of St. Thomas Church NYC and the nave of the Cathedral of St. John the Divine, Richard Upjohn, the designer of Trinity Church on Wall Street in lower Manhattan, and John Lafarge, painter of murals and designer of many notable stained glass windows.<\\/p>\\r\\n<p>\\r\\n<\\/p>\\r\\n<p><em>Holy Men, Holy Women<\\/em> encourages us to offer thanks for \\u201cthe vision of Ralph Adams Cram, John LaFarge and Richard Upjohn, whose harmonious revival of the Gothic enriched our churches with a sacramental understanding of reality in the face of secular materialism&hellip;\\u201d *<\\/p>\\r\\n<p>\\r\\n<\\/p>\\r\\n<p>Ralph Adams Cram was the designer of our beautiful polychromed wood Madonna Shrine, located in the Transept.&nbsp; It was donated by Mr. F. E. Saxham Drury in memory of Elbridge T. Gerry and Mabel Gerry Drury.<\\/p>\"}},\"111\":{\"type\":\"figure\",\"enabled\":\"1\",\"fields\":{\"image\":[\"110\"],\"altAttribute\":\"John LaFarge\\u2019s magnificent window depicting Edwin Booth\",\"caption\":\"<p>John LaFarge\\u2019s magnificent window depicting Edwin Booth<\\/p>\",\"enlarge\":\"1\",\"orientation\":\"vertical\"}},\"108\":{\"type\":\"paragraph\",\"enabled\":\"1\",\"fields\":{\"text\":\"<p>Turn to your right, and there is John LaFarge\\u2019s magnificent window depicting Edwin Booth, the leading Shakespearean actor of his time, holding a mask and dressed in Greco-Roman costume.&nbsp; (Edwin Booth was the brother of the notorious John Wilkes Booth, President Lincoln\\u2019s assassin.) The window was given in his memory in 1898 by members of the Players Club, which he founded.<\\/p>\"}},\"123\":{\"type\":\"paragraph\",\"enabled\":\"1\",\"fields\":{\"text\":\"<p>Ralph Adams Cram was the designer of our beautiful polychromed wood Madonna Shrine, located in the Transept.&nbsp; It was donated by Mr. F. E. Saxham Drury in memory of Elbridge T. Gerry and Mabel Gerry Drury.<\\/p>\\r\\n<p>And a few steps away, near the chancel on the northeast side of the nave, stands Richard Upjohn\\u2019s beautiful and intricate brass filigree pulpit.<\\/p>\"}},\"122\":{\"type\":\"figure\",\"enabled\":\"1\",\"fields\":{\"image\":[\"125\"],\"altAttribute\":\"Richard Upjohn\\u2019s beautiful and intricate brass filigree pulpit\",\"caption\":\"<p>Richard Upjohn\\u2019s beautiful and intricate brass filigree pulpit<\\/p>\",\"enlarge\":\"1\",\"orientation\":\"horizontal\"}},\"126\":{\"type\":\"paragraph\",\"enabled\":\"1\",\"fields\":{\"text\":\"<p>How fortunate we are to have works by all three of these masters under the roof of the \\u201cLittle Church\\u201d.&nbsp; I will give thanks when December 16<sup>th<\\/sup>&nbsp;rolls around.<\\/p>\"}}},\"25\":[\"93\"],\"26\":\"Mary Jane Gocher\",\"27\":\"Corey Schneider\"}}', '2017-08-30 23:24:32', '2017-08-30 23:24:32', 'c931ced7-012c-41c7-be7e-f48c343908dc'),
 ('76', '94', '9', '1', 'en_us', '21', '', '{\"typeId\":\"9\",\"authorId\":\"1\",\"title\":\"Good Things Come in Threes\",\"slug\":\"good-things-come-in-threes\",\"postDate\":1504084080,\"expiryDate\":null,\"enabled\":1,\"parentId\":null,\"fields\":{\"28\":{\"107\":{\"type\":\"paragraph\",\"enabled\":\"1\",\"fields\":{\"text\":\"<p>I was paging my way through <em>Holy Men, Holy Women<\\/em> on a fact-checking mission when I came across the entry for December 16<sup>th<\\/sup>.<\\/p>\\r\\n<p>\\r\\n<\\/p>\\r\\n<p>I was stunned to see that this day had been set apart to honor two architects and an artist whose work was represented here at Transfiguration:&nbsp; Ralph Adams Cram, designer of St. Thomas Church NYC and the nave of the Cathedral of St. John the Divine, Richard Upjohn, the designer of Trinity Church on Wall Street in lower Manhattan, and John Lafarge, painter of murals and designer of many notable stained glass windows.<\\/p>\\r\\n<p>\\r\\n<\\/p>\\r\\n<p><em>Holy Men, Holy Women<\\/em> encourages us to offer thanks for \\u201cthe vision of Ralph Adams Cram, John LaFarge and Richard Upjohn, whose harmonious revival of the Gothic enriched our churches with a sacramental understanding of reality in the face of secular materialism&hellip;\\u201d *<\\/p>\\r\\n<p>\\r\\n<\\/p>\\r\\n<p>Ralph Adams Cram was the designer of our beautiful polychromed wood Madonna Shrine, located in the Transept.&nbsp; It was donated by Mr. F. E. Saxham Drury in memory of Elbridge T. Gerry and Mabel Gerry Drury.<\\/p>\"}},\"111\":{\"type\":\"figure\",\"enabled\":\"1\",\"fields\":{\"image\":[\"110\"],\"altAttribute\":\"John LaFarge\\u2019s magnificent window depicting Edwin Booth\",\"caption\":\"<p>John LaFarge\\u2019s magnificent window depicting Edwin Booth<\\/p>\",\"enlarge\":\"1\",\"orientation\":\"vertical\"}},\"108\":{\"type\":\"paragraph\",\"enabled\":\"1\",\"fields\":{\"text\":\"<p>Ralph Adams Cram was the designer of our beautiful polychromed wood Madonna Shrine, located in the Transept.&nbsp; It was donated by Mr. F. E. Saxham Drury in memory of Elbridge T. Gerry and Mabel Gerry Drury.<br><\\/p><p>Turn to your right, and there is John LaFarge\\u2019s magnificent window depicting Edwin Booth, the leading Shakespearean actor of his time, holding a mask and dressed in Greco-Roman costume.&nbsp; (Edwin Booth was the brother of the notorious John Wilkes Booth, President Lincoln\\u2019s assassin.) The window was given in his memory in 1898 by members of the Players Club, which he founded.<\\/p>\"}},\"123\":{\"type\":\"paragraph\",\"enabled\":\"1\",\"fields\":{\"text\":\"<p>Ralph Adams Cram was the designer of our beautiful polychromed wood Madonna Shrine, located in the Transept.&nbsp; It was donated by Mr. F. E. Saxham Drury in memory of Elbridge T. Gerry and Mabel Gerry Drury.<\\/p>\\r\\n<p>And a few steps away, near the chancel on the northeast side of the nave, stands Richard Upjohn\\u2019s beautiful and intricate brass filigree pulpit.<\\/p>\"}},\"122\":{\"type\":\"figure\",\"enabled\":\"1\",\"fields\":{\"image\":[\"125\"],\"altAttribute\":\"Richard Upjohn\\u2019s beautiful and intricate brass filigree pulpit\",\"caption\":\"<p>Richard Upjohn\\u2019s beautiful and intricate brass filigree pulpit<\\/p>\",\"enlarge\":\"1\",\"orientation\":\"horizontal\"}},\"126\":{\"type\":\"paragraph\",\"enabled\":\"1\",\"fields\":{\"text\":\"<p>How fortunate we are to have works by all three of these masters under the roof of the \\u201cLittle Church\\u201d.&nbsp; I will give thanks when December 16<sup>th<\\/sup>&nbsp;rolls around.<\\/p>\"}}},\"25\":[\"93\"],\"26\":\"Mary Jane Gocher\",\"27\":\"Corey Schneider\"}}', '2017-08-30 23:25:49', '2017-08-30 23:25:49', '89e888c6-048e-4723-a473-33e8036a94eb'),
 ('77', '94', '9', '1', 'en_us', '22', '', '{\"typeId\":\"9\",\"authorId\":\"1\",\"title\":\"Good Things Come in Threes\",\"slug\":\"good-things-come-in-threes\",\"postDate\":1504084080,\"expiryDate\":null,\"enabled\":1,\"parentId\":null,\"fields\":{\"28\":{\"107\":{\"type\":\"paragraph\",\"enabled\":\"1\",\"fields\":{\"text\":\"<p>I was paging my way through <em>Holy Men, Holy Women<\\/em> on a fact-checking mission when I came across the entry for December 16<sup>th<\\/sup>.<\\/p>\\r\\n<p>\\r\\n<\\/p>\\r\\n<p>I was stunned to see that this day had been set apart to honor two architects and an artist whose work was represented here at Transfiguration:&nbsp; Ralph Adams Cram, designer of St. Thomas Church NYC and the nave of the Cathedral of St. John the Divine, Richard Upjohn, the designer of Trinity Church on Wall Street in lower Manhattan, and John Lafarge, painter of murals and designer of many notable stained glass windows.<\\/p>\\r\\n<p>\\r\\n<\\/p>\\r\\n<p><em>Holy Men, Holy Women<\\/em> encourages us to offer thanks for \\u201cthe vision of Ralph Adams Cram, John LaFarge and Richard Upjohn, whose harmonious revival of the Gothic enriched our churches with a sacramental understanding of reality in the face of secular materialism&hellip;\\u201d *<\\/p>\"}},\"111\":{\"type\":\"figure\",\"enabled\":\"1\",\"fields\":{\"image\":[\"110\"],\"altAttribute\":\"John LaFarge\\u2019s magnificent window depicting Edwin Booth\",\"caption\":\"<p>John LaFarge\\u2019s magnificent window depicting Edwin Booth<\\/p>\",\"enlarge\":\"1\",\"orientation\":\"vertical\"}},\"108\":{\"type\":\"paragraph\",\"enabled\":\"1\",\"fields\":{\"text\":\"<p><em>Holy Men, Holy Women<\\/em>&nbsp;encourages us to offer thanks for \\u201cthe vision of Ralph Adams Cram, John LaFarge and Richard Upjohn, whose harmonious revival of the Gothic enriched our churches with a sacramental understanding of reality in the face of secular materialism&hellip;\\u201d *<br><\\/p><p>Ralph Adams Cram was the designer of our beautiful polychromed wood Madonna Shrine, located in the Transept. It was donated by Mr. F. E. Saxham Drury in memory of Elbridge T. Gerry and Mabel Gerry Drury.<br><\\/p>\\r\\n<p>Turn to your right, and there is John LaFarge\\u2019s magnificent window depicting Edwin Booth, the leading Shakespearean actor of his time, holding a mask and dressed in Greco-Roman costume.&nbsp; (Edwin Booth was the brother of the notorious John Wilkes Booth, President Lincoln\\u2019s assassin.) The window was given in his memory in 1898 by members of the Players Club, which he founded.<\\/p>\"}},\"123\":{\"type\":\"paragraph\",\"enabled\":\"1\",\"fields\":{\"text\":\"<p>Ralph Adams Cram was the designer of our beautiful polychromed wood Madonna Shrine, located in the Transept.&nbsp; It was donated by Mr. F. E. Saxham Drury in memory of Elbridge T. Gerry and Mabel Gerry Drury.<\\/p>\\r\\n<p>And a few steps away, near the chancel on the northeast side of the nave, stands Richard Upjohn\\u2019s beautiful and intricate brass filigree pulpit.<\\/p>\"}},\"122\":{\"type\":\"figure\",\"enabled\":\"1\",\"fields\":{\"image\":[\"125\"],\"altAttribute\":\"Richard Upjohn\\u2019s beautiful and intricate brass filigree pulpit\",\"caption\":\"<p>Richard Upjohn\\u2019s beautiful and intricate brass filigree pulpit<\\/p>\",\"enlarge\":\"1\",\"orientation\":\"horizontal\"}},\"126\":{\"type\":\"paragraph\",\"enabled\":\"1\",\"fields\":{\"text\":\"<p>How fortunate we are to have works by all three of these masters under the roof of the \\u201cLittle Church\\u201d.&nbsp; I will give thanks when December 16<sup>th<\\/sup>&nbsp;rolls around.<\\/p>\"}}},\"25\":[\"93\"],\"26\":\"Mary Jane Gocher\",\"27\":\"Corey Schneider\"}}', '2017-08-30 23:28:07', '2017-08-30 23:28:07', '57955ea0-d80d-47fd-b38a-54239571c83a'),
 ('78', '94', '9', '1', 'en_us', '23', '', '{\"typeId\":\"9\",\"authorId\":\"1\",\"title\":\"Good Things Come in Threes\",\"slug\":\"good-things-come-in-threes\",\"postDate\":1504084080,\"expiryDate\":null,\"enabled\":1,\"parentId\":null,\"fields\":{\"28\":{\"107\":{\"type\":\"paragraph\",\"enabled\":\"1\",\"fields\":{\"text\":\"<p>I was paging my way through <em>Holy Men, Holy Women<\\/em> on a fact-checking mission when I came across the entry for December 16<sup>th<\\/sup>.<\\/p>\\r\\n<p>\\r\\n<\\/p>\\r\\n<p>I was stunned to see that this day had been set apart to honor two architects and an artist whose work was represented here at Transfiguration:&nbsp; Ralph Adams Cram, designer of St. Thomas Church NYC and the nave of the Cathedral of St. John the Divine, Richard Upjohn, the designer of Trinity Church on Wall Street in lower Manhattan, and John Lafarge, painter of murals and designer of many notable stained glass windows.<\\/p>\\r\\n<p>\\r\\n<\\/p>\\r\\n<p><em>Holy Men, Holy Women<\\/em> encourages us to offer thanks for \\u201cthe vision of Ralph Adams Cram, John LaFarge and Richard Upjohn, whose harmonious revival of the Gothic enriched our churches with a sacramental understanding of reality in the face of secular materialism&hellip;\\u201d *<\\/p>\"}},\"111\":{\"type\":\"figure\",\"enabled\":\"1\",\"fields\":{\"image\":[\"110\"],\"altAttribute\":\"John LaFarge\\u2019s magnificent window depicting Edwin Booth\",\"caption\":\"<p>John LaFarge\\u2019s magnificent window depicting Edwin Booth<\\/p>\",\"enlarge\":\"1\",\"orientation\":\"vertical\"}},\"108\":{\"type\":\"paragraph\",\"enabled\":\"1\",\"fields\":{\"text\":\"<p><em>Holy Men, Holy Women<\\/em>&nbsp;encourages us to offer thanks for \\u201cthe vision of Ralph Adams Cram, John LaFarge and Richard Upjohn, whose harmonious revival of the Gothic enriched our churches with a sacramental understanding of reality in the face of secular materialism&hellip;\\u201d *<br><\\/p>\\r\\n<p>Ralph Adams Cram was the designer of our beautiful polychromed wood Madonna Shrine, located in the Transept. It was donated by Mr. F. E. Saxham Drury in memory of Elbridge T. Gerry and Mabel Gerry Drury.<br><\\/p>\\r\\n<p>Turn to your right, and there is John LaFarge\\u2019s magnificent window depicting Edwin Booth, the leading Shakespearean actor of his time, holding a mask and dressed in Greco-Roman costume.&nbsp; (Edwin Booth was the brother of the notorious John Wilkes Booth, President Lincoln\\u2019s assassin.) The window was given in his memory in 1898 by members of the Players Club, which he founded.<\\/p>\"}},\"123\":{\"type\":\"paragraph\",\"enabled\":\"1\",\"fields\":{\"text\":\"<p>Ralph Adams Cram was the designer of our beautiful polychromed wood Madonna Shrine, located in the Transept.&nbsp; It was donated by Mr. F. E. Saxham Drury in memory of Elbridge T. Gerry and Mabel Gerry Drury.<\\/p>\\r\\n<p>And a few steps away, near the chancel on the northeast side of the nave, stands Richard Upjohn\\u2019s beautiful and intricate brass filigree pulpit.<\\/p>\"}},\"122\":{\"type\":\"figure\",\"enabled\":\"1\",\"fields\":{\"image\":[\"125\"],\"altAttribute\":\"Richard Upjohn\\u2019s beautiful and intricate brass filigree pulpit\",\"caption\":\"<p>Richard Upjohn\\u2019s beautiful and intricate brass filigree pulpit<\\/p>\",\"enlarge\":\"1\",\"orientation\":\"horizontal\"}},\"126\":{\"type\":\"paragraph\",\"enabled\":\"1\",\"fields\":{\"text\":\"<p>How fortunate we are to have works by all three of these masters under the roof of the \\u201cLittle Church\\u201d.&nbsp; I will give thanks when December 16<sup>th<\\/sup>&nbsp;rolls around.<\\/p>\"}}},\"25\":[\"93\"],\"26\":\"Mary Jane Gocher\",\"27\":\"Corey Schneider\"}}', '2017-08-30 23:33:52', '2017-08-30 23:33:52', '7f6c2215-7ec5-4fd6-aa9c-d0a48567053b'),
 ('79', '94', '9', '1', 'en_us', '24', '', '{\"typeId\":\"9\",\"authorId\":\"1\",\"title\":\"Good Things Come in Threes\",\"slug\":\"good-things-come-in-threes\",\"postDate\":1504084080,\"expiryDate\":null,\"enabled\":1,\"parentId\":null,\"fields\":{\"28\":{\"107\":{\"type\":\"paragraph\",\"enabled\":\"1\",\"fields\":{\"text\":\"<p>I was paging my way through <em>Holy Men, Holy Women<\\/em> on a fact-checking mission when I came across the entry for December 16<sup>th<\\/sup>.<\\/p>\\r\\n<p>\\r\\n<\\/p>\\r\\n<p>I was stunned to see that this day had been set apart to honor two architects and an artist whose work was represented here at Transfiguration:&nbsp; Ralph Adams Cram, designer of St. Thomas Church NYC and the nave of the Cathedral of St. John the Divine, Richard Upjohn, the designer of Trinity Church on Wall Street in lower Manhattan, and John Lafarge, painter of murals and designer of many notable stained glass windows.<\\/p>\\r\\n<p>\\r\\n<\\/p>\\r\\n<p><em>Holy Men, Holy Women<\\/em> encourages us to offer thanks for \\u201cthe vision of Ralph Adams Cram, John LaFarge and Richard Upjohn, whose harmonious revival of the Gothic enriched our churches with a sacramental understanding of reality in the face of secular materialism&hellip;\\u201d *<\\/p>\"}},\"111\":{\"type\":\"figure\",\"enabled\":\"1\",\"fields\":{\"image\":[\"110\"],\"altAttribute\":\"John LaFarge\\u2019s magnificent window depicting Edwin Booth\",\"caption\":\"<p>John LaFarge\\u2019s magnificent window depicting Edwin Booth<\\/p>\",\"enlarge\":\"1\",\"orientation\":\"vertical\"}},\"108\":{\"type\":\"paragraph\",\"enabled\":\"1\",\"fields\":{\"text\":\"<p><em>Holy Men, Holy Women<\\/em>&nbsp;encourages us to offer thanks for \\u201cthe vision of Ralph Adams Cram, John LaFarge and Richard Upjohn, whose harmonious revival of the Gothic enriched our churches with a sacramental understanding of reality in the face of secular materialism&hellip;\\u201d *<br><\\/p>\\r\\n<p>Ralph Adams Cram was the designer of our beautiful polychromed wood Madonna Shrine, located in the Transept. It was donated by Mr. F. E. Saxham Drury in memory of Elbridge T. Gerry and Mabel Gerry Drury.<br><\\/p>\\r\\n<p>Turn to your right, and there is John LaFarge\\u2019s magnificent window depicting Edwin Booth, the leading Shakespearean actor of his time, holding a mask and dressed in Greco-Roman costume.&nbsp; (Edwin Booth was the brother of the notorious John Wilkes Booth, President Lincoln\\u2019s assassin.) The window was given in his memory in 1898 by members of the Players Club, which he founded.<\\/p>\"}},\"123\":{\"type\":\"paragraph\",\"enabled\":\"1\",\"fields\":{\"text\":\"<p>Ralph Adams Cram was the designer of our beautiful polychromed wood Madonna Shrine, located in the Transept.&nbsp; It was donated by Mr. F. E. Saxham Drury in memory of Elbridge T. Gerry and Mabel Gerry Drury.<\\/p>\\r\\n<p>And a few steps away, near the chancel on the northeast side of the nave, stands Richard Upjohn\\u2019s beautiful and intricate brass filigree pulpit.<\\/p>\"}},\"122\":{\"type\":\"figure\",\"enabled\":\"1\",\"fields\":{\"image\":[\"125\"],\"altAttribute\":\"Richard Upjohn\\u2019s beautiful and intricate brass filigree pulpit\",\"caption\":\"<p>Richard Upjohn\\u2019s beautiful and intricate brass filigree pulpit<\\/p>\",\"enlarge\":\"1\",\"orientation\":\"horizontal\"}},\"126\":{\"type\":\"paragraph\",\"enabled\":\"1\",\"fields\":{\"text\":\"<p>How fortunate we are to have works by all three of these masters under the roof of the \\u201cLittle Church\\u201d.&nbsp; I will give thanks when December 16<sup>th<\\/sup>&nbsp;rolls around.<\\/p>\"}},\"new1\":{\"type\":\"footnote\",\"enabled\":\"1\",\"fields\":{\"text\":\"Holy Women, Holy Men: Celebrating the Saints by Church Publishing Incorporated\\u200b\"}}},\"25\":[\"93\"],\"26\":\"Mary Jane Gocher\",\"27\":\"Corey Schneider\"}}', '2017-08-30 23:37:51', '2017-08-30 23:37:51', 'b6ee4623-dfec-4378-9914-8c31a4845725'),
 ('80', '94', '9', '1', 'en_us', '25', '', '{\"typeId\":\"9\",\"authorId\":\"1\",\"title\":\"Good Things Come in Threes\",\"slug\":\"good-things-come-in-threes\",\"postDate\":1504084080,\"expiryDate\":null,\"enabled\":1,\"parentId\":null,\"fields\":{\"28\":{\"107\":{\"type\":\"paragraph\",\"enabled\":\"1\",\"fields\":{\"text\":\"<p>I was paging my way through <em>Holy Men, Holy Women<\\/em> on a fact-checking mission when I came across the entry for December 16<sup>th<\\/sup>.<\\/p>\\r\\n<p>\\r\\n<\\/p>\\r\\n<p>I was stunned to see that this day had been set apart to honor two architects and an artist whose work was represented here at Transfiguration:&nbsp; Ralph Adams Cram, designer of St. Thomas Church NYC and the nave of the Cathedral of St. John the Divine, Richard Upjohn, the designer of Trinity Church on Wall Street in lower Manhattan, and John Lafarge, painter of murals and designer of many notable stained glass windows.<\\/p>\\r\\n<p>\\r\\n<\\/p>\\r\\n<p><em>Holy Men, Holy Women<\\/em> encourages us to offer thanks for \\u201cthe vision of Ralph Adams Cram, John LaFarge and Richard Upjohn, whose harmonious revival of the Gothic enriched our churches with a sacramental understanding of reality in the face of secular materialism&hellip;\\u201d *<\\/p>\"}},\"111\":{\"type\":\"figure\",\"enabled\":\"1\",\"fields\":{\"image\":[\"211\"],\"altAttribute\":\"John LaFarge\\u2019s magnificent window depicting Edwin Booth\",\"caption\":\"<p>John LaFarge\\u2019s magnificent window depicting Edwin Booth<\\/p>\",\"enlarge\":\"1\",\"orientation\":\"vertical\"}},\"108\":{\"type\":\"paragraph\",\"enabled\":\"1\",\"fields\":{\"text\":\"<p><em>Holy Men, Holy Women<\\/em>&nbsp;encourages us to offer thanks for \\u201cthe vision of Ralph Adams Cram, John LaFarge and Richard Upjohn, whose harmonious revival of the Gothic enriched our churches with a sacramental understanding of reality in the face of secular materialism&hellip;\\u201d *<br><\\/p>\\r\\n<p>Ralph Adams Cram was the designer of our beautiful polychromed wood Madonna Shrine, located in the Transept. It was donated by Mr. F. E. Saxham Drury in memory of Elbridge T. Gerry and Mabel Gerry Drury.<br><\\/p>\\r\\n<p>Turn to your right, and there is John LaFarge\\u2019s magnificent window depicting Edwin Booth, the leading Shakespearean actor of his time, holding a mask and dressed in Greco-Roman costume.&nbsp; (Edwin Booth was the brother of the notorious John Wilkes Booth, President Lincoln\\u2019s assassin.) The window was given in his memory in 1898 by members of the Players Club, which he founded.<\\/p>\"}},\"123\":{\"type\":\"paragraph\",\"enabled\":\"1\",\"fields\":{\"text\":\"<p>Ralph Adams Cram was the designer of our beautiful polychromed wood Madonna Shrine, located in the Transept.&nbsp; It was donated by Mr. F. E. Saxham Drury in memory of Elbridge T. Gerry and Mabel Gerry Drury.<\\/p>\\r\\n<p>And a few steps away, near the chancel on the northeast side of the nave, stands Richard Upjohn\\u2019s beautiful and intricate brass filigree pulpit.<\\/p>\"}},\"122\":{\"type\":\"figure\",\"enabled\":\"1\",\"fields\":{\"image\":[\"216\"],\"altAttribute\":\"Richard Upjohn\\u2019s beautiful and intricate brass filigree pulpit\",\"caption\":\"<p>Richard Upjohn\\u2019s beautiful and intricate brass filigree pulpit<\\/p>\",\"enlarge\":\"1\",\"orientation\":\"horizontal\"}},\"126\":{\"type\":\"paragraph\",\"enabled\":\"1\",\"fields\":{\"text\":\"<p>How fortunate we are to have works by all three of these masters under the roof of the \\u201cLittle Church\\u201d.&nbsp; I will give thanks when December 16<sup>th<\\/sup>&nbsp;rolls around.<\\/p>\"}},\"127\":{\"type\":\"footnote\",\"enabled\":\"1\",\"fields\":{\"text\":\"<p>Holy Women, Holy Men: Celebrating the Saints by Church Publishing Incorporated<\\/p>\"}}},\"25\":[\"205\"],\"26\":\"Mary Jane Gocher\",\"27\":\"Corey Schneider\"}}', '2017-08-31 11:46:46', '2017-08-31 11:46:46', '69a780c6-567f-466a-a779-45b2c619e6f0'),
 ('81', '94', '9', '1', 'en_us', '26', '', '{\"typeId\":\"9\",\"authorId\":\"1\",\"title\":\"Good Things Come in Threes\",\"slug\":\"good-things-come-in-threes\",\"postDate\":1504084080,\"expiryDate\":null,\"enabled\":1,\"parentId\":null,\"fields\":{\"28\":{\"107\":{\"type\":\"paragraph\",\"enabled\":\"1\",\"fields\":{\"text\":\"<p>I was paging my way through <em>Holy Men, Holy Women<\\/em> on a fact-checking mission when I came across the entry for December 16<sup>th<\\/sup>.<\\/p>\\r\\n<p>\\r\\n<\\/p>\\r\\n<p>I was stunned to see that this day had been set apart to honor two architects and an artist whose work was represented here at Transfiguration:&nbsp; Ralph Adams Cram, designer of St. Thomas Church NYC and the nave of the Cathedral of St. John the Divine, Richard Upjohn, the designer of Trinity Church on Wall Street in lower Manhattan, and John Lafarge, painter of murals and designer of many notable stained glass windows.<\\/p>\\r\\n<p>\\r\\n<\\/p>\\r\\n<p><em>Holy Men, Holy Women<\\/em> encourages us to offer thanks for \\u201cthe vision of Ralph Adams Cram, John LaFarge and Richard Upjohn, whose harmonious revival of the Gothic enriched our churches with a sacramental understanding of reality in the face of secular materialism&hellip;\\u201d *<\\/p>\"}},\"111\":{\"type\":\"figure\",\"enabled\":\"1\",\"fields\":{\"image\":[\"211\"],\"altAttribute\":\"John LaFarge\\u2019s magnificent window depicting Edwin Booth\",\"caption\":\"<p>John LaFarge\\u2019s magnificent window depicting Edwin Booth<\\/p>\",\"enlarge\":\"1\",\"orientation\":\"vertical\"}},\"108\":{\"type\":\"paragraph\",\"enabled\":\"1\",\"fields\":{\"text\":\"<p><em>Holy Men, Holy Women<\\/em>&nbsp;encourages us to offer thanks for \\u201cthe vision of Ralph Adams Cram, John LaFarge and Richard Upjohn, whose harmonious revival of the Gothic enriched our churches with a sacramental understanding of reality in the face of secular materialism&hellip;\\u201d *<br><\\/p>\\r\\n<p>Ralph Adams Cram was the designer of our beautiful polychromed wood Madonna Shrine, located in the Transept. It was donated by Mr. F. E. Saxham Drury in memory of Elbridge T. Gerry and Mabel Gerry Drury.<br><\\/p>\\r\\n<p>Turn to your right, and there is John LaFarge\\u2019s magnificent window depicting Edwin Booth, the leading Shakespearean actor of his time, holding a mask and dressed in Greco-Roman costume.&nbsp; (Edwin Booth was the brother of the notorious John Wilkes Booth, President Lincoln\\u2019s assassin.) The window was given in his memory in 1898 by members of the Players Club, which he founded.<\\/p>\"}},\"123\":{\"type\":\"paragraph\",\"enabled\":\"1\",\"fields\":{\"text\":\"<p>Ralph Adams Cram was the designer of our beautiful polychromed wood Madonna Shrine, located in the Transept.&nbsp; It was donated by Mr. F. E. Saxham Drury in memory of Elbridge T. Gerry and Mabel Gerry Drury.<\\/p>\\r\\n<p>And a few steps away, near the chancel on the northeast side of the nave, stands Richard Upjohn\\u2019s beautiful and intricate brass filigree pulpit.<\\/p>\"}},\"122\":{\"type\":\"figure\",\"enabled\":\"1\",\"fields\":{\"image\":[\"216\"],\"altAttribute\":\"Richard Upjohn\\u2019s beautiful and intricate brass filigree pulpit\",\"caption\":\"<p>Richard Upjohn\\u2019s beautiful and intricate brass filigree pulpit<\\/p>\",\"enlarge\":\"1\",\"orientation\":\"horizontal\"}},\"126\":{\"type\":\"paragraph\",\"enabled\":\"1\",\"fields\":{\"text\":\"<p>How fortunate we are to have works by all three of these masters under the roof of the \\u201cLittle Church\\u201d.&nbsp; I will give thanks when December 16<sup>th<\\/sup>&nbsp;rolls around.<\\/p>\"}},\"127\":{\"type\":\"footnote\",\"enabled\":\"1\",\"fields\":{\"text\":\"<p>Holy Women, Holy Men: Celebrating the Saints by Church Publishing Incorporated<\\/p>\"}},\"new1\":{\"type\":\"footnote\",\"enabled\":\"1\",\"fields\":{\"text\":\"<p><span class=\\\"s1\\\"><i>Holy Women, Holy Men: Celebrating the Saints<\\/i> by Church Publishing Incorporated<\\/span><span><\\/span><\\/p>\"}}},\"25\":[\"205\"],\"26\":\"Mary Jane Gocher\",\"27\":\"Corey Schneider\"}}', '2017-08-31 11:49:46', '2017-08-31 11:49:46', 'e111b0bf-eb62-47e1-8aed-81a7450f861f'),
 ('82', '94', '9', '1', 'en_us', '27', '', '{\"typeId\":\"9\",\"authorId\":\"1\",\"title\":\"Good Things Come in Threes\",\"slug\":\"good-things-come-in-threes\",\"postDate\":1504084080,\"expiryDate\":null,\"enabled\":1,\"parentId\":null,\"fields\":{\"28\":{\"107\":{\"type\":\"paragraph\",\"enabled\":\"1\",\"fields\":{\"text\":\"<p>I was paging my way through <em>Holy Men, Holy Women<\\/em> on a fact-checking mission when I came across the entry for December 16<sup>th<\\/sup>.<\\/p>\\r\\n<p>\\r\\n<\\/p>\\r\\n<p>I was stunned to see that this day had been set apart to honor two architects and an artist whose work was represented here at Transfiguration:&nbsp; Ralph Adams Cram, designer of St. Thomas Church NYC and the nave of the Cathedral of St. John the Divine, Richard Upjohn, the designer of Trinity Church on Wall Street in lower Manhattan, and John Lafarge, painter of murals and designer of many notable stained glass windows.<\\/p>\\r\\n<p>\\r\\n<\\/p>\\r\\n<p><em>Holy Men, Holy Women<\\/em> encourages us to offer thanks for \\u201cthe vision of Ralph Adams Cram, John LaFarge and Richard Upjohn, whose harmonious revival of the Gothic enriched our churches with a sacramental understanding of reality in the face of secular materialism&hellip;\\u201d *<\\/p>\"}},\"111\":{\"type\":\"figure\",\"enabled\":\"1\",\"fields\":{\"image\":[\"211\"],\"altAttribute\":\"John LaFarge\\u2019s magnificent window depicting Edwin Booth\",\"caption\":\"<p>John LaFarge\\u2019s magnificent window depicting Edwin Booth<\\/p>\",\"enlarge\":\"1\",\"orientation\":\"vertical\"}},\"108\":{\"type\":\"paragraph\",\"enabled\":\"1\",\"fields\":{\"text\":\"<p><em>Holy Men, Holy Women<\\/em>&nbsp;encourages us to offer thanks for \\u201cthe vision of Ralph Adams Cram, John LaFarge and Richard Upjohn, whose harmonious revival of the Gothic enriched our churches with a sacramental understanding of reality in the face of secular materialism&hellip;\\u201d *<br><\\/p>\\r\\n<p>Ralph Adams Cram was the designer of our beautiful polychromed wood Madonna Shrine, located in the Transept. It was donated by Mr. F. E. Saxham Drury in memory of Elbridge T. Gerry and Mabel Gerry Drury.<br><\\/p>\\r\\n<p>Turn to your right, and there is John LaFarge\\u2019s magnificent window depicting Edwin Booth, the leading Shakespearean actor of his time, holding a mask and dressed in Greco-Roman costume.&nbsp; (Edwin Booth was the brother of the notorious John Wilkes Booth, President Lincoln\\u2019s assassin.) The window was given in his memory in 1898 by members of the Players Club, which he founded.<\\/p>\"}},\"123\":{\"type\":\"paragraph\",\"enabled\":\"1\",\"fields\":{\"text\":\"<p>Ralph Adams Cram was the designer of our beautiful polychromed wood Madonna Shrine, located in the Transept.&nbsp; It was donated by Mr. F. E. Saxham Drury in memory of Elbridge T. Gerry and Mabel Gerry Drury.<\\/p>\\r\\n<p>And a few steps away, near the chancel on the northeast side of the nave, stands Richard Upjohn\\u2019s beautiful and intricate brass filigree pulpit.<\\/p>\"}},\"122\":{\"type\":\"figure\",\"enabled\":\"1\",\"fields\":{\"image\":[\"216\"],\"altAttribute\":\"Richard Upjohn\\u2019s beautiful and intricate brass filigree pulpit\",\"caption\":\"<p>Richard Upjohn\\u2019s beautiful and intricate brass filigree pulpit<\\/p>\",\"enlarge\":\"1\",\"orientation\":\"horizontal\"}},\"126\":{\"type\":\"paragraph\",\"enabled\":\"1\",\"fields\":{\"text\":\"<p>How fortunate we are to have works by all three of these masters under the roof of the \\u201cLittle Church\\u201d.&nbsp; I will give thanks when December 16<sup>th<\\/sup>&nbsp;rolls around.<\\/p>\"}},\"127\":{\"type\":\"footnote\",\"enabled\":\"1\",\"fields\":{\"text\":\"<p>Holy Women, Holy Men: Celebrating the Saints by Church Publishing Incorporated<\\/p>\"}},\"218\":{\"type\":\"footnote\",\"enabled\":\"1\",\"fields\":{\"text\":\"<p><em>Holy Women, Holy Men: Celebrating the Saints<\\/em> by Church Publishing Incorporated<\\/p>\"}}},\"25\":[\"205\"],\"26\":\"Mary Jane Gocher\",\"27\":\"Corey Schneider\"}}', '2017-08-31 11:51:57', '2017-08-31 11:51:57', '89cc7b45-42b0-4691-8e21-90b3a57019e0'),
 ('83', '94', '9', '1', 'en_us', '28', '', '{\"typeId\":\"9\",\"authorId\":\"1\",\"title\":\"Good Things Come in Threes\",\"slug\":\"good-things-come-in-threes\",\"postDate\":1504084080,\"expiryDate\":null,\"enabled\":1,\"parentId\":null,\"fields\":{\"28\":{\"107\":{\"type\":\"paragraph\",\"enabled\":\"1\",\"fields\":{\"text\":\"<p>I was paging my way through <em>Holy Men, Holy Women<\\/em> on a fact-checking mission when I came across the entry for December 16<sup>th<\\/sup>.<\\/p>\\r\\n<p>\\r\\n<\\/p>\\r\\n<p>I was stunned to see that this day had been set apart to honor two architects and an artist whose work was represented here at Transfiguration:&nbsp; Ralph Adams Cram, designer of St. Thomas Church NYC and the nave of the Cathedral of St. John the Divine, Richard Upjohn, the designer of Trinity Church on Wall Street in lower Manhattan, and John Lafarge, painter of murals and designer of many notable stained glass windows.<\\/p>\\r\\n<p>\\r\\n<\\/p>\\r\\n<p><em>Holy Men, Holy Women<\\/em> encourages us to offer thanks for \\u201cthe vision of Ralph Adams Cram, John LaFarge and Richard Upjohn, whose harmonious revival of the Gothic enriched our churches with a sacramental understanding of reality in the face of secular materialism&hellip;\\u201d *<\\/p>\"}},\"111\":{\"type\":\"figure\",\"enabled\":\"1\",\"fields\":{\"image\":[\"211\"],\"altAttribute\":\"John LaFarge\\u2019s magnificent window depicting Edwin Booth\",\"caption\":\"<p>John LaFarge\\u2019s magnificent window depicting Edwin Booth<\\/p>\",\"enlarge\":\"1\",\"orientation\":\"vertical\"}},\"108\":{\"type\":\"paragraph\",\"enabled\":\"1\",\"fields\":{\"text\":\"<p><em>Holy Men, Holy Women<\\/em>&nbsp;encourages us to offer thanks for \\u201cthe vision of Ralph Adams Cram, John LaFarge and Richard Upjohn, whose harmonious revival of the Gothic enriched our churches with a sacramental understanding of reality in the face of secular materialism&hellip;\\u201d *<br><\\/p>\\r\\n<p>Ralph Adams Cram was the designer of our beautiful polychromed wood Madonna Shrine, located in the Transept. It was donated by Mr. F. E. Saxham Drury in memory of Elbridge T. Gerry and Mabel Gerry Drury.<br><\\/p>\\r\\n<p>Turn to your right, and there is John LaFarge\\u2019s magnificent window depicting Edwin Booth, the leading Shakespearean actor of his time, holding a mask and dressed in Greco-Roman costume.&nbsp; (Edwin Booth was the brother of the notorious John Wilkes Booth, President Lincoln\\u2019s assassin.) The window was given in his memory in 1898 by members of the Players Club, which he founded.<\\/p>\"}},\"123\":{\"type\":\"paragraph\",\"enabled\":\"1\",\"fields\":{\"text\":\"<p>Ralph Adams Cram was the designer of our beautiful polychromed wood Madonna Shrine, located in the Transept.&nbsp; It was donated by Mr. F. E. Saxham Drury in memory of Elbridge T. Gerry and Mabel Gerry Drury.<\\/p>\\r\\n<p>And a few steps away, near the chancel on the northeast side of the nave, stands Richard Upjohn\\u2019s beautiful and intricate brass filigree pulpit.<\\/p>\"}},\"122\":{\"type\":\"figure\",\"enabled\":\"1\",\"fields\":{\"image\":[\"216\"],\"altAttribute\":\"Richard Upjohn\\u2019s beautiful and intricate brass filigree pulpit\",\"caption\":\"<p>Richard Upjohn\\u2019s beautiful and intricate brass filigree pulpit<\\/p>\",\"enlarge\":\"1\",\"orientation\":\"horizontal\"}},\"126\":{\"type\":\"paragraph\",\"enabled\":\"1\",\"fields\":{\"text\":\"<p>How fortunate we are to have works by all three of these masters under the roof of the \\u201cLittle Church\\u201d.&nbsp; I will give thanks when December 16<sup>th<\\/sup>&nbsp;rolls around.<\\/p>\"}},\"218\":{\"type\":\"footnote\",\"enabled\":\"1\",\"fields\":{\"text\":\"<p><em>Holy Women, Holy Men: Celebrating the Saints<\\/em> by Church Publishing Incorporated<\\/p>\"}}},\"25\":[\"205\"],\"26\":\"Mary Jane Gocher\",\"27\":\"Corey Schneider\"}}', '2017-08-31 11:54:13', '2017-08-31 11:54:13', '1877a904-0a73-443c-8ec4-cf4dace56443'),
 ('84', '94', '9', '1', 'en_us', '29', '', '{\"typeId\":\"9\",\"authorId\":\"1\",\"title\":\"Good Things Come in Threes\",\"slug\":\"good-things-come-in-threes\",\"postDate\":1504084080,\"expiryDate\":null,\"enabled\":1,\"parentId\":null,\"fields\":{\"28\":{\"107\":{\"type\":\"paragraph\",\"enabled\":\"1\",\"fields\":{\"text\":\"<p>I was paging my way through <em>Holy Men, Holy Women<\\/em> on a fact-checking mission when I came across the entry for December 16<sup>th<\\/sup>.<\\/p>\\r\\n<p>\\r\\n<\\/p>\\r\\n<p>I was stunned to see that this day had been set apart to honor two architects and an artist whose work was represented here at Transfiguration:&nbsp; Ralph Adams Cram, designer of St. Thomas Church NYC and the nave of the Cathedral of St. John the Divine, Richard Upjohn, the designer of Trinity Church on Wall Street in lower Manhattan, and John Lafarge, painter of murals and designer of many notable stained glass windows.<\\/p>\\r\\n<p>\\r\\n<\\/p>\\r\\n<p><em>Holy Men, Holy Women<\\/em> encourages us to offer thanks for \\u201cthe vision of Ralph Adams Cram, John LaFarge and Richard Upjohn, whose harmonious revival of the Gothic enriched our churches with a sacramental understanding of reality in the face of secular materialism&hellip;\\u201d *<\\/p>\"}},\"111\":{\"type\":\"figure\",\"enabled\":\"1\",\"fields\":{\"image\":[\"211\"],\"altAttribute\":\"John LaFarge\\u2019s magnificent window depicting Edwin Booth\",\"caption\":\"<p>John LaFarge\\u2019s magnificent window depicting Edwin Booth<\\/p>\",\"enlarge\":\"1\",\"orientation\":\"vertical\"}},\"108\":{\"type\":\"paragraph\",\"enabled\":\"1\",\"fields\":{\"text\":\"<p><em>Holy Men, Holy Women<\\/em>&nbsp;encourages us to offer thanks for \\u201cthe vision of Ralph Adams Cram, John LaFarge and Richard Upjohn, whose harmonious revival of the Gothic enriched our churches with a sacramental understanding of reality in the face of secular materialism&hellip;\\u201d *<br><\\/p>\\r\\n<p>Ralph Adams Cram was the designer of our beautiful polychromed wood Madonna Shrine, located in the Transept. It was donated by Mr. F. E. Saxham Drury in memory of Elbridge T. Gerry and Mabel Gerry Drury.<br><\\/p>\\r\\n<p>Turn to your right, and there is John LaFarge\\u2019s magnificent window depicting Edwin Booth, the leading Shakespearean actor of his time, holding a mask and dressed in Greco-Roman costume.&nbsp; (Edwin Booth was the brother of the notorious John Wilkes Booth, President Lincoln\\u2019s assassin.) The window was given in his memory in 1898 by members of the Players Club, which he founded.<\\/p>\"}},\"123\":{\"type\":\"paragraph\",\"enabled\":\"1\",\"fields\":{\"text\":\"<p>Ralph Adams Cram was the designer of our beautiful polychromed wood Madonna Shrine, located in the Transept.&nbsp; It was donated by Mr. F. E. Saxham Drury in memory of Elbridge T. Gerry and Mabel Gerry Drury.<\\/p>\\r\\n<p>And a few steps away, near the chancel on the northeast side of the nave, stands Richard Upjohn\\u2019s beautiful and intricate brass filigree pulpit.<\\/p>\"}},\"122\":{\"type\":\"figure\",\"enabled\":\"1\",\"fields\":{\"image\":[\"216\"],\"altAttribute\":\"Richard Upjohn\\u2019s beautiful and intricate brass filigree pulpit\",\"caption\":\"<p>Richard Upjohn\\u2019s beautiful and intricate brass filigree pulpit<\\/p>\",\"enlarge\":\"1\",\"orientation\":\"horizontal\"}},\"126\":{\"type\":\"paragraph\",\"enabled\":\"1\",\"fields\":{\"text\":\"<p>How fortunate we are to have works by all three of these masters under the roof of the \\u201cLittle Church\\u201d.&nbsp; I will give thanks when December 16<sup>th<\\/sup>&nbsp;rolls around.<\\/p>\"}},\"218\":{\"type\":\"footnote\",\"enabled\":\"1\",\"fields\":{\"text\":\"<p><em>Holy Women, Holy Men: Celebrating the Saints<\\/em> by Church Publishing Incorporated<\\/p>\"}}},\"25\":[\"205\"],\"26\":\"Mary Jane Gocher\",\"27\":\"Corey Schneider\"}}', '2017-08-31 12:02:49', '2017-08-31 12:02:49', '44d9b119-96ee-421d-a2b4-4add840cd1fa'),
 ('85', '69', '7', '1', 'en_us', '38', '', '{\"typeId\":\"7\",\"authorId\":\"1\",\"title\":\"Welcome\",\"slug\":\"welcome\",\"postDate\":1503746520,\"expiryDate\":null,\"enabled\":1,\"parentId\":null,\"fields\":{\"3\":\"Welcome to our little church\",\"13\":{\"71\":{\"type\":\"generalSection\",\"enabled\":\"1\",\"fields\":{\"text\":\"<h2>First time here?<\\/h2>\\r\\n<p>I invite you to join us in worship and fellowship at any one of our services, coffee hour, concert series, or a simple contemplative visit to our garden and chapel. I like to think of our parish as a quiet oasis in the heart of this vibrant city. And yet we have so much going on at our Little Church.<\\/p>\"}}},\"11\":[\"207\"],\"12\":\"<p>Greetings and welcome to the Church of the Transfiguration, also known affectionately as the \\u201cLittle Church Around the Corner\\u201d.<\\/p>\\r\\n<p>Our parish combines the beauty and depth of the Anglo-Catholic tradition with the warmth of a dear community of people seeking the presence of Christ in the center of the NoMad neighborhood in Manhattan.<\\/p>\\r\\n<p>From the time of our founding in the mid 19th century, our motto has remained Fides Opera (Faith & Works).&nbsp; Our faith is expressed in the depth of resplendent worship, offering our very best in praise of God in the person of Jesus Christ.&nbsp; And from this worship flows an outward ministry of works to a city and world crying for mindful and responsive hands, feet, and hearts. &nbsp;<\\/p>\\r\\n<p>\\u201cIn God, that which is ancient never becomes old,\\u201d and we embrace this sentiment combining traditional liturgical worship with a radical inclusiveness deeply rooted in our parish\\u2019s history and celebrated by a vibrant diocese in which we serve.&nbsp; Please consider this parish as you look for a spiritual home.&nbsp; All are welcome.<\\/p>\\r\\n<p>With loving wishes,&nbsp;<\\/p>\\r\\n<p>Fr. John David van Dooren<br>Rector<\\/p>\\r\\n<p><br><\\/p>\",\"27\":\"Meghan Joseph\"}}', '2017-08-31 12:09:11', '2017-08-31 12:09:11', '1fc26a65-38d5-4ea9-9564-50a5a12528bc'),
 ('86', '69', '7', '1', 'en_us', '39', '', '{\"typeId\":\"7\",\"authorId\":\"1\",\"title\":\"Welcome\",\"slug\":\"welcome\",\"postDate\":1503746520,\"expiryDate\":null,\"enabled\":1,\"parentId\":null,\"fields\":{\"3\":\"Welcome to our little church\",\"13\":{\"71\":{\"type\":\"generalSection\",\"enabled\":\"1\",\"fields\":{\"text\":\"<h2>First time here?<\\/h2>\\r\\n<p>I invite you to join us in worship and fellowship at any one of our services, coffee hour, concert series, or a simple contemplative visit to our garden and chapel. I like to think of our parish as a quiet oasis in the heart of this vibrant city. And yet we have so much going on at our Little Church.<\\/p>\"}}},\"11\":[\"207\"],\"12\":\"<p>Greetings and welcome to the Church of the Transfiguration, also known affectionately as the \\u201cLittle Church Around the Corner\\u201d.<\\/p>\",\"27\":\"Meghan Joseph\"}}', '2017-08-31 12:09:51', '2017-08-31 12:09:51', '4e508dbc-0788-4227-b2d7-97f5fc7e3a33'),
 ('87', '69', '7', '1', 'en_us', '40', '', '{\"typeId\":\"7\",\"authorId\":\"1\",\"title\":\"Welcome\",\"slug\":\"welcome\",\"postDate\":1503746520,\"expiryDate\":null,\"enabled\":1,\"parentId\":null,\"fields\":{\"3\":\"Welcome to our little church\",\"13\":{\"71\":{\"type\":\"generalSection\",\"enabled\":\"1\",\"fields\":{\"text\":\"<p>Our parish combines the beauty and depth of the Anglo-Catholic tradition with the warmth of a dear community of people seeking the presence of Christ in the center of the NoMad neighborhood in Manhattan. &nbsp;<br><\\/p>\\r\\n<p>From the time of our founding in the mid 19th century, our motto has remained Fides Opera (Faith & Works).&nbsp; Our faith is expressed in the depth of resplendent worship, offering our very best in praise of God in the person of Jesus Christ.&nbsp; And from this worship flows an outward ministry of works to a city and world crying for mindful and responsive hands, feet, and hearts. &nbsp;<\\/p>\\r\\n<p>\\u201cIn God, that which is ancient never becomes old,\\u201d and we embrace this sentiment combining traditional liturgical worship with a radical inclusiveness deeply rooted in our parish\\u2019s history and celebrated by a vibrant diocese in which we serve.&nbsp; Please consider this parish as you look for a spiritual home. All are welcome.<\\/p>\\r\\n<p>With loving wishes,&nbsp;<\\/p>\\r\\n<p>Fr. John David van Dooren<br>Rector<\\/p>\"}}},\"11\":[\"207\"],\"12\":\"<p>Greetings and welcome to the Church of the Transfiguration, also known affectionately as the \\u201cLittle Church Around the Corner\\u201d.<\\/p>\",\"27\":\"Meghan Joseph\"}}', '2017-08-31 12:11:02', '2017-08-31 12:11:02', '055063bb-9746-49e6-834f-e29545cce832'),
 ('88', '69', '7', '1', 'en_us', '41', '', '{\"typeId\":\"7\",\"authorId\":\"1\",\"title\":\"Welcome\",\"slug\":\"welcome\",\"postDate\":1503746520,\"expiryDate\":null,\"enabled\":1,\"parentId\":null,\"fields\":{\"3\":\"Welcome to our little church\",\"13\":{\"71\":{\"type\":\"generalSection\",\"enabled\":\"1\",\"fields\":{\"text\":\"<p>From the time of our founding in the mid 19th century, our motto has remained Fides Opera (Faith & Works). Our faith is expressed in the depth of resplendent worship, offering our very best in praise of God in the person of Jesus Christ. From this worship flows an outward ministry of works to a city and world crying for mindful and responsive hands, feet, and hearts. &nbsp;<\\/p>\\r\\n<p>\\u201cIn God, that which is ancient never becomes old,\\u201d and we embrace this sentiment combining traditional liturgical worship with a radical inclusiveness deeply rooted in our parish\\u2019s history and celebrated by a vibrant diocese in which we serve.&nbsp; Please consider this parish as you look for a spiritual home. All are welcome.<\\/p>\\r\\n<p>With loving wishes,&nbsp;<\\/p>\\r\\n<p>Fr. John David van Dooren<br>Rector<\\/p>\"}}},\"11\":[\"207\"],\"12\":\"<p>Greetings and welcome to the Church of the Transfiguration, also known affectionately as the \\u201cLittle Church Around the Corner\\u201d.&nbsp;Our parish combines the beauty and depth of the Anglo-Catholic tradition with the warmth of a dear community of people seeking the presence of Christ in the center of the NoMad neighborhood in Manhattan.<\\/p>\",\"27\":\"Meghan Joseph\"}}', '2017-08-31 12:12:16', '2017-08-31 12:12:16', '463a0cd6-b483-4499-8514-d2c526c224e5'),
 ('89', '69', '7', '1', 'en_us', '42', '', '{\"typeId\":\"7\",\"authorId\":\"1\",\"title\":\"Welcome\",\"slug\":\"welcome\",\"postDate\":1503746520,\"expiryDate\":null,\"enabled\":1,\"parentId\":null,\"fields\":{\"3\":\"Welcome to our little church\",\"13\":{\"71\":{\"type\":\"generalSection\",\"enabled\":\"1\",\"fields\":{\"text\":\"<p>From the time of our founding in the mid 19th century, our motto has remained Fides Opera (Faith and Works). Our faith is expressed in the depth of resplendent worship, offering our very best in praise of God in the person of Jesus Christ. From this worship flows an outward ministry of works to a city and world crying for mindful and responsive hands, feet, and hearts. &nbsp;<\\/p>\\r\\n<p>\\u201cIn God, that which is ancient never becomes old,\\u201d and we embrace this sentiment combining traditional liturgical worship with a radical inclusiveness deeply rooted in our parish\\u2019s history and celebrated by a vibrant diocese in which we serve.&nbsp; Please consider this parish as you look for a spiritual home. All are welcome.<\\/p>\\r\\n<p>With loving wishes,&nbsp;<\\/p>\\r\\n<p>Fr. John David van Dooren<br>Rector<\\/p>\"}}},\"11\":[\"207\"],\"12\":\"<p>Greetings and welcome to the Church of the Transfiguration, also known affectionately as the \\u201cLittle Church Around the Corner\\u201d.&nbsp;Our parish combines the beauty and depth of the Anglo-Catholic tradition with the warmth of a dear community of people seeking the presence of Christ in the center of the NoMad neighborhood in Manhattan.<\\/p>\",\"27\":\"Meghan Joseph\"}}', '2017-08-31 12:12:58', '2017-08-31 12:12:58', '2724dbb5-8817-4ad3-8472-ce4f0f100735'),
 ('90', '69', '7', '1', 'en_us', '43', '', '{\"typeId\":\"7\",\"authorId\":\"1\",\"title\":\"Welcome\",\"slug\":\"welcome\",\"postDate\":1503746520,\"expiryDate\":null,\"enabled\":1,\"parentId\":null,\"fields\":{\"3\":\"Welcome to our little church\",\"13\":{\"71\":{\"type\":\"generalSection\",\"enabled\":\"1\",\"fields\":{\"text\":\"<h2>Faith and Works<\\/h2><p>From the time of our founding in the mid 19th century, our motto has remained Fides Opera (Faith and Works). Our faith is expressed in the depth of resplendent worship, offering our very best in praise of God in the person of Jesus Christ. From this worship flows an outward ministry of works to a city and world crying for mindful and responsive hands, feet, and hearts. &nbsp;<\\/p>\\r\\n<p>\\u201cIn God, that which is ancient never becomes old,\\u201d and we embrace this sentiment combining traditional liturgical worship with a radical inclusiveness deeply rooted in our parish\\u2019s history and celebrated by a vibrant diocese in which we serve.&nbsp; Please consider this parish as you look for a spiritual home. All are welcome.<\\/p>\\r\\n<p>With loving wishes,&nbsp;<\\/p>\\r\\n<p>Fr. John David van Dooren<br>Rector<\\/p>\"}}},\"11\":[\"207\"],\"12\":\"<p>Greetings and welcome to the Church of the Transfiguration, also known affectionately as the \\u201cLittle Church Around the Corner\\u201d.&nbsp;Our parish combines the beauty and depth of the Anglo-Catholic tradition with the warmth of a dear community of people seeking the presence of Christ in the center of the NoMad neighborhood in Manhattan.<\\/p>\",\"27\":\"Meghan Joseph\"}}', '2017-08-31 12:14:10', '2017-08-31 12:14:10', '4678910d-9574-42a5-b660-10e2c8bdb34e'),
 ('91', '115', '9', '1', 'en_us', '4', '', '{\"typeId\":\"9\",\"authorId\":\"1\",\"title\":\"Do All Dogs Go To Heaven?\",\"slug\":\"this-is-another-article\",\"postDate\":1504137600,\"expiryDate\":null,\"enabled\":1,\"parentId\":null,\"fields\":{\"28\":{\"116\":{\"type\":\"paragraph\",\"enabled\":\"1\",\"fields\":{\"text\":\"<p>Sem natoque nulla ligula ullamcorper facilisi semper conubia inceptos a risus aptent egestas dictumst vulputate at ultrices fermentum pretium hendrerit ad a. Suspendisse tristique consequat torquent ipsum hac cum a at ac at phasellus id fringilla dis risus auctor himenaeos parturient ac vestibulum dis faucibus litora. Ultrices et facilisi neque suscipit ad torquent convallis cras nisl condimentum a suspendisse felis vestibulum ridiculus suscipit nunc dapibus ac velit a.&nbsp;<\\/p>\\r\\n<p>Eleifend ut vivamus parturient hendrerit est parturient a nec elit a ante nec adipiscing condimentum velit montes metus eu sagittis enim. Turpis a diam ultricies arcu curabitur dignissim eleifend non aliquam interdum ad nulla tincidunt aenean aptent fringilla consectetur primis neque. Id scelerisque laoreet ad scelerisque ligula ut vestibulum praesent cras a habitant consectetur purus parturient. Eu laoreet nam in hac inceptos in hendrerit lobortis sociosqu cum elit aliquam condimentum ad a.&nbsp;<\\/p>\\r\\n<p>Vestibulum mi parturient auctor lectus suscipit curae litora lectus condimentum cubilia dui porttitor blandit ut. Faucibus penatibus a eros etiam pulvinar ultricies in a egestas vestibulum cum massa quisque interdum. Ullamcorper vestibulum parturient et mattis mi parturient sagittis praesent morbi netus condimentum fermentum ullamcorper ligula ante molestie hac phasellus facilisi class mattis blandit urna ridiculus ante magnis sociosqu a. Aliquet turpis ligula eros ad parturient parturient malesuada penatibus aliquet mi adipiscing ad pulvinar cubilia scelerisque laoreet penatibus vivamus a a scelerisque. Parturient ad massa cum nisi senectus massa taciti vestibulum accumsan magna in parturient nibh odio. A mi velit erat ullamcorper rutrum lacus vestibulum donec sit duis maecenas nam hendrerit gravida sed turpis enim scelerisque senectus laoreet quam lectus id adipiscing.&nbsp;<\\/p>\\r\\n<p>Habitasse vestibulum odio scelerisque eu dolor condimentum ornare urna dictumst velit a consectetur nisi parturient quisque scelerisque morbi vitae mus penatibus sociosqu nec eget at vestibulum feugiat interdum nascetur. Suscipit tortor purus semper sodales leo id vestibulum adipiscing montes adipiscing sed curae sodales porta nisi senectus mi conubia euismod senectus. Arcu eleifend suspendisse sociosqu velit laoreet a potenti risus justo suspendisse a vestibulum curabitur vel torquent a vehicula et tincidunt. Aliquet a malesuada parturient et potenti inceptos nec natoque sem scelerisque scelerisque nibh conubia condimentum nascetur phasellus. Torquent placerat a suspendisse sagittis vestibulum mi volutpat ultrices sed nam sagittis sociosqu dolor eget convallis sociis accumsan at.&nbsp;<\\/p>\\r\\n<p>Adipiscing parturient ad condimentum at a ac lacus montes rhoncus arcu vel condimentum magnis venenatis praesent sem scelerisque dis eleifend urna gravida a ullamcorper a nisi ullamcorper sed lacus. Natoque vel nullam curabitur eu sem eu purus suspendisse et accumsan scelerisque adipiscing sit adipiscing suspendisse consectetur lacinia sociis commodo vestibulum natoque egestas. Ut faucibus fringilla habitasse elementum odio euismod adipiscing varius massa in parturient a gravida nostra sit.&nbsp;<\\/p>\\r\\n<p>Facilisi parturient tempus parturient interdum leo dis ullamcorper scelerisque odio vulputate feugiat suspendisse a eu varius hac diam neque phasellus tempor. Aenean maecenas a neque sed a a tortor vestibulum ad eu aptent consectetur nullam tortor. Vestibulum facilisis pharetra imperdiet nullam rutrum sem suspendisse a litora a id eu lacinia elit mus morbi a in in sociosqu ad in id torquent sodales.<\\/p>\"}}},\"25\":\"\",\"26\":\"Mary Jane Gocher\",\"27\":\"\"}}', '2017-08-31 14:01:04', '2017-08-31 14:01:04', '477458b7-d704-443e-8918-b393d04309ff'),
 ('92', '115', '9', '1', 'en_us', '5', '', '{\"typeId\":\"9\",\"authorId\":\"1\",\"title\":\"Do All Dogs Go To Heaven?\",\"slug\":\"this-is-another-article\",\"postDate\":1504137600,\"expiryDate\":null,\"enabled\":1,\"parentId\":null,\"fields\":{\"28\":{\"116\":{\"type\":\"paragraph\",\"enabled\":\"1\",\"fields\":{\"text\":\"<p>Sem natoque nulla ligula ullamcorper facilisi semper conubia inceptos a risus aptent egestas dictumst vulputate at ultrices fermentum pretium hendrerit ad a. Suspendisse tristique consequat torquent ipsum hac cum a at ac at phasellus id fringilla dis risus auctor himenaeos parturient ac vestibulum dis faucibus litora. Ultrices et facilisi neque suscipit ad torquent convallis cras nisl condimentum a suspendisse felis vestibulum ridiculus suscipit nunc dapibus ac velit a.&nbsp;<\\/p>\\r\\n<p>Eleifend ut vivamus parturient hendrerit est parturient a nec elit a ante nec adipiscing condimentum velit montes metus eu sagittis enim. Turpis a diam ultricies arcu curabitur dignissim eleifend non aliquam interdum ad nulla tincidunt aenean aptent fringilla consectetur primis neque. Id scelerisque laoreet ad scelerisque ligula ut vestibulum praesent cras a habitant consectetur purus parturient. Eu laoreet nam in hac inceptos in hendrerit lobortis sociosqu cum elit aliquam condimentum ad a.&nbsp;<\\/p>\\r\\n<p>Vestibulum mi parturient auctor lectus suscipit curae litora lectus condimentum cubilia dui porttitor blandit ut. Faucibus penatibus a eros etiam pulvinar ultricies in a egestas vestibulum cum massa quisque interdum. Ullamcorper vestibulum parturient et mattis mi parturient sagittis praesent morbi netus condimentum fermentum ullamcorper ligula ante molestie hac phasellus facilisi class mattis blandit urna ridiculus ante magnis sociosqu a. Aliquet turpis ligula eros ad parturient parturient malesuada penatibus aliquet mi adipiscing ad pulvinar cubilia scelerisque laoreet penatibus vivamus a a scelerisque. Parturient ad massa cum nisi senectus massa taciti vestibulum accumsan magna in parturient nibh odio. A mi velit erat ullamcorper rutrum lacus vestibulum donec sit duis maecenas nam hendrerit gravida sed turpis enim scelerisque senectus laoreet quam lectus id adipiscing.&nbsp;<\\/p>\\r\\n<p>Habitasse vestibulum odio scelerisque eu dolor condimentum ornare urna dictumst velit a consectetur nisi parturient quisque scelerisque morbi vitae mus penatibus sociosqu nec eget at vestibulum feugiat interdum nascetur. Suscipit tortor purus semper sodales leo id vestibulum adipiscing montes adipiscing sed curae sodales porta nisi senectus mi conubia euismod senectus. Arcu eleifend suspendisse sociosqu velit laoreet a potenti risus justo suspendisse a vestibulum curabitur vel torquent a vehicula et tincidunt. Aliquet a malesuada parturient et potenti inceptos nec natoque sem scelerisque scelerisque nibh conubia condimentum nascetur phasellus. Torquent placerat a suspendisse sagittis vestibulum mi volutpat ultrices sed nam sagittis sociosqu dolor eget convallis sociis accumsan at.&nbsp;<\\/p>\\r\\n<p>Adipiscing parturient ad condimentum at a ac lacus montes rhoncus arcu vel condimentum magnis venenatis praesent sem scelerisque dis eleifend urna gravida a ullamcorper a nisi ullamcorper sed lacus. Natoque vel nullam curabitur eu sem eu purus suspendisse et accumsan scelerisque adipiscing sit adipiscing suspendisse consectetur lacinia sociis commodo vestibulum natoque egestas. Ut faucibus fringilla habitasse elementum odio euismod adipiscing varius massa in parturient a gravida nostra sit.&nbsp;<\\/p>\\r\\n<p>Facilisi parturient tempus parturient interdum leo dis ullamcorper scelerisque odio vulputate feugiat suspendisse a eu varius hac diam neque phasellus tempor. Aenean maecenas a neque sed a a tortor vestibulum ad eu aptent consectetur nullam tortor. Vestibulum facilisis pharetra imperdiet nullam rutrum sem suspendisse a litora a id eu lacinia elit mus morbi a in in sociosqu ad in id torquent sodales.<\\/p>\"}}},\"25\":[\"206\"],\"26\":\"Mary Jane Gocher\",\"27\":\"\"}}', '2017-08-31 14:01:46', '2017-08-31 14:01:46', 'abe87b91-cbf6-4737-8850-b762b5f01610'),
 ('93', '115', '9', '1', 'en_us', '6', '', '{\"typeId\":\"9\",\"authorId\":\"1\",\"title\":\"Do All Dogs Go To Heaven?\",\"slug\":\"this-is-another-article\",\"postDate\":1504137600,\"expiryDate\":null,\"enabled\":1,\"parentId\":null,\"fields\":{\"28\":{\"116\":{\"type\":\"paragraph\",\"enabled\":\"1\",\"fields\":{\"text\":\"<p>Sem natoque nulla ligula ullamcorper facilisi semper conubia inceptos a risus aptent egestas dictumst vulputate at ultrices fermentum pretium hendrerit ad a. Suspendisse tristique consequat torquent ipsum hac cum a at ac at phasellus id fringilla dis risus auctor himenaeos parturient ac vestibulum dis faucibus litora. Ultrices et facilisi neque suscipit ad torquent convallis cras nisl condimentum a suspendisse felis vestibulum ridiculus suscipit nunc dapibus ac velit a.&nbsp;<\\/p>\\r\\n<h2>Blessing of the Animals<\\/h2><p>Eleifend ut vivamus parturient hendrerit est parturient a nec elit a ante nec adipiscing condimentum velit montes metus eu sagittis enim. Turpis a diam ultricies arcu curabitur dignissim eleifend non aliquam interdum ad nulla tincidunt aenean aptent fringilla consectetur primis neque. Id scelerisque laoreet ad scelerisque ligula ut vestibulum praesent cras a habitant consectetur purus parturient. Eu laoreet nam in hac inceptos in hendrerit lobortis sociosqu cum elit aliquam condimentum ad a.&nbsp;<\\/p>\\r\\n<p>Vestibulum mi parturient auctor lectus suscipit curae litora lectus condimentum cubilia dui porttitor blandit ut. Faucibus penatibus a eros etiam pulvinar ultricies in a egestas vestibulum cum massa quisque interdum. Ullamcorper vestibulum parturient et mattis mi parturient sagittis praesent morbi netus condimentum fermentum ullamcorper ligula ante molestie hac phasellus facilisi class mattis blandit urna ridiculus ante magnis sociosqu a. Aliquet turpis ligula eros ad parturient parturient malesuada penatibus aliquet mi adipiscing ad pulvinar cubilia scelerisque laoreet penatibus vivamus a a scelerisque. Parturient ad massa cum nisi senectus massa taciti vestibulum accumsan magna in parturient nibh odio. A mi velit erat ullamcorper rutrum lacus vestibulum donec sit duis maecenas nam hendrerit gravida sed turpis enim scelerisque senectus laoreet quam lectus id adipiscing.&nbsp;<\\/p>\\r\\n<p>Adipiscing parturient ad condimentum at a ac lacus montes rhoncus arcu vel condimentum magnis venenatis praesent sem scelerisque dis eleifend urna gravida a ullamcorper a nisi ullamcorper sed lacus. Natoque vel nullam curabitur eu sem eu purus suspendisse et accumsan scelerisque adipiscing sit adipiscing suspendisse consectetur lacinia sociis commodo vestibulum natoque egestas. Ut faucibus fringilla habitasse elementum odio euismod adipiscing varius massa in parturient a gravida nostra sit.&nbsp;<br><\\/p>\\r\\n<p>Facilisi parturient tempus parturient interdum leo dis ullamcorper scelerisque odio vulputate feugiat suspendisse a eu varius hac diam neque phasellus tempor. Aenean maecenas a neque sed a a tortor vestibulum ad eu aptent consectetur nullam tortor. Vestibulum facilisis pharetra imperdiet nullam rutrum sem suspendisse a litora a id eu lacinia elit mus morbi a in in sociosqu ad in id torquent sodales.<\\/p>\"}}},\"25\":[\"206\"],\"26\":\"Mary Jane Gocher\",\"27\":\"\"}}', '2017-08-31 14:04:55', '2017-08-31 14:04:55', '145bb472-2cd8-41d6-a6fe-107cc4d81303'),
 ('94', '221', '9', '1', 'en_us', '1', '', '{\"typeId\":null,\"authorId\":\"1\",\"title\":\"The Garden\",\"slug\":\"the-garden\",\"postDate\":null,\"expiryDate\":null,\"enabled\":0,\"parentId\":null,\"fields\":{\"28\":\"\",\"25\":\"\",\"26\":\"\",\"27\":\"\"}}', '2017-08-31 14:07:29', '2017-08-31 14:07:29', '0b513dad-4214-4dd7-9903-0278af2f8b2d'),
 ('95', '221', '9', '1', 'en_us', '2', '', '{\"typeId\":\"9\",\"authorId\":\"1\",\"title\":\"The Garden\",\"slug\":\"the-garden\",\"postDate\":1504189343,\"expiryDate\":null,\"enabled\":1,\"parentId\":null,\"fields\":{\"28\":{\"new1\":{\"type\":\"paragraph\",\"enabled\":\"1\",\"fields\":{\"text\":\"<p>Besides being an oasis of rest and comfort for one and all,&nbsp;the garden provides a small but significant ecological benefit for&nbsp;everyone. The wide expanse of plants, shrubs and trees offsets carbon&nbsp;emissions, and the peace and quiet of the garden offer relief from the&nbsp;city\\u2019s noise pollution.&nbsp;<\\/p><p>Birds stop by to dip their beaks in the fountain.&nbsp;During the week, it\\u2019s a popular lunch spot for people who work in the&nbsp;neighborhood, and on Sundays in warm weather, it\\u2019s the site of coffee hour. This past summer, the garden was enhanced with the generous gift&nbsp;of a young tree from a friend at the nearby James Hotel. Please stop by if&nbsp;you\\u2019re in the neighborhood. You will always be welcome here.<\\/p>\"}}},\"25\":[\"223\"],\"26\":\"\",\"27\":\"\"}}', '2017-08-31 14:22:23', '2017-08-31 14:22:23', 'c682cfd4-e152-4e1b-956e-56cc82d31b2a'),
 ('96', '221', '9', '1', 'en_us', '3', '', '{\"typeId\":\"9\",\"authorId\":\"1\",\"title\":\"The Garden\",\"slug\":\"the-garden\",\"postDate\":1504189320,\"expiryDate\":null,\"enabled\":1,\"parentId\":null,\"fields\":{\"28\":{\"224\":{\"type\":\"paragraph\",\"enabled\":\"1\",\"fields\":{\"text\":\"<p>Besides being an oasis of rest and comfort for one and all,&nbsp;the garden provides a small but significant ecological benefit for&nbsp;everyone. The wide expanse of plants, shrubs and trees offsets carbon&nbsp;emissions, and the peace and quiet of the garden offer relief from the&nbsp;city\\u2019s noise pollution.&nbsp;<\\/p>\\r\\n<p>Birds stop by to dip their beaks in the fountain.&nbsp;During the week, it\\u2019s a popular lunch spot for people who work in the&nbsp;neighborhood, and on Sundays in warm weather, it\\u2019s the site of coffee hour. This past summer, the garden was enhanced with the generous gift&nbsp;of a young tree from a friend at the nearby James Hotel. Please stop by if&nbsp;you\\u2019re in the neighborhood. You will always be welcome here.<\\/p>\"}}},\"25\":[\"223\"],\"26\":\"\",\"27\":\"\"}}', '2017-08-31 14:22:31', '2017-08-31 14:22:31', 'dfb7ed4b-72c9-42d5-ad0a-e210d18ede40'),
 ('97', '221', '9', '1', 'en_us', '4', '', '{\"typeId\":\"9\",\"authorId\":\"1\",\"title\":\"The Garden\",\"slug\":\"the-garden\",\"postDate\":1504189320,\"expiryDate\":null,\"enabled\":1,\"parentId\":null,\"fields\":{\"28\":{\"224\":{\"type\":\"paragraph\",\"enabled\":\"1\",\"fields\":{\"text\":\"<p>Besides being an oasis of rest and comfort for one and all,&nbsp;the garden provides a small but significant ecological benefit for&nbsp;everyone. The wide expanse of plants, shrubs and trees offsets carbon&nbsp;emissions, and the peace and quiet of the garden offer relief from the&nbsp;city\\u2019s noise pollution.&nbsp;<\\/p>\\r\\n<p>Birds stop by to dip their beaks in the fountain.&nbsp;During the week, it\\u2019s a popular lunch spot for people who work in the&nbsp;neighborhood, and on Sundays in warm weather, it\\u2019s the site of coffee hour. This past summer, the garden was enhanced with the generous gift&nbsp;of a young tree from a friend at the nearby James Hotel. Please stop by if&nbsp;you\\u2019re in the neighborhood. You will always be welcome here.<\\/p>\"}}},\"25\":[\"223\"],\"26\":\"Mary Jane Gocher\",\"27\":\"\"}}', '2017-08-31 14:23:40', '2017-08-31 14:23:40', 'b346dd7d-91cc-4541-9457-6bb1783d97a9'),
 ('98', '221', '9', '1', 'en_us', '5', '', '{\"typeId\":\"9\",\"authorId\":\"1\",\"title\":\"The Garden\",\"slug\":\"the-garden\",\"postDate\":1504189320,\"expiryDate\":null,\"enabled\":1,\"parentId\":null,\"fields\":{\"28\":{\"224\":{\"type\":\"paragraph\",\"enabled\":\"1\",\"fields\":{\"text\":\"<p>Besides being an oasis of rest and comfort for one and all,&nbsp;the garden provides a small but significant ecological benefit for&nbsp;everyone. The wide expanse of plants, shrubs and trees offsets carbon&nbsp;emissions, and the peace and quiet of the garden offer relief from the&nbsp;city\\u2019s noise pollution.&nbsp;<\\/p>\\r\\n<p>Birds stop by to dip their beaks in the fountain.&nbsp;During the week, it\\u2019s a popular lunch spot for people who work in the&nbsp;neighborhood, and on Sundays in warm weather, it\\u2019s the site of coffee hour. This past summer, the garden was enhanced with the generous gift&nbsp;of a young tree from a friend at the nearby James Hotel. Please stop by if&nbsp;you\\u2019re in the neighborhood. You will always be welcome here.<\\/p>\"}}},\"25\":[\"223\"],\"26\":\"Mary Jane Gocher\",\"27\":\"\"}}', '2017-08-31 14:23:49', '2017-08-31 14:23:49', '834857e0-3a81-4e9e-9506-cf254e5fee0c'),
 ('99', '221', '9', '1', 'en_us', '6', '', '{\"typeId\":\"9\",\"authorId\":\"1\",\"title\":\"The Garden\",\"slug\":\"the-garden\",\"postDate\":1503930120,\"expiryDate\":null,\"enabled\":1,\"parentId\":null,\"fields\":{\"28\":{\"224\":{\"type\":\"paragraph\",\"enabled\":\"1\",\"fields\":{\"text\":\"<p>Besides being an oasis of rest and comfort for one and all,&nbsp;the garden provides a small but significant ecological benefit for&nbsp;everyone. The wide expanse of plants, shrubs and trees offsets carbon&nbsp;emissions, and the peace and quiet of the garden offer relief from the&nbsp;city\\u2019s noise pollution.&nbsp;<\\/p>\\r\\n<p>Birds stop by to dip their beaks in the fountain.&nbsp;During the week, it\\u2019s a popular lunch spot for people who work in the&nbsp;neighborhood, and on Sundays in warm weather, it\\u2019s the site of coffee hour. This past summer, the garden was enhanced with the generous gift&nbsp;of a young tree from a friend at the nearby James Hotel. Please stop by if&nbsp;you\\u2019re in the neighborhood. You will always be welcome here.<\\/p>\"}}},\"25\":[\"223\"],\"26\":\"Mary Jane Gocher\",\"27\":\"\"}}', '2017-08-31 14:24:08', '2017-08-31 14:24:08', 'bd3a2f26-030e-44e9-833d-b76aaad99e36'),
 ('100', '87', '7', '1', 'en_us', '7', '', '{\"typeId\":\"7\",\"authorId\":\"1\",\"title\":\"Who We Are\",\"slug\":\"who-we-are\",\"postDate\":1503949200,\"expiryDate\":null,\"enabled\":1,\"parentId\":null,\"fields\":{\"3\":\"Who We Are\",\"13\":{\"88\":{\"type\":\"bioGroup\",\"enabled\":\"1\",\"fields\":{\"bioType\":\"Leadership\",\"individual\":[\"78\",\"76\"]}}},\"11\":[\"208\"],\"12\":\"<p>Consequat orci a cum suspendisse pretium orci dui dapibus ultricies nisi vulputate erat a dui. Ultricies enim a ut per egestas augue dis ad tellus mus a hac ac a scelerisque ullamcorper eupraesent quisque adipiscing. Erat purus ante habitasse mus interdum scelerisque a hac fermentum cum conguesuspendisse scelerisque auctor condimentum eu ipsum varius cursus a tempus aenean consectetur et a. Cubilia scelerisque ligula fusce a consequat vel fames a arcu mi nisl et at ultrices nunc. Sem inceptos sociosqu interdum adipiscing quis aliquam adipiscing vel taciti enim penatibus et ullamcorper venenatis.<\\/p>\",\"27\":\"\"}}', '2017-08-31 14:47:19', '2017-08-31 14:47:19', 'bef97cae-f97a-4be5-bfbe-9583f346c003'),
 ('101', '94', '9', '1', 'en_us', '30', '', '{\"typeId\":\"9\",\"authorId\":\"1\",\"title\":\"Good Things Come In Threes\",\"slug\":\"good-things-come-in-threes\",\"postDate\":1504084080,\"expiryDate\":null,\"enabled\":1,\"parentId\":null,\"fields\":{\"28\":{\"107\":{\"type\":\"paragraph\",\"enabled\":\"1\",\"fields\":{\"text\":\"<p>I was paging my way through <em>Holy Men, Holy Women<\\/em> on a fact-checking mission when I came across the entry for December 16<sup>th<\\/sup>.<\\/p>\\r\\n<p>\\r\\n<\\/p>\\r\\n<p>I was stunned to see that this day had been set apart to honor two architects and an artist whose work was represented here at Transfiguration:&nbsp; Ralph Adams Cram, designer of St. Thomas Church NYC and the nave of the Cathedral of St. John the Divine, Richard Upjohn, the designer of Trinity Church on Wall Street in lower Manhattan, and John Lafarge, painter of murals and designer of many notable stained glass windows.<\\/p>\\r\\n<p>\\r\\n<\\/p>\\r\\n<p><em>Holy Men, Holy Women<\\/em> encourages us to offer thanks for \\u201cthe vision of Ralph Adams Cram, John LaFarge and Richard Upjohn, whose harmonious revival of the Gothic enriched our churches with a sacramental understanding of reality in the face of secular materialism&hellip;\\u201d *<\\/p>\"}},\"111\":{\"type\":\"figure\",\"enabled\":\"1\",\"fields\":{\"image\":[\"211\"],\"altAttribute\":\"John LaFarge\\u2019s magnificent window depicting Edwin Booth\",\"caption\":\"<p>John LaFarge\\u2019s magnificent window depicting Edwin Booth<\\/p>\",\"enlarge\":\"1\",\"orientation\":\"vertical\"}},\"108\":{\"type\":\"paragraph\",\"enabled\":\"1\",\"fields\":{\"text\":\"<p><em>Holy Men, Holy Women<\\/em>&nbsp;encourages us to offer thanks for \\u201cthe vision of Ralph Adams Cram, John LaFarge and Richard Upjohn, whose harmonious revival of the Gothic enriched our churches with a sacramental understanding of reality in the face of secular materialism&hellip;\\u201d *<br><\\/p>\\r\\n<p>Ralph Adams Cram was the designer of our beautiful polychromed wood Madonna Shrine, located in the Transept. It was donated by Mr. F. E. Saxham Drury in memory of Elbridge T. Gerry and Mabel Gerry Drury.<br><\\/p>\\r\\n<p>Turn to your right, and there is John LaFarge\\u2019s magnificent window depicting Edwin Booth, the leading Shakespearean actor of his time, holding a mask and dressed in Greco-Roman costume.&nbsp; (Edwin Booth was the brother of the notorious John Wilkes Booth, President Lincoln\\u2019s assassin.) The window was given in his memory in 1898 by members of the Players Club, which he founded.<\\/p>\"}},\"123\":{\"type\":\"paragraph\",\"enabled\":\"1\",\"fields\":{\"text\":\"<p>Ralph Adams Cram was the designer of our beautiful polychromed wood Madonna Shrine, located in the Transept.&nbsp; It was donated by Mr. F. E. Saxham Drury in memory of Elbridge T. Gerry and Mabel Gerry Drury.<\\/p>\\r\\n<p>And a few steps away, near the chancel on the northeast side of the nave, stands Richard Upjohn\\u2019s beautiful and intricate brass filigree pulpit.<\\/p>\"}},\"122\":{\"type\":\"figure\",\"enabled\":\"1\",\"fields\":{\"image\":[\"216\"],\"altAttribute\":\"Richard Upjohn\\u2019s beautiful and intricate brass filigree pulpit\",\"caption\":\"<p>Richard Upjohn\\u2019s beautiful and intricate brass filigree pulpit<\\/p>\",\"enlarge\":\"1\",\"orientation\":\"horizontal\"}},\"126\":{\"type\":\"paragraph\",\"enabled\":\"1\",\"fields\":{\"text\":\"<p>How fortunate we are to have works by all three of these masters under the roof of the \\u201cLittle Church\\u201d.&nbsp; I will give thanks when December 16<sup>th<\\/sup>&nbsp;rolls around.<\\/p>\"}},\"218\":{\"type\":\"footnote\",\"enabled\":\"1\",\"fields\":{\"text\":\"<p><em>Holy Women, Holy Men: Celebrating the Saints<\\/em> by Church Publishing Incorporated<\\/p>\"}}},\"25\":[\"205\"],\"26\":\"Mary Jane Gocher\",\"27\":\"Corey Schneider\"}}', '2017-08-31 17:46:16', '2017-08-31 17:46:16', '20a51b86-7f0b-490d-9020-641575098196'),
 ('106', '234', '7', '1', 'en_us', '1', '', '{\"typeId\":null,\"authorId\":\"1\",\"title\":\"Our History\",\"slug\":\"our-history\",\"postDate\":1504211274,\"expiryDate\":null,\"enabled\":1,\"parentId\":null,\"fields\":{\"3\":\"\",\"13\":\"\",\"11\":\"\",\"12\":\"\",\"27\":\"\"}}', '2017-08-31 20:27:54', '2017-08-31 20:27:54', '786f6212-5de0-4013-978f-5ddf602d70d1'),
 ('107', '234', '7', '1', 'en_us', '2', '', '{\"typeId\":\"7\",\"authorId\":\"1\",\"title\":\"Our History\",\"slug\":\"our-history\",\"postDate\":1504211220,\"expiryDate\":null,\"enabled\":1,\"parentId\":null,\"fields\":{\"3\":\"\",\"13\":{\"new1\":{\"type\":\"generalSection\",\"enabled\":\"1\",\"fields\":{\"text\":\"<h2>Sem inceptos sociosqu interdum<\\/h2>\\r\\n<p>Consequat orci a cum suspendisse pretium orci dui dapibus ultricies nisi vulputate erat a dui. Ultricies enim a ut per egestas augue dis ad tellus mus a hac ac a scelerisque ullamcorper eupraesent quisque adipiscing. Erat purus ante habitasse mus interdum scelerisque a hac fermentum cum conguesuspendisse scelerisque auctor condimentum eu ipsum varius cursus a tempus aenean consectetur et a. Cubilia scelerisque ligula fusce a consequat vel fames a arcu mi nisl et at ultrices nunc. Sem inceptos sociosqu interdum adipiscing quis aliquam adipiscing vel taciti enim penatibus et ullamcorper venenatis.<\\/p>\"}}},\"11\":[\"235\"],\"12\":\"<p>Consequat orci a cum suspendisse pretium orci dui dapibus ultricies nisi vulputate erat a dui. Ultricies enim a ut per egestas augue dis ad tellus mus a hac ac a scelerisque ullamcorper eupraesent quisque adipiscing. Erat purus ante habitasse mus interdum scelerisque a hac fermentum cum conguesuspendisse scelerisque auctor condimentum eu ipsum varius cursus a tempus aenean consectetur et a. Cubilia scelerisque ligula fusce a consequat vel fames a arcu mi nisl et at ultrices nunc. Sem inceptos sociosqu interdum adipiscing quis aliquam adipiscing vel taciti enim penatibus et ullamcorper venenatis.<\\/p>\",\"27\":\"\"}}', '2017-08-31 20:29:51', '2017-08-31 20:29:51', 'f1490147-cd5d-489e-9e63-ed33f864329a');
INSERT INTO `craft_entryversions` (`id`, `entryId`, `sectionId`, `creatorId`, `locale`, `num`, `notes`, `data`, `dateCreated`, `dateUpdated`, `uid`) VALUES
 ('108', '239', '7', '1', 'en_us', '1', '', '{\"typeId\":null,\"authorId\":\"1\",\"title\":\"Parish Life\",\"slug\":\"parish-life\",\"postDate\":1504211776,\"expiryDate\":null,\"enabled\":1,\"parentId\":null,\"fields\":{\"3\":\"\",\"13\":{\"new1\":{\"type\":\"generalSection\",\"enabled\":\"1\",\"fields\":{\"text\":\"<p><span class=\\\"aBn\\\" data-term=\\\"goog_1238699488\\\" tabindex=\\\"0\\\">Sunday<\\/span>&nbsp;Coffee Hours also afford parishioners and newcomers opportunities to interact and to build relationships that often result in invitations to break bread or to take advantage of the many cultural events in New York.&nbsp; Fundraisers, like our Spring Music Gala, are also a great way to interact with fellow parishioners and to enjoy the talent and hospitality of our parish.<\\/p>\\r\\n<p>Sign up for our&nbsp;<a href=\\\"http:\\/\\/lc-craft\\/grace\\/entries\\/about\\/new#\\\">weekly&nbsp;Friday&nbsp;blasts<\\/a>&nbsp;and check&nbsp;<a href=\\\"http:\\/\\/lc-craft\\/grace\\/entries\\/about\\/new#\\\">our calendar<\\/a><span class=\\\"redactor-unlink\\\"><\\/span>&nbsp;for upcoming events and opportunities to participate in the robust Parish Life of Church of the Transfiguration.<\\/p><p><\\/p>\"}}},\"11\":[\"238\"],\"12\":\"<p>Building community is an important part of Church of the Transfiguration both spiritually and socially.&nbsp; Many of our parishioners gather each week&nbsp;<span class=\\\"aBn\\\" data-term=\\\"goog_1238699486\\\" tabindex=\\\"0\\\"><span class=\\\"aQJ\\\">on Thursday<\\/span><\\/span>&nbsp;to participate in worship and Bible Study, while others enjoy going to a local restaurant after&nbsp;<span class=\\\"aBn\\\" data-term=\\\"goog_1238699487\\\" tabindex=\\\"0\\\"><span class=\\\"aQJ\\\">Sunday<\\/span><\\/span>&nbsp;mass to enjoy brunch and social fellowship.<\\/p>\",\"27\":\"\"}}', '2017-08-31 20:36:16', '2017-08-31 20:36:16', '36f59dec-6af5-47d9-95b9-6ca6cfad0339'),
 ('109', '239', '7', '1', 'en_us', '2', '', '{\"typeId\":\"7\",\"authorId\":\"1\",\"title\":\"Parish Life\",\"slug\":\"parish-life\",\"postDate\":1504211760,\"expiryDate\":null,\"enabled\":1,\"parentId\":null,\"fields\":{\"3\":\"\",\"13\":{\"240\":{\"type\":\"generalSection\",\"enabled\":\"1\",\"fields\":{\"text\":\"<p>Sunday&nbsp;Coffee Hours also afford parishioners and newcomers opportunities to interact and to build relationships that often result in invitations to break bread or to take advantage of the many cultural events in New York.&nbsp; Fundraisers, like our Spring Music Gala, are also a great way to interact with fellow parishioners and to enjoy the talent and hospitality of our parish.<\\/p>\\r\\n<p>Sign up for our&nbsp;<a href=\\\"http:\\/\\/lc-craft\\/grace\\/entries\\/about\\/new#\\\">weekly&nbsp;Friday&nbsp;blasts<\\/a>&nbsp;and check&nbsp;<a href=\\\"http:\\/\\/lc-craft\\/grace\\/entries\\/about\\/new#\\\">our calendar<\\/a>&nbsp;for upcoming events and opportunities to participate in the robust Parish Life of Church of the Transfiguration.<\\/p>\"}}},\"11\":[\"238\"],\"12\":\"<p>Building community is an important part of Church of the Transfiguration both spiritually and socially.&nbsp; Many of our parishioners gather each week&nbsp;on Thursday&nbsp;to participate in worship and Bible Study, while others enjoy going to a local restaurant after&nbsp;Sunday&nbsp;mass to enjoy brunch and social fellowship.<\\/p>\",\"27\":\"\"}}', '2017-08-31 20:36:25', '2017-08-31 20:36:25', '61b48381-b8a9-401c-8832-267fd4ae7993'),
 ('110', '239', '7', '1', 'en_us', '3', '', '{\"typeId\":\"7\",\"authorId\":\"1\",\"title\":\"Parish Life\",\"slug\":\"parish-life\",\"postDate\":1504211760,\"expiryDate\":null,\"enabled\":1,\"parentId\":null,\"fields\":{\"3\":\"\",\"13\":{\"240\":{\"type\":\"generalSection\",\"enabled\":\"1\",\"fields\":{\"text\":\"<p>Sunday&nbsp;Coffee Hours also afford parishioners and newcomers opportunities to interact and to build relationships that often result in invitations to break bread or to take advantage of the many cultural events in New York.&nbsp; Fundraisers, like our Spring Music Gala, are also a great way to interact with fellow parishioners and to enjoy the talent and hospitality of our parish.<\\/p>\\r\\n<p>Sign up for our&nbsp;<a href=\\\"http:\\/\\/lc-craft\\/grace\\/entries\\/about\\/new#\\\">weekly&nbsp;Friday&nbsp;blasts<\\/a>&nbsp;and check&nbsp;<a href=\\\"http:\\/\\/lc-craft\\/grace\\/entries\\/about\\/new#\\\">our calendar<\\/a>&nbsp;for upcoming events and opportunities to participate in the robust Parish Life of Church of the Transfiguration.<\\/p>\"}}},\"11\":[\"238\"],\"12\":\"<p>Building community is an important part of Church of the Transfiguration both spiritually and socially.&nbsp; Many of our parishioners gather each week&nbsp;on Thursday&nbsp;to participate in worship and Bible Study, while others enjoy going to a local restaurant after&nbsp;Sunday&nbsp;mass to enjoy brunch and social fellowship.<\\/p>\",\"27\":\"\"}}', '2017-08-31 20:52:38', '2017-08-31 20:52:38', '9ac9424a-5aae-456e-94fd-3b16f2a91fc9'),
 ('111', '239', '7', '1', 'en_us', '4', '', '{\"typeId\":\"7\",\"authorId\":\"1\",\"title\":\"Parish Life\",\"slug\":\"parish-life\",\"postDate\":1504211760,\"expiryDate\":null,\"enabled\":1,\"parentId\":null,\"fields\":{\"3\":\"\",\"13\":{\"240\":{\"type\":\"generalSection\",\"enabled\":\"1\",\"fields\":{\"text\":\"<p>Sunday&nbsp;Coffee Hours also afford parishioners and newcomers opportunities to interact and to build relationships that often result in invitations to break bread or to take advantage of the many cultural events in New York.&nbsp; Fundraisers, like our Spring Music Gala, are also a great way to interact with fellow parishioners and to enjoy the talent and hospitality of our parish.<\\/p>\\r\\n<p>Sign up for our&nbsp;<a href=\\\"http:\\/\\/lc-craft\\/grace\\/entries\\/about\\/new#\\\">weekly&nbsp;Friday&nbsp;blasts<\\/a>&nbsp;and check&nbsp;<a href=\\\"http:\\/\\/lc-craft\\/grace\\/entries\\/about\\/new#\\\">our calendar<\\/a>&nbsp;for upcoming events and opportunities to participate in the robust Parish Life of Church of the Transfiguration.<\\/p>\"}}},\"11\":[\"238\"],\"12\":\"<p>Building community is an important part of Church of the Transfiguration both spiritually and socially.&nbsp; Many of our parishioners gather each week&nbsp;on Thursday&nbsp;to participate in worship and Bible Study, while others enjoy going to a local restaurant after&nbsp;Sunday&nbsp;mass to enjoy brunch and social fellowship.<\\/p>\",\"27\":\"\"}}', '2017-08-31 20:54:45', '2017-08-31 20:54:45', '8902f01d-22ef-40e1-9195-7e28890de752'),
 ('112', '239', '7', '1', 'en_us', '5', '', '{\"typeId\":\"7\",\"authorId\":\"1\",\"title\":\"Parish Life\",\"slug\":\"parish-life\",\"postDate\":1504211760,\"expiryDate\":null,\"enabled\":1,\"parentId\":null,\"fields\":{\"3\":\"\",\"13\":{\"240\":{\"type\":\"generalSection\",\"enabled\":\"1\",\"fields\":{\"text\":\"<p>Sunday&nbsp;Coffee Hours also afford parishioners and newcomers opportunities to interact and to build relationships that often result in invitations to break bread or to take advantage of the many cultural events in New York. Fundraisers, like our Spring Music Gala, are also a great way to interact with fellow parishioners and to enjoy the talent and hospitality of our parish.<\\/p>\\r\\n<p>Sign up for our&nbsp;<a href=\\\"http:\\/\\/lc-craft\\/grace\\/entries\\/about\\/new#\\\">weekly&nbsp;Friday&nbsp;blasts<\\/a>&nbsp;and check&nbsp;<a href=\\\"http:\\/\\/lc-craft\\/grace\\/entries\\/about\\/new#\\\">our calendar<\\/a>&nbsp;for upcoming events and opportunities to participate in the robust Parish Life of Church of the Transfiguration.<\\/p>\"}}},\"11\":[\"238\"],\"12\":\"<p>Building community is an important part of Church of the Transfiguration both spiritually and socially. Many of our parishioners gather each week&nbsp;on Thursday&nbsp;to participate in worship and Bible Study, while others enjoy going to a local restaurant after&nbsp;Sunday&nbsp;mass to enjoy brunch and social fellowship.<\\/p>\",\"27\":\"\"}}', '2017-09-01 09:33:22', '2017-09-01 09:33:22', '291dbd98-854f-43fe-9e04-8964839fbc55'),
 ('113', '244', '10', '1', 'en_us', '1', '', '{\"typeId\":null,\"authorId\":\"1\",\"title\":\"Whorship Schedule\",\"slug\":\"whorship-schedule\",\"postDate\":1504260795,\"expiryDate\":null,\"enabled\":1,\"parentId\":null,\"fields\":{\"3\":\"\",\"13\":{\"new1\":{\"type\":\"generalSection\",\"enabled\":\"1\",\"fields\":{\"text\":\"<p>At the center of our worship is emphasis on both Word and Table. Little Church clergy are considered <a href=\\\"#\\\">excellent preachers<\\/a>&nbsp;who connect lectionary readings with Biblical context and current challenges with a smattering of personal stories and humor. Transfiguration acolytes do an extraordinary job in ensuring the Eucharist is celebrated with majesty and dignity, and the authentic expertise of <a href=\\\"#\\\">our choirs<\\/a>&nbsp;draws worshippers closer to the love of Jesus Christ through some of the most beloved hymns of the Church.<\\/p>\\r\\n<p>Below is the current worship schedule. Please consider joining us!<\\/p>\"}}},\"11\":[\"243\"],\"12\":\"<p>The cornerstone of Transfiguration\\u2019s spirituality is how we express and demonstrate God\\u2019s inclusive love through liturgy, music and worship. As an Anglo-Catholic parish, Transfiguration honors traditional liturgy with a full complement of meaningful preaching and music.<\\/p>\",\"27\":\"\"}}', '2017-09-01 10:13:16', '2017-09-01 10:13:16', '9a72c2e3-7c7c-48d6-a7c6-7f88e7bbb276'),
 ('114', '244', '10', '1', 'en_us', '2', '', '{\"typeId\":\"10\",\"authorId\":\"1\",\"title\":\"Worship Schedule\",\"slug\":\"whorship-schedule\",\"postDate\":1504260780,\"expiryDate\":null,\"enabled\":1,\"parentId\":null,\"fields\":{\"3\":\"\",\"13\":{\"245\":{\"type\":\"generalSection\",\"enabled\":\"1\",\"fields\":{\"text\":\"<p>At the center of our worship is emphasis on both Word and Table. Little Church clergy are considered <a href=\\\"#\\\">excellent preachers<\\/a>&nbsp;who connect lectionary readings with Biblical context and current challenges with a smattering of personal stories and humor. Transfiguration acolytes do an extraordinary job in ensuring the Eucharist is celebrated with majesty and dignity, and the authentic expertise of <a href=\\\"#\\\">our choirs<\\/a>&nbsp;draws worshippers closer to the love of Jesus Christ through some of the most beloved hymns of the Church.<\\/p>\\r\\n<p>Below is the current worship schedule. Please consider joining us!<\\/p>\"}}},\"11\":[\"243\"],\"12\":\"<p>The cornerstone of Transfiguration\\u2019s spirituality is how we express and demonstrate God\\u2019s inclusive love through liturgy, music and worship. As an Anglo-Catholic parish, Transfiguration honors traditional liturgy with a full complement of meaningful preaching and music.<\\/p>\",\"27\":\"\"}}', '2017-09-01 10:13:37', '2017-09-01 10:13:37', '2af9c9cc-81ac-444d-89f7-b95224281972'),
 ('115', '244', '10', '1', 'en_us', '3', '', '{\"typeId\":\"10\",\"authorId\":\"1\",\"title\":\"Worship Schedule\",\"slug\":\"worship-schedule\",\"postDate\":1504260780,\"expiryDate\":null,\"enabled\":1,\"parentId\":null,\"fields\":{\"3\":\"\",\"13\":{\"245\":{\"type\":\"generalSection\",\"enabled\":\"1\",\"fields\":{\"text\":\"<p>At the center of our worship is emphasis on both Word and Table. Little Church clergy are considered <a href=\\\"#\\\">excellent preachers<\\/a>&nbsp;who connect lectionary readings with Biblical context and current challenges with a smattering of personal stories and humor. Transfiguration acolytes do an extraordinary job in ensuring the Eucharist is celebrated with majesty and dignity, and the authentic expertise of <a href=\\\"#\\\">our choirs<\\/a>&nbsp;draws worshippers closer to the love of Jesus Christ through some of the most beloved hymns of the Church.<\\/p>\\r\\n<p>Below is the current worship schedule. Please consider joining us!<\\/p>\"}}},\"11\":[\"243\"],\"12\":\"<p>The cornerstone of Transfiguration\\u2019s spirituality is how we express and demonstrate God\\u2019s inclusive love through liturgy, music and worship. As an Anglo-Catholic parish, Transfiguration honors traditional liturgy with a full complement of meaningful preaching and music.<\\/p>\",\"27\":\"\"}}', '2017-09-01 10:13:45', '2017-09-01 10:13:45', '35f826fc-7a14-4b68-b763-04d6bdf4e1f6'),
 ('116', '244', '10', '1', 'en_us', '4', '', '{\"typeId\":\"10\",\"authorId\":\"1\",\"title\":\"Worship Schedule\",\"slug\":\"worship-schedule\",\"postDate\":1504260780,\"expiryDate\":null,\"enabled\":1,\"parentId\":null,\"fields\":{\"3\":\"\",\"13\":{\"245\":{\"type\":\"generalSection\",\"enabled\":\"1\",\"fields\":{\"text\":\"<p>At the center of our worship is emphasis on both Word and Table. Little Church clergy are considered <a href=\\\"#\\\">excellent preachers<\\/a>&nbsp;who connect lectionary readings with Biblical context and current challenges with a smattering of personal stories and humor. Transfiguration acolytes do an extraordinary job in ensuring the Eucharist is celebrated with majesty and dignity, and the authentic expertise of <a href=\\\"#\\\">our choirs<\\/a>&nbsp;draws worshippers closer to the love of Jesus Christ through some of the most beloved hymns of the Church.<\\/p>\\r\\n<p>Below is the current worship schedule. Please consider joining us!<\\/p>\"}}},\"11\":[\"243\"],\"12\":\"<p>The cornerstone of Transfiguration\\u2019s spirituality is how we express and demonstrate God\\u2019s inclusive love through liturgy, music and worship. As an Anglo-Catholic parish, Transfiguration honors traditional liturgy with a full complement of meaningful preaching and music.<\\/p>\",\"27\":\"\"}}', '2017-09-01 10:13:52', '2017-09-01 10:13:52', 'ebadf824-1e08-4abc-93df-29ac63bbc34c'),
 ('117', '234', '7', '1', 'en_us', '3', '', '{\"typeId\":\"7\",\"authorId\":\"1\",\"title\":\"Our History\",\"slug\":\"our-history\",\"postDate\":1504211220,\"expiryDate\":null,\"enabled\":1,\"parentId\":null,\"fields\":{\"3\":\"\",\"13\":{\"236\":{\"type\":\"generalSection\",\"enabled\":\"1\",\"fields\":{\"text\":\"<h2>The Civil War<\\/h2><p><span class=\\\"s1\\\" <the=\\\"\\\" parish=\\\"\\\" had=\\\"\\\" only=\\\"\\\" been=\\\"\\\" established=\\\"\\\" for=\\\"\\\" a=\\\"\\\" few=\\\"\\\" years,=\\\"\\\" when=\\\"\\\" the=\\\"\\\" civil=\\\"\\\" war=\\\"\\\" broke=\\\"\\\" out.=\\\"\\\">span class=\\\"Apple-converted-space\\\"&gt;&nbsp; <\\/span>During this time, the church was a stop on the Underground Railroad, sheltering escaped slaves on their journey north.<span class=\\\"Apple-converted-space\\\">&nbsp; <\\/span>It was a place of refuge for African Americans during the New York Draft Riots of 1863 --three days of lawlessness, destruction, bloodshed, and lynchings.<\\/p>\\r\\n\"}}},\"11\":[\"235\"],\"12\":\"<p><span class=\\\"s1\\\">The Civil War<\\/span><\\/p><p><span class=\\\"s1\\\">The parish had only been established for a few years, when the Civil War broke out. &nbsp;During this time, the church was a stop on the Underground Railroad, sheltering escaped slaves on their journey north. &nbsp;It was a place of refuge for African Americans during the New York Draft Riots of 1863&mdash;three days of lawlessness, destruction, bloodshed, and lynchings.<\\/span><\\/p>\",\"27\":\"\"}}', '2017-09-04 20:45:14', '2017-09-04 20:45:14', 'd5110712-b60e-41f0-beee-cf09830639dd'),
 ('118', '234', '7', '1', 'en_us', '4', '', '{\"typeId\":\"7\",\"authorId\":\"1\",\"title\":\"A Brief History\",\"slug\":\"our-history\",\"postDate\":1504211220,\"expiryDate\":null,\"enabled\":1,\"parentId\":null,\"fields\":{\"3\":\"\",\"13\":{\"236\":{\"type\":\"generalSection\",\"enabled\":\"1\",\"fields\":{\"text\":\"<h2>The Civil War<\\/h2>\\r\\n<p>span class=\\\"Apple-converted-space\\\"&gt;&nbsp; During this time, the church was a stop on the Underground Railroad, sheltering escaped slaves on their journey north.&nbsp; It was a place of refuge for African Americans during the New York Draft Riots of 1863 --three days of lawlessness, destruction, bloodshed, and lynchings.<\\/p>\"}}},\"11\":[\"235\"],\"12\":\"<p>Church of the Transfiguration parish was founded in 1848. &nbsp;The building itself dates from 1850; it was made a national landmark in 1973. &nbsp;The founder, the Rev. Dr. George Hendric Houghton wanted to build a church that would serve the needs of the poor and marginalized, and would welcome all regardless of race, class or background.<\\/p>\",\"27\":\"\"}}', '2017-09-04 20:47:46', '2017-09-04 20:47:46', '08a3212e-6f8b-4df0-aa41-d81e9749f0bd'),
 ('119', '234', '7', '1', 'en_us', '5', '', '{\"typeId\":\"7\",\"authorId\":\"1\",\"title\":\"A Brief History\",\"slug\":\"our-history\",\"postDate\":1504211220,\"expiryDate\":null,\"enabled\":1,\"parentId\":null,\"fields\":{\"3\":\"\",\"13\":{\"236\":{\"type\":\"generalSection\",\"enabled\":\"1\",\"fields\":{\"text\":\"<h2>The Civil War<\\/h2><p>The parish had only been established for a few years, when the Civil War broke out. &nbsp;During this time, the church was a stop on the Underground Railroad, sheltering escaped slaves on their journey north. &nbsp;It was a place of refuge for African Americans during the New York Draft Riots of 1863&mdash;three days of lawlessness, destruction, bloodshed, and lynchings<\\/p>\"}}},\"11\":[\"235\"],\"12\":\"<p>Church of the Transfiguration parish was founded in 1848. &nbsp;The building itself dates from 1850; it was made a national landmark in 1973. &nbsp;The founder, the Rev. Dr. George Hendric Houghton wanted to build a church that would serve the needs of the poor and marginalized, and would welcome all regardless of race, class or background.<\\/p>\",\"27\":\"\"}}', '2017-09-04 20:48:57', '2017-09-04 20:48:57', 'be909ff5-c873-4568-86b3-f9da956a2419'),
 ('120', '234', '7', '1', 'en_us', '6', '', '{\"typeId\":\"7\",\"authorId\":\"1\",\"title\":\"A Brief History\",\"slug\":\"our-history\",\"postDate\":1504211220,\"expiryDate\":null,\"enabled\":1,\"parentId\":null,\"fields\":{\"3\":\"\",\"13\":{\"236\":{\"type\":\"generalSection\",\"enabled\":\"1\",\"fields\":{\"text\":\"<h2>The Civil War<\\/h2>\\r\\n<p>The parish had only been established for a few years, when the Civil War broke out. &nbsp;During this time, the church was a stop on the Underground Railroad, sheltering escaped slaves on their journey north. It was a place of refuge for African Americans during the New York Draft Riots of 1863&mdash;three days of lawlessness, destruction, bloodshed, and lynchings.<\\/p>\"}}},\"11\":[\"235\"],\"12\":\"<p>Church of the Transfiguration parish was founded in 1848. &nbsp;The building itself dates from 1850; it was made a national landmark in 1973. &nbsp;The founder, the Rev. Dr. George Hendric Houghton wanted to build a church that would serve the needs of the poor and marginalized, and would welcome all regardless of race, class or background.<\\/p>\",\"27\":\"\"}}', '2017-09-04 20:49:59', '2017-09-04 20:49:59', '8913e68a-4e85-49aa-ba36-8cd9403f8a05'),
 ('121', '234', '7', '1', 'en_us', '7', '', '{\"typeId\":\"7\",\"authorId\":\"1\",\"title\":\"A Brief History\",\"slug\":\"our-history\",\"postDate\":1504211220,\"expiryDate\":null,\"enabled\":1,\"parentId\":null,\"fields\":{\"3\":\"\",\"13\":{\"236\":{\"type\":\"generalSection\",\"enabled\":\"1\",\"fields\":{\"text\":\"<h2>The Civil War<\\/h2>\\r\\n<p>The parish had only been established for a few years, when the Civil War broke out. &nbsp;During this time, the church was a stop on the Underground Railroad, sheltering escaped slaves on their journey north. It was a place of refuge for African Americans during the New York Draft Riots of 1863&mdash;three days of lawlessness, destruction, bloodshed, and lynchings.<\\/p><h2>The Nickname<\\/h2><p>A few days before Christmas in 1890, Joseph Jefferson, an actor renowned for his portrayal of Rip Van Winkle, approached the rector of the now-defunct Church of the Atonement to request a funeral for his friend and fellow actor, George Holland. &nbsp;Upon learning that the deceased was an actor, the rector refused to hold a funeral for the man in his church. &nbsp;Joseph Jefferson persisted, and asked if there was a church in the area that would hold services for his friend. &nbsp;The rector said, \\u201cI believe there is a little church around the corner where it might be done.\\u201d &nbsp;Jefferson replied,&nbsp;<\\/p><blockquote>\\u201cThen I say to you, sir, God bless the little church around the corner.\\u201d<\\/blockquote>\"}}},\"11\":[\"235\"],\"12\":\"<blockquote>Church of the Transfiguration parish was founded in 1848. &nbsp;The building itself dates from 1850; it was made a national landmark in 1973. &nbsp;The founder, the Rev. Dr. George Hendric Houghton wanted to build a church that would serve the needs of the poor and marginalized, and would welcome all regardless of race, class or background.<\\/blockquote>\",\"27\":\"\"}}', '2017-09-04 20:51:38', '2017-09-04 20:51:38', '88ca2061-8b85-4ebd-be90-86faac1ad8fe'),
 ('122', '234', '7', '1', 'en_us', '8', '', '{\"typeId\":\"7\",\"authorId\":\"1\",\"title\":\"A Brief History\",\"slug\":\"our-history\",\"postDate\":1504211220,\"expiryDate\":null,\"enabled\":1,\"parentId\":null,\"fields\":{\"3\":\"\",\"13\":{\"236\":{\"type\":\"generalSection\",\"enabled\":\"1\",\"fields\":{\"text\":\"<h2>The Civil War<\\/h2>\\r\\n<p>The parish had only been established for a few years, when the Civil War broke out. &nbsp;During this time, the church was a stop on the Underground Railroad, sheltering escaped slaves on their journey north. It was a place of refuge for African Americans during the New York Draft Riots of 1863&mdash;three days of lawlessness, destruction, bloodshed, and lynchings.<\\/p>\\r\\n<h2>The Nickname<\\/h2>\\r\\n<p>A few days before Christmas in 1890, Joseph Jefferson, an actor renowned for his portrayal of Rip Van Winkle, approached the rector of the now-defunct Church of the Atonement to request a funeral for his friend and fellow actor, George Holland. &nbsp;Upon learning that the deceased was an actor, the rector refused to hold a funeral for the man in his church. &nbsp;Joseph Jefferson persisted, and asked if there was a church in the area that would hold services for his friend. &nbsp;The rector said, \\u201cI believe there is a little church around the corner where it might be done.\\u201d &nbsp;Jefferson replied,&nbsp;<\\/p>\\r\\n<blockquote>\\u201cThen I say to you, sir, God bless the little church around the corner.\\u201d<\\/blockquote>\"}}},\"11\":[\"235\"],\"12\":\"<p>Church of the Transfiguration parish was founded in 1848. &nbsp;The building itself dates from 1850; it was made a national landmark in 1973. &nbsp;The founder, the Rev. Dr. George Hendric Houghton wanted to build a church that would serve the needs of the poor and marginalized, and would welcome all regardless of race, class or background.<\\/p>\",\"27\":\"\"}}', '2017-09-04 20:51:54', '2017-09-04 20:51:54', '5b23d52a-f7c1-4ee3-930f-8a473ebee53c'),
 ('123', '234', '7', '1', 'en_us', '9', '', '{\"typeId\":\"7\",\"authorId\":\"1\",\"title\":\"A Brief History\",\"slug\":\"our-history\",\"postDate\":1504211220,\"expiryDate\":null,\"enabled\":1,\"parentId\":null,\"fields\":{\"3\":\"\",\"13\":{\"236\":{\"type\":\"generalSection\",\"enabled\":\"1\",\"fields\":{\"text\":\"<h2>The Civil War<\\/h2>\\r\\n<p>The parish had only been established for a few years, when the Civil War broke out. During this time, the church was a stop on the Underground Railroad, sheltering escaped slaves on their journey north. It was a place of refuge for African Americans during the New York Draft Riots of 1863&mdash;three days of lawlessness, destruction, bloodshed, and lynchings.<\\/p>\\r\\n<h2>The Nickname<\\/h2>\\r\\n<p>A few days before Christmas in 1890, Joseph Jefferson, an actor renowned for his portrayal of Rip Van Winkle, approached the rector of the now-defunct Church of the Atonement to request a funeral for his friend and fellow actor, George Holland. &nbsp;Upon learning that the deceased was an actor, the rector refused to hold a funeral for the man in his church. Joseph Jefferson persisted, and asked if there was a church in the area that would hold services for his friend. The rector said, \\u201cI believe there is a little church around the corner where it might be done.\\u201d Jefferson replied,&nbsp;<\\/p>\\r\\n<blockquote>\\u201cThen I say to you, sir, God bless the little church around the corner.\\u201d<\\/blockquote>\"}}},\"11\":[\"235\"],\"12\":\"<p>Church of the Transfiguration parish was founded in 1848. The building itself dates from 1850; it was made a national landmark in 1973. The founder, the Rev. Dr. George Hendric Houghton wanted to build a church that would serve the needs of the poor and marginalized, and would welcome all regardless of race, class or background.<\\/p>\",\"27\":\"\"}}', '2017-09-04 20:54:34', '2017-09-04 20:54:34', 'ef38c97e-e72c-4a84-bcf7-2d5d1aebabf0'),
 ('124', '234', '7', '1', 'en_us', '10', '', '{\"typeId\":\"7\",\"authorId\":\"1\",\"title\":\"A Brief History\",\"slug\":\"our-history\",\"postDate\":1504211220,\"expiryDate\":null,\"enabled\":1,\"parentId\":null,\"fields\":{\"3\":\"\",\"13\":{\"236\":{\"type\":\"generalSection\",\"enabled\":\"1\",\"fields\":{\"text\":\"<h2>The Civil War<\\/h2>\\r\\n<p>The parish had only been established for a few years, when the Civil War broke out. During this time, the church was a stop on the Underground Railroad, sheltering escaped slaves on their journey north. It was a place of refuge for African Americans during the New York Draft Riots of 1863&mdash;three days of lawlessness, destruction, bloodshed, and lynchings.<\\/p>\\r\\n<h2>The Nickname<\\/h2>\\r\\n<p>A few days before Christmas in 1890, Joseph Jefferson, an actor renowned for his portrayal of Rip Van Winkle, approached the rector of the now-defunct Church of the Atonement to request a funeral for his friend and fellow actor, George Holland. &nbsp;Upon learning that the deceased was an actor, the rector refused to hold a funeral for the man in his church. Joseph Jefferson persisted, and asked if there was a church in the area that would hold services for his friend. The rector said, \\u201cI believe there is a little church around the corner where it might be done.\\u201d Jefferson replied,&nbsp;<\\/p>\\r\\n<blockquote>\\u201cThen I say to you, sir, God bless the little church around the corner.\\u201d<\\/blockquote>\"}},\"new1\":{\"type\":\"figureFull\",\"enabled\":\"1\",\"fields\":{\"image\":[\"204\"],\"altAttribute\":\"\",\"caption\":\"\",\"credit\":\"\"}}},\"11\":[\"235\"],\"12\":\"<p>Church of the Transfiguration parish was founded in 1848. The building itself dates from 1850; it was made a national landmark in 1973. The founder, the Rev. Dr. George Hendric Houghton wanted to build a church that would serve the needs of the poor and marginalized, and would welcome all regardless of race, class or background.<\\/p>\",\"27\":\"\"}}', '2017-09-04 20:55:33', '2017-09-04 20:55:33', '9859281b-6119-4454-ac63-52f3b4b65fe5'),
 ('125', '234', '7', '1', 'en_us', '11', '', '{\"typeId\":\"7\",\"authorId\":\"1\",\"title\":\"A Brief History\",\"slug\":\"our-history\",\"postDate\":1504211220,\"expiryDate\":null,\"enabled\":1,\"parentId\":null,\"fields\":{\"3\":\"\",\"13\":{\"236\":{\"type\":\"generalSection\",\"enabled\":\"1\",\"fields\":{\"text\":\"<h2>The Civil War<\\/h2>\\r\\n<p>The parish had only been established for a few years, when the Civil War broke out. During this time, the church was a stop on the Underground Railroad, sheltering escaped slaves on their journey north. It was a place of refuge for African Americans during the New York Draft Riots of 1863&mdash;three days of lawlessness, destruction, bloodshed, and lynchings.<\\/p>\\r\\n<h2>The Nickname<\\/h2>\\r\\n<p>A few days before Christmas in 1890, Joseph Jefferson, an actor renowned for his portrayal of Rip Van Winkle, approached the rector of the now-defunct Church of the Atonement to request a funeral for his friend and fellow actor, George Holland. &nbsp;Upon learning that the deceased was an actor, the rector refused to hold a funeral for the man in his church. Joseph Jefferson persisted, and asked if there was a church in the area that would hold services for his friend. The rector said, \\u201cI believe there is a little church around the corner where it might be done.\\u201d Jefferson replied,&nbsp;<\\/p>\\r\\n<blockquote>\\u201cThen I say to you, sir, God bless the little church around the corner.\\u201d<\\/blockquote>\"}},\"269\":{\"type\":\"figureFull\",\"enabled\":\"1\",\"fields\":{\"image\":[\"204\"],\"altAttribute\":\"\",\"caption\":\"\",\"credit\":\"\"}},\"new1\":{\"type\":\"generalSection\",\"enabled\":\"1\",\"fields\":{\"text\":\"<p>The Theatre<\\/p>\\r\\n<p><span class=\\\"s1\\\">To this day, the church maintains close ties with the theater. It has served as the national headquarters of the Episcopal Actors\' Guild since its&nbsp;<\\/span>founding in 1923, by the third rector, Dr. Randolph Ray.<\\/p>\\r\\n<p><span class=\\\"s1\\\"><\\/span>\\r\\n<\\/p>\\r\\n<h2>Weddings<\\/h2><p>Our historic buildings and lovely garden have drawn couples from all over the world to be married here. These couples are members of the \\\"Little Family,\\\" and many have stayed in touch with us over the years.&nbsp;Continuing its long tradition of inclusiveness, the \\\"Little Church\\\" is proud to have celebrated the first same-sex wedding in the Diocese of New York in July 2012 and has performed several more since the formal rite of Blessing of a Lifelong Covenant was adopted by the General Convention.<\\/p>\\r\\n<p><span class=\\\"s1\\\"><\\/span>\\r\\n<\\/p>\\r\\n<p><span class=\\\"s1\\\">We invite you to stop by for a visit, join us in worship, or simply contact us for more information.<\\/span><\\/p>\"}}},\"11\":[\"235\"],\"12\":\"<p>Church of the Transfiguration parish was founded in 1848. The building itself dates from 1850; it was made a national landmark in 1973. The founder, the Rev. Dr. George Hendric Houghton wanted to build a church that would serve the needs of the poor and marginalized, and would welcome all regardless of race, class or background.<\\/p>\",\"27\":\"\"}}', '2017-09-04 20:56:38', '2017-09-04 20:56:38', 'f2abbede-792f-4b2e-a872-744c518e6ef8'),
 ('126', '239', '7', '1', 'en_us', '6', '', '{\"typeId\":\"7\",\"authorId\":\"1\",\"title\":\"Parish Life\",\"slug\":\"parish-life\",\"postDate\":1504211760,\"expiryDate\":null,\"enabled\":1,\"parentId\":null,\"fields\":{\"3\":\"\",\"13\":{\"240\":{\"type\":\"generalSection\",\"enabled\":\"1\",\"fields\":{\"text\":\"<p>Sunday&nbsp;Coffee Hours also afford parishioners and newcomers opportunities to interact and to build relationships that often result in invitations to break bread or to take advantage of the many cultural events in New York. Fundraisers, like our Spring Music Gala, are also a great way to interact with fellow parishioners and to enjoy the talent and hospitality of our parish.<\\/p>\\r\\n<p>Sign up for our&nbsp;<a href=\\\"http:\\/\\/lc-craft\\/grace\\/entries\\/about\\/new#\\\">weekly&nbsp;Friday&nbsp;blasts<\\/a>&nbsp;and check&nbsp;<a href=\\\"http:\\/\\/lc-craft\\/grace\\/entries\\/about\\/new#\\\">our calendar<\\/a>&nbsp;for upcoming events and opportunities to participate in the robust Parish Life of Church of the Transfiguration.<\\/p>\"}}},\"11\":[\"238\"],\"12\":\"<p>Building community is an important part of Church of the Transfiguration both spiritually and socially. Many of our parishioners gather each week&nbsp;on Thursday&nbsp;to participate in worship and Bible Study, while others enjoy going to a local restaurant after&nbsp;Sunday&nbsp;mass to enjoy brunch and social fellowship.<\\/p>\",\"27\":\"\"}}', '2017-09-04 20:56:44', '2017-09-04 20:56:44', '95bcb00d-60ac-45d4-8c98-bb6f55637da4'),
 ('127', '234', '7', '1', 'en_us', '12', '', '{\"typeId\":\"7\",\"authorId\":\"1\",\"title\":\"A Brief History\",\"slug\":\"our-history\",\"postDate\":1504211220,\"expiryDate\":null,\"enabled\":1,\"parentId\":null,\"fields\":{\"3\":\"\",\"13\":{\"236\":{\"type\":\"generalSection\",\"enabled\":\"1\",\"fields\":{\"text\":\"<h2>The Civil War<\\/h2>\\r\\n<p>The parish had only been established for a few years, when the Civil War broke out. During this time, the church was a stop on the Underground Railroad, sheltering escaped slaves on their journey north. It was a place of refuge for African Americans during the New York Draft Riots of 1863&mdash;three days of lawlessness, destruction, bloodshed, and lynchings.<\\/p>\\r\\n<h2>The Nickname<\\/h2>\\r\\n<p>A few days before Christmas in 1890, Joseph Jefferson, an actor renowned for his portrayal of Rip Van Winkle, approached the rector of the now-defunct Church of the Atonement to request a funeral for his friend and fellow actor, George Holland. &nbsp;Upon learning that the deceased was an actor, the rector refused to hold a funeral for the man in his church. Joseph Jefferson persisted, and asked if there was a church in the area that would hold services for his friend. The rector said, \\u201cI believe there is a little church around the corner where it might be done.\\u201d Jefferson replied,&nbsp;<\\/p>\\r\\n<blockquote>\\u201cThen I say to you, sir, God bless the little church around the corner.\\u201d<\\/blockquote>\"}},\"269\":{\"type\":\"figureFull\",\"enabled\":\"1\",\"fields\":{\"image\":[\"204\"],\"altAttribute\":\"\",\"caption\":\"\",\"credit\":\"\"}},\"270\":{\"type\":\"generalSection\",\"enabled\":\"1\",\"fields\":{\"text\":\"<h2>The Theatre<\\/h2>\\r\\n<p>To this day, the church maintains close ties with the theater. It has served as the national headquarters of the Episcopal Actors\' Guild since its&nbsp;founding in 1923, by the third rector, Dr. Randolph Ray.<\\/p>\\r\\n<p>\\r\\n<\\/p>\\r\\n<h2>Weddings<\\/h2>\\r\\n<p>Our historic buildings and lovely garden have drawn couples from all over the world to be married here. These couples are members of the \\\"Little Family,\\\" and many have stayed in touch with us over the years.&nbsp;Continuing its long tradition of inclusiveness, the \\\"Little Church\\\" is proud to have celebrated the first same-sex wedding in the Diocese of New York in July 2012 and has performed several more since the formal rite of Blessing of a Lifelong Covenant was adopted by the General Convention.<\\/p>\\r\\n<p>\\r\\n<\\/p>\\r\\n<p>We invite you to stop by for a visit, join us in worship, or simply contact us for more information.<\\/p>\"}}},\"11\":[\"235\"],\"12\":\"<p>Church of the Transfiguration parish was founded in 1848. The building itself dates from 1850; it was made a national landmark in 1973. The founder, the Rev. Dr. George Hendric Houghton wanted to build a church that would serve the needs of the poor and marginalized, and would welcome all regardless of race, class or background.<\\/p>\",\"27\":\"\"}}', '2017-09-04 20:57:19', '2017-09-04 20:57:19', 'f5fb4b85-3f9e-4f06-8c74-001cf14478f6'),
 ('128', '234', '7', '1', 'en_us', '13', '', '{\"typeId\":\"7\",\"authorId\":\"1\",\"title\":\"A Brief History\",\"slug\":\"our-history\",\"postDate\":1504211220,\"expiryDate\":null,\"enabled\":1,\"parentId\":null,\"fields\":{\"3\":\"\",\"13\":{\"236\":{\"type\":\"generalSection\",\"enabled\":\"1\",\"fields\":{\"text\":\"<h2>The Civil War<\\/h2>\\r\\n<p>The parish had only been established for a few years, when the Civil War broke out. During this time, the church was a stop on the Underground Railroad, sheltering escaped slaves on their journey north. It was a place of refuge for African Americans during the New York Draft Riots of 1863&mdash;three days of lawlessness, destruction, bloodshed, and lynchings.<\\/p>\\r\\n<h2>The Nickname<\\/h2>\\r\\n<p>A few days before Christmas in 1890, Joseph Jefferson, an actor renowned for his portrayal of Rip Van Winkle, approached the rector of the now-defunct Church of the Atonement to request a funeral for his friend and fellow actor, George Holland. &nbsp;Upon learning that the deceased was an actor, the rector refused to hold a funeral for the man in his church. Joseph Jefferson persisted, and asked if there was a church in the area that would hold services for his friend. The rector said, \\u201cI believe there is a little church around the corner where it might be done.\\u201d Jefferson replied,&nbsp;<\\/p>\\r\\n<blockquote>\\u201cThen I say to you, sir, God bless the little church around the corner.\\u201d<\\/blockquote>\"}},\"269\":{\"type\":\"figureFull\",\"enabled\":\"1\",\"fields\":{\"image\":[\"204\"],\"altAttribute\":\"\",\"caption\":\"\",\"credit\":\"\"}},\"270\":{\"type\":\"generalSection\",\"enabled\":\"1\",\"fields\":{\"text\":\"<h2>The Theatre<\\/h2>\\r\\n<p>To this day, the church maintains close ties with the theater. It has served as the national headquarters of the Episcopal Actors\' Guild since its&nbsp;founding in 1923, by the third rector, Dr. Randolph Ray.<\\/p>\\r\\n<p>\\r\\n<\\/p>\\r\\n<h2>Weddings<\\/h2>\\r\\n<p>Our historic buildings and lovely garden have drawn couples from all over the world to be married here. These couples are members of the \\\"Little Family,\\\" and many have stayed in touch with us over the years.&nbsp;Continuing its long tradition of inclusiveness, the \\\"Little Church\\\" is proud to have celebrated the first same-sex wedding in the Diocese of New York in July 2012 and has performed several more since the formal rite of Blessing of a Lifelong Covenant was adopted by the General Convention.<\\/p>\\r\\n<p>\\r\\n<\\/p>\\r\\n<p>We invite you to stop by for a <a href=\\\"#\\\">visit<\\/a>, join us in <a href=\\\"http:\\/\\/lc-craft\\/worship\\/worship-schedule#entry:244\\\">worship<\\/a>, or simply contact us for more information.<\\/p>\"}}},\"11\":[\"235\"],\"12\":\"<p>Church of the Transfiguration parish was founded in 1848. The building itself dates from 1850; it was made a national landmark in 1973. The founder, the Rev. Dr. George Hendric Houghton wanted to build a church that would serve the needs of the poor and marginalized, and would welcome all regardless of race, class or background.<\\/p>\",\"27\":\"\"}}', '2017-09-04 20:58:26', '2017-09-04 20:58:26', 'f3d78b72-fae3-4441-9ab6-fb8f8218f209'),
 ('129', '271', '7', '1', 'en_us', '1', '', '{\"typeId\":null,\"authorId\":\"1\",\"title\":\"Outreach\",\"slug\":\"outreach\",\"postDate\":1504623411,\"expiryDate\":null,\"enabled\":1,\"parentId\":null,\"fields\":{\"3\":\"\",\"13\":\"\",\"11\":\"\",\"12\":\"<h2>Ecclesia Ministries<\\/h2><p>takes religious services to the homeless in Madison Square Park. It is a cooperative program supported by various churches and clergy in the NoMad (North of Madison Square Park) area. Transfiguration is one of those congregations; it is also the alternate location when inclement weather makes an outdoor service impractical. Last Christmas, our parishioners donated an abundance of warm gloves, scarves, gloves, hats, long underwear, and other items to people served by Ecclesia Ministries.<\\/p><p><\\/p>\",\"27\":\"\"}}', '2017-09-05 14:56:51', '2017-09-05 14:56:51', '783f958c-ff9c-4fa5-8f10-610bf397dcea'),
 ('130', '271', '7', '1', 'en_us', '2', '', '{\"typeId\":\"7\",\"authorId\":\"1\",\"title\":\"Outreach\",\"slug\":\"outreach\",\"postDate\":1504623360,\"expiryDate\":null,\"enabled\":1,\"parentId\":null,\"fields\":{\"3\":\"\",\"13\":{\"new1\":{\"type\":\"generalSection\",\"enabled\":\"1\",\"fields\":{\"text\":\"<h2>Ecclesia Ministries<\\/h2>\\r\\n<p>takes religious services to the homeless in Madison Square Park. It is a cooperative program supported by various churches and clergy in the NoMad (North of Madison Square Park) area. Transfiguration is one of those congregations; it is also the alternate location when inclement weather makes an outdoor service impractical. Last Christmas, our parishioners donated an abundance of warm gloves, scarves, gloves, hats, long underwear, and other items to people served by Ecclesia Ministries.<\\/p>\"}}},\"11\":\"\",\"12\":\"<h2><\\/h2>\",\"27\":\"\"}}', '2017-09-05 15:02:17', '2017-09-05 15:02:17', '67eeb4bb-9c4b-4a17-a2aa-b3d07893cf32'),
 ('131', '271', '7', '1', 'en_us', '3', '', '{\"typeId\":\"7\",\"authorId\":\"1\",\"title\":\"Outreach\",\"slug\":\"outreach\",\"postDate\":1504623360,\"expiryDate\":null,\"enabled\":1,\"parentId\":null,\"fields\":{\"3\":\"\",\"13\":{\"272\":{\"type\":\"generalSection\",\"enabled\":\"1\",\"fields\":{\"text\":\"<p><a href=\\\"#\\\"><strong>Ecclesia Ministries<\\/strong><\\/a><strong><\\/strong> takes religious services to the homeless in Madison Square Park. It is a cooperative program supported by various churches and clergy in the NoMad (North of Madison Square Park) area. Transfiguration is one of those congregations; it is also the alternate location when inclement weather makes an outdoor service impractical. Last Christmas, our parishioners donated an abundance of warm gloves, scarves, gloves, hats, long underwear, and other items to people served by Ecclesia Ministries.<\\/p><p><strong><a href=\\\"#\\\">The Episcopal Actors Guild<\\/a>&nbsp;<\\/strong>was founded in 1923 by our third rector,&nbsp;the Rev. Dr. Randolph Ray to bridge the worlds of church and theater. Today,&nbsp;the Guild is a philanthropic organization that raises money and dispenses&nbsp;emergency funds to members of the acting profession facing severe financial&nbsp;hardship. It also has entertainment programs, educational, career development&nbsp;and social events for its members.<\\/p><p>Each November, the Guild holds a memorial service in the church dedicated to members of the profession who died in the previous year. In December, they present a Service of Lessons and Carols with outstanding music, often performed by Broadway veterans. Both events are open to the public.<\\/p><p><br><\\/p>\"}}},\"11\":\"\",\"12\":\"\",\"27\":\"\"}}', '2017-09-05 15:08:31', '2017-09-05 15:08:31', 'bd180617-caf0-4940-9d1b-b0d06ed681f8'),
 ('132', '271', '7', '1', 'en_us', '4', '', '{\"typeId\":\"7\",\"authorId\":\"1\",\"title\":\"Outreach\",\"slug\":\"outreach\",\"postDate\":1504623360,\"expiryDate\":null,\"enabled\":1,\"parentId\":null,\"fields\":{\"3\":\"\",\"13\":{\"272\":{\"type\":\"generalSection\",\"enabled\":\"1\",\"fields\":{\"text\":\"<h2>Ecclesia Ministries<\\/h2><p><strong><a href=\\\"#\\\">Ecclesia Ministries<\\/a><\\/strong> takes religious services to the homeless in Madison Square Park. It is a cooperative program supported by various churches and clergy in the NoMad (North of Madison Square Park) area. Transfiguration is one of those congregations; it is also the alternate location when inclement weather makes an outdoor service impractical. Last Christmas, our parishioners donated an abundance of warm gloves, scarves, gloves, hats, long underwear, and other items to people served by Ecclesia Ministries.<\\/p><h2>The Episcopal Actors Guild<\\/h2>\\r\\n<p><strong><a href=\\\"#\\\">The Episcopal Actors Guild<\\/a>&nbsp;<\\/strong>was founded in 1923 by our third rector,&nbsp;the Rev. Dr. Randolph Ray to bridge the worlds of church and theater. Today,&nbsp;the Guild is a philanthropic organization that raises money and dispenses&nbsp;emergency funds to members of the acting profession facing severe financial&nbsp;hardship. It also has entertainment programs, educational, career development&nbsp;and social events for its members.<\\/p>\\r\\n<p>Each November, the Guild holds a memorial service in the church dedicated to members of the profession who died in the previous year. In December, they present a Service of Lessons and Carols with outstanding music, often performed by Broadway veterans. Both events are open to the public.<\\/p><p><br><\\/p><h3>Actor\\u2019s Pantry Food Bank<\\/h3><p><\\/p><p>Our parishioners support the Episcopal Actors Guild\\u2019s Actors Pantry (hyperlink)<br>program. Each Sunday, we collect non-perishable food. The Guild then fills<br>bags with the donated items and gives them to artists in need who have applied<br>to the Guild for help. No one leaves empty-handed.<\\/p>\\r\\n<p><br><\\/p>\"}}},\"11\":\"\",\"12\":\"\",\"27\":\"\"}}', '2017-09-05 15:14:30', '2017-09-05 15:14:30', 'c336488a-c9e3-4719-836e-c687d77a87ac'),
 ('133', '271', '7', '1', 'en_us', '5', '', '{\"typeId\":\"7\",\"authorId\":\"1\",\"title\":\"Outreach\",\"slug\":\"outreach\",\"postDate\":1504623360,\"expiryDate\":null,\"enabled\":1,\"parentId\":null,\"fields\":{\"3\":\"\",\"13\":{\"272\":{\"type\":\"generalSection\",\"enabled\":\"1\",\"fields\":{\"text\":\"<h2>Ecclesia Ministries<\\/h2>\\r\\n<p><strong><a href=\\\"#\\\">Ecclesia Ministries<\\/a><\\/strong> takes religious services to the homeless in Madison Square Park. It is a cooperative program supported by various churches and clergy in the NoMad (North of Madison Square Park) area. Transfiguration is one of those congregations; it is also the alternate location when inclement weather makes an outdoor service impractical. Last Christmas, our parishioners donated an abundance of warm gloves, scarves, gloves, hats, long underwear, and other items to people served by Ecclesia Ministries.<\\/p>\\r\\n<h2>The Episcopal Actors Guild<\\/h2>\\r\\n<p><strong><a href=\\\"#\\\">The Episcopal Actors Guild<\\/a>&nbsp;<\\/strong>was founded in 1923 by our third rector,&nbsp;the Rev. Dr. Randolph Ray to bridge the worlds of church and theater. Today,&nbsp;the Guild is a philanthropic organization that raises money and dispenses&nbsp;emergency funds to members of the acting profession facing severe financial&nbsp;hardship. It also has entertainment programs, educational, career development&nbsp;and social events for its members.<\\/p>\\r\\n<p>Each November, the Guild holds a memorial service in the church dedicated to members of the profession who died in the previous year. In December, they present a Service of Lessons and Carols with outstanding music, often performed by Broadway veterans. Both events are open to the public.<\\/p>\\r\\n<h3>Actor\\u2019s Pantry Food Bank<\\/h3>\\r\\n<p>Our parishioners support the Episcopal Actors Guild\\u2019s Actors Pantry (hyperlink) program. Each Sunday, we collect non-perishable food. The Guild then fills bags with the donated items and gives them to artists in need who have applied to the Guild for help. No one leaves empty-handed.<\\/p>\"}}},\"11\":\"\",\"12\":\"\",\"27\":\"\"}}', '2017-09-06 16:30:07', '2017-09-06 16:30:07', 'ab407756-0944-4194-a6ee-36bbbaadce1a'),
 ('135', '239', '7', '1', 'en_us', '7', '', '{\"typeId\":\"7\",\"authorId\":\"1\",\"title\":\"Parish Life\",\"slug\":\"parish-life\",\"postDate\":1504211760,\"expiryDate\":null,\"enabled\":1,\"parentId\":null,\"fields\":{\"3\":\"\",\"13\":{\"240\":{\"type\":\"generalSection\",\"enabled\":\"1\",\"fields\":{\"text\":\"<h2>Coffee, conversation, and culture<\\/h2><p>Sunday&nbsp;Coffee Hours also afford parishioners and newcomers opportunities to interact and to build relationships that often result in invitations to break bread or to take advantage of the many cultural events in New York. Fundraisers, like our Spring Music Gala, are also a great way to interact with fellow parishioners and to enjoy the talent and hospitality of our parish.<\\/p>\\r\\n<p>Sign up for our&nbsp;<a href=\\\"http:\\/\\/lc-craft\\/grace\\/entries\\/about\\/new#\\\">weekly&nbsp;Friday&nbsp;blasts<\\/a>&nbsp;and check&nbsp;<a href=\\\"http:\\/\\/lc-craft\\/grace\\/entries\\/about\\/new#\\\">our calendar<\\/a>&nbsp;for upcoming events and opportunities to participate in the robust Parish Life of Church of the Transfiguration.<\\/p>\"}}},\"11\":[\"238\"],\"12\":\"<p>Building community is an important part of Church of the Transfiguration both spiritually and socially. Many of our parishioners gather each week&nbsp;on Thursday&nbsp;to participate in worship and Bible Study, while others enjoy going to a local restaurant after&nbsp;Sunday&nbsp;mass to enjoy brunch and social fellowship.<\\/p>\",\"27\":\"\"}}', '2017-09-06 16:54:15', '2017-09-06 16:54:15', 'b9e0d79b-6e05-43c6-be40-d6d90d49b0a0'),
 ('138', '287', '10', '1', 'en_us', '1', '', '{\"typeId\":null,\"authorId\":\"1\",\"title\":\"Audio Sermons\",\"slug\":\"audio-sermons\",\"postDate\":1505209599,\"expiryDate\":null,\"enabled\":1,\"parentId\":null,\"fields\":{\"3\":\"\",\"13\":{\"new1\":{\"type\":\"sermonAudio\",\"enabled\":\"1\",\"fields\":{\"mp3\":[\"284\"]}}},\"11\":\"\",\"12\":\"\",\"27\":\"\"}}', '2017-09-12 09:46:39', '2017-09-12 09:46:39', 'c2f733db-aa00-430e-86ca-5d232f0ad16b'),
 ('139', '287', '10', '1', 'en_us', '2', '', '{\"typeId\":\"10\",\"authorId\":\"1\",\"title\":\"Audio Sermons\",\"slug\":\"audio-sermons\",\"postDate\":1505209560,\"expiryDate\":null,\"enabled\":1,\"parentId\":null,\"fields\":{\"3\":\"\",\"13\":{\"288\":{\"type\":\"sermonAudio\",\"enabled\":\"1\",\"fields\":{\"mp3\":[\"284\"]}}},\"11\":\"\",\"12\":\"\",\"27\":\"\"}}', '2017-09-12 09:46:47', '2017-09-12 09:46:47', '71e91e5f-910f-4e81-9f9b-af3b3a3128c2'),
 ('140', '287', '10', '1', 'en_us', '3', '', '{\"typeId\":\"10\",\"authorId\":\"1\",\"title\":\"Audio Sermons\",\"slug\":\"audio-sermons\",\"postDate\":1505209560,\"expiryDate\":null,\"enabled\":1,\"parentId\":null,\"fields\":{\"3\":\"\",\"13\":{\"288\":{\"type\":\"sermonAudio\",\"enabled\":\"1\",\"fields\":{\"currentSermons\":[\"289\"]}}},\"11\":\"\",\"12\":\"\",\"27\":\"\"}}', '2017-09-12 10:24:49', '2017-09-12 10:24:49', '0fb0b09f-1120-4541-8539-cedcc2048e83'),
 ('141', '287', '10', '1', 'en_us', '4', '', '{\"typeId\":\"10\",\"authorId\":\"1\",\"title\":\"Audio Sermons\",\"slug\":\"audio-sermons\",\"postDate\":1505209560,\"expiryDate\":null,\"enabled\":1,\"parentId\":null,\"fields\":{\"3\":\"\",\"13\":{\"288\":{\"type\":\"sermonAudio\",\"enabled\":\"1\",\"fields\":{\"currentSermons\":[\"292\",\"289\"]}}},\"11\":\"\",\"12\":\"\",\"27\":\"\"}}', '2017-09-12 12:30:03', '2017-09-12 12:30:03', '19c1dd74-d6a2-4d99-a68f-07b01692954c'),
 ('142', '287', '10', '1', 'en_us', '5', '', '{\"typeId\":\"10\",\"authorId\":\"1\",\"title\":\"Audio Sermons\",\"slug\":\"audio-sermons\",\"postDate\":1505209560,\"expiryDate\":null,\"enabled\":1,\"parentId\":null,\"fields\":{\"3\":\"\",\"13\":{\"288\":{\"type\":\"sermonAudio\",\"enabled\":\"1\",\"fields\":{\"currentSermons\":[\"292\",\"289\"]}}},\"11\":\"\",\"12\":\"<p>Orci orci non condimentum elit scelerisque facilisis non a velit facilisi parturient a curae a non id scelerisque ut a malesuada elementum eget egestas ultrices ut scelerisque vehicula.<\\/p>\",\"27\":\"\"}}', '2017-09-12 12:37:28', '2017-09-12 12:37:28', '938644ae-0fea-44d1-be11-27ee4bc48519'),
 ('143', '287', '10', '1', 'en_us', '6', '', '{\"typeId\":\"10\",\"authorId\":\"1\",\"title\":\"Audio Sermons\",\"slug\":\"audio-sermons\",\"postDate\":1505209560,\"expiryDate\":null,\"enabled\":1,\"parentId\":null,\"fields\":{\"3\":\"\",\"13\":{\"288\":{\"type\":\"sermonAudio\",\"enabled\":\"1\",\"fields\":{\"currentSermons\":[\"292\",\"289\",\"294\"]}}},\"11\":\"\",\"12\":\"<p>Orci orci non condimentum elit scelerisque facilisis non a velit facilisi parturient a curae a non id scelerisque ut a malesuada elementum eget egestas ultrices ut scelerisque vehicula.<\\/p>\",\"27\":\"\"}}', '2017-09-12 12:52:08', '2017-09-12 12:52:08', 'f99de031-0848-431f-b993-d56cea36cd66'),
 ('144', '287', '10', '1', 'en_us', '7', '', '{\"typeId\":\"10\",\"authorId\":\"1\",\"title\":\"Audio Sermons\",\"slug\":\"audio-sermons\",\"postDate\":1505209560,\"expiryDate\":null,\"enabled\":1,\"parentId\":null,\"fields\":{\"3\":\"\",\"13\":{\"288\":{\"type\":\"sermonAudio\",\"enabled\":\"1\",\"fields\":{\"currentSermons\":[\"289\",\"302\"]}}},\"11\":\"\",\"12\":\"<p>Orci orci non condimentum elit scelerisque facilisis non a velit facilisi parturient a curae a non id scelerisque ut a malesuada elementum eget egestas ultrices ut scelerisque vehicula.<\\/p>\",\"27\":\"\"}}', '2017-09-12 16:51:40', '2017-09-12 16:51:40', '1f2f619e-165c-4a55-bcc0-e5de07db9998'),
 ('145', '287', '10', '1', 'en_us', '8', '', '{\"typeId\":\"10\",\"authorId\":\"1\",\"title\":\"Audio Sermons\",\"slug\":\"audio-sermons\",\"postDate\":1505209560,\"expiryDate\":null,\"enabled\":1,\"parentId\":null,\"fields\":{\"3\":\"\",\"13\":{\"288\":{\"type\":\"sermonAudio\",\"enabled\":\"1\",\"fields\":{\"currentSermons\":[\"289\",\"302\",\"303\"]}}},\"11\":\"\",\"12\":\"<p>Orci orci non condimentum elit scelerisque facilisis non a velit facilisi parturient a curae a non id scelerisque ut a malesuada elementum eget egestas ultrices ut scelerisque vehicula.<\\/p>\",\"27\":\"\"}}', '2017-09-12 16:55:12', '2017-09-12 16:55:12', '0c246bd9-7ea1-4dee-94a9-1fc20b4f68ac'),
 ('146', '287', '10', '1', 'en_us', '9', '', '{\"typeId\":\"10\",\"authorId\":\"1\",\"title\":\"Audio Sermons\",\"slug\":\"audio-sermons\",\"postDate\":1505209560,\"expiryDate\":null,\"enabled\":1,\"parentId\":null,\"fields\":{\"3\":\"\",\"13\":{\"288\":{\"type\":\"sermonAudio\",\"enabled\":\"1\",\"fields\":{\"currentSermons\":[\"289\",\"302\",\"303\",\"304\"]}}},\"11\":\"\",\"12\":\"<p>Orci orci non condimentum elit scelerisque facilisis non a velit facilisi parturient a curae a non id scelerisque ut a malesuada elementum eget egestas ultrices ut scelerisque vehicula.<\\/p>\",\"27\":\"\"}}', '2017-09-12 16:59:56', '2017-09-12 16:59:56', '24907362-b101-4b2f-ad7c-046801c75ca0'),
 ('147', '287', '10', '1', 'en_us', '10', '', '{\"typeId\":\"10\",\"authorId\":\"1\",\"title\":\"Audio Sermons\",\"slug\":\"audio-sermons\",\"postDate\":1505209560,\"expiryDate\":null,\"enabled\":1,\"parentId\":null,\"fields\":{\"3\":\"\",\"13\":{\"288\":{\"type\":\"sermonAudio\",\"enabled\":\"1\",\"fields\":{\"currentSermons\":[\"289\",\"302\",\"303\",\"304\"]}}},\"11\":\"\",\"12\":\"<p>Never miss a message. &nbsp;Malesuada elementum eget egestas ultrices ut scelerisque vehicula.<\\/p>\",\"27\":\"\"}}', '2017-09-12 17:10:16', '2017-09-12 17:10:16', 'd22d7e4e-2e1c-491d-aefc-4bf8cbff5004'),
 ('148', '287', '10', '1', 'en_us', '11', '', '{\"typeId\":\"10\",\"authorId\":\"1\",\"title\":\"Audio Sermons\",\"slug\":\"audio-sermons\",\"postDate\":1505209560,\"expiryDate\":null,\"enabled\":1,\"parentId\":null,\"fields\":{\"3\":\"\",\"13\":{\"288\":{\"type\":\"sermonAudio\",\"enabled\":\"1\",\"fields\":{\"currentSermons\":[\"289\",\"302\",\"303\",\"304\"]}}},\"11\":[\"306\"],\"12\":\"<p>Never miss the message. &nbsp;Malesuada elementum eget egestas ultrices ut scelerisque vehicula.<\\/p>\",\"27\":\"\"}}', '2017-09-12 17:17:47', '2017-09-12 17:17:47', 'be4df143-66f8-4f94-809c-1d0efd7c0f09'),
 ('149', '287', '10', '1', 'en_us', '12', '', '{\"typeId\":\"10\",\"authorId\":\"1\",\"title\":\"Audio Sermons\",\"slug\":\"audio-sermons\",\"postDate\":1505209560,\"expiryDate\":null,\"enabled\":1,\"parentId\":null,\"fields\":{\"3\":\"\",\"13\":{\"288\":{\"type\":\"sermonAudio\",\"enabled\":\"1\",\"fields\":{\"currentSermons\":[\"289\",\"302\",\"303\",\"304\"]}}},\"11\":[\"306\"],\"12\":\"<p>Never miss the message. Play our sermons directly in your browser or download them to listen on-the-go. Already heard the message? Listen again \\u2013 you might here something new.&nbsp;<\\/p>\",\"27\":\"\"}}', '2017-09-12 17:25:01', '2017-09-12 17:25:01', '869b7208-31e0-49a5-a72f-752b9c4b7a70'),
 ('150', '287', '10', '1', 'en_us', '13', '', '{\"typeId\":\"10\",\"authorId\":\"1\",\"title\":\"Audio Sermons\",\"slug\":\"audio-sermons\",\"postDate\":1505209560,\"expiryDate\":null,\"enabled\":1,\"parentId\":null,\"fields\":{\"3\":\"\",\"13\":{\"288\":{\"type\":\"sermonAudio\",\"enabled\":\"1\",\"fields\":{\"currentSermons\":[\"289\",\"302\",\"303\",\"304\"]}}},\"11\":[\"306\"],\"12\":\"<p>Never miss the message. Play our sermons directly in your browser or download them for listening on-the-go. Already heard the message? Listen again for you might discover something new.<\\/p>\",\"27\":\"\"}}', '2017-09-12 17:27:31', '2017-09-12 17:27:31', 'cb7ed055-b8ba-404f-8ccb-f1f6c3b614b6'),
 ('151', '287', '10', '1', 'en_us', '14', '', '{\"typeId\":\"10\",\"authorId\":\"1\",\"title\":\"Audio Sermons\",\"slug\":\"audio-sermons\",\"postDate\":1505209560,\"expiryDate\":null,\"enabled\":1,\"parentId\":null,\"fields\":{\"3\":\"\",\"13\":{\"288\":{\"type\":\"sermonAudio\",\"enabled\":\"1\",\"fields\":{\"currentSermons\":[\"289\",\"302\",\"303\",\"304\"]}}},\"11\":\"\",\"12\":\"<p>Never miss the message. Play our sermons directly in your browser or download them for listening on-the-go. Already heard the message? Listen again for you might discover something new.<\\/p>\",\"27\":\"\"}}', '2017-09-12 19:08:11', '2017-09-12 19:08:11', '522359cf-ca51-4e58-936a-7b2678ac3775'),
 ('152', '287', '10', '1', 'en_us', '15', '', '{\"typeId\":\"10\",\"authorId\":\"1\",\"title\":\"Audio Sermons\",\"slug\":\"audio-sermons\",\"postDate\":1505209560,\"expiryDate\":null,\"enabled\":1,\"parentId\":null,\"fields\":{\"3\":\"\",\"13\":{\"288\":{\"type\":\"sermonAudio\",\"enabled\":\"1\",\"fields\":{\"currentSermons\":[\"289\",\"302\",\"303\",\"304\"]}}},\"11\":\"\",\"12\":\"<p>Never miss the message. Play our sermons directly in your browser or download them for listening on-the-go. Already heard the message? Refresh your memory and listen again.<\\/p>\",\"27\":\"\"}}', '2017-09-12 19:11:02', '2017-09-12 19:11:02', 'cee3a0d4-02c0-48f8-aa12-1ac3d72a7820'),
 ('153', '87', '7', '1', 'en_us', '8', '', '{\"typeId\":\"7\",\"authorId\":\"1\",\"title\":\"Who We Are\",\"slug\":\"who-we-are\",\"postDate\":1503949200,\"expiryDate\":null,\"enabled\":1,\"parentId\":null,\"fields\":{\"3\":\"Who We Are\",\"13\":{\"88\":{\"type\":\"bioGroup\",\"enabled\":\"1\",\"fields\":{\"bioType\":\"Leadership\",\"individual\":[\"78\",\"76\",\"229\"]}}},\"11\":[\"208\"],\"12\":\"<p>Consequat orci a cum suspendisse pretium orci dui dapibus ultricies nisi vulputate erat a dui. Ultricies enim a ut per egestas augue dis ad tellus mus a hac ac a scelerisque ullamcorper eupraesent quisque adipiscing. Erat purus ante habitasse mus interdum scelerisque a hac fermentum cum conguesuspendisse scelerisque auctor condimentum eu ipsum varius cursus a tempus aenean consectetur et a. Cubilia scelerisque ligula fusce a consequat vel fames a arcu mi nisl et at ultrices nunc. Sem inceptos sociosqu interdum adipiscing quis aliquam adipiscing vel taciti enim penatibus et ullamcorper venenatis.<\\/p>\",\"27\":\"\"}}', '2017-09-13 07:31:57', '2017-09-13 07:31:57', 'f3c5db86-f1c3-4e2b-9a6b-f4791c42da21'),
 ('154', '87', '7', '1', 'en_us', '9', '', '{\"typeId\":\"7\",\"authorId\":\"1\",\"title\":\"Who We Are\",\"slug\":\"who-we-are\",\"postDate\":1503949200,\"expiryDate\":null,\"enabled\":1,\"parentId\":null,\"fields\":{\"3\":\"Who We Are\",\"13\":{\"88\":{\"type\":\"bioGroup\",\"enabled\":\"1\",\"fields\":{\"bioType\":\"Leadership\",\"individual\":[\"78\",\"229\",\"76\"]}}},\"11\":[\"208\"],\"12\":\"<p>Consequat orci a cum suspendisse pretium orci dui dapibus ultricies nisi vulputate erat a dui. Ultricies enim a ut per egestas augue dis ad tellus mus a hac ac a scelerisque ullamcorper eupraesent quisque adipiscing. Erat purus ante habitasse mus interdum scelerisque a hac fermentum cum conguesuspendisse scelerisque auctor condimentum eu ipsum varius cursus a tempus aenean consectetur et a. Cubilia scelerisque ligula fusce a consequat vel fames a arcu mi nisl et at ultrices nunc. Sem inceptos sociosqu interdum adipiscing quis aliquam adipiscing vel taciti enim penatibus et ullamcorper venenatis.<\\/p>\",\"27\":\"\"}}', '2017-09-13 07:32:40', '2017-09-13 07:32:40', 'b91e1757-40d4-4e76-9952-ca10687a9d52'),
 ('155', '87', '7', '1', 'en_us', '10', '', '{\"typeId\":\"7\",\"authorId\":\"1\",\"title\":\"Who We Are\",\"slug\":\"who-we-are\",\"postDate\":1503949200,\"expiryDate\":null,\"enabled\":1,\"parentId\":null,\"fields\":{\"3\":\"Who We Are\",\"13\":{\"88\":{\"type\":\"bioGroup\",\"enabled\":\"1\",\"fields\":{\"bioType\":\"Leadership\",\"individual\":[\"78\",\"229\",\"76\"]}}},\"11\":[\"208\"],\"12\":\"<p>Consequat orci a cum suspendisse pretium orci dui dapibus ultricies nisi vulputate erat a dui. Ultricies enim a ut per egestas augue dis ad tellus mus a hac ac a scelerisque ullamcorper eupraesent quisque adipiscing. Erat purus ante habitasse mus interdum scelerisque a hac fermentum cum conguesuspendisse scelerisque auctor condimentum eu ipsum varius cursus a tempus aenean consectetur.<\\/p>\",\"27\":\"\"}}', '2017-09-13 08:28:31', '2017-09-13 08:28:31', '77808614-2548-4276-8fbf-ddf7a924f918'),
 ('156', '87', '7', '1', 'en_us', '11', '', '{\"typeId\":\"7\",\"authorId\":\"1\",\"title\":\"Who We Are\",\"slug\":\"who-we-are\",\"postDate\":1503949200,\"expiryDate\":null,\"enabled\":1,\"parentId\":null,\"fields\":{\"3\":\"Who We Are\",\"13\":{\"88\":{\"type\":\"bioGroup\",\"enabled\":\"1\",\"fields\":{\"bioType\":\"Leadership\",\"individual\":[\"78\",\"229\",\"76\",\"321\"]}}},\"11\":[\"208\"],\"12\":\"<p>Consequat orci a cum suspendisse pretium orci dui dapibus ultricies nisi vulputate erat a dui. Ultricies enim a ut per egestas augue dis ad tellus mus a hac ac a scelerisque ullamcorper eupraesent quisque adipiscing. Erat purus ante habitasse mus interdum scelerisque a hac fermentum cum conguesuspendisse scelerisque auctor condimentum eu ipsum varius cursus a tempus aenean consectetur.<\\/p>\",\"27\":\"\"}}', '2017-09-13 08:50:17', '2017-09-13 08:50:17', 'df139a9d-77c9-40d0-86f5-dbe510a64861'),
 ('157', '87', '7', '1', 'en_us', '12', '', '{\"typeId\":\"7\",\"authorId\":\"1\",\"title\":\"Who We Are\",\"slug\":\"who-we-are\",\"postDate\":1503949200,\"expiryDate\":null,\"enabled\":1,\"parentId\":null,\"fields\":{\"3\":\"Who We Are\",\"13\":{\"88\":{\"type\":\"bioGroup\",\"enabled\":\"1\",\"fields\":{\"bioType\":\"Leadership\",\"individual\":[\"78\",\"229\",\"321\",\"76\"]}},\"new1\":{\"type\":\"bioGroup\",\"enabled\":\"1\",\"fields\":{\"bioType\":\"Staff\",\"individual\":[\"322\"]}}},\"11\":[\"208\"],\"12\":\"<p>Consequat orci a cum suspendisse pretium orci dui dapibus ultricies nisi vulputate erat a dui. Ultricies enim a ut per egestas augue dis ad tellus mus a hac ac a scelerisque ullamcorper eupraesent quisque adipiscing. Erat purus ante habitasse mus interdum scelerisque a hac fermentum cum conguesuspendisse scelerisque auctor condimentum eu ipsum varius cursus a tempus aenean consectetur.<\\/p>\",\"27\":\"\"}}', '2017-09-13 08:53:56', '2017-09-13 08:53:56', 'aa8fb348-d8f4-41c4-b8a5-ef9b3700c199'),
 ('158', '355', '10', '1', 'en_us', '1', '', '{\"typeId\":null,\"authorId\":\"1\",\"title\":\"Liturgy\",\"slug\":\"liturgy\",\"postDate\":1505416828,\"expiryDate\":null,\"enabled\":1,\"parentId\":null,\"fields\":{\"3\":\"\",\"13\":\"\",\"11\":[\"251\"],\"12\":\"<p>Aenean ac velit phasellus vivamus condimentum habitant vestibulum nibh parturient tincidunt mi malesuada cursus nunc risus parturient a condimentum augue gravida metus. Ut at a a turpis facilisi parturient ac non quisque a parturient habitasse cubilia adipiscing imperdiet.<\\/p>\",\"27\":\"\"}}', '2017-09-14 19:20:28', '2017-09-14 19:20:28', 'b6ecc06b-23ad-4b5c-83ed-1124c7fded9a'),
 ('159', '355', '10', '1', 'en_us', '2', '', '{\"typeId\":\"10\",\"authorId\":\"1\",\"title\":\"Liturgy\",\"slug\":\"liturgy\",\"postDate\":1505416800,\"expiryDate\":null,\"enabled\":1,\"parentId\":null,\"fields\":{\"3\":\"\",\"13\":\"\",\"11\":[\"251\"],\"12\":\"<p>Aenean ac velit phasellus vivamus condimentum habitant vestibulum nibh parturient tincidunt mi malesuada cursus nunc risus parturient a condimentum augue gravida metus. Ut at a a turpis facilisi parturient ac non quisque a parturient habitasse cubilia adipiscing imperdiet.<\\/p>\",\"27\":\"\"}}', '2017-09-14 19:20:35', '2017-09-14 19:20:35', '8b3a5bf3-1f3c-4a0f-b3fb-8039c7d6fc83'),
 ('160', '244', '10', '1', 'en_us', '5', '', '{\"typeId\":\"10\",\"authorId\":\"1\",\"title\":\"Worship Schedule\",\"slug\":\"worship-schedule\",\"postDate\":1504260780,\"expiryDate\":null,\"enabled\":1,\"parentId\":null,\"fields\":{\"3\":\"\",\"13\":{\"245\":{\"type\":\"generalSection\",\"enabled\":\"1\",\"fields\":{\"text\":\"<p>At the center of our worship is emphasis on both Word and Table. Little Church clergy are considered <a href=\\\"#\\\">excellent preachers<\\/a>&nbsp;who connect lectionary readings with Biblical context and current challenges with a smattering of personal stories and humor. Transfiguration acolytes do an extraordinary job in ensuring the Eucharist is celebrated with majesty and dignity, and the authentic expertise of <a href=\\\"#\\\">our choirs<\\/a>&nbsp;draws worshippers closer to the love of Jesus Christ through some of the most beloved hymns of the Church.&nbsp;Below is the current worship schedule. Please consider joining us<\\/p><h2>Worship Schedule<\\/h2>\"}}},\"11\":[\"243\"],\"12\":\"<p>The cornerstone of Transfiguration\\u2019s spirituality is how we express and demonstrate God\\u2019s inclusive love through liturgy, music and worship. As an Anglo-Catholic parish, Transfiguration honors traditional liturgy with a full complement of meaningful preaching and music.<\\/p>\",\"27\":\"\"}}', '2017-09-14 19:22:37', '2017-09-14 19:22:37', '2c821006-cb7f-43ec-8b35-a230ff144b68'),
 ('161', '244', '10', '1', 'en_us', '6', '', '{\"typeId\":\"10\",\"authorId\":\"1\",\"title\":\"Worship Schedule\",\"slug\":\"worship-schedule\",\"postDate\":1504260780,\"expiryDate\":null,\"enabled\":1,\"parentId\":null,\"fields\":{\"3\":\"\",\"13\":{\"245\":{\"type\":\"generalSection\",\"enabled\":\"1\",\"fields\":{\"text\":\"<p>At the center of our worship is emphasis on both Word and Table. Little Church clergy are considered <a href=\\\"#\\\">excellent preachers<\\/a>&nbsp;who connect lectionary readings with Biblical context and current challenges with a smattering of personal stories and humor. Transfiguration acolytes do an extraordinary job in ensuring the Eucharist is celebrated with majesty and dignity, and the authentic expertise of <a href=\\\"#\\\">our choirs<\\/a>&nbsp;draws worshippers closer to the love of Jesus Christ through some of the most beloved hymns of the Church.&nbsp;Below is the current worship schedule. Please consider joining us!<\\/p>\\r\\n<h2>Worship Schedule<\\/h2>\"}}},\"11\":[\"243\"],\"12\":\"<p>The cornerstone of Transfiguration\\u2019s spirituality is how we express and demonstrate God\\u2019s inclusive love through liturgy, music and worship. As an Anglo-Catholic parish, Transfiguration honors traditional liturgy with a full complement of meaningful preaching and music.<\\/p>\",\"27\":\"\"}}', '2017-09-14 19:22:55', '2017-09-14 19:22:55', 'db0cfb18-37b1-4f44-98a3-aaa915cdcfc8'),
 ('162', '355', '10', '1', 'en_us', '3', '', '{\"typeId\":\"10\",\"authorId\":\"1\",\"title\":\"Liturgy\",\"slug\":\"liturgy\",\"postDate\":1505416800,\"expiryDate\":null,\"enabled\":1,\"parentId\":null,\"fields\":{\"3\":\"\",\"13\":{\"new1\":{\"type\":\"generalSection\",\"enabled\":\"1\",\"fields\":{\"text\":\"<p>Vestibulum Consequat Ullamcorper<\\/p>\"}}},\"11\":[\"251\"],\"12\":\"<p>Aenean ac velit phasellus vivamus condimentum habitant vestibulum nibh parturient tincidunt mi malesuada cursus nunc risus parturient a condimentum augue gravida metus. Ut at a a turpis facilisi parturient ac non quisque a parturient habitasse cubilia adipiscing imperdiet.<\\/p>\",\"27\":\"\"}}', '2017-09-14 19:23:56', '2017-09-14 19:23:56', '6dd2a217-906d-4d67-bd7a-92b2735782d4'),
 ('163', '355', '10', '1', 'en_us', '4', '', '{\"typeId\":\"10\",\"authorId\":\"1\",\"title\":\"Liturgy\",\"slug\":\"liturgy\",\"postDate\":1505416800,\"expiryDate\":null,\"enabled\":1,\"parentId\":null,\"fields\":{\"3\":\"\",\"13\":{\"356\":{\"type\":\"generalSection\",\"enabled\":\"1\",\"fields\":{\"text\":\"<h2>Vestibulum Consequat Ullamcorper<\\/h2><p>Torquent magnis sagittis elit a per duis convallis a vitae phasellus vestibulum adipiscing habitant a id elit. Torquent parturient parturient facilisis dis mi ultrices facilisis accumsan facilisis phasellus lobortis lacus sodales a a erat. Leo hendrerit nulla vestibulum scelerisque ultricies vestibulum inceptos sapien ut aenean consectetur ullamcorper a metus a tristique vulputate sagittis.&nbsp;<\\/p><p>Ad nunc et adipiscing quisque conubia condimentum a consectetur eu ultrices ullamcorper parturient vestibulum a volutpat faucibus elit enim non platea suspendisse a posuere adipiscing ullamcorper adipiscing ac vel. Taciti aliquet metus natoque libero nunc tempor a vestibulum accumsan cubilia nullam duis quam in ad at a consectetur non laoreet scelerisque ac ridiculus cum sodales quisque a mi.<\\/p>\"}}},\"11\":[\"251\"],\"12\":\"<p>Aenean ac velit phasellus vivamus condimentum habitant vestibulum nibh parturient tincidunt mi malesuada cursus nunc risus parturient a condimentum augue gravida metus. Ut at a a turpis facilisi parturient ac non quisque a parturient habitasse cubilia adipiscing imperdiet.<\\/p>\",\"27\":\"\"}}', '2017-09-14 19:24:45', '2017-09-14 19:24:45', 'e473545b-97cf-4da6-b01f-afbf45ec0918'),
 ('164', '359', '10', '1', 'en_us', '1', '', '{\"typeId\":null,\"authorId\":\"1\",\"title\":\"Bible Study\",\"slug\":\"bible-study\",\"postDate\":1505417800,\"expiryDate\":null,\"enabled\":1,\"parentId\":null,\"fields\":{\"3\":\"\",\"13\":{\"new1\":{\"type\":\"generalSection\",\"enabled\":\"1\",\"fields\":{\"text\":\"<p>The Thursday night study will resume on September 21st. The next series will be focusing on the book of Revelation. If interested, please purchase this&nbsp;<a href=\\\"https:\\/\\/www.amazon.com\\/Book-Revelation-COLLEGEVILLE-COMMENTARY-TESTAMENT\\/dp\\/0814628850\\\" target=\\\"_blank\\\"><u>commentary<\\/u><\\/a>&nbsp;and stay tuned for more updates on the new series.<\\/p>\"}}},\"11\":[\"358\"],\"12\":\"<p>Aenean ac velit phasellus vivamus condimentum habitant vestibulum nibh parturient tincidunt mi malesuada cursus nunc risus parturient a condimentum augue gravida metus. Ut at a a turpis facilisi parturient ac non quisque a parturient habitasse cubilia adipiscing imperdiet.<\\/p>\",\"27\":\"\"}}', '2017-09-14 19:36:40', '2017-09-14 19:36:40', '14759996-f623-405a-81ea-427cbf130d5c'),
 ('165', '359', '10', '1', 'en_us', '2', '', '{\"typeId\":\"10\",\"authorId\":\"1\",\"title\":\"Bible Study\",\"slug\":\"bible-study\",\"postDate\":1505417760,\"expiryDate\":null,\"enabled\":1,\"parentId\":null,\"fields\":{\"3\":\"\",\"13\":{\"360\":{\"type\":\"generalSection\",\"enabled\":\"1\",\"fields\":{\"text\":\"<h2>Revelations<\\/h2><p>The Thursday night study will resume on September 21st. The next series will be focusing on the book of Revelation. If interested, please purchase this&nbsp;<a href=\\\"https:\\/\\/www.amazon.com\\/Book-Revelation-COLLEGEVILLE-COMMENTARY-TESTAMENT\\/dp\\/0814628850\\\" target=\\\"_blank\\\" rel=\\\"noreferrer noopener\\\"><u>commentary<\\/u><\\/a>&nbsp;and stay tuned for more updates on the new series.<\\/p>\"}}},\"11\":[\"358\"],\"12\":\"<p>Aenean ac velit phasellus vivamus condimentum habitant vestibulum nibh parturient tincidunt mi malesuada cursus nunc risus parturient a condimentum augue gravida metus. Ut at a a turpis facilisi parturient ac non quisque a parturient habitasse cubilia adipiscing imperdiet.<\\/p>\",\"27\":\"\"}}', '2017-09-14 19:37:28', '2017-09-14 19:37:28', 'f9ef3f9f-e08f-40a8-992c-5b3590c90ca8'),
 ('166', '359', '10', '1', 'en_us', '3', '', '{\"typeId\":\"10\",\"authorId\":\"1\",\"title\":\"Bible Study\",\"slug\":\"bible-study\",\"postDate\":1505417760,\"expiryDate\":null,\"enabled\":1,\"parentId\":null,\"fields\":{\"3\":\"\",\"13\":{\"360\":{\"type\":\"generalSection\",\"enabled\":\"1\",\"fields\":{\"text\":\"<h2>The Book of Revelations<\\/h2>\\r\\n<p>The Thursday night study will resume on September 21st. The next series will be focusing on the book of Revelation. If interested, please purchase this&nbsp;<a href=\\\"https:\\/\\/www.amazon.com\\/Book-Revelation-COLLEGEVILLE-COMMENTARY-TESTAMENT\\/dp\\/0814628850\\\" target=\\\"_blank\\\" rel=\\\"noreferrer noopener\\\"><u>commentary<\\/u><\\/a>&nbsp;and stay tuned for more updates on the new series.<\\/p>\"}}},\"11\":[\"358\"],\"12\":\"<p>Aenean ac velit phasellus vivamus condimentum habitant vestibulum nibh parturient tincidunt mi malesuada cursus nunc risus parturient a condimentum augue gravida metus. Ut at a a turpis facilisi parturient ac non quisque a parturient habitasse cubilia adipiscing imperdiet.<\\/p>\",\"27\":\"\"}}', '2017-09-14 19:38:43', '2017-09-14 19:38:43', 'b1ada9b1-14bb-4c07-9939-fda83a3b2ef1'),
 ('167', '363', '10', '1', 'en_us', '1', '', '{\"typeId\":null,\"authorId\":\"1\",\"title\":\"Weddings\",\"slug\":\"weddings\",\"postDate\":1505423681,\"expiryDate\":null,\"enabled\":1,\"parentId\":null,\"fields\":{\"3\":\"\",\"13\":\"\",\"11\":[\"362\"],\"12\":\"<p>Aenean ac velit phasellus vivamus condimentum habitant vestibulum nibh parturient tincidunt mi malesuada cursus nunc risus parturient a condimentum augue gravida metus. Ut at a a turpis facilisi parturient ac non quisque a parturient habitasse cubilia adipiscing imperdiet.<\\/p>\",\"27\":\"Jesse Anders \\/On Point Images \"}}', '2017-09-14 21:14:41', '2017-09-14 21:14:41', '58e79789-55ec-4fa9-a3fe-67d744a3f5c5'),
 ('168', '363', '10', '1', 'en_us', '2', '', '{\"typeId\":\"10\",\"authorId\":\"1\",\"title\":\"Weddings\",\"slug\":\"weddings\",\"postDate\":1505423640,\"expiryDate\":null,\"enabled\":1,\"parentId\":null,\"fields\":{\"3\":\"\",\"13\":\"\",\"11\":[\"362\"],\"12\":\"<p>Congratulations on your engagement, and thanks for your interest in becoming married at The Church of the Transfiguration. Our little church is a beautiful place with a century-old reputation for marrying couples from all over the world. At one time, Transfiguration solemnized more marriages than any other church! We welcome you to join in our story, and we hope to become a part of yours.<\\/p>\",\"27\":\"Jesse Anders \\/On Point Images \"}}', '2017-09-14 21:20:05', '2017-09-14 21:20:05', 'e313d03a-6f3d-4fac-b2d8-a2ebdfcc47c8'),
 ('169', '363', '10', '1', 'en_us', '3', '', '{\"typeId\":\"10\",\"authorId\":\"1\",\"title\":\"Weddings\",\"slug\":\"weddings\",\"postDate\":1505423640,\"expiryDate\":null,\"enabled\":1,\"parentId\":null,\"fields\":{\"3\":\"\",\"13\":{\"new1\":{\"type\":\"generalSection\",\"enabled\":\"1\",\"fields\":{\"text\":\"<h2>Weddings at Transfiguration<\\/h2>\\r\\n<p>How Transfiguration became famous as a place to exchange vows remains something of a mystery, but it is generally attributed to the overall openness of the church to people from different Christian denominations, personal situations and backgrounds. Every Saturday in&nbsp;<a href=\\\"https:\\/\\/www.nytimes.com\\/interactive\\/projects\\/cp\\/weddings\\/165-years-of-wedding-announcements\\/world-war-two-weddings\\\" target=\\\"_blank\\\">the 1930s and 40s<\\/a>&mdash;and often on weekdays&mdash;couples would gather in the garden, awaiting their turn to be married in the Holy Family Chapel. The Rector in that era would marry as many as <strong>seven couples a day<\\/strong>.<br><\\/p>\\r\\n<p>We hear from those couples to this day as part of our&nbsp;<em>Little Family<\\/em>&nbsp;community.&nbsp;We send out several newsletters to them each year and a card goes to all those married here on their anniversaries.<\\/p>\\r\\n<h3>The Space<\\/h3>\\r\\n<p>Tucked behind a lovely English garden with a fountain, Transfiguration is a neo-Gothic church rich with architectural detail. There are two spaces in which you may choose to be married:<\\/p>\\r\\n<p><strong>The Holy Family Chapel<\\/strong> is a quaint room panelled with dark wood that seats up to 50 people&mdash;is appropriate for smaller weddings. The altar piece is a painted depiction of the betrothal of Mary and Joseph. It is in the Holy Family Chapel that thousands of couples in the post-war years became married, making the Little Church famous for weddings.<\\/p><p><em>I can fill this out further, tomorrow, Mary Jane.<\\/em><\\/p>\\r\\n<p><strong><em><em><br><\\/em><\\/em><\\/strong><\\/p>\"}}},\"11\":[\"362\"],\"12\":\"<p>Congratulations on your engagement, and thanks for your interest in becoming married at The Church of the Transfiguration. Our church is a beautiful place with a century-old reputation for marrying couples from all over the world. At one time, Transfiguration solemnized more marriages than any other church! We welcome you to join our \\\"little family\\\", and we hope to become a part of yours.<\\/p>\",\"27\":\"Jesse Anders \\/On Point Images \"}}', '2017-09-14 21:32:47', '2017-09-14 21:32:47', 'd54cf78e-bf1d-4eeb-a497-40ba9757c6f9'),
 ('170', '363', '10', '1', 'en_us', '4', '', '{\"typeId\":\"10\",\"authorId\":\"1\",\"title\":\"Weddings\",\"slug\":\"weddings\",\"postDate\":1505423640,\"expiryDate\":null,\"enabled\":1,\"parentId\":null,\"fields\":{\"3\":\"\",\"13\":{\"364\":{\"type\":\"generalSection\",\"enabled\":\"1\",\"fields\":{\"text\":\"<h2>Weddings at Transfiguration<\\/h2>\\r\\n<p>How Transfiguration became famous as a place to exchange vows remains something of a mystery, but it is generally attributed to the overall openness of the church to people from different Christian denominations, personal situations and backgrounds. Every Saturday in&nbsp;<a href=\\\"https:\\/\\/www.nytimes.com\\/interactive\\/projects\\/cp\\/weddings\\/165-years-of-wedding-announcements\\/world-war-two-weddings\\\" target=\\\"_blank\\\" rel=\\\"noreferrer noopener\\\">the 1930s and 40s<\\/a>&mdash;and often on weekdays&mdash;couples would gather in the garden, awaiting their turn to be married in the Holy Family Chapel. The Rector in that era would marry as many as <strong>seven couples a day<\\/strong>.<br><\\/p>\\r\\n<p>We hear from those couples to this day as part of our&nbsp;<em>Little Family<\\/em>&nbsp;community.&nbsp;We send out several newsletters to them each year and a card goes to all those married here on their anniversaries.<\\/p>\\r\\n<h3>The Space<\\/h3>\\r\\n<p>Tucked behind a lovely English garden with a fountain, Transfiguration is a neo-Gothic church rich with architectural detail. There are two spaces in which you may choose to be married:<\\/p>\\r\\n<p><strong>The Holy Family Chapel<\\/strong> is a quaint room panelled with dark wood that seats up to 50 people&mdash;is appropriate for smaller weddings. The altar piece is a painted depiction of the betrothal of Mary and Joseph. It is in the Holy Family Chapel that thousands of couples in the post-war years became married, making the Little Church famous for weddings.<\\/p>\\r\\n<p><em>I can fill this out further, tomorrow, Mary Jane.<\\/em><\\/p>\"}}},\"11\":[\"362\"],\"12\":\"<p>Congratulations on your engagement, and thanks for your interest in becoming married at The Church of the Transfiguration. Our church is a beautiful place with a century-old reputation for marrying couples from all over the world. At one time, Transfiguration solemnized more marriages than any other church! We welcome you to join our \\\"little family\\\", and we hope to become a part of yours.<\\/p>\",\"27\":\"Jesse Anders \\/On Point Images \"}}', '2017-09-14 21:34:20', '2017-09-14 21:34:20', 'a1dc0d3d-3828-4fbc-8ca9-b71fbc5214b2'),
 ('171', '363', '10', '1', 'en_us', '5', '', '{\"typeId\":\"10\",\"authorId\":\"1\",\"title\":\"Weddings\",\"slug\":\"weddings\",\"postDate\":1505423640,\"expiryDate\":null,\"enabled\":1,\"parentId\":null,\"fields\":{\"3\":\"\",\"13\":{\"364\":{\"type\":\"generalSection\",\"enabled\":\"1\",\"fields\":{\"text\":\"<h2>Weddings at Transfiguration<\\/h2>\\r\\n<p>How Transfiguration became famous as a place to exchange vows remains something of a mystery, but it is generally attributed to the overall openness of the church to people from different Christian denominations, personal situations and backgrounds. Every Saturday in&nbsp;<a href=\\\"https:\\/\\/www.nytimes.com\\/interactive\\/projects\\/cp\\/weddings\\/165-years-of-wedding-announcements\\/world-war-two-weddings\\\" target=\\\"_blank\\\" rel=\\\"noreferrer noopener\\\">the 1930s and 40s<\\/a>&mdash;and often on weekdays&mdash;couples would gather in the garden, awaiting their turn to be married in the Holy Family Chapel. The Rector in that era would marry as many as <strong>seven couples a day<\\/strong>.<br><\\/p>\\r\\n<p>We hear from those couples to this day as part of our&nbsp;<em>Little Family<\\/em>&nbsp;community.&nbsp;We send out several newsletters to them each year and a card goes to all those married here on their anniversaries.<\\/p>\\r\\n<h3>The Space<\\/h3>\\r\\n<p>Tucked behind a lovely English garden with a fountain, Transfiguration is a neo-Gothic church rich with architectural detail. There are two spaces in which you may choose to be married:<\\/p>\\r\\n<p><strong>The Holy Family Chapel<\\/strong> is a quaint room panelled with dark wood that seats up to 50 people&mdash;is appropriate for smaller weddings. The altar piece is a painted depiction of the betrothal of Mary and Joseph. It is in the Holy Family Chapel that thousands of couples in the post-war years became married, making the Little Church famous for weddings.<\\/p>\\r\\n<p><em>I would like to include some images here, so can fill this out further, tomorrow, Mary Jane. We can also include downloads to the newsletters, as it is on the existing wedding page.<\\/em><\\/p>\"}}},\"11\":[\"362\"],\"12\":\"<p>Congratulations on your engagement, and thanks for your interest in becoming married at The Church of the Transfiguration. Our church is a beautiful place with a century-old reputation for marrying couples from all over the world. At one time, Transfiguration solemnized more marriages than any other church! We welcome you to join our \\\"little family\\\", and we hope to become a part of yours.<\\/p>\",\"27\":\"Jesse Anders \\/On Point Images \"}}', '2017-09-14 21:36:03', '2017-09-14 21:36:03', '845c602a-9647-4739-b3ce-da7531b48fb9'),
 ('172', '363', '10', '1', 'en_us', '6', '', '{\"typeId\":\"10\",\"authorId\":\"1\",\"title\":\"Weddings\",\"slug\":\"weddings\",\"postDate\":1505423640,\"expiryDate\":null,\"enabled\":1,\"parentId\":null,\"fields\":{\"3\":\"\",\"13\":{\"364\":{\"type\":\"generalSection\",\"enabled\":\"1\",\"fields\":{\"text\":\"<h2>Weddings at Transfiguration<\\/h2>\\r\\n<p>How Transfiguration became famous as a place to exchange vows remains something of a mystery, but it is generally attributed to the overall openness of the church to people from different Christian denominations, personal situations and backgrounds. Every Saturday in&nbsp;<a href=\\\"https:\\/\\/www.nytimes.com\\/interactive\\/projects\\/cp\\/weddings\\/165-years-of-wedding-announcements\\/world-war-two-weddings\\\" target=\\\"_blank\\\" rel=\\\"noreferrer noopener\\\">the 1930s and 40s<\\/a>&mdash;and often on weekdays&mdash;couples would gather in the garden, awaiting their turn to be married in the Holy Family Chapel. The Rector in that era would marry as many as <strong>seven couples a day<\\/strong>.<br><\\/p>\\r\\n<p>We hear from those couples to this day as part of our&nbsp;<em>Little Family<\\/em>&nbsp;community.&nbsp;We send out several newsletters to them each year and a card goes to all those married here on their anniversaries.<\\/p>\\r\\n<h3>The Space<\\/h3>\\r\\n<p>Tucked behind a lovely English garden with a fountain, Transfiguration is a neo-Gothic church rich with architectural detail. There are two spaces in which you may choose to be married:<\\/p>\\r\\n<p><strong>The Holy Family Chapel<\\/strong> is a quaint room panelled with dark wood that seats up to 50 people&mdash;is appropriate for smaller weddings. The altar piece is a painted depiction of the betrothal of Mary and Joseph. It is in the Holy Family Chapel that thousands of couples in the post-war years became married, making the Little Church famous for weddings.<\\/p>\\r\\n<p><em>I would like to include some images here, so can fill this out further, tomorrow, Mary Jane. We can also include downloads to the newsletters, as it is on the existing wedding page.<\\/em><\\/p>\"}}},\"11\":[\"362\"],\"12\":\"<p>Congratulations on your engagement, and thanks for your interest in becoming married at The Church of the Transfiguration. Our church is a beautiful place with a century-old reputation for marrying couples from all over the world. At one time, Transfiguration solemnized more marriages than any other church! We welcome you to join our \\\"little family\\\", and we hope to become a part of yours.<\\/p>\",\"27\":\"Jesse Anders \\/On Point Images \"}}', '2017-09-14 21:36:12', '2017-09-14 21:36:12', '2a516e8d-a2a1-40d1-bde7-43649f8286f1'),
 ('173', '363', '10', '1', 'en_us', '7', '', '{\"typeId\":\"10\",\"authorId\":\"1\",\"title\":\"Weddings\",\"slug\":\"weddings\",\"postDate\":1505423640,\"expiryDate\":null,\"enabled\":1,\"parentId\":null,\"fields\":{\"3\":\"\",\"13\":{\"364\":{\"type\":\"generalSection\",\"enabled\":\"1\",\"fields\":{\"text\":\"<h2>Weddings at Transfiguration<\\/h2>\\r\\n<p>How Transfiguration became famous as a place to exchange vows remains something of a mystery, but it is generally attributed to the overall openness of the church to people from different Christian denominations, personal situations and backgrounds. Every Saturday in&nbsp;<a href=\\\"https:\\/\\/www.nytimes.com\\/interactive\\/projects\\/cp\\/weddings\\/165-years-of-wedding-announcements\\/world-war-two-weddings\\\" target=\\\"_blank\\\" rel=\\\"noreferrer noopener\\\">the 1930s and 40s<\\/a>&mdash;and often on weekdays&mdash;couples would gather in the garden, awaiting their turn to be married in the Holy Family Chapel. The Rector in that era would marry as many as seven couples a day.<br><\\/p>\\r\\n<p>We hear from those couples to this day as part of our&nbsp;<em>Little Family<\\/em>&nbsp;community.&nbsp;We send out several newsletters to them each year and a card goes to all those married here on their anniversaries.<\\/p>\\r\\n<h3>The Space<\\/h3>\\r\\n<p>Tucked behind a lovely English garden with a fountain, Transfiguration is a neo-Gothic church rich with architectural detail. There are two spaces in which you may choose to be married:<\\/p>\\r\\n<p><strong>The Holy Family Chapel<\\/strong> is a quaint room panelled with dark wood that seats up to 50 people&mdash;is appropriate for smaller weddings. The altar piece is a painted depiction of the betrothal of Mary and Joseph. It is in the Holy Family Chapel that thousands of couples in the post-war years became married, making the Little Church famous for weddings.<\\/p>\\r\\n<p><em>I would like to include some images here, so can fill this out further, tomorrow, Mary Jane. We can also include downloads to the newsletters, as it is on the existing wedding page.<\\/em><\\/p>\"}}},\"11\":[\"362\"],\"12\":\"<p>Congratulations on your engagement, and thanks for your interest in becoming married at The Church of the Transfiguration. Our church is a beautiful place with a century-old reputation for marrying couples from all over the world. At one time, Transfiguration solemnized more marriages than any other church! We welcome you to join our \\\"little family\\\", and we hope to become a part of yours.<\\/p>\",\"27\":\"Jesse Anders \\/On Point Images \"}}', '2017-09-14 21:40:46', '2017-09-14 21:40:46', '302685b4-168f-469f-8844-6a8496c8e3c8'),
 ('174', '359', '10', '1', 'en_us', '4', '', '{\"typeId\":\"10\",\"authorId\":\"1\",\"title\":\"Bible Study\",\"slug\":\"bible-study\",\"postDate\":1505417760,\"expiryDate\":null,\"enabled\":1,\"parentId\":null,\"fields\":{\"3\":\"\",\"13\":{\"360\":{\"type\":\"generalSection\",\"enabled\":\"1\",\"fields\":{\"text\":\"<h2>The Book of Revelations<\\/h2>\\r\\n<p>The Thursday night study will resume on September 21st. Our current series focuses on the book of Revelation. If interested, please purchase this&nbsp;<a href=\\\"https:\\/\\/www.amazon.com\\/Book-Revelation-COLLEGEVILLE-COMMENTARY-TESTAMENT\\/dp\\/0814628850\\\" target=\\\"_blank\\\" rel=\\\"noreferrer noopener\\\"><u>commentary<\\/u><\\/a>&nbsp;and stay tuned for more updates on the new series.<\\/p>\"}}},\"11\":[\"358\"],\"12\":\"<p>Aenean ac velit phasellus vivamus condimentum habitant vestibulum nibh parturient tincidunt mi malesuada cursus nunc risus parturient a condimentum augue gravida metus. Ut at a a turpis facilisi parturient ac non quisque a parturient habitasse cubilia adipiscing imperdiet.<\\/p>\",\"27\":\"\"}}', '2017-09-14 21:44:04', '2017-09-14 21:44:04', 'b790718b-8cb7-4267-af9f-572f9ae6fd37'),
 ('175', '359', '10', '1', 'en_us', '5', '', '{\"typeId\":\"10\",\"authorId\":\"1\",\"title\":\"Bible Study\",\"slug\":\"bible-study\",\"postDate\":1505417760,\"expiryDate\":null,\"enabled\":1,\"parentId\":null,\"fields\":{\"3\":\"\",\"13\":{\"360\":{\"type\":\"generalSection\",\"enabled\":\"1\",\"fields\":{\"text\":\"<h2>The Book of Revelations<\\/h2>\\r\\n<p>The Thursday night study which resumed on September 21st, continues throughout October. The evening begins with a mass in the chapel at 6:30 PM. Following the mass, the study will begin at 7:00 in the common room. This series is focused on the Book of Revelation.&nbsp;<b>Newcomers Welcome<\\/b>.<\\/p>\"}}},\"11\":[\"358\"],\"12\":\"\",\"27\":\"\"}}', '2017-09-16 15:47:11', '2017-09-16 15:47:11', 'be5a5b14-cb4d-4e94-a26d-bdf257cd7508'),
 ('176', '359', '10', '1', 'en_us', '6', '', '{\"typeId\":\"10\",\"authorId\":\"1\",\"title\":\"Bible Study\",\"slug\":\"bible-study\",\"postDate\":1505417760,\"expiryDate\":null,\"enabled\":1,\"parentId\":null,\"fields\":{\"3\":\"\",\"13\":{\"360\":{\"type\":\"generalSection\",\"enabled\":\"1\",\"fields\":{\"text\":\"<h2>The Book of Revelation<\\/h2>\\r\\n<p>The Thursday night study which resumed on September 21st, continues throughout October. The evening begins with a mass in the chapel at 6:30 PM. Following the mass, the study will begin at 7:00 in the common room. This series is focused on the Book of Revelation.&nbsp;<strong>Newcomers Welcome<\\/strong>.<\\/p>\"}}},\"11\":[\"358\"],\"12\":\"<p>The Thursday night study which resumed on September 21st, continues throughout October. The evening begins with a mass in the chapel at 6:30 pm. Following the mass, the study will begin at 7:00 pm in the common room.&nbsp;<b>Newcomers Welcome<\\/b>.<\\/p>\",\"27\":\"\"}}', '2017-09-16 15:55:03', '2017-09-16 15:55:03', '4d4c30d7-15e8-4388-9c80-ead8db892b9f'),
 ('177', '359', '10', '1', 'en_us', '7', '', '{\"typeId\":\"10\",\"authorId\":\"1\",\"title\":\"Bible Study\",\"slug\":\"bible-study\",\"postDate\":1505417760,\"expiryDate\":null,\"enabled\":1,\"parentId\":null,\"fields\":{\"3\":\"\",\"13\":{\"360\":{\"type\":\"generalSection\",\"enabled\":\"1\",\"fields\":{\"text\":\"<h2>The Book of Revelation<\\/h2>\\r\\n<p>The Thursday night study which resumed on September 21st, continues throughout October. The evening begins with a mass in the chapel at 6:30 PM. Following the mass, the study will begin at 7:00 in the common room. This series is focused on the Book of Revelation.&nbsp;<strong>Newcomers Welcome<\\/strong>.<\\/p>\"}}},\"11\":[\"358\"],\"12\":\"<p>The Thursday night study, which resumed on September 21st, continues throughout October. The evening begins with a mass in the chapel at 6:30 pm. Following the mass, the study will begin at 7:00 pm in the common room.&nbsp;<strong>Newcomers Welcome<\\/strong>.<\\/p>\",\"27\":\"\"}}', '2017-09-16 16:01:10', '2017-09-16 16:01:10', 'c46dd601-48e4-4667-b184-6d6f8fff3f7a'),
 ('178', '359', '10', '1', 'en_us', '8', '', '{\"typeId\":\"10\",\"authorId\":\"1\",\"title\":\"Bible Study\",\"slug\":\"bible-study\",\"postDate\":1505417760,\"expiryDate\":null,\"enabled\":1,\"parentId\":null,\"fields\":{\"3\":\"\",\"13\":{\"360\":{\"type\":\"generalSection\",\"enabled\":\"1\",\"fields\":{\"text\":\"<h2>The Book of Revelation<\\/h2>\\r\\n<p>Our current series is focused on&nbsp;the Book of Revelations.&nbsp;The group will be using this commentary:&nbsp;<em>The Book of Revelation: Volume 12<\\/em> (NEW COLLEGEVILLE BIBLE COMMENTARY: NEW TESTAMENT) (Pt. 12). <a href=\\\"https:\\/\\/www.amazon.com\\/Book-Revelation-COLLEGEVILLE-COMMENTARY-TESTAMENT\\/dp\\/0814628850\\\" target=\\\"_blank\\\">Purchase on Amazon<\\/a>.<\\/p>\\r\\n<p>For any questions about this series, please contact Fr. Cheng at AssociateRector@littlechurch.org.<\\/p>\"}}},\"11\":[\"358\"],\"12\":\"<p>The Thursday night study, which resumed on September 21st, continues throughout October. The evening begins with a mass in the chapel at 6:30 pm. Following the mass, the study will begin at 7:00 pm in the common room.&nbsp;<strong>Newcomers Welcome<\\/strong>.<\\/p>\",\"27\":\"\"}}', '2017-09-16 16:06:11', '2017-09-16 16:06:11', 'dd8f7c0f-a57a-4236-a762-3d8af51c4e5f'),
 ('179', '359', '10', '1', 'en_us', '9', '', '{\"typeId\":\"10\",\"authorId\":\"1\",\"title\":\"Bible Study\",\"slug\":\"bible-study\",\"postDate\":1505417760,\"expiryDate\":null,\"enabled\":1,\"parentId\":null,\"fields\":{\"3\":\"\",\"13\":{\"360\":{\"type\":\"generalSection\",\"enabled\":\"1\",\"fields\":{\"text\":\"<h2>The Book of Revelation<\\/h2>\\r\\n<p>Our current series is focused on&nbsp;the Book of Revelations.&nbsp;The group will be using this commentary:&nbsp;<em>The Book of Revelation: Volume 12<\\/em> (NEW COLLEGEVILLE BIBLE COMMENTARY: NEW TESTAMENT) (Pt. 12). <a href=\\\"https:\\/\\/www.amazon.com\\/Book-Revelation-COLLEGEVILLE-COMMENTARY-TESTAMENT\\/dp\\/0814628850\\\" target=\\\"_blank\\\" rel=\\\"noreferrer noopener\\\">Purchase on Amazon<\\/a>.<\\/p>\\r\\n<p>For any questions about this series, please contact Fr. Cheng at AssociateRector@littlechurch.org.<\\/p>\"}}},\"11\":[\"358\"],\"12\":\"<p>The Thursday night study, which resumed on September 21st, continues throughout October. The evening begins with a mass in the chapel at 6:30 pm. Following the mass, the study will begin at 7:00 pm in the common room.&nbsp;<strong>Newcomers Welcome<\\/strong>.<\\/p>\",\"27\":\"\"}}', '2017-09-16 16:17:13', '2017-09-16 16:17:13', 'fe1f844c-4537-4586-b67a-267d4f3de2e5'),
 ('180', '375', '10', '1', 'en_us', '1', '', '{\"typeId\":null,\"authorId\":\"1\",\"title\":\"Adult Education\",\"slug\":\"adult-education\",\"postDate\":1505579103,\"expiryDate\":null,\"enabled\":1,\"parentId\":null,\"fields\":{\"3\":\"\",\"13\":{\"new1\":{\"type\":\"generalSection\",\"enabled\":\"1\",\"fields\":{\"text\":\"<h2>The Bible and Sexuality<\\/h2><p>Adult Christian education classes at Transfiguration will resume in October with a five-week series on the Bible and sexuality. Come explore what the Hebrew Bible, Apocrypha, and New Testament have to say to us today about topics such as marriage, sexual ethics, and LGBT issues.<\\/p>\"}}},\"11\":[\"374\"],\"12\":\"<p>Our Adult Education forums cover a wide variety of spiritual topics both within the Church and elsewhere. The series hosts a number of guest speakers and facilitators and promises an hour of entertaining and informational learning and discussion.<br><\\/p>\",\"27\":\"\"}}', '2017-09-16 16:25:03', '2017-09-16 16:25:03', '5f22ecd1-527b-4f5a-8f3a-742bccc14ed1'),
 ('181', '455', '10', '1', 'en_us', '1', '', '{\"typeId\":null,\"authorId\":\"1\",\"title\":\"Baptisms\",\"slug\":\"baptisms\",\"postDate\":1506174608,\"expiryDate\":null,\"enabled\":1,\"parentId\":null,\"fields\":{\"3\":\"\",\"13\":\"\",\"11\":[\"420\"],\"12\":\"<p>Pulvinar faucibus a dignissim enim accumsan arcu est nunc scelerisque parturient fringilla at vel a adipiscing id dignissim scelerisque. Nascetur mi odio a sit dis consectetur cum donec est adipiscing phasellus risus amet ultrices dis interdum. Montes dictum suspendisse consectetur vestibulum volutpat ridiculus dis nullam ac blandit tellus eu nisl lorem.<\\/p>\",\"27\":\"\"}}', '2017-09-23 13:50:08', '2017-09-23 13:50:08', 'bdfbcc35-820b-4622-a6cb-df5858743c06'),
 ('182', '455', '10', '1', 'en_us', '2', '', '{\"typeId\":\"10\",\"authorId\":\"1\",\"title\":\"Baptisms\",\"slug\":\"baptisms\",\"postDate\":1506174600,\"expiryDate\":null,\"enabled\":1,\"parentId\":null,\"fields\":{\"3\":\"\",\"13\":{\"new1\":{\"type\":\"generalSection\",\"enabled\":\"1\",\"fields\":{\"text\":\"<h3>Planning Holy Baptism<\\/h3><p>From time to time people ask about the requirements for Baptism. The only requirements to begin planning for a Baptism at Transfiguration are:<\\/p>\\r\\n<ul><li>A sincere desire to become a Christian or raise your child as a Christian.<\\/li><li>A readiness to begin (or continue) active participation in the life of the \\\"Little Church Around the Corner\\\".<\\/li><\\/ul>\\r\\n<p>If you are sure about both of those requirements, wonderful! It will be a delight to have you with us. The first step to planning a baptism at Transfiguration is to contact the office at 212-684-6770 and speak with the Rector of the church.<\\/p><p>If you are sure about the first requirement but not clear about the second, then we invite you to worship with us at the Church of the Transfiguration on a Sunday and meet us at the coffee hour immediately following the 11:00 am service.&nbsp;<\\/p>\\r\\n<p>Feel free to introduce yourself to the clergy, attend any of our adult education classes, or investigate our new series of Sunday Eucharistic liturgies at 11:00 am. Geared more for the needs of children and young families: \\u201cshorter and brighter\\u201d with a children\\u2019s address in place of the sermon, and featuring the Girls and Cherub Choirs. In so doing, you\'ll confirm Transfiguration is the right church home for you.<\\/p>\\r\\n<p>May God bless you as you contemplate Holy Baptism for yourself or your child.<\\/p>\"}}},\"11\":[\"420\"],\"12\":\"<p>We are pleased that you are interested in Holy Baptism at the Church of the Transfiguration. You will find here an intimate, loving, and supportive family of Christians who will do all in their power to encourage you in your life in Christ.<\\/p>\",\"27\":\"\"}}', '2017-09-23 13:59:55', '2017-09-23 13:59:55', 'ccbdd2c1-913d-4ac7-a1a7-c90766bc3448'),
 ('183', '455', '10', '1', 'en_us', '3', '', '{\"typeId\":\"10\",\"authorId\":\"1\",\"title\":\"Baptisms\",\"slug\":\"baptisms\",\"postDate\":1506174600,\"expiryDate\":null,\"enabled\":1,\"parentId\":null,\"fields\":{\"3\":\"\",\"13\":{\"456\":{\"type\":\"generalSection\",\"enabled\":\"1\",\"fields\":{\"text\":\"<h3>Planning Holy Baptism<\\/h3>\\r\\n<p>From time to time people ask about the requirements for Baptism. The only requirements to begin planning for a Baptism at Transfiguration are:<\\/p>\\r\\n<ul><li>A sincere desire to become a Christian or raise your child as a Christian.<\\/li><li>A readiness to begin (or continue) active participation in the life of the \\\"Little Church Around the Corner\\\".<\\/li><\\/ul>\\r\\n<p>If you are sure about both of those requirements, wonderful! It will be a delight to have you with us. The first step to planning a baptism at Transfiguration is to contact the office at 212-684-6770 and speak with the Rector of the church.<\\/p>\\r\\n<p>If you are sure about the first requirement but not clear about the second, then we invite you to worship with us at the Church of the Transfiguration on a Sunday and meet us at the coffee hour immediately following the 11:00 am service.&nbsp;<\\/p>\\r\\n<p>Feel free to introduce yourself to the clergy, attend any of our adult education classes, or investigate our new series of Sunday Eucharistic liturgies at 11:00 am. Geared more for the needs of children and young families: \\u201cshorter and brighter\\u201d with a children\\u2019s address in place of the sermon, and featuring the Girls and Cherub Choirs. In so doing, you\'ll confirm Transfiguration is the right church home for you.<\\/p>\\r\\n<p>May God bless you as you contemplate Holy Baptism for yourself or your child.<\\/p>\"}}},\"11\":[\"420\"],\"12\":\"<p>Interested in Holy Baptism at the Church of the Transfiguration? You will find here an intimate, loving, and supportive family of Christians who will do all in their power to encourage you in your life in Christ.<\\/p>\",\"27\":\"\"}}', '2017-09-23 14:00:42', '2017-09-23 14:00:42', '280083f0-d399-46a5-a671-88dd762427f9'),
 ('184', '363', '10', '1', 'en_us', '8', '', '{\"typeId\":\"10\",\"authorId\":\"1\",\"title\":\"Weddings\",\"slug\":\"weddings\",\"postDate\":1505423640,\"expiryDate\":null,\"enabled\":1,\"parentId\":null,\"fields\":{\"3\":\"\",\"13\":{\"364\":{\"type\":\"generalSection\",\"enabled\":\"1\",\"fields\":{\"text\":\"<h2>Weddings at Transfiguration<\\/h2>\\r\\n<p>How Transfiguration became famous as a place to exchange vows remains something of a mystery, but it is generally attributed to the overall openness of the church to people from different Christian denominations, personal situations and backgrounds. Every Saturday in&nbsp;<a href=\\\"https:\\/\\/www.nytimes.com\\/interactive\\/projects\\/cp\\/weddings\\/165-years-of-wedding-announcements\\/world-war-two-weddings\\\" target=\\\"_blank\\\" rel=\\\"noreferrer noopener\\\">the 1930s and 40s<\\/a>&mdash;and often on weekdays&mdash;couples would gather in the garden, awaiting their turn to be married in the Holy Family Chapel. The Rector in that era would marry as many as seven couples a day.<br><\\/p>\\r\\n<p>We hear from those couples to this day as part of our&nbsp;<em>Little Family<\\/em>&nbsp;community.&nbsp;We send out several newsletters to them each year and a card goes to all those married here on their anniversaries.<\\/p>\\r\\n<h3>The Space<\\/h3>\\r\\n<p>Tucked behind a lovely English garden with a fountain, Transfiguration is a neo-Gothic church rich with architectural detail. There are two spaces in which you may choose to be married:<\\/p>\\r\\n<p><strong>The Holy Family Chapel<\\/strong> is a quaint room panelled with dark wood that seats up to 50 people&mdash;is appropriate for smaller weddings. The altar piece is a painted depiction of the betrothal of Mary and Joseph. It is in the Holy Family Chapel that thousands of couples in the post-war years became married, making the Little Church famous for weddings.<\\/p>\\r\\n<p><em>I would like to include some images here, so can fill this out further, tomorrow, Mary Jane. We can also include downloads to the newsletters, as it is on the existing wedding page.<\\/em><\\/p>\"}}},\"11\":[\"362\"],\"12\":\"<p>Congratulations on your engagement, and thanks for your interest in becoming married at The Church of the Transfiguration. Our church is a beautiful place with a century-old reputation for marrying couples from all over the world. At one time, Transfiguration solemnized more marriages than any other church! We welcome you to join our \\\"little family\\\", and we hope to become a part of yours.<\\/p>\",\"27\":\"Jesse Anders \\/On Point Images \"}}', '2017-09-23 14:08:19', '2017-09-23 14:08:19', '6d23a006-b85a-405e-ac87-2e58b24ac9e9'),
 ('185', '363', '10', '1', 'en_us', '9', '', '{\"typeId\":\"10\",\"authorId\":\"1\",\"title\":\"Weddings\",\"slug\":\"weddings\",\"postDate\":1505423640,\"expiryDate\":null,\"enabled\":1,\"parentId\":null,\"fields\":{\"3\":\"\",\"13\":{\"364\":{\"type\":\"generalSection\",\"enabled\":\"1\",\"fields\":{\"text\":\"<h2>Weddings at Transfiguration<\\/h2>\\r\\n<p>How Transfiguration became famous as a place to exchange vows remains something of a mystery, but it is generally attributed to the overall openness of the church to people from different Christian denominations, personal situations and backgrounds. Every Saturday in&nbsp;<a href=\\\"https:\\/\\/www.nytimes.com\\/interactive\\/projects\\/cp\\/weddings\\/165-years-of-wedding-announcements\\/world-war-two-weddings\\\" target=\\\"_blank\\\" rel=\\\"noreferrer noopener\\\">the 1930s and 40s<\\/a>&mdash;and often on weekdays&mdash;couples would gather in the garden, awaiting their turn to be married in the Holy Family Chapel. The Rector in that era would marry as many as seven couples a day.<br><\\/p>\\r\\n<p>We hear from those couples to this day as part of our&nbsp;<em>Little Family<\\/em>&nbsp;community.&nbsp;We send out several newsletters to them each year and a card goes to all those married here on their anniversaries.<\\/p><h3>The Space<\\/h3>\\r\\n<p>Tucked behind a lovely English garden with a fountain, Transfiguration is a neo-Gothic church rich with architectural detail. There are two spaces in which you may choose to be married:<\\/p>\\r\\n<p><strong>The Holy Family Chapel<\\/strong> is a quaint room panelled with dark wood that seats up to 50 people&mdash;is appropriate for smaller weddings. The altar piece is a painted depiction of the betrothal of Mary and Joseph. It is in the Holy Family Chapel that thousands of couples in the post-war years became married, making the Little Church famous for weddings.<\\/p>\\r\\n<p><em>I would like to include some images here, so can fill this out further, Mary Jane. We can also include downloads to the newsletters, as it is on the existing wedding page. Thoughts?<\\/em><\\/p>\"}}},\"11\":[\"362\"],\"12\":\"<p>Congratulations on your engagement, and thanks for your interest in becoming married at The Church of the Transfiguration. Our church is a beautiful place with a century-old reputation for marrying couples from all over the world. At one time, Transfiguration solemnized more marriages than any other church! We welcome you to join our \\\"little family\\\", and we hope to become a part of yours.<\\/p>\",\"27\":\"\"}}', '2017-09-23 17:26:24', '2017-09-23 17:26:24', 'e30f5dcf-6f5f-47c1-811c-3e7f5d8fc338'),
 ('187', '363', '10', '1', 'en_us', '10', '', '{\"typeId\":\"10\",\"authorId\":\"1\",\"title\":\"Weddings\",\"slug\":\"weddings\",\"postDate\":1505423640,\"expiryDate\":null,\"enabled\":1,\"parentId\":null,\"fields\":{\"3\":\"\",\"13\":{\"364\":{\"type\":\"generalSection\",\"enabled\":\"1\",\"fields\":{\"text\":\"<h2>Weddings at Transfiguration<\\/h2>\\r\\n<p>How Transfiguration became famous as a place to exchange vows remains something of a mystery, but it is generally attributed to the overall openness of the church to people from different Christian denominations, personal situations and backgrounds. Every Saturday in&nbsp;<a href=\\\"https:\\/\\/www.nytimes.com\\/interactive\\/projects\\/cp\\/weddings\\/165-years-of-wedding-announcements\\/world-war-two-weddings\\\" target=\\\"_blank\\\" rel=\\\"noreferrer noopener\\\">the 1930s and 40s<\\/a>&mdash;and often on weekdays&mdash;couples would gather in the garden, awaiting their turn to be married in the Holy Family Chapel. The Rector in that era would marry as many as seven couples a day.<br><\\/p>\\r\\n<p>We hear from those couples to this day as part of our&nbsp;<em>Little Family<\\/em>&nbsp;community.&nbsp;We send out several newsletters to them each year and a card goes to all those married here on their anniversaries.<\\/p>\"}},\"new1\":{\"type\":\"figureFull\",\"enabled\":\"1\",\"fields\":{\"image\":[\"483\"],\"altAttribute\":\"\",\"caption\":\"\",\"credit\":\"\"}},\"new2\":{\"type\":\"generalSection\",\"enabled\":\"1\",\"fields\":{\"text\":\"<h3>The Space<\\/h3>\\r\\n<p>Tucked behind a lovely English garden with a fountain, Transfiguration is a neo-Gothic church rich with architectural detail. There are two spaces in which you may choose to be married:<\\/p>\\r\\n<p><b>The Holy Family Chapel<\\/b>&nbsp;is a quaint room panelled with dark wood that seats up to 50 people&mdash;is appropriate for smaller weddings. The altar piece is a painted depiction of the betrothal of Mary and Joseph. It is in the Holy Family Chapel that thousands of couples in the post-war years became married, making the Little Church famous for weddings.<\\/p>\\r\\n<p><em>I would like to include some images here, so can fill this out further, Mary Jane. We can also include downloads to the newsletters, as it is on the existing wedding page. Thoughts?<\\/em><\\/p>\"}}},\"11\":[\"362\"],\"12\":\"<p>Congratulations on your engagement, and thanks for your interest in becoming married at The Church of the Transfiguration. Our church is a beautiful place with a century-old reputation for marrying couples from all over the world. At one time, Transfiguration solemnized more marriages than any other church! We welcome you to join our \\\"little family\\\", and we hope to become a part of yours.<\\/p>\",\"27\":\"\"}}', '2017-09-24 19:30:25', '2017-09-24 19:30:25', '6d0707d2-7fea-4229-b8e1-6386b621e4d3'),
 ('188', '363', '10', '1', 'en_us', '11', '', '{\"typeId\":\"10\",\"authorId\":\"1\",\"title\":\"Weddings\",\"slug\":\"weddings\",\"postDate\":1505423640,\"expiryDate\":null,\"enabled\":1,\"parentId\":null,\"fields\":{\"3\":\"\",\"13\":{\"364\":{\"type\":\"generalSection\",\"enabled\":\"1\",\"fields\":{\"text\":\"<h2>Weddings at Transfiguration<\\/h2>\\r\\n<p>How Transfiguration became famous as a place to exchange vows remains something of a mystery, but it is generally attributed to the overall openness of the church to people from different Christian denominations, personal situations and backgrounds. Every Saturday in&nbsp;the 1930s and 40s&mdash;and often on weekdays&mdash;couples would gather in the garden, awaiting their turn to be married in the Holy Family Chapel. The Rector in that era would marry as many as seven couples a day.<br><\\/p>\\r\\n<p>We hear from those couples to this day as part of our&nbsp;<a href=\\\"#\\\">Little Family<\\/a>&nbsp;community.&nbsp;We send out several newsletters to them each year and a card goes to all those married here on their anniversaries.<\\/p>\"}},\"484\":{\"type\":\"figureFull\",\"enabled\":\"1\",\"fields\":{\"image\":[\"483\"],\"altAttribute\":\"\",\"caption\":\"\",\"credit\":\"\"}},\"485\":{\"type\":\"generalSection\",\"enabled\":\"1\",\"fields\":{\"text\":\"<h3>The Space<\\/h3>\\r\\n<p>Tucked behind a lovely English garden with a fountain, Transfiguration is a neo-Gothic church rich with architectural detail. There are two spaces in which you may choose to be married:<\\/p>\\r\\n<p><strong>The Holy Family Chapel<\\/strong>&nbsp;is a quaint room panelled with dark wood that seats up to 50 people&mdash;is appropriate for smaller weddings. The altar piece is a painted depiction of the betrothal of Mary and Joseph. It is in the Holy Family Chapel that thousands of couples in the post-war years became married, making the Little Church famous for weddings.<\\/p><p><strong>The Main Church<\\/strong> is a larger, more opulent space that houses our magnificent Fisk organ and will seat up to 350 people, making it ideal for a traditional wedding. The church interior is composed of deep mahogany pews and ceiling beams and lined with colorful stained glass windows. Gilded paint decorates the walls at the altar, and the aisles are made of mosaic marble tile.<br><\\/p><p>You are invited to come to the church for a visit and see which space best suits you. The chapel is open to the public seven days a week from 8:30 am until 6 pm, and the church is open on Sundays after church. If Sunday is unavailable, contact the parish office during the work week and schedule a time for the church to be unlocked for your viewing. The office number is 212-684-6770.<br><\\/p><h3>Guidelines<\\/h3><p>The tradition of openness at Transfiguration continues to this day&mdash;there are just a few requirements for marriage at Transfiguration. The national canons of the Episcopal Church require that either the bride or groom be a baptized Christian, and that the couple partake in pre-marital meetings with the Rector. Divorced persons are welcome to remarry in the Episcopal Church. The Rector must obtain permission from the Episcopal Bishop of New York to perform the marriage, a simple process that involves a few sheets of paperwork and proof of divorce.<\\/p>\\r\\n<p>You do not need to be a member of Transfiguration to be married here, though you are most welcome to join us on any Sunday. You do not need to be a resident of New York City (or even of the United States).<\\/p>\\r\\n<p>Since we are an Episcopal Church, we use The Celebration and Blessing of a Marriage in the Book of Common Prayer as the liturgy.<\\/p><h3>Making Arrangements<\\/h3><p>The first step to planning a wedding at Transfiguration is to <a href=\\\"mailto:receptionist@littlechurch.org\\\">email<\\/a> our Parish Administrator with your specific request (your names, the dates and times you are interested in having your wedding here,). Questions about the liturgy, scheduling, fees, obtaining a marriage license, music, flowers and other questions about the service, will be answered by a member of the clergy. We look forward to hearing from you!<\\/p>\"}}},\"11\":[\"362\"],\"12\":\"<p>Congratulations on your engagement, and thanks for your interest in becoming married at The Church of the Transfiguration. Our church is a beautiful place with a century-old reputation for marrying couples from all over the world. At one time, Transfiguration solemnized more marriages than any other church! We welcome you to join our \\\"little family\\\", and we hope to become a part of yours.<\\/p>\",\"27\":\"\"}}', '2017-09-26 10:34:16', '2017-09-26 10:34:16', '6272eefd-3245-4d23-a2b8-69dd3b494fb3'),
 ('189', '363', '10', '1', 'en_us', '12', '', '{\"typeId\":\"10\",\"authorId\":\"1\",\"title\":\"Weddings\",\"slug\":\"weddings\",\"postDate\":1505423640,\"expiryDate\":null,\"enabled\":1,\"parentId\":null,\"fields\":{\"3\":\"\",\"13\":{\"364\":{\"type\":\"generalSection\",\"enabled\":\"1\",\"fields\":{\"text\":\"<h2>Weddings at Transfiguration<\\/h2>\\r\\n<p>How Transfiguration became famous as a place to exchange vows remains something of a mystery, but it is generally attributed to the overall openness of the church to people from different Christian denominations, personal situations and backgrounds. Every Saturday in&nbsp;the 1930s and 40s&mdash;and often on weekdays&mdash;couples would gather in the garden, awaiting their turn to be married in the Holy Family Chapel. The Rector in that era would marry as many as seven couples a day.<br><\\/p>\\r\\n<p>We hear from those couples to this day as part of our&nbsp;<a href=\\\"#\\\">Little Family<\\/a>&nbsp;community.&nbsp;We send out several newsletters to them each year and a card goes to all those married here on their anniversaries.<\\/p>\"}},\"484\":{\"type\":\"figureFull\",\"enabled\":\"1\",\"fields\":{\"image\":[\"483\"],\"altAttribute\":\"\",\"caption\":\"\",\"credit\":\"\"}},\"485\":{\"type\":\"generalSection\",\"enabled\":\"1\",\"fields\":{\"text\":\"<h3>The Space<\\/h3>\\r\\n<p>Tucked behind a lovely English garden with a fountain, Transfiguration is a neo-Gothic church rich with architectural detail. There are two spaces in which you may choose to be married:<\\/p>\\r\\n<p><strong>The Holy Family Chapel<\\/strong>&nbsp;is a quaint room panelled with dark wood that seats up to 50 people&mdash;is appropriate for smaller weddings. The altar piece is a painted depiction of the betrothal of Mary and Joseph. It is in the Holy Family Chapel that thousands of couples in the post-war years became married, making the Little Church famous for weddings.<\\/p>\\r\\n<p><strong>The Main Church<\\/strong> is a larger, more opulent space that houses our magnificent Fisk organ and will seat up to 350 people, making it ideal for a traditional wedding. The church interior is composed of deep mahogany pews and ceiling beams and lined with colorful stained glass windows. Gilded paint decorates the walls at the altar, and the aisles are made of mosaic marble tile.<br><\\/p>\\r\\n<p>You are invited to come to the church for a visit and see which space best suits you. The chapel is open to the public seven days a week from 8:30 am until 6 pm, and the church is open on Sundays after church. If Sunday is unavailable, contact the parish office during the work week and schedule a time for the church to be unlocked for your viewing. The office number is 212-684-6770.<br><\\/p>\\r\\n<h3>Guidelines<\\/h3>\\r\\n<p>The tradition of openness at Transfiguration continues to this day&mdash;there are just a few requirements for marriage at Transfiguration. The national canons of the Episcopal Church require that either the bride or groom be a baptized Christian, and that the couple partake in pre-marital meetings with the Rector. Divorced persons are welcome to remarry in the Episcopal Church. The Rector must obtain permission from the Episcopal Bishop of New York to perform the marriage, a simple process that involves a few sheets of paperwork and proof of divorce.<\\/p>\\r\\n<p>You do not need to be a member of Transfiguration to be married here, though you are most welcome to join us on any Sunday. You do not need to be a resident of New York City (or even of the United States).&nbsp;Since we are an Episcopal Church, we use The Celebration and Blessing of a Marriage in the Book of Common Prayer as the liturgy.<\\/p>\\r\\n<h3>Making Arrangements<\\/h3>\\r\\n<p>The first step to planning a wedding at Transfiguration is to <a href=\\\"mailto:receptionist@littlechurch.org\\\">email<\\/a> our Parish Administrator with your specific request (your names, the dates and times you are interested in having your wedding here,). Questions about the liturgy, scheduling, fees, obtaining a marriage license, music, flowers and other questions about the service, will be answered by a member of the clergy. We look forward to hearing from you!<\\/p>\"}}},\"11\":[\"362\"],\"12\":\"<p>Congratulations on your engagement, and thanks for your interest in becoming married at The Church of the Transfiguration. Our church is a beautiful place with a century-old reputation for marrying couples from all over the world. At one time, Transfiguration solemnized more marriages than any other church! We welcome you to join our \\\"little family\\\", and we hope to become a part of yours.<\\/p>\",\"27\":\"\"}}', '2017-09-26 10:34:58', '2017-09-26 10:34:58', '0333d44d-d7eb-4c8f-8fb3-3353144884c0'),
 ('190', '518', '10', '1', 'en_us', '1', '', '{\"typeId\":null,\"authorId\":\"1\",\"title\":\"Funerals\",\"slug\":\"funerals\",\"postDate\":1506422612,\"expiryDate\":null,\"enabled\":1,\"parentId\":null,\"fields\":{\"3\":\"\",\"13\":\"\",\"11\":\"\",\"12\":\"<p><span class=\\\"s1\\\">Funerals are honored at the Church of the Transfiguration with sincerest devotion and loving care. The ancient words of the burial office from the Book of Common Prayer have blessed human souls through the centuries, and we continue to find consolation and strength from them within Transfiguration\\u2019s strong walls of faith.<\\/span><\\/p><p><\\/p>\",\"27\":\"\"}}', '2017-09-26 10:43:33', '2017-09-26 10:43:33', '3f854cb4-beda-4f55-8718-6938a2f3b7c0'),
 ('191', '518', '10', '1', 'en_us', '2', '', '{\"typeId\":\"10\",\"authorId\":\"1\",\"title\":\"Funerals\",\"slug\":\"funerals\",\"postDate\":1506422580,\"expiryDate\":null,\"enabled\":1,\"parentId\":null,\"fields\":{\"3\":\"\",\"13\":\"\",\"11\":[\"520\"],\"12\":\"<p>Funerals are honored at the Church of the Transfiguration with sincerest devotion and loving care. The ancient words of the burial office from the Book of Common Prayer have blessed human souls through the centuries, and we continue to find consolation and strength from them within Transfiguration\\u2019s strong walls of faith.<\\/p>\",\"27\":\"\"}}', '2017-09-26 10:49:23', '2017-09-26 10:49:23', '943fdfac-eff9-4ca0-83fe-69ad21f237b0'),
 ('192', '455', '10', '1', 'en_us', '4', '', '{\"typeId\":\"10\",\"authorId\":\"1\",\"title\":\"Baptisms\",\"slug\":\"baptisms\",\"postDate\":1506174600,\"expiryDate\":null,\"enabled\":1,\"parentId\":null,\"fields\":{\"3\":\"\",\"13\":{\"456\":{\"type\":\"generalSection\",\"enabled\":\"1\",\"fields\":{\"text\":\"<h3>Planning Holy Baptism<\\/h3>\\r\\n<p>Interested in Holy Baptism at the Church of the Transfiguration? You will find here an intimate, loving, and supportive family of Christians who will do all in their power to encourage you in your life in Christ. The only requirements to begin planning for a Baptism at Transfiguration are:<\\/p>\\r\\n<ul><li>A sincere desire to become a Christian or raise your child as a Christian.<\\/li><li>A readiness to begin (or continue) active participation in the life of the \\\"Little Church Around the Corner\\\".<\\/li><\\/ul>\\r\\n<p>If you are sure about both of those requirements, wonderful! It will be a delight to have you with us. The first step to planning a baptism at Transfiguration is to contact the office at 212-684-6770 and speak with the Rector of the church.<\\/p>\\r\\n<p>If you are sure about the first requirement but not clear about the second, then we invite you to worship with us at the Church of the Transfiguration on a Sunday and meet us at the coffee hour immediately following the 11:00 am service.&nbsp;<\\/p>\\r\\n<p>Feel free to introduce yourself to the clergy, attend any of our adult education classes, or investigate our new series of Sunday Eucharistic liturgies at 11:00 am. Geared more for the needs of children and young families: \\u201cshorter and brighter\\u201d with a children\\u2019s address in place of the sermon, and featuring the Girls and Cherub Choirs. In so doing, you\'ll confirm Transfiguration is the right church home for you.<\\/p>\\r\\n<p>May God bless you as you contemplate Holy Baptism for yourself or your child.<\\/p>\"}}},\"11\":[\"420\"],\"12\":\"<p>Holy Baptism&nbsp;<b>i<\\/b>s the sacrament welcoming an infant, child, or an adult into the body of Christ!&nbsp; It is an outward sign of the inward grace of God\\u2019s unconditional love for us, and&nbsp; as baptized persons, we are initiated into the full community and responsibilities of the Church.<\\/p>\",\"27\":\"\"}}', '2017-09-26 10:51:20', '2017-09-26 10:51:20', '6722069e-d0c9-4734-9f5c-69612c7a200a'),
 ('193', '455', '10', '1', 'en_us', '5', '', '{\"typeId\":\"10\",\"authorId\":\"1\",\"title\":\"Baptisms\",\"slug\":\"baptisms\",\"postDate\":1506174600,\"expiryDate\":null,\"enabled\":1,\"parentId\":null,\"fields\":{\"3\":\"\",\"13\":{\"456\":{\"type\":\"generalSection\",\"enabled\":\"1\",\"fields\":{\"text\":\"<h2>Planning Holy Baptism<\\/h2>\\r\\n<p>Interested in Holy Baptism at the Church of the Transfiguration? You will find here an intimate, loving, and supportive family of Christians who will do all in their power to encourage you in your life in Christ. The only requirements to begin planning for a Baptism at Transfiguration are:<\\/p>\\r\\n<ul><li>A sincere desire to become a Christian or raise your child as a Christian.<\\/li><li>A readiness to begin (or continue) active participation in the life of the \\\"Little Church Around the Corner\\\".<\\/li><\\/ul>\\r\\n<p>If you are sure about both of those requirements, wonderful! It will be a delight to have you with us. The first step to planning a baptism at Transfiguration is to contact the office at 212-684-6770 and speak with the Rector of the church.<\\/p>\\r\\n<p>If you are sure about the first requirement but not clear about the second, then we invite you to worship with us at the Church of the Transfiguration on a Sunday and meet us at the coffee hour immediately following the 11:00 am service.&nbsp;<\\/p>\\r\\n<p>Feel free to introduce yourself to the clergy, attend any of our adult education classes, or investigate our new series of Sunday Eucharistic liturgies at 11:00 am. Geared more for the needs of children and young families: \\u201cshorter and brighter\\u201d with a children\\u2019s address in place of the sermon, and featuring the Girls and Cherub Choirs. In so doing, you\'ll confirm Transfiguration is the right church home for you.<\\/p>\\r\\n<p>May God bless you as you contemplate Holy Baptism for yourself or your child.<\\/p>\"}}},\"11\":[\"420\"],\"12\":\"<p>Holy Baptism&nbsp;<strong>i<\\/strong>s the sacrament welcoming an infant, child, or an adult into the body of Christ!&nbsp; It is an outward sign of the inward grace of God\\u2019s unconditional love for us, and&nbsp; as baptized persons, we are initiated into the full community and responsibilities of the Church.<\\/p>\",\"27\":\"\"}}', '2017-09-26 10:52:24', '2017-09-26 10:52:24', '32db2a70-2bcd-4aa3-9712-b6c2ffe010ee'),
 ('194', '363', '10', '1', 'en_us', '13', '', '{\"typeId\":\"10\",\"authorId\":\"1\",\"title\":\"Weddings\",\"slug\":\"weddings\",\"postDate\":1505423640,\"expiryDate\":null,\"enabled\":1,\"parentId\":null,\"fields\":{\"3\":\"\",\"13\":{\"364\":{\"type\":\"generalSection\",\"enabled\":\"1\",\"fields\":{\"text\":\"<h2>Weddings at Transfiguration<\\/h2>\\r\\n<p>The church acquired fame in the mid 20th century for the thousands of weddings it hosted. Every Saturday in&nbsp;the 1930s and 40s&mdash;and often on weekdays&mdash;couples would gather in the garden, awaiting their turn to be married in the Holy Family Chapel. The Rector in that era would marry as many as seven couples a day.<br><\\/p>\\r\\n<p>We hear from those couples to this day as part of our&nbsp;<a href=\\\"#\\\">Little Family<\\/a>&nbsp;community.&nbsp;We send out several newsletters to them each year and a card goes to all those married here on their anniversaries.<\\/p>\"}},\"484\":{\"type\":\"figureFull\",\"enabled\":\"1\",\"fields\":{\"image\":[\"483\"],\"altAttribute\":\"\",\"caption\":\"\",\"credit\":\"\"}},\"485\":{\"type\":\"generalSection\",\"enabled\":\"1\",\"fields\":{\"text\":\"<h3>The Space<\\/h3>\\r\\n<p>Tucked behind a lovely English garden with a fountain, Transfiguration is a neo-Gothic church rich with architectural detail. There are two spaces in which you may choose to be married:<\\/p>\\r\\n<p><strong>The Holy Family Chapel<\\/strong>&nbsp;is a quaint room panelled with dark wood that seats up to 50 people&mdash;is appropriate for smaller weddings. The altar piece is a painted depiction of the betrothal of Mary and Joseph. It is in the Holy Family Chapel that thousands of couples in the post-war years became married, making the Little Church famous for weddings.<\\/p>\\r\\n<p><strong>The Main Church<\\/strong> is a larger, more opulent space that houses our magnificent Fisk organ and will seat up to 350 people, making it ideal for a traditional wedding. The church interior is composed of deep mahogany pews and ceiling beams and lined with colorful stained glass windows. Gilded paint decorates the walls at the altar, and the aisles are made of mosaic marble tile.<br><\\/p>\\r\\n<p>You are invited to come to the church for a visit and see which space best suits you. The chapel is open to the public seven days a week from 8:30 am until 6 pm, and the church is open on Sundays after church. If Sunday is unavailable, contact the parish office during the work week and schedule a time for the church to be unlocked for your viewing. The office number is 212-684-6770.<br><\\/p>\\r\\n<h3>Guidelines<\\/h3>\\r\\n<p>The tradition of openness at Transfiguration continues to this day&mdash;there are just a few requirements for marriage at Transfiguration. The national canons of the Episcopal Church require that either the bride or groom be a baptized Christian, and that the couple partake in pre-marital meetings with the Rector. Divorced persons are welcome to remarry in the Episcopal Church. The Rector must obtain permission from the Episcopal Bishop of New York to perform the marriage, a simple process that involves a few sheets of paperwork and proof of divorce.<\\/p>\\r\\n<p>You do not need to be a member of Transfiguration to be married here, though you are most welcome to join us on any Sunday. You do not need to be a resident of New York City (or even of the United States).&nbsp;Since we are an Episcopal Church, we use The Celebration and Blessing of a Marriage in the Book of Common Prayer as the liturgy.<\\/p>\\r\\n<h3>Making Arrangements<\\/h3>\\r\\n<p>The first step to planning a wedding at Transfiguration is to <a href=\\\"mailto:receptionist@littlechurch.org\\\">email<\\/a> our Parish Administrator with your specific request (your names, the dates and times you are interested in having your wedding here,). Questions about the liturgy, scheduling, fees, obtaining a marriage license, music, flowers and other questions about the service, will be answered by a member of the clergy. We look forward to hearing from you!<\\/p>\"}}},\"11\":[\"362\"],\"12\":\"<p>The celebration of the sacrament of Marriage is something dear, treasured, and historically significant at the Church of the Transfiguration. All weddings performed at Transfiguration use the Book of Common Prayer, which includes the passage that marriage is to be entered into \\u201creverently, deliberately, and in accordance to God\\u2019s holy Word.\\u201d Although Transfiguration has always shared a liberal policy of inclusion with regard to weddings, there is an expectation that wedding parties will honor and respect the traditions and guidelines of the church.<\\/p>\",\"27\":\"\"}}', '2017-09-26 10:54:19', '2017-09-26 10:54:19', 'a35c38b7-e846-488e-8d84-3b4dcc2f1362'),
 ('195', '94', '9', '1', 'en_us', '31', '', '{\"typeId\":\"9\",\"authorId\":\"1\",\"title\":\"Good Things Come In Threes\",\"slug\":\"good-things-come-in-threes\",\"postDate\":1504084080,\"expiryDate\":null,\"enabled\":1,\"parentId\":null,\"fields\":{\"28\":{\"107\":{\"type\":\"paragraph\",\"enabled\":\"1\",\"fields\":{\"text\":\"<p>I was paging my way through&nbsp;<i>Holy Women, Holy Men<\\/i><em><\\/em>&nbsp;on a fact-checking mission when I came across the entry for December 16<sup>th<\\/sup>.<\\/p>\\r\\n<p>\\r\\n<\\/p>\\r\\n<p>I was stunned to see that this day had been set apart to honor two architects and an artist whose work was represented here at Transfiguration:&nbsp; Ralph Adams Cram, designer of St. Thomas Church NYC and the nave of the Cathedral of St. John the Divine, Richard Upjohn, the designer of Trinity Church on Wall Street in lower Manhattan, and John Lafarge, painter of murals and designer of many notable stained glass windows.<\\/p>\\r\\n<p>\\r\\n<\\/p>\\r\\n<p><em>Holy Men, Holy Women<\\/em> encourages us to offer thanks for \\u201cthe vision of Ralph Adams Cram, John LaFarge and Richard Upjohn, whose harmonious revival of the Gothic enriched our churches with a sacramental understanding of reality in the face of secular materialism&hellip;\\u201d *<\\/p>\"}},\"111\":{\"type\":\"figure\",\"enabled\":\"1\",\"fields\":{\"image\":[\"211\"],\"altAttribute\":\"John LaFarge\\u2019s magnificent window depicting Edwin Booth\",\"caption\":\"<p>John LaFarge\\u2019s magnificent window depicting Edwin Booth<\\/p>\",\"enlarge\":\"1\",\"orientation\":\"vertical\"}},\"108\":{\"type\":\"paragraph\",\"enabled\":\"1\",\"fields\":{\"text\":\"<p><em><i>Holy Women, Holy Men<\\/i><\\/em>&nbsp;encourages us to offer thanks for \\u201cthe vision of Ralph Adams Cram, John LaFarge and Richard Upjohn, whose harmonious revival of the Gothic enriched our churches with a sacramental understanding of reality in the face of secular materialism&hellip;\\u201d *<br><\\/p>\\r\\n<p>Ralph Adams Cram was the designer of our beautiful polychromed wood Madonna Shrine, located in the Transept. It was donated by Mr. F. E. Saxham Drury in memory of Elbridge T. Gerry and Mabel Gerry Drury.<br><\\/p>\\r\\n<p>Turn to your right, and there is John LaFarge\\u2019s magnificent window depicting Edwin Booth, the leading Shakespearean actor of his time, holding a mask and dressed in Greco-Roman costume.&nbsp; (Edwin Booth was the brother of the notorious John Wilkes Booth, President Lincoln\\u2019s assassin.) The window was given in his memory in 1898 by members of the Players Club, which he founded.<\\/p><p>And a few steps away, near the chancel on the northeast side of the nave, stands Richard Upjohn\\u2019s beautiful and intricate brass filigree pulpit.<br><\\/p>\"}},\"122\":{\"type\":\"figure\",\"enabled\":\"1\",\"fields\":{\"image\":[\"216\"],\"altAttribute\":\"Richard Upjohn\\u2019s beautiful and intricate brass filigree pulpit\",\"caption\":\"<p>Richard Upjohn\\u2019s beautiful and intricate brass filigree pulpit<\\/p>\",\"enlarge\":\"1\",\"orientation\":\"horizontal\"}},\"126\":{\"type\":\"paragraph\",\"enabled\":\"1\",\"fields\":{\"text\":\"<p>How fortunate we are to have works by all three of these masters under the roof of the \\u201cLittle Church\\u201d.&nbsp; I will give thanks when December 16<sup>th<\\/sup>&nbsp;rolls around.<\\/p>\"}},\"218\":{\"type\":\"footnote\",\"enabled\":\"1\",\"fields\":{\"text\":\"<p><em><i>Holy Women, Holy Men<\\/i>: Celebrating the Saints<\\/em> by Church Publishing Incorporated<\\/p>\"}}},\"25\":[\"205\"],\"26\":\"Mary Jane Gocher\",\"27\":\"Corey Schneider\"}}', '2017-09-26 10:57:06', '2017-09-26 10:57:06', '71a48b58-2813-41df-8888-5364530c101f'),
 ('196', '221', '9', '1', 'en_us', '7', '', '{\"typeId\":\"9\",\"authorId\":\"1\",\"title\":\"The Garden\",\"slug\":\"the-garden\",\"postDate\":1503930120,\"expiryDate\":null,\"enabled\":1,\"parentId\":null,\"fields\":{\"28\":{\"224\":{\"type\":\"paragraph\",\"enabled\":\"1\",\"fields\":{\"text\":\"<p>Besides being an oasis of rest and comfort for one and all, the garden provides a small but significant ecological benefit for everyone. The 4,230 square feet of plants, shrubs and trees offset carbon emissions, and the peace and quiet of the garden offer relief from the city\\u2019s noise pollution.<span class=\\\"Apple-converted-space\\\">&nbsp;<\\/span><br><\\/p>\\r\\n<p><span class=\\\"s1\\\"><\\/span>\\r\\n<\\/p>\\r\\n<p><span class=\\\"s1\\\">Birds stop by to dip their beaks in the fountain. During the week, it\\u2019s a popular lunch spot for people who work in the neighborhood, and on Sundays in warm weather, it\\u2019s the site of coffee&nbsp;<\\/span>hour. This past summer, the garden was enhanced with the generous gift of an apple tree from frequent visitors to the church from the Como Hotel group. This tree replaces one that was lost during Hurricane Sandy. Please stop by if you\\u2019re in the neighborhood. You will always be welcome&nbsp;<span class=\\\"s1\\\">here.<\\/span><span><\\/span><\\/p><p><\\/p>\"}}},\"25\":[\"223\"],\"26\":\"Mary Jane Gocher\",\"27\":\"\"}}', '2017-09-26 11:01:49', '2017-09-26 11:01:49', '382c76ae-58d8-43a0-8a95-7f1a781cc23b'),
 ('197', '221', '9', '1', 'en_us', '8', '', '{\"typeId\":\"9\",\"authorId\":\"1\",\"title\":\"The Garden\",\"slug\":\"the-garden\",\"postDate\":1503930120,\"expiryDate\":null,\"enabled\":1,\"parentId\":null,\"fields\":{\"28\":{\"224\":{\"type\":\"paragraph\",\"enabled\":\"1\",\"fields\":{\"text\":\"<p>Besides being an oasis of rest and comfort for one and all, the garden provides a small but significant ecological benefit for everyone. The 4,230 square feet of plants, shrubs and trees offset carbon emissions, and the peace and quiet of the garden offer relief from the city\\u2019s noise pollution.&nbsp;<br><\\/p>\\r\\n<p>\\r\\n<\\/p>\\r\\n<p>Birds stop by to dip their beaks in the fountain. During the week, it\\u2019s a popular lunch spot for people who work in the neighborhood, and on Sundays in warm weather, it\\u2019s the site of coffee&nbsp;hour. This past summer, the garden was enhanced with the generous gift of an apple tree from frequent visitors to the church from the Como Hotel group. This tree replaces one that was lost during Hurricane Sandy. Please stop by if you\\u2019re in the neighborhood. You will always be welcome&nbsp;here.<\\/p>\"}}},\"25\":[\"223\"],\"26\":\"Mary Jane Gocher\",\"27\":\"Ahron R. Foster Photography\"}}', '2017-09-26 11:02:08', '2017-09-26 11:02:08', '1d947d84-2714-4cee-9cb6-5547ffbb869f'),
 ('198', '94', '9', '1', 'en_us', '32', '', '{\"typeId\":\"9\",\"authorId\":\"1\",\"title\":\"Good Things Come In Threes\",\"slug\":\"good-things-come-in-threes\",\"postDate\":1504084080,\"expiryDate\":null,\"enabled\":1,\"parentId\":null,\"fields\":{\"28\":{\"107\":{\"type\":\"paragraph\",\"enabled\":\"1\",\"fields\":{\"text\":\"<p>I was paging my way through&nbsp;<em>Holy Women, Holy Men<\\/em>&nbsp;on a fact-checking mission when I came across the entry for December 16th.<\\/p>\\r\\n<p>\\r\\n<\\/p>\\r\\n<p>I was stunned to see that this day had been set apart to honor two architects and an artist whose work was represented here at Transfiguration: Ralph Adams Cram, designer of St. Thomas Church NYC and the nave of the Cathedral of St. John the Divine, Richard Upjohn, the designer of Trinity Church on Wall Street in lower Manhattan, and John Lafarge, painter of murals and designer of many notable stained glass windows.<\\/p>\\r\\n<p>\\r\\n<\\/p>\\r\\n<p><em>Holy Men, Holy Women<\\/em> encourages us to offer thanks for \\u201cthe vision of Ralph Adams Cram, John LaFarge and Richard Upjohn, whose harmonious revival of the Gothic enriched our churches with a sacramental understanding of reality in the face of secular materialism&hellip;\\u201d *<\\/p>\"}},\"111\":{\"type\":\"figure\",\"enabled\":\"1\",\"fields\":{\"image\":[\"211\"],\"altAttribute\":\"John LaFarge\\u2019s magnificent window depicting Edwin Booth\",\"caption\":\"<p>John LaFarge\\u2019s magnificent window depicting Edwin Booth<\\/p>\",\"enlarge\":\"1\",\"orientation\":\"vertical\"}},\"108\":{\"type\":\"paragraph\",\"enabled\":\"1\",\"fields\":{\"text\":\"<p><em><em>Holy Women, Holy Men<\\/em><\\/em>&nbsp;encourages us to offer thanks for \\u201cthe vision of Ralph Adams Cram, John LaFarge and Richard Upjohn, whose harmonious revival of the Gothic enriched our churches with a sacramental understanding of reality in the face of secular materialism&hellip;\\u201d *<br><\\/p>\\r\\n<p>Ralph Adams Cram was the designer of our beautiful polychromed wood Madonna Shrine, located in the Transept. It was donated by Mr. F. E. Saxham Drury in memory of Elbridge T. Gerry and Mabel Gerry Drury.<br><\\/p>\\r\\n<p>Turn to your right, and there is John LaFarge\\u2019s magnificent window depicting Edwin Booth, the leading Shakespearean actor of his time, holding a mask and dressed in Greco-Roman costume.&nbsp; (Edwin Booth was the brother of the notorious John Wilkes Booth, President Lincoln\\u2019s assassin.) The window was given in his memory in 1898 by members of the Players Club, which he founded.<\\/p>\\r\\n<p>And a few steps away, near the chancel on the northeast side of the nave, stands Richard Upjohn\\u2019s beautiful and intricate brass filigree pulpit.<br><\\/p>\"}},\"122\":{\"type\":\"figure\",\"enabled\":\"1\",\"fields\":{\"image\":[\"216\"],\"altAttribute\":\"Richard Upjohn\\u2019s beautiful and intricate brass filigree pulpit\",\"caption\":\"<p>Richard Upjohn\\u2019s beautiful and intricate brass filigree pulpit<\\/p>\",\"enlarge\":\"1\",\"orientation\":\"horizontal\"}},\"126\":{\"type\":\"paragraph\",\"enabled\":\"1\",\"fields\":{\"text\":\"<p>How fortunate we are to have works by all three of these masters under the roof of the \\u201cLittle Church\\u201d.&nbsp; I will give thanks when December 16<sup>th<\\/sup>&nbsp;rolls around.<\\/p>\"}},\"218\":{\"type\":\"footnote\",\"enabled\":\"1\",\"fields\":{\"text\":\"<p><em><em>Holy Women, Holy Men<\\/em>: Celebrating the Saints<\\/em> by Church Publishing Incorporated<\\/p>\"}}},\"25\":[\"205\"],\"26\":\"Mary Jane Gocher\",\"27\":\"Corey Schneider\"}}', '2017-09-26 22:23:37', '2017-09-26 22:23:37', 'f4b8e368-b0cd-4e30-abc8-3b56938f7bb1'),
 ('199', '244', '10', '1', 'en_us', '7', '', '{\"typeId\":\"10\",\"authorId\":\"1\",\"title\":\"Worship Schedule\",\"slug\":\"worship-schedule\",\"postDate\":1504260780,\"expiryDate\":null,\"enabled\":1,\"parentId\":null,\"fields\":{\"3\":\"\",\"13\":{\"245\":{\"type\":\"generalSection\",\"enabled\":\"1\",\"fields\":{\"text\":\"<p>At the center of our worship is emphasis on both Word and Table. Little Church clergy are considered <a href=\\\"#\\\">excellent preachers<\\/a>&nbsp;who connect lectionary readings with Biblical context and current challenges with a smattering of personal stories and humor. Transfiguration acolytes do an extraordinary job in ensuring the Eucharist is celebrated with majesty and dignity, and the authentic expertise of <a href=\\\"#\\\">our choirs<\\/a>&nbsp;draws worshippers closer to the love of Jesus Christ through some of the most beloved hymns of the Church.&nbsp;Below is the current worship schedule. Please consider joining us!<\\/p>\"}}},\"11\":[\"243\"],\"12\":\"<p>The cornerstone of Transfiguration\\u2019s spirituality is how we express and demonstrate God\\u2019s inclusive love through liturgy, music and worship. As an Anglo-Catholic parish, Transfiguration honors traditional liturgy with a full complement of meaningful preaching and music.<\\/p>\",\"27\":\"\"}}', '2017-09-26 23:03:01', '2017-09-26 23:03:01', '3a779853-09cf-4e6c-8f96-fbb0e9fd17a2'),
 ('200', '94', '9', '1', 'en_us', '33', '', '{\"typeId\":\"9\",\"authorId\":\"1\",\"title\":\"Good Things Come In Threes\",\"slug\":\"good-things-come-in-threes\",\"postDate\":1504084080,\"expiryDate\":null,\"enabled\":1,\"parentId\":null,\"fields\":{\"28\":{\"107\":{\"type\":\"paragraph\",\"enabled\":\"1\",\"fields\":{\"text\":\"<p>I was paging my way through&nbsp;<em>Holy Women, Holy Men<\\/em>&nbsp;on a fact-checking mission when I came across the entry for December 16th.<\\/p>\\r\\n<p>\\r\\n<\\/p>\\r\\n<p>I was stunned to see that this day had been set apart to honor two architects and an artist whose work was represented here at Transfiguration: Ralph Adams Cram, designer of St. Thomas Church NYC and the nave of the Cathedral of St. John the Divine, Richard Upjohn, the designer of Trinity Church on Wall Street in lower Manhattan, and John Lafarge, painter of murals and designer of many notable stained glass windows.<\\/p>\"}},\"111\":{\"type\":\"figure\",\"enabled\":\"1\",\"fields\":{\"image\":[\"211\"],\"altAttribute\":\"John LaFarge\\u2019s magnificent window depicting Edwin Booth\",\"caption\":\"<p>John LaFarge\\u2019s magnificent window depicting Edwin Booth<\\/p>\",\"enlarge\":\"1\",\"orientation\":\"vertical\"}},\"108\":{\"type\":\"paragraph\",\"enabled\":\"1\",\"fields\":{\"text\":\"<p><em><em>Holy Women, Holy Men<\\/em><\\/em>&nbsp;encourages us to offer thanks for \\u201cthe vision of Ralph Adams Cram, John LaFarge and Richard Upjohn, whose harmonious revival of the Gothic enriched our churches with a sacramental understanding of reality in the face of secular materialism&hellip;\\u201d *<br><\\/p>\\r\\n<p>Ralph Adams Cram was the designer of our beautiful polychromed wood Madonna Shrine, located in the Transept. It was donated by Mr. F. E. Saxham Drury in memory of Elbridge T. Gerry and Mabel Gerry Drury.<br><\\/p>\\r\\n<p>Turn to your right, and there is John LaFarge\\u2019s magnificent window depicting Edwin Booth, the leading Shakespearean actor of his time, holding a mask and dressed in Greco-Roman costume.&nbsp; (Edwin Booth was the brother of the notorious John Wilkes Booth, President Lincoln\\u2019s assassin.) The window was given in his memory in 1898 by members of the Players Club, which he founded.<\\/p>\\r\\n<p>And a few steps away, near the chancel on the northeast side of the nave, stands Richard Upjohn\\u2019s beautiful and intricate brass filigree pulpit.<br><\\/p>\"}},\"122\":{\"type\":\"figure\",\"enabled\":\"1\",\"fields\":{\"image\":[\"216\"],\"altAttribute\":\"Richard Upjohn\\u2019s beautiful and intricate brass filigree pulpit\",\"caption\":\"<p>Richard Upjohn\\u2019s beautiful and intricate brass filigree pulpit<\\/p>\",\"enlarge\":\"1\",\"orientation\":\"horizontal\"}},\"126\":{\"type\":\"paragraph\",\"enabled\":\"1\",\"fields\":{\"text\":\"<p>How fortunate we are to have works by all three of these masters under the roof of the \\u201cLittle Church\\u201d.&nbsp; I will give thanks when December 16<sup>th<\\/sup>&nbsp;rolls around.<\\/p>\"}},\"218\":{\"type\":\"footnote\",\"enabled\":\"1\",\"fields\":{\"text\":\"<p><em><em>Holy Women, Holy Men<\\/em>: Celebrating the Saints<\\/em> by Church Publishing Incorporated<\\/p>\"}}},\"25\":[\"205\"],\"26\":\"Mary Jane Gocher\",\"27\":\"Corey Schneider\"}}', '2017-09-26 23:49:21', '2017-09-26 23:49:21', '92435e1b-b083-4f0a-87a8-eddf6b18e2cc'),
 ('201', '355', '10', '1', 'en_us', '5', '', '{\"typeId\":\"10\",\"authorId\":\"1\",\"title\":\"Liturgy\",\"slug\":\"liturgy\",\"postDate\":1505416800,\"expiryDate\":null,\"enabled\":1,\"parentId\":null,\"fields\":{\"3\":\"\",\"13\":\"\",\"11\":[\"251\"],\"12\":\"<p>The Easter Vigil is one of our best-loved liturgies. It begins in the garden as the acolytes walk toward the Easter fire to light the Pascal candle. Inside the church, all is dark, except for small white tapers held by the congregation. It remains so until the liturgy reaches the point of the Resurrection. Then the lights blaze and bells ring and it is Easter.<\\/p>\",\"27\":\"\"}}', '2017-09-27 10:56:47', '2017-09-27 10:56:47', 'bda82074-5a7d-4023-8b69-5598ef093ad0'),
 ('202', '455', '10', '1', 'en_us', '6', '', '{\"typeId\":\"10\",\"authorId\":\"1\",\"title\":\"Baptisms\",\"slug\":\"baptisms\",\"postDate\":1506174600,\"expiryDate\":null,\"enabled\":1,\"parentId\":null,\"fields\":{\"3\":\"\",\"13\":{\"456\":{\"type\":\"generalSection\",\"enabled\":\"1\",\"fields\":{\"text\":\"<h2>Planning Holy Baptism<\\/h2>\\r\\n<p>Interested in Holy Baptism at the Church of the Transfiguration? You will find here an intimate, loving, and supportive family of Christians who will do all in their power to encourage you in your life in Christ. The only requirements to begin planning for a Baptism at Transfiguration are:<\\/p>\\r\\n<ul><li>A sincere desire to become a Christian or raise your child as a Christian.<\\/li><li>A readiness to begin (or continue) active participation in the life of the \\\"Little Church Around the Corner\\\".<\\/li><\\/ul>\\r\\n<p>If you are sure about both of those requirements, wonderful! It will be a delight to have you with us. The first step to planning a baptism at Transfiguration is to contact the office at 212-684-6770 and speak with the Rector of the church.<\\/p>\\r\\n<p>If you are sure about the first requirement but not clear about the second, then we invite you to worship with us at the Church of the Transfiguration on a Sunday and meet us at the coffee hour immediately following the 11:00 am service.&nbsp;<\\/p>\\r\\n<p>Feel free to introduce yourself to the clergy, attend any of our adult education classes, or investigate our new series of Sunday Eucharistic liturgies at 11:00 am. Geared more for the needs of children and young families: \\u201cshorter and brighter\\u201d with a children\\u2019s address in place of the sermon, and featuring the Girls and Cherub Choirs. In so doing, you\'ll confirm Transfiguration is the right church home for you.<\\/p>\\r\\n<p>May God bless you as you contemplate Holy Baptism for yourself or your child.<\\/p>\"}}},\"11\":[\"420\"],\"12\":\"<p>Holy Baptism&nbsp;<strong>i<\\/strong>s the sacrament welcoming an infant, child, or an adult into the body of Christ!&nbsp; It is an outward sign of the inward grace of God\\u2019s unconditional love for us, and&nbsp; as baptized persons, we are initiated into the full community and responsibilities of the Church.<\\/p>\",\"27\":\"Ahron R. Foster\",\"70\":\"\"}}', '2017-09-27 23:01:05', '2017-09-27 23:01:05', 'b3076d0f-6aaa-4c66-9046-f9c7b357e65a'),
 ('203', '363', '10', '1', 'en_us', '14', '', '{\"typeId\":\"10\",\"authorId\":\"1\",\"title\":\"Weddings\",\"slug\":\"weddings\",\"postDate\":1505423640,\"expiryDate\":null,\"enabled\":1,\"parentId\":null,\"fields\":{\"3\":\"\",\"13\":{\"364\":{\"type\":\"generalSection\",\"enabled\":\"1\",\"fields\":{\"text\":\"<h2>Weddings at Transfiguration<\\/h2>\\r\\n<p>The church acquired fame in the mid 20th century for the thousands of weddings it hosted. Every Saturday in&nbsp;the 1930s and 40s&mdash;and often on weekdays&mdash;couples would gather in the garden, awaiting their turn to be married in the Holy Family Chapel. The Rector in that era would marry as many as seven couples a day.<br><\\/p>\\r\\n<p>We hear from those couples to this day as part of our&nbsp;<a href=\\\"#\\\">Little Family<\\/a>&nbsp;community.&nbsp;We send out several newsletters to them each year and a card goes to all those married here on their anniversaries.<\\/p>\"}},\"484\":{\"type\":\"figureFull\",\"enabled\":\"1\",\"fields\":{\"image\":[\"483\"],\"altAttribute\":\"\",\"caption\":\"\",\"credit\":\"\",\"creditLink\":\"\"}},\"485\":{\"type\":\"generalSection\",\"enabled\":\"1\",\"fields\":{\"text\":\"<h3>The Space<\\/h3>\\r\\n<p>Tucked behind a lovely English garden with a fountain, Transfiguration is a neo-Gothic church rich with architectural detail. There are two spaces in which you may choose to be married:<\\/p>\\r\\n<p><strong>The Holy Family Chapel<\\/strong>&nbsp;is a quaint room panelled with dark wood that seats up to 50 people&mdash;is appropriate for smaller weddings. The altar piece is a painted depiction of the betrothal of Mary and Joseph. It is in the Holy Family Chapel that thousands of couples in the post-war years became married, making the Little Church famous for weddings.<\\/p>\\r\\n<p><strong>The Main Church<\\/strong> is a larger, more opulent space that houses our magnificent Fisk organ and will seat up to 350 people, making it ideal for a traditional wedding. The church interior is composed of deep mahogany pews and ceiling beams and lined with colorful stained glass windows. Gilded paint decorates the walls at the altar, and the aisles are made of mosaic marble tile.<br><\\/p>\\r\\n<p>You are invited to come to the church for a visit and see which space best suits you. The chapel is open to the public seven days a week from 8:30 am until 6 pm, and the church is open on Sundays after church. If Sunday is unavailable, contact the parish office during the work week and schedule a time for the church to be unlocked for your viewing. The office number is 212-684-6770.<br><\\/p>\\r\\n<h3>Guidelines<\\/h3>\\r\\n<p>The tradition of openness at Transfiguration continues to this day&mdash;there are just a few requirements for marriage at Transfiguration. The national canons of the Episcopal Church require that either the bride or groom be a baptized Christian, and that the couple partake in pre-marital meetings with the Rector. Divorced persons are welcome to remarry in the Episcopal Church. The Rector must obtain permission from the Episcopal Bishop of New York to perform the marriage, a simple process that involves a few sheets of paperwork and proof of divorce.<\\/p>\\r\\n<p>You do not need to be a member of Transfiguration to be married here, though you are most welcome to join us on any Sunday. You do not need to be a resident of New York City (or even of the United States).&nbsp;Since we are an Episcopal Church, we use The Celebration and Blessing of a Marriage in the Book of Common Prayer as the liturgy.<\\/p>\\r\\n<h3>Making Arrangements<\\/h3>\\r\\n<p>The first step to planning a wedding at Transfiguration is to <a href=\\\"mailto:receptionist@littlechurch.org\\\">email<\\/a> our Parish Administrator with your specific request (your names, the dates and times you are interested in having your wedding here,). Questions about the liturgy, scheduling, fees, obtaining a marriage license, music, flowers and other questions about the service, will be answered by a member of the clergy. We look forward to hearing from you!<\\/p>\"}}},\"11\":[\"362\"],\"12\":\"<p>The celebration of the sacrament of Marriage is something dear, treasured, and historically significant at the Church of the Transfiguration. All weddings performed at Transfiguration use the Book of Common Prayer, which includes the passage that marriage is to be entered into \\u201creverently, deliberately, and in accordance to God\\u2019s holy Word.\\u201d Although Transfiguration has always shared a liberal policy of inclusion with regard to weddings, there is an expectation that wedding parties will honor and respect the traditions and guidelines of the church.<\\/p>\",\"27\":\"Francine Daveta\",\"70\":\"http:\\/\\/francinedaveta.com\\/\"}}', '2017-09-27 23:01:38', '2017-09-27 23:01:38', 'af0a1f10-967b-4fd1-b896-801faf4e96d6'),
 ('204', '363', '10', '1', 'en_us', '15', '', '{\"typeId\":\"10\",\"authorId\":\"1\",\"title\":\"Weddings\",\"slug\":\"weddings\",\"postDate\":1505423640,\"expiryDate\":null,\"enabled\":1,\"parentId\":null,\"fields\":{\"3\":\"\",\"13\":{\"364\":{\"type\":\"generalSection\",\"enabled\":\"1\",\"fields\":{\"text\":\"<h2>Weddings at Transfiguration<\\/h2>\\r\\n<p>The church acquired fame in the mid 20th century for the thousands of weddings it hosted. Every Saturday in&nbsp;the 1930s and 40s&mdash;and often on weekdays&mdash;couples would gather in the garden, awaiting their turn to be married in the Holy Family Chapel. The Rector in that era would marry as many as seven couples a day.<br><\\/p>\\r\\n<p>We hear from those couples to this day as part of our&nbsp;<a href=\\\"#\\\">Little Family<\\/a>&nbsp;community.&nbsp;We send out several newsletters to them each year and a card goes to all those married here on their anniversaries.<\\/p>\"}},\"484\":{\"type\":\"figureFull\",\"enabled\":\"1\",\"fields\":{\"image\":[\"483\"],\"altAttribute\":\"\",\"caption\":\"\",\"credit\":\" Francine Daveta\",\"creditLink\":\"http:\\/\\/www.francinedaveta.com\"}},\"485\":{\"type\":\"generalSection\",\"enabled\":\"1\",\"fields\":{\"text\":\"<h3>The Space<\\/h3>\\r\\n<p>Tucked behind a lovely English garden with a fountain, Transfiguration is a neo-Gothic church rich with architectural detail. There are two spaces in which you may choose to be married:<\\/p>\\r\\n<p><strong>The Holy Family Chapel<\\/strong>&nbsp;is a quaint room panelled with dark wood that seats up to 50 people&mdash;is appropriate for smaller weddings. The altar piece is a painted depiction of the betrothal of Mary and Joseph. It is in the Holy Family Chapel that thousands of couples in the post-war years became married, making the Little Church famous for weddings.<\\/p>\\r\\n<p><strong>The Main Church<\\/strong> is a larger, more opulent space that houses our magnificent Fisk organ and will seat up to 350 people, making it ideal for a traditional wedding. The church interior is composed of deep mahogany pews and ceiling beams and lined with colorful stained glass windows. Gilded paint decorates the walls at the altar, and the aisles are made of mosaic marble tile.<br><\\/p>\\r\\n<p>You are invited to come to the church for a visit and see which space best suits you. The chapel is open to the public seven days a week from 8:30 am until 6 pm, and the church is open on Sundays after church. If Sunday is unavailable, contact the parish office during the work week and schedule a time for the church to be unlocked for your viewing. The office number is 212-684-6770.<br><\\/p>\\r\\n<h3>Guidelines<\\/h3>\\r\\n<p>The tradition of openness at Transfiguration continues to this day&mdash;there are just a few requirements for marriage at Transfiguration. The national canons of the Episcopal Church require that either the bride or groom be a baptized Christian, and that the couple partake in pre-marital meetings with the Rector. Divorced persons are welcome to remarry in the Episcopal Church. The Rector must obtain permission from the Episcopal Bishop of New York to perform the marriage, a simple process that involves a few sheets of paperwork and proof of divorce.<\\/p>\\r\\n<p>You do not need to be a member of Transfiguration to be married here, though you are most welcome to join us on any Sunday. You do not need to be a resident of New York City (or even of the United States).&nbsp;Since we are an Episcopal Church, we use The Celebration and Blessing of a Marriage in the Book of Common Prayer as the liturgy.<\\/p>\\r\\n<h3>Making Arrangements<\\/h3>\\r\\n<p>The first step to planning a wedding at Transfiguration is to <a href=\\\"mailto:receptionist@littlechurch.org\\\">email<\\/a> our Parish Administrator with your specific request (your names, the dates and times you are interested in having your wedding here,). Questions about the liturgy, scheduling, fees, obtaining a marriage license, music, flowers and other questions about the service, will be answered by a member of the clergy. We look forward to hearing from you!<\\/p>\"}}},\"11\":[\"362\"],\"12\":\"<p>The celebration of the sacrament of Marriage is something dear, treasured, and historically significant at the Church of the Transfiguration. All weddings performed at Transfiguration use the Book of Common Prayer, which includes the passage that marriage is to be entered into \\u201creverently, deliberately, and in accordance to God\\u2019s holy Word.\\u201d Although Transfiguration has always shared a liberal policy of inclusion with regard to weddings, there is an expectation that wedding parties will honor and respect the traditions and guidelines of the church.<\\/p>\",\"27\":\"Francine Daveta\",\"70\":\"http:\\/\\/francinedaveta.com\\/\"}}', '2017-09-27 23:16:12', '2017-09-27 23:16:12', '96a370ca-d0ee-4ddc-9eb3-717ee2032a67'),
 ('205', '363', '10', '1', 'en_us', '16', '', '{\"typeId\":\"10\",\"authorId\":\"1\",\"title\":\"Weddings\",\"slug\":\"weddings\",\"postDate\":1505423640,\"expiryDate\":null,\"enabled\":1,\"parentId\":null,\"fields\":{\"3\":\"\",\"13\":{\"364\":{\"type\":\"generalSection\",\"enabled\":\"1\",\"fields\":{\"text\":\"<h2>Weddings at Transfiguration<\\/h2>\\r\\n<p>The church acquired fame in the mid 20th century for the thousands of weddings it hosted. Every Saturday in&nbsp;the 1930s and 40s&mdash;and often on weekdays&mdash;couples would gather in the garden, awaiting their turn to be married in the Holy Family Chapel. The Rector in that era would marry as many as seven couples a day.<br><\\/p>\\r\\n<p>We hear from those couples to this day as part of our&nbsp;<a href=\\\"#\\\">Little Family<\\/a>&nbsp;community.&nbsp;We send out several newsletters to them each year and a card goes to all those married here on their anniversaries.<\\/p>\"}},\"484\":{\"type\":\"figureFull\",\"enabled\":\"1\",\"fields\":{\"image\":[\"483\"],\"altAttribute\":\"\",\"caption\":\"\",\"credit\":\" Francine Daveta\",\"creditLink\":\"http:\\/\\/www.francinedaveta.com\"}},\"485\":{\"type\":\"generalSection\",\"enabled\":\"1\",\"fields\":{\"text\":\"<h3>The Space<\\/h3>\\r\\n<p>Tucked behind a lovely English garden with a fountain, Transfiguration is a neo-Gothic church rich with architectural detail. There are two spaces in which you may choose to be married:<\\/p>\\r\\n<p><strong>The Holy Family Chapel<\\/strong>&nbsp;is a quaint room panelled with dark wood that seats up to 50 people&mdash;is appropriate for smaller weddings. The altar piece is a painted depiction of the betrothal of Mary and Joseph. It is in the Holy Family Chapel that thousands of couples in the post-war years became married, making the Little Church famous for weddings.<\\/p>\\r\\n<p><strong>The Main Church<\\/strong> is a larger, more opulent space that houses our magnificent Fisk organ and will seat up to 350 people, making it ideal for a traditional wedding. The church interior is composed of deep mahogany pews and ceiling beams and lined with colorful stained glass windows. Gilded paint decorates the walls at the altar, and the aisles are made of mosaic marble tile.<br><\\/p>\\r\\n<p>You are invited to come to the church for a visit and see which space best suits you. The chapel is open to the public seven days a week from 8:30 am until 6 pm, and the church is open on Sundays after church. If Sunday is unavailable, contact the parish office during the work week and schedule a time for the church to be unlocked for your viewing. The office number is 212-684-6770.<br><\\/p>\\r\\n<h3>Guidelines<\\/h3>\\r\\n<p>The tradition of openness at Transfiguration continues to this day&mdash;there are just a few requirements for marriage at Transfiguration. The national canons of the Episcopal Church require that either the bride or groom be a baptized Christian, and that the couple partake in pre-marital meetings with the Rector. Divorced persons are welcome to remarry in the Episcopal Church. The Rector must obtain permission from the Episcopal Bishop of New York to perform the marriage, a simple process that involves a few sheets of paperwork and proof of divorce.<\\/p>\\r\\n<p>You do not need to be a member of Transfiguration to be married here, though you are most welcome to join us on any Sunday. You do not need to be a resident of New York City (or even of the United States).&nbsp;Since we are an Episcopal Church, we use The Celebration and Blessing of a Marriage in the Book of Common Prayer as the liturgy.<\\/p>\\r\\n<h3>Making Arrangements<\\/h3>\\r\\n<p>The first step to planning a wedding at Transfiguration is to <a href=\\\"mailto:receptionist@littlechurch.org\\\">email<\\/a> our Parish Administrator with your specific request (your names, the dates and times you are interested in having your wedding here,). Questions about the liturgy, scheduling, fees, obtaining a marriage license, music, flowers and other questions about the service, will be answered by a member of the clergy. We look forward to hearing from you!<\\/p>\"}}},\"11\":[\"362\"],\"12\":\"<p>The celebration of the sacrament of Marriage is something dear, treasured, and historically significant at the Church of the Transfiguration. All weddings performed at Transfiguration use the Book of Common Prayer, which includes the passage that marriage is to be entered into \\u201creverently, deliberately, and in accordance to God\\u2019s holy Word.\\u201d Although Transfiguration has always shared a liberal policy of inclusion with regard to weddings, there is an expectation that wedding parties will honor and respect the traditions and guidelines of the church.<\\/p>\",\"27\":\"Francine Daveta\",\"70\":\"http:\\/\\/francinedaveta.com\\/\"}}', '2017-09-27 23:16:43', '2017-09-27 23:16:43', 'e51e8d38-c745-4fd7-a923-2b5f3de7e589'),
 ('206', '363', '10', '1', 'en_us', '17', '', '{\"typeId\":\"10\",\"authorId\":\"1\",\"title\":\"Weddings\",\"slug\":\"weddings\",\"postDate\":1505423640,\"expiryDate\":null,\"enabled\":1,\"parentId\":null,\"fields\":{\"3\":\"\",\"13\":{\"364\":{\"type\":\"generalSection\",\"enabled\":\"1\",\"fields\":{\"text\":\"<h2>Weddings at Transfiguration<\\/h2>\\r\\n<p>The church acquired fame in the mid 20th century for the thousands of weddings it hosted. Every Saturday in&nbsp;the 1930s and 40s&mdash;and often on weekdays&mdash;couples would gather in the garden, awaiting their turn to be married in the Holy Family Chapel. The Rector in that era would marry as many as seven couples a day.<br><\\/p>\\r\\n<p>We hear from those couples to this day as part of our&nbsp;<a href=\\\"#\\\">Little Family<\\/a>&nbsp;community.&nbsp;We send out several newsletters to them each year and a card goes to all those married here on their anniversaries.<\\/p>\"}},\"484\":{\"type\":\"figureFull\",\"enabled\":\"1\",\"fields\":{\"image\":[\"483\"],\"altAttribute\":\"\",\"caption\":\"\",\"credit\":\" Francine Daveta\",\"creditLink\":\"http:\\/\\/www.francinedaveta.com\"}},\"485\":{\"type\":\"generalSection\",\"enabled\":\"1\",\"fields\":{\"text\":\"<h3>The Space<\\/h3>\\r\\n<p>Tucked behind a lovely English garden with a fountain, Transfiguration is a neo-Gothic church rich with architectural detail. There are two spaces in which you may choose to be married:<\\/p>\\r\\n<p><strong>The Holy Family Chapel<\\/strong> is a quaint room paneled with dark wood that seats up to 50 people and is appropriate for smaller weddings. The altar piece is a painted depiction of the betrothal of Mary and Joseph. It is in the Holy Family Chapel that thousands of couples in the post-war years became married, making the Little Church famous for weddings.<\\/p>\\r\\n<p><strong>The Main Church<\\/strong> is a larger, more opulent space that houses our magnificent Fisk organ and will seat up to 350 people, making it ideal for a traditional wedding. The church interior is composed of deep mahogany pews and ceiling beams and lined with colorful stained glass windows. Gilded paint decorates the walls at the altar, and the aisles are made of mosaic marble tile.<br><\\/p>\\r\\n<p>You are invited to come to the church for a visit and see which space best suits you. The chapel is open to the public seven days a week from 8:30 am until 6 pm, and the church is open on Sundays after church. If Sunday is unavailable, contact the parish office during the work week and schedule a time for the church to be unlocked for your viewing. The office number is 212-684-6770.<br><\\/p>\\r\\n<h3>Guidelines<\\/h3>\\r\\n<p>The tradition of openness at Transfiguration continues to this day&mdash;there are just a few requirements for marriage at Transfiguration. The national canons of the Episcopal Church require that either the bride or groom be a baptized Christian, and that the couple partake in pre-marital meetings with the Rector. Divorced persons are welcome to remarry in the Episcopal Church. The Rector must obtain permission from the Episcopal Bishop of New York to perform the marriage, a simple process that involves a few sheets of paperwork and proof of divorce.<\\/p>\\r\\n<p>You do not need to be a member of Transfiguration to be married here, though you are most welcome to join us on any Sunday. You do not need to be a resident of New York City (or even of the United States).&nbsp;Since we are an Episcopal Church, we use The Celebration and Blessing of a Marriage in the Book of Common Prayer as the liturgy.<\\/p>\\r\\n<h3>Making Arrangements<\\/h3>\\r\\n<p>The first step to planning a wedding at Transfiguration is to <a href=\\\"mailto:receptionist@littlechurch.org\\\">email<\\/a> our Parish Administrator with your specific request (your names, the dates and times you are interested in having your wedding here,). Questions about the liturgy, scheduling, fees, obtaining a marriage license, music, flowers and other questions about the service, will be answered by a member of the clergy. We look forward to hearing from you!<\\/p>\"}}},\"11\":[\"362\"],\"12\":\"<p>The celebration of the sacrament of Marriage is something dear, treasured, and historically significant at the Church of the Transfiguration. All weddings performed at Transfiguration use the Book of Common Prayer, which includes the passage that marriage is to be entered into \\u201creverently, deliberately, and in accordance to God\\u2019s holy Word.\\u201d Although Transfiguration has always shared a liberal policy of inclusion with regard to weddings, there is an expectation that wedding parties will honor and respect the traditions and guidelines of the church.<\\/p>\",\"27\":\"Francine Daveta\",\"70\":\"http:\\/\\/francinedaveta.com\\/\"}}', '2017-09-28 22:28:29', '2017-09-28 22:28:29', '863e684e-0ad7-4882-818c-b11c0bbdaae6'),
 ('207', '363', '10', '1', 'en_us', '18', '', '{\"typeId\":\"10\",\"authorId\":\"1\",\"title\":\"Weddings\",\"slug\":\"weddings\",\"postDate\":1505423640,\"expiryDate\":null,\"enabled\":1,\"parentId\":null,\"fields\":{\"3\":\"\",\"13\":{\"364\":{\"type\":\"generalSection\",\"enabled\":\"1\",\"fields\":{\"text\":\"<h2>Weddings at Transfiguration<\\/h2>\\r\\n<p>The church acquired fame in the mid 20th century for the thousands of weddings it hosted. Every Saturday in&nbsp;the 1930s and 40s&mdash;and often on weekdays&mdash;couples would gather in the garden, awaiting their turn to be married in the Holy Family Chapel. The Rector in that era would marry as many as seven couples a day.<br><\\/p>\\r\\n<p>We hear from those couples to this day as part of our&nbsp;<a href=\\\"#\\\">Little Family<\\/a>&nbsp;community.&nbsp;We send out several newsletters to them each year and a card goes to all those married here on their anniversaries.<\\/p>\"}},\"484\":{\"type\":\"figureFull\",\"enabled\":\"1\",\"fields\":{\"image\":[\"483\"],\"altAttribute\":\"\",\"caption\":\"\",\"credit\":\" Francine Daveta\",\"creditLink\":\"http:\\/\\/www.francinedaveta.com\"}},\"485\":{\"type\":\"generalSection\",\"enabled\":\"1\",\"fields\":{\"text\":\"<h3>The Space<\\/h3>\\r\\n<p>Tucked behind a lovely English garden with a fountain, Transfiguration is a neo-Gothic church rich with architectural detail. There are two spaces in which you may choose to be married:<\\/p>\\r\\n<p><strong>The Holy Family Chapel<\\/strong> is a quaint room paneled with dark wood that seats up to 50 people and is appropriate for smaller weddings. The altar piece is a painted depiction of the betrothal of Mary and Joseph. It is in the Holy Family Chapel that thousands of couples in the post-war years became married, making the Little Church famous for weddings.<\\/p>\\r\\n<p><strong>The Main Church<\\/strong> is a larger, more opulent space that houses our magnificent C.B. Fisk organ and will seat up to 350 people, making it ideal for a traditional wedding. The church interior is composed of deep mahogany pews and ceiling beams and lined with colorful stained glass windows. Gilded paint decorates the walls at the altar, and the aisles are made of mosaic marble tile.<br><\\/p>\\r\\n<p>You are invited to come to the church for a visit and see which space best suits you. The chapel is open to the public  Monday through Friday from 8:40 am until 5:10 pm (or the close of Evening Prayers). The main church is open on Sundays after the 11:00 am Mass.  If Sunday is not convenient, contact the parish office during the business week and schedule a time for the church to be unlocked for your viewing. The office number is 212 684-6770.<\\/p>\\r\\n<h3>Guidelines<\\/h3>\\r\\n<p>The tradition of openness at Transfiguration continues to this day&mdash;there are just a few requirements for marriage at Transfiguration. The national canons of the Episcopal Church require that either the bride or groom be a baptized Christian, and that the couple partake in pre-marital meetings with the Rector. Divorced persons are welcome to remarry in the Episcopal Church. The Rector must obtain permission from the Episcopal Bishop of New York to perform the marriage, a simple process that involves a few sheets of paperwork and proof of divorce.<\\/p>\\r\\n<p>You do not need to be a member of Transfiguration to be married here, though you are most welcome to join us on any Sunday. You do not need to be a resident of New York City (or even of the United States).&nbsp;Since we are an Episcopal Church, we use The Celebration and Blessing of a Marriage in the Book of Common Prayer as the liturgy.<\\/p>\\r\\n<h3>Making Arrangements<\\/h3>\\r\\n<p>The first step to planning a wedding at Transfiguration is to <a href=\\\"mailto:receptionist@littlechurch.org\\\">email<\\/a> our Parish Administrator with your specific request (your names, the dates and times you are interested in having your wedding here,). Questions about the liturgy, scheduling, fees, obtaining a marriage license, music, flowers and other questions about the service, will be answered by a member of the clergy. We look forward to hearing from you!<\\/p>\"}}},\"11\":[\"362\"],\"12\":\"<p>The celebration of the sacrament of Marriage is something dear, treasured, and historically significant at the Church of the Transfiguration. All weddings performed at Transfiguration use the Book of Common Prayer, which includes the passage that marriage is to be entered into \\u201creverently, deliberately, and in accordance to God\\u2019s holy Word.\\u201d Although Transfiguration has always shared a liberal policy of inclusion with regard to weddings, there is an expectation that wedding parties will honor and respect the traditions and guidelines of the church.<\\/p>\",\"27\":\"Francine Daveta\",\"70\":\"http:\\/\\/francinedaveta.com\\/\"}}', '2017-09-28 22:32:32', '2017-09-28 22:32:32', '74aee4ed-eb3f-4524-8cdc-6a046d1e6538'),
 ('208', '363', '10', '1', 'en_us', '19', '', '{\"typeId\":\"10\",\"authorId\":\"1\",\"title\":\"Weddings\",\"slug\":\"weddings\",\"postDate\":1505423640,\"expiryDate\":null,\"enabled\":1,\"parentId\":null,\"fields\":{\"3\":\"\",\"13\":{\"364\":{\"type\":\"generalSection\",\"enabled\":\"1\",\"fields\":{\"text\":\"<h2>Weddings at Transfiguration<\\/h2>\\r\\n<p>The church acquired fame in the mid 20th century for the thousands of weddings it hosted. Every Saturday in&nbsp;the 1930s and 40s&mdash;and often on weekdays&mdash;couples would gather in the garden, awaiting their turn to be married in the Holy Family Chapel. The Rector in that era would marry as many as seven couples a day.<br><\\/p>\\r\\n<p>We hear from those couples to this day as part of our&nbsp;<a href=\\\"#\\\">Little Family<\\/a>&nbsp;community.&nbsp;We send out several newsletters to them each year and a card goes to all those married here on their anniversaries.<\\/p>\"}},\"484\":{\"type\":\"figureFull\",\"enabled\":\"1\",\"fields\":{\"image\":[\"483\"],\"altAttribute\":\"\",\"caption\":\"\",\"credit\":\" Francine Daveta\",\"creditLink\":\"http:\\/\\/www.francinedaveta.com\"}},\"485\":{\"type\":\"generalSection\",\"enabled\":\"1\",\"fields\":{\"text\":\"<h3>The Space<\\/h3>\\r\\n<p>Tucked behind a lovely English garden with a fountain, Transfiguration is a neo-Gothic church rich with architectural detail. There are two spaces in which you may choose to be married:<\\/p>\\r\\n<p><strong>The Holy Family Chapel<\\/strong> is a quaint room paneled with dark wood that seats up to 50 people and is appropriate for smaller weddings. The altar piece is a painted depiction of the betrothal of Mary and Joseph. It is in the Holy Family Chapel that thousands of couples in the post-war years became married, making the Little Church famous for weddings.<\\/p>\\r\\n<p><strong>The Main Church<\\/strong> is a larger, more opulent space that houses our magnificent C.B. Fisk organ and will seat up to 350 people, making it ideal for a traditional wedding. The church interior is composed of deep mahogany pews and ceiling beams and lined with colorful stained glass windows. Gilded paint decorates the walls at the altar, and the aisles are made of mosaic marble tile.<br><\\/p>\\r\\n<p>You are invited to come to the church for a visit and see which space best suits you. The chapel is open to the public  Monday through Friday from 8:40 am until 5:10 pm (or the close of Evening Prayers). The main church is open on Sundays after the 11:00 am Mass.  If Sunday is not convenient, contact the parish office during the business week and schedule a time for the church to be unlocked for your viewing. The office number is 212 684-6770.<\\/p>\\r\\n<h3>Guidelines<\\/h3>\\r\\n<p>The tradition of openness at Transfiguration continues to this day&mdash;there are just a few requirements for marriage at Transfiguration. The national canons of the Episcopal Church require that either the bride or groom be a baptized Christian, and that the couple partake in pre-marital meetings with the Rector. Divorced persons are welcome to remarry in the Episcopal Church. The Rector must obtain permission from the Episcopal Bishop of New York to perform the marriage, a simple process that involves a few sheets of paperwork and proof of divorce.<\\/p>\\r\\n<p>You do not need to be a member of Transfiguration to be married here, though you are most welcome to join us on any Sunday. You do not need to be a resident of New York City (or even of the United States).&nbsp;Since we are an Episcopal Church, we use The Celebration and Blessing of a Marriage in the Book of Common Prayer as the liturgy.<\\/p>\\r\\n<h3>Making Arrangements<\\/h3>\\r\\n<p>The first step to planning a wedding at Transfiguration is to email our Parish Administrator with your specific request (your names, the dates and times you are interested in having your wedding here,). Questions about the liturgy, scheduling, fees, obtaining a marriage license, music, flowers and other questions about the service, will be answered by a member of the clergy. We look forward to hearing from you! The Parish Administrators email is <a href=\\\"mailto:receptionist@littlechurch.org\\\">receptionist@littlechurch.org<\\/a>.<\\/p>\"}}},\"11\":[\"362\"],\"12\":\"<p>The celebration of the sacrament of Marriage is something dear, treasured, and historically significant at the Church of the Transfiguration. All weddings performed at Transfiguration use the Book of Common Prayer, which includes the passage that marriage is to be entered into \\u201creverently, deliberately, and in accordance to God\\u2019s holy Word.\\u201d Although Transfiguration has always shared a liberal policy of inclusion with regard to weddings, there is an expectation that wedding parties will honor and respect the traditions and guidelines of the church.<\\/p>\",\"27\":\"Francine Daveta\",\"70\":\"http:\\/\\/francinedaveta.com\\/\"}}', '2017-09-28 22:36:20', '2017-09-28 22:36:20', '354271f1-a3ac-4cf5-abe6-2cd5787dd864'),
 ('209', '363', '10', '1', 'en_us', '20', '', '{\"typeId\":\"10\",\"authorId\":\"1\",\"title\":\"Weddings\",\"slug\":\"weddings\",\"postDate\":1505423640,\"expiryDate\":null,\"enabled\":1,\"parentId\":null,\"fields\":{\"3\":\"\",\"13\":{\"364\":{\"type\":\"generalSection\",\"enabled\":\"1\",\"fields\":{\"text\":\"<h2>Weddings at Transfiguration<\\/h2>\\r\\n<p>The church acquired fame in the mid 20th century for the thousands of weddings it hosted. Every Saturday in&nbsp;the 1930s and 40s&mdash;and often on weekdays&mdash;couples would gather in the garden, awaiting their turn to be married in the Holy Family Chapel. The Rector in that era would marry as many as seven couples a day.<br><\\/p>\\r\\n<p>We hear from those couples to this day as part of our&nbsp;<a href=\\\"#\\\">Little Family<\\/a>&nbsp;community.&nbsp;We send out several newsletters to them each year and a card goes to all those married here on their anniversaries.<\\/p>\"}},\"484\":{\"type\":\"figureFull\",\"enabled\":\"1\",\"fields\":{\"image\":[\"483\"],\"altAttribute\":\"\",\"caption\":\"\",\"credit\":\" Francine Daveta\",\"creditLink\":\"http:\\/\\/www.francinedaveta.com\"}},\"485\":{\"type\":\"generalSection\",\"enabled\":\"1\",\"fields\":{\"text\":\"<h3>The Space<\\/h3>\\r\\n<p>Tucked behind a lovely English garden with a fountain, Transfiguration is a neo-Gothic church rich with architectural detail. There are two spaces in which you may choose to be married:<\\/p>\\r\\n<p><strong>The Holy Family Chapel<\\/strong> is a quaint room paneled with dark wood that seats up to 50 people and is appropriate for smaller weddings. The altar piece is a painted depiction of the betrothal of Mary and Joseph. It is in the Holy Family Chapel that thousands of couples in the post-war years became married, making the Little Church famous for weddings.<\\/p>\\r\\n<p><strong>The Main Church<\\/strong> is a larger, more opulent space that houses our magnificent C.B. Fisk organ and will seat up to 350 people, making it ideal for a traditional wedding. The church interior is composed of deep mahogany pews and ceiling beams and lined with colorful stained glass windows. Gilded paint decorates the walls at the altar, and the aisles are made of mosaic marble tile.<br><\\/p>\\r\\n<p>You are invited to come to the church for a visit and see which space best suits you. The chapel is open to the public  Monday through Friday from 8:40 am until 5:10 pm (or the close of Evening Prayers). The main church is open on Sundays after the 11:00 am Mass.  If Sunday is not convenient, contact the parish office during the business week and schedule a time for the church to be unlocked for your viewing. The office number is 212 684-6770.<\\/p>\\r\\n<h3>Guidelines<\\/h3>\\r\\n<p>The tradition of openness at Transfiguration continues to this day&mdash;there are just a few requirements for marriage at Transfiguration. The national canons of the Episcopal Church require that either the bride or groom be a baptized Christian, and that the couple partake in pre-marital meetings with the Rector. Divorced persons are welcome to remarry in the Episcopal Church. The Rector must obtain permission from the Episcopal Bishop of New York to perform the marriage, a simple process that involves a few sheets of paperwork and proof of divorce.<\\/p>\\r\\n<p>You do not need to be a member of Transfiguration to be married here, though you are most welcome to join us on any Sunday. You do not need to be a resident of New York City (or even of the United States).&nbsp;Since we are an Episcopal Church, we use The Celebration and Blessing of a Marriage in the Book of Common Prayer as the liturgy.<\\/p>\\r\\n<h3>Making Arrangements<\\/h3>\\r\\n<p>The first step to planning a wedding at Transfiguration is to email our Parish Administrator with your specific request (your names, the dates and times you are interested in having your wedding here,). Questions about the liturgy, scheduling, fees, obtaining a marriage license, music, flowers and other questions about the service, will be answered by a member of the clergy. We look forward to hearing from you! The Parish Administrators email is <a href=\\\"mailto:receptionist@littlechurch.org\\\">receptionist@littlechurch.org<\\/a>.<\\/p>\"}}},\"11\":[\"362\"],\"12\":\"<p>The celebration of the sacrament of Marriage is something dear, treasured, and historically significant at the Church of the Transfiguration. All weddings performed at Transfiguration use the Book of Common Prayer, which includes the passage that marriage is to be entered into \\u201creverently, deliberately, and in accordance to God\\u2019s holy Word.\\u201d Although Transfiguration has always shared a liberal policy of inclusion with regard to weddings, there is an expectation that wedding parties will honor and respect the traditions and guidelines of the church.<\\/p>\",\"27\":\"Francine Daveta\",\"70\":\"http:\\/\\/francinedaveta.com\\/\"}}', '2017-09-28 22:45:08', '2017-09-28 22:45:08', '40964e1c-f548-4dfa-bc0f-f6823dc7dc30'),
 ('210', '562', '10', '1', 'en_us', '1', '', '{\"typeId\":null,\"authorId\":\"1\",\"title\":\"Prayer Requests\",\"slug\":\"prayer-requests\",\"postDate\":1506638798,\"expiryDate\":null,\"enabled\":1,\"parentId\":null,\"fields\":{\"3\":\"\",\"13\":\"\",\"11\":[\"561\"],\"12\":\"<p>It is customary in the Episcopal tradition at our daily offices, and our masses that we have a time for intercessions, or prayers for the people. To add a name to the list, please fill out the form below or contact the church office.&nbsp;<\\/p>\",\"27\":\"\",\"70\":\"\"}}', '2017-09-28 22:46:38', '2017-09-28 22:46:38', '66d1f03e-9496-4f49-b5c9-c52792798583'),
 ('211', '562', '10', '1', 'en_us', '2', '', '{\"typeId\":\"10\",\"authorId\":\"1\",\"title\":\"Prayer Requests\",\"slug\":\"prayer-requests\",\"postDate\":1506638760,\"expiryDate\":null,\"enabled\":1,\"parentId\":null,\"fields\":{\"3\":\"\",\"13\":\"\",\"11\":[\"561\"],\"12\":\"<p>It is customary in the Episcopal tradition at our daily offices, and our masses that we have a time for intercessions, or prayers for the people. To add a name to the list, please <a href=\\\"\\/contact\\\">contact the church office<\\/a>&nbsp;or call (212)-684-6770.<\\/p>\",\"27\":\"\",\"70\":\"\"}}', '2017-09-28 22:52:29', '2017-09-28 22:52:29', 'c8a27631-e79c-452f-95ce-8490d8897650');
INSERT INTO `craft_entryversions` (`id`, `entryId`, `sectionId`, `creatorId`, `locale`, `num`, `notes`, `data`, `dateCreated`, `dateUpdated`, `uid`) VALUES
 ('212', '355', '10', '1', 'en_us', '6', '', '{\"typeId\":\"10\",\"authorId\":\"1\",\"title\":\"Liturgy\",\"slug\":\"liturgy\",\"postDate\":1505416800,\"expiryDate\":null,\"enabled\":1,\"parentId\":null,\"fields\":{\"3\":\"\",\"13\":{\"new1\":{\"type\":\"generalSection\",\"enabled\":\"1\",\"fields\":{\"text\":\"<p>Among those blessings are the gift of the Eucharist itself and the opportunity it provides for healing, both individual and collective.&nbsp;&nbsp;At Transfiguration the Eucharistic<span class=\\\"il\\\">Liturgy<\\/span>&nbsp;(worship) offers a foundation for and pathway to deeper faith regardless of spiritual background or condition.&nbsp;&nbsp;In the words of the great Spiritual, \\u201clet us break bread together on our knees,\\u201d humbly asking God for forgiveness and for the strength and courage to do His will in our daily lives.<br><\\/p>\"}}},\"11\":[\"251\"],\"12\":\"<p>The Gospels speak of troubled people seeking to touch the hem of Christ\\u2019s garment, that they might be healed.&nbsp;&nbsp;Christ\\u2019s garment is no more, but before He left this earth He gave us what our prayerbook calls \\u201ca foretaste of thy heavenly banquet\\u201d \\u2013 Holy Eucharist (or Communion or Mass), instituted at the Last Supper and celebrated every Sunday and weekday at The Church of The Transfiguration.&nbsp;&nbsp;\\u201cCelebrate\\u201d is the right word, because every Eucharist is a corporate giving of thanks to God for our many blessings.<\\/p>\",\"27\":\"\",\"70\":\"\"}}', '2017-09-28 22:55:27', '2017-09-28 22:55:27', '550d8d8e-4761-4f13-8f6c-9fd4baa0dacb'),
 ('213', '355', '10', '1', 'en_us', '7', '', '{\"typeId\":\"10\",\"authorId\":\"1\",\"title\":\"Liturgy\",\"slug\":\"liturgy\",\"postDate\":1505416800,\"expiryDate\":null,\"enabled\":1,\"parentId\":null,\"fields\":{\"3\":\"\",\"13\":{\"563\":{\"type\":\"generalSection\",\"enabled\":\"1\",\"fields\":{\"text\":\"<p>Among those blessings are the gift of the Eucharist itself and the opportunity it provides for healing, both individual and collective.&nbsp;&nbsp;At Transfiguration the EucharisticLiturgy&nbsp;(worship) offers a foundation for and pathway to deeper faith regardless of spiritual background or condition.&nbsp;&nbsp;In the words of the great Spiritual, \\u201clet us break bread together on our knees,\\u201d humbly asking God for forgiveness and for the strength and courage to do His will in our daily lives.<br><\\/p>\"}}},\"11\":[\"251\"],\"12\":\"<p>The Gospels speak of troubled people seeking to touch the hem of Christ\\u2019s garment, that they might be healed. Christ\\u2019s garment is no more, but before He left this earth He gave us what our prayerbook calls \\u201ca foretaste of thy heavenly banquet\\u201d \\u2013 Holy Eucharist (or Communion or Mass), instituted at the Last Supper and celebrated every Sunday and weekday at The Church of The Transfiguration. \\u201cCelebrate\\u201d is the right word, because every Eucharist is a corporate giving of thanks to God for our many blessings.<\\/p>\",\"27\":\"\",\"70\":\"\"}}', '2017-09-28 22:56:44', '2017-09-28 22:56:44', '669f3936-3c49-437c-94b9-67cb072ea299'),
 ('214', '355', '10', '1', 'en_us', '8', '', '{\"typeId\":\"10\",\"authorId\":\"1\",\"title\":\"Liturgy\",\"slug\":\"liturgy\",\"postDate\":1505416800,\"expiryDate\":null,\"enabled\":1,\"parentId\":null,\"fields\":{\"3\":\"\",\"13\":{\"563\":{\"type\":\"generalSection\",\"enabled\":\"1\",\"fields\":{\"text\":\"<p>Among those blessings are the gift of the Eucharist itself and the opportunity it provides for healing, both individual and collective. At Transfiguration the EucharisticLiturgy&nbsp;(worship) offers a foundation for and pathway to deeper faith regardless of spiritual background or condition. In the words of the great Spiritual, \\u201clet us break bread together on our knees,\\u201d humbly asking God for forgiveness and for the strength and courage to do His will in our daily lives.<br><\\/p>\"}}},\"11\":[\"251\"],\"12\":\"<p>The Gospels speak of troubled people seeking to touch the hem of Christ\\u2019s garment, that they might be healed. Christ\\u2019s garment is no more, but before He left this earth He gave us what our prayerbook calls \\u201ca foretaste of thy heavenly banquet\\u201d \\u2013 Holy Eucharist (or Communion or Mass), instituted at the Last Supper and celebrated every Sunday and weekday at The Church of The Transfiguration. \\u201cCelebrate\\u201d is the right word, because every Eucharist is a corporate giving of thanks to God for our many blessings.<\\/p>\",\"27\":\"\",\"70\":\"\"}}', '2017-09-28 22:57:34', '2017-09-28 22:57:34', 'a9a12fef-3d41-4613-a6d3-279ec9651168');



DROP TABLE IF EXISTS `craft_fieldgroups`;


--
-- Schema for table `craft_fieldgroups`
--
CREATE TABLE `craft_fieldgroups` (
  `id` int(11) NOT NULL AUTO_INCREMENT,
  `name` varchar(255) COLLATE utf8_unicode_ci NOT NULL,
  `dateCreated` datetime NOT NULL,
  `dateUpdated` datetime NOT NULL,
  `uid` char(36) COLLATE utf8_unicode_ci NOT NULL DEFAULT '0',
  PRIMARY KEY (`id`),
  UNIQUE KEY `craft_fieldgroups_name_unq_idx` (`name`)
) ENGINE=InnoDB AUTO_INCREMENT=10 DEFAULT CHARSET=utf8 COLLATE=utf8_unicode_ci;

--
-- Data for table `craft_fieldgroups`
--

INSERT INTO `craft_fieldgroups` (`id`, `name`, `dateCreated`, `dateUpdated`, `uid`) VALUES
 ('2', 'Global', '2017-08-25 13:22:49', '2017-08-25 13:22:49', '5bbb7df9-3629-441d-94ca-1e475713b87c'),
 ('3', 'Articles', '2017-08-26 11:18:13', '2017-08-26 11:18:13', '5167b424-a132-4ee9-86aa-6f16ee7d21e7'),
 ('4', 'Home', '2017-08-26 13:35:39', '2017-08-26 13:35:39', '76dd409f-94d6-4afe-b3e0-404a5d8fd380'),
 ('5', 'Blog', '2017-08-30 09:02:32', '2017-08-30 09:02:32', 'b4df1a20-743c-4d04-b83e-f56a6117157a'),
 ('6', 'Virtual Tour', '2017-09-01 11:35:27', '2017-09-01 11:35:27', '2215f8f7-e3e3-46b9-b48d-2e980ded1190'),
 ('7', 'Events', '2017-09-12 13:56:55', '2017-09-12 13:56:55', '8a26d4c2-0d4a-417d-8444-a83a7428f36a'),
 ('8', 'Schedules', '2017-09-22 09:38:00', '2017-09-22 09:38:00', 'b39261ec-2338-4ecd-a97d-e54fa4f5887d'),
 ('9', 'Visit', '2017-09-27 08:14:04', '2017-09-27 08:14:04', '86a7350d-f122-4ac5-8bb4-ef9c62043c5f');



DROP TABLE IF EXISTS `craft_fieldlayoutfields`;


--
-- Schema for table `craft_fieldlayoutfields`
--
CREATE TABLE `craft_fieldlayoutfields` (
  `id` int(11) NOT NULL AUTO_INCREMENT,
  `layoutId` int(11) NOT NULL,
  `tabId` int(11) NOT NULL,
  `fieldId` int(11) NOT NULL,
  `required` tinyint(1) unsigned NOT NULL DEFAULT '0',
  `sortOrder` smallint(6) unsigned DEFAULT NULL,
  `dateCreated` datetime NOT NULL,
  `dateUpdated` datetime NOT NULL,
  `uid` char(36) COLLATE utf8_unicode_ci NOT NULL DEFAULT '0',
  PRIMARY KEY (`id`),
  UNIQUE KEY `craft_fieldlayoutfields_layoutId_fieldId_unq_idx` (`layoutId`,`fieldId`),
  KEY `craft_fieldlayoutfields_sortOrder_idx` (`sortOrder`),
  KEY `craft_fieldlayoutfields_tabId_fk` (`tabId`),
  KEY `craft_fieldlayoutfields_fieldId_fk` (`fieldId`)
) ENGINE=InnoDB AUTO_INCREMENT=690 DEFAULT CHARSET=utf8 COLLATE=utf8_unicode_ci;

--
-- Data for table `craft_fieldlayoutfields`
--

INSERT INTO `craft_fieldlayoutfields` (`id`, `layoutId`, `tabId`, `fieldId`, `required`, `sortOrder`, `dateCreated`, `dateUpdated`, `uid`) VALUES
 ('52', '25', '14', '6', '0', '1', '2017-08-25 18:22:17', '2017-08-25 18:22:17', '3ccb5d88-bcd1-4824-bbda-9153c620c02a'),
 ('53', '25', '14', '7', '0', '2', '2017-08-25 18:22:17', '2017-08-25 18:22:17', 'fa2a3174-39af-482d-a331-976c0acbdfd9'),
 ('54', '25', '14', '8', '0', '3', '2017-08-25 18:22:17', '2017-08-25 18:22:17', 'f7d4de49-6c8e-4e74-a5b7-42cae5aaf2d0'),
 ('55', '25', '14', '4', '0', '4', '2017-08-25 18:22:17', '2017-08-25 18:22:17', '1cd4bab7-1451-4805-a868-c4145d4769d9'),
 ('56', '25', '14', '5', '0', '5', '2017-08-25 18:22:17', '2017-08-25 18:22:17', 'e665a8a0-b5d7-4c07-b6a6-7edfed9824aa'),
 ('160', '75', '57', '24', '0', '1', '2017-08-28 15:13:24', '2017-08-28 15:13:24', 'c27f7fef-34da-48f2-9f1b-b347d066e68f'),
 ('161', '75', '57', '1', '0', '2', '2017-08-28 15:13:24', '2017-08-28 15:13:24', 'ec5e0b72-d1ca-4a5d-947d-26506a08d2d1'),
 ('162', '75', '57', '10', '0', '3', '2017-08-28 15:13:24', '2017-08-28 15:13:24', '4743e7ca-4dd2-419e-83e6-79f9af3391b7'),
 ('201', '97', '75', '10', '0', '1', '2017-08-30 11:31:05', '2017-08-30 11:31:05', '11aa5d5a-14fd-429a-a01e-b02b6d477b18'),
 ('202', '97', '75', '3', '0', '2', '2017-08-30 11:31:05', '2017-08-30 11:31:05', '37660127-e07d-40f4-be95-065643aa6764'),
 ('290', '141', '113', '36', '0', '1', '2017-08-31 11:33:36', '2017-08-31 11:33:36', '47aef18d-07c0-4b67-b1f3-4032f8550114'),
 ('291', '141', '113', '3', '0', '2', '2017-08-31 11:33:36', '2017-08-31 11:33:36', '98324118-0937-49b2-ac83-e0d1d9fc26ab'),
 ('292', '141', '113', '5', '0', '3', '2017-08-31 11:33:36', '2017-08-31 11:33:36', '83c03938-0ac3-4003-9b9f-777e09a2e957'),
 ('293', '142', '114', '29', '0', '1', '2017-08-31 11:53:28', '2017-08-31 11:53:28', 'dc5f9802-a0dc-495c-a5a1-054ec588f7d6'),
 ('294', '143', '115', '30', '1', '1', '2017-08-31 11:53:28', '2017-08-31 11:53:28', '747c643e-1820-410d-a517-a9d86c2c2d7d'),
 ('295', '143', '115', '31', '0', '2', '2017-08-31 11:53:28', '2017-08-31 11:53:28', '5c4c1609-4aab-40a7-aada-306b6c3859e8'),
 ('296', '143', '115', '32', '0', '3', '2017-08-31 11:53:28', '2017-08-31 11:53:28', '40de48ce-2ee5-4e8c-9756-da06e99fa366'),
 ('297', '143', '115', '33', '0', '4', '2017-08-31 11:53:28', '2017-08-31 11:53:28', '8d97f52e-d6d9-4c3b-a533-60b7c5145eba'),
 ('298', '143', '115', '34', '0', '5', '2017-08-31 11:53:28', '2017-08-31 11:53:28', '7b7479ba-3d0a-4488-afcd-21338c0034a7'),
 ('299', '144', '116', '35', '0', '1', '2017-08-31 11:53:28', '2017-08-31 11:53:28', '528ad799-058f-4364-b1f9-222812febb43'),
 ('340', '158', '127', '41', '0', '1', '2017-09-01 11:42:38', '2017-09-01 11:42:38', '18d2ccd1-80ce-4493-a0d4-3ebe8215c5ac'),
 ('341', '158', '127', '3', '0', '2', '2017-09-01 11:42:38', '2017-09-01 11:42:38', 'eb60ac0b-7ba0-42f2-bf5e-a0589282905f'),
 ('342', '158', '127', '27', '0', '3', '2017-09-01 11:42:38', '2017-09-01 11:42:38', '68841d8c-4d93-454e-bca0-83f9292ee3a7'),
 ('343', '158', '127', '42', '0', '4', '2017-09-01 11:42:38', '2017-09-01 11:42:38', 'b0675816-5b76-40a9-8be6-ff52dcc9297b'),
 ('421', '205', '166', '23', '0', '1', '2017-09-12 16:43:47', '2017-09-12 16:43:47', 'd569cc47-23db-496e-8b84-cdf7a4d7905a'),
 ('422', '205', '166', '46', '0', '2', '2017-09-12 16:43:47', '2017-09-12 16:43:47', '1ba95994-7c20-4161-b013-928ed7f03c51'),
 ('581', '269', '226', '23', '0', '1', '2017-09-21 09:31:12', '2017-09-21 09:31:12', '1f558370-c96a-43f2-adb2-810cf7809de8'),
 ('582', '269', '226', '60', '0', '2', '2017-09-21 09:31:12', '2017-09-21 09:31:12', 'cd7eee7d-c295-49a9-a7bb-306266d3212e'),
 ('607', '278', '234', '47', '0', '1', '2017-09-22 10:14:46', '2017-09-22 10:14:46', 'a0343259-fa35-4caf-ae3c-7f4c37b45ebe'),
 ('608', '278', '234', '62', '0', '2', '2017-09-22 10:14:46', '2017-09-22 10:14:46', '0fc0e9fa-9260-42ac-bf2e-e525b0e57f2f'),
 ('609', '278', '234', '63', '0', '3', '2017-09-22 10:14:46', '2017-09-22 10:14:46', '304498e7-1e76-4571-b7ab-6bf2d775b611'),
 ('610', '278', '234', '64', '0', '4', '2017-09-22 10:14:46', '2017-09-22 10:14:46', 'bb0922af-c62c-48b3-8f63-eab16bcc998c'),
 ('611', '279', '235', '7', '0', '1', '2017-09-24 10:23:07', '2017-09-24 10:23:07', '776158e6-0e09-49dc-856f-6ea72bd29b20'),
 ('612', '279', '235', '8', '0', '2', '2017-09-24 10:23:07', '2017-09-24 10:23:07', '6e55a06d-6eaa-4c77-80f4-f39f5712bbf3'),
 ('613', '279', '236', '3', '0', '1', '2017-09-24 10:23:07', '2017-09-24 10:23:07', '2eb7a0cb-6b15-4125-98a2-51363f7a4502'),
 ('614', '279', '236', '38', '0', '2', '2017-09-24 10:23:07', '2017-09-24 10:23:07', 'ec99a4bb-8536-4a00-b86f-9efcdf53a508'),
 ('615', '279', '236', '39', '0', '3', '2017-09-24 10:23:07', '2017-09-24 10:23:07', 'ae135c16-0925-4395-a69f-8a960fdac0e5'),
 ('616', '279', '236', '4', '0', '4', '2017-09-24 10:23:07', '2017-09-24 10:23:07', '1219ed16-580d-4399-bfa6-605fedfdaaf5'),
 ('617', '279', '236', '5', '0', '5', '2017-09-24 10:23:07', '2017-09-24 10:23:07', '91b5c9c6-0a98-4760-88df-c2c5f5fd67b7'),
 ('626', '283', '239', '49', '0', '1', '2017-09-24 16:35:51', '2017-09-24 16:35:51', 'fabb8cd8-506c-4c24-999f-9bd6f04bc1c8'),
 ('627', '283', '239', '50', '0', '2', '2017-09-24 16:35:51', '2017-09-24 16:35:51', 'da0f089c-b180-46f8-afa5-4c1d1117b3d6'),
 ('628', '283', '239', '5', '0', '3', '2017-09-24 16:35:51', '2017-09-24 16:35:51', 'daca0a25-49ca-4476-9874-30bd71f94508'),
 ('629', '283', '239', '51', '0', '4', '2017-09-24 16:35:51', '2017-09-24 16:35:51', '0b5fda35-97e6-4967-8829-f0ce36920600'),
 ('630', '283', '239', '65', '0', '5', '2017-09-24 16:35:51', '2017-09-24 16:35:51', '8877ad73-2130-4446-be82-f2904e9f1340'),
 ('632', '289', '241', '66', '0', '1', '2017-09-26 23:18:20', '2017-09-26 23:18:20', '5f0aae01-5500-4eae-b7a3-bd1eaf5e2dba'),
 ('637', '292', '243', '11', '0', '1', '2017-09-27 08:15:26', '2017-09-27 08:15:26', 'c133eb56-e745-4e6f-8dea-e8e7d9952b6b'),
 ('638', '292', '243', '3', '0', '2', '2017-09-27 08:15:26', '2017-09-27 08:15:26', '5c42545a-ce0b-4520-b861-d54cfab2ff15'),
 ('639', '292', '243', '27', '0', '3', '2017-09-27 08:15:26', '2017-09-27 08:15:26', 'b87f1317-af63-4d90-8ac9-0d7de05cc65a'),
 ('640', '292', '243', '1', '0', '4', '2017-09-27 08:15:26', '2017-09-27 08:15:26', '50ef196e-e7bb-4a2b-afee-535a8a2ee91c'),
 ('641', '292', '243', '67', '0', '5', '2017-09-27 08:15:26', '2017-09-27 08:15:26', '5798ef92-b387-479a-a886-9ca5e54efe25'),
 ('642', '292', '243', '68', '0', '6', '2017-09-27 08:15:26', '2017-09-27 08:15:26', '6f265ea9-76ac-4fd8-bd91-bb1f39d0a7e7'),
 ('643', '292', '243', '69', '0', '7', '2017-09-27 08:15:26', '2017-09-27 08:15:26', 'b8b8d768-9530-4908-a4ad-5ef93a629c6e'),
 ('655', '297', '248', '11', '0', '1', '2017-09-27 22:58:34', '2017-09-27 22:58:34', '7894e8b8-dfd3-4305-9ce0-fea1dd47fa27'),
 ('656', '297', '248', '27', '0', '2', '2017-09-27 22:58:34', '2017-09-27 22:58:34', '5e39a602-9107-4490-8f0e-693884528a3d'),
 ('657', '297', '248', '70', '0', '3', '2017-09-27 22:58:34', '2017-09-27 22:58:34', '013add11-a142-4c1f-8cca-c5192f8b1290'),
 ('658', '297', '248', '3', '0', '4', '2017-09-27 22:58:34', '2017-09-27 22:58:34', '620c01a4-5b74-4ae1-8470-f63834ddc9a6'),
 ('659', '297', '248', '12', '0', '5', '2017-09-27 22:58:34', '2017-09-27 22:58:34', 'bb286617-fcc9-4e05-94cf-97319b58b494'),
 ('660', '297', '248', '13', '0', '6', '2017-09-27 22:58:34', '2017-09-27 22:58:34', '38a36704-63bd-4371-9410-0caefba1502a'),
 ('661', '298', '249', '11', '0', '1', '2017-09-27 22:59:15', '2017-09-27 22:59:15', '4f1aad83-6c5b-4e3c-a637-6b778084e236'),
 ('662', '298', '249', '27', '0', '2', '2017-09-27 22:59:15', '2017-09-27 22:59:15', 'e0d6fd2b-3440-4c6d-9402-de6c1a855fff'),
 ('663', '298', '249', '70', '0', '3', '2017-09-27 22:59:15', '2017-09-27 22:59:15', '090c9e98-bc4c-499c-8346-9b2d8b5a6ccd'),
 ('664', '298', '249', '3', '0', '4', '2017-09-27 22:59:15', '2017-09-27 22:59:15', 'e2f67340-d646-4ce8-8de0-57d37762a6c2'),
 ('665', '298', '249', '12', '0', '5', '2017-09-27 22:59:15', '2017-09-27 22:59:15', '5efa5ebe-3b32-409f-bbb0-85db92f7f0e2'),
 ('666', '298', '249', '13', '0', '6', '2017-09-27 22:59:15', '2017-09-27 22:59:15', '6557c275-cac6-4ff1-a247-c5ce3b0296af'),
 ('667', '299', '250', '26', '0', '1', '2017-09-27 22:59:50', '2017-09-27 22:59:50', '38645d24-bd5c-4ed8-adad-62df2f928b93'),
 ('668', '299', '250', '25', '0', '2', '2017-09-27 22:59:50', '2017-09-27 22:59:50', '1fbc0598-f02c-4620-b473-117a3884122a'),
 ('669', '299', '250', '27', '0', '3', '2017-09-27 22:59:50', '2017-09-27 22:59:50', '31af9e26-6acc-4fd0-ae23-7839f986cd0c'),
 ('670', '299', '250', '70', '0', '4', '2017-09-27 22:59:50', '2017-09-27 22:59:50', '5ed51711-5c71-4007-89b4-80be7144057d'),
 ('671', '299', '250', '28', '0', '5', '2017-09-27 22:59:50', '2017-09-27 22:59:50', 'a3f48acd-b23d-4787-a378-21b27e94751d'),
 ('672', '300', '251', '14', '0', '1', '2017-09-27 23:00:33', '2017-09-27 23:00:33', 'f0bf2f8f-c7d6-4c7f-991d-32e4b6f934c1'),
 ('673', '301', '252', '15', '1', '1', '2017-09-27 23:00:34', '2017-09-27 23:00:34', '2f1f601d-f8d5-4935-bf34-7be0adb14206'),
 ('674', '301', '252', '16', '0', '2', '2017-09-27 23:00:34', '2017-09-27 23:00:34', '3ee5097d-e7a6-4c76-b0db-515870790e3b'),
 ('675', '301', '252', '17', '0', '3', '2017-09-27 23:00:34', '2017-09-27 23:00:34', 'e94a890c-0917-4096-ad47-550106f64664'),
 ('676', '301', '252', '18', '0', '4', '2017-09-27 23:00:34', '2017-09-27 23:00:34', 'eb834697-b59b-46a3-8d44-7b56e2694986'),
 ('677', '301', '252', '71', '0', '5', '2017-09-27 23:00:34', '2017-09-27 23:00:34', 'f85bc9fc-455b-40e6-86fe-a4e0fc15977c'),
 ('678', '302', '253', '21', '1', '1', '2017-09-27 23:00:34', '2017-09-27 23:00:34', '7b56c00b-4e86-4197-aeb5-e9a1e439d1bc'),
 ('679', '302', '253', '22', '1', '2', '2017-09-27 23:00:34', '2017-09-27 23:00:34', '1b9884a2-1d48-485e-951a-9ec52ef2912f'),
 ('680', '303', '254', '45', '0', '1', '2017-09-27 23:00:34', '2017-09-27 23:00:34', '2408d1a9-ca60-4acb-853b-c5eb44f717b4'),
 ('681', '304', '255', '54', '0', '1', '2017-09-27 23:00:35', '2017-09-27 23:00:35', 'c83aa349-1874-4f98-a3e5-8fcd2ea5da30'),
 ('682', '304', '255', '53', '0', '2', '2017-09-27 23:00:35', '2017-09-27 23:00:35', 'b2b570fc-bb75-412c-8c84-0efbb527fb88'),
 ('683', '305', '256', '72', '0', '1', '2017-09-27 23:31:12', '2017-09-27 23:31:12', '0142741b-19b0-4ab7-9b25-3b6f2c1dbc41'),
 ('684', '305', '256', '11', '0', '2', '2017-09-27 23:31:12', '2017-09-27 23:31:12', '652452d3-db46-4f35-b742-7b67a92fe905'),
 ('685', '305', '256', '27', '0', '3', '2017-09-27 23:31:12', '2017-09-27 23:31:12', '8338a2fb-6022-4f98-ac1c-8e403c901dae'),
 ('686', '305', '256', '70', '0', '4', '2017-09-27 23:31:12', '2017-09-27 23:31:12', 'e0c479bc-8007-482e-868a-ec9421bae5b8'),
 ('687', '305', '256', '3', '0', '5', '2017-09-27 23:31:12', '2017-09-27 23:31:12', '10f85314-a8bb-4e85-8ac1-735cde1b94fd'),
 ('688', '305', '256', '12', '0', '6', '2017-09-27 23:31:12', '2017-09-27 23:31:12', '21268d07-918e-4818-aea4-adc9d7b7ea9f'),
 ('689', '305', '256', '13', '0', '7', '2017-09-27 23:31:12', '2017-09-27 23:31:12', '77cb7a0e-fa07-4e4b-bd44-6cc479bc86c5');



DROP TABLE IF EXISTS `craft_fieldlayouts`;


--
-- Schema for table `craft_fieldlayouts`
--
CREATE TABLE `craft_fieldlayouts` (
  `id` int(11) NOT NULL AUTO_INCREMENT,
  `type` varchar(150) COLLATE utf8_unicode_ci NOT NULL,
  `dateCreated` datetime NOT NULL,
  `dateUpdated` datetime NOT NULL,
  `uid` char(36) COLLATE utf8_unicode_ci NOT NULL DEFAULT '0',
  PRIMARY KEY (`id`),
  KEY `craft_fieldlayouts_type_idx` (`type`)
) ENGINE=InnoDB AUTO_INCREMENT=306 DEFAULT CHARSET=utf8 COLLATE=utf8_unicode_ci;

--
-- Data for table `craft_fieldlayouts`
--

INSERT INTO `craft_fieldlayouts` (`id`, `type`, `dateCreated`, `dateUpdated`, `uid`) VALUES
 ('1', 'Tag', '2017-08-24 19:10:40', '2017-08-24 19:10:40', 'b64f6a25-1e38-4d36-becc-401696d4a7d1'),
 ('6', 'Asset', '2017-08-25 13:18:29', '2017-08-25 13:18:29', '51a9be07-1b5e-40fa-a289-74ae0d8eec56'),
 ('25', 'Entry', '2017-08-25 18:22:17', '2017-08-25 18:22:17', '9e65b547-de05-4d59-8014-5768a7b43927'),
 ('54', 'Asset', '2017-08-28 12:31:18', '2017-08-28 12:31:18', 'd0a191e2-1395-440e-9a80-8718aa1fc2f0'),
 ('75', 'Entry', '2017-08-28 15:13:24', '2017-08-28 15:13:24', '81da0517-57fa-40a9-b654-4caf169d2b88'),
 ('88', 'Venti_Event', '2017-08-28 20:06:31', '2017-08-28 20:06:31', 'a7d2a976-66e4-4a89-ae10-230748cdfd6c'),
 ('93', 'Asset', '2017-08-30 09:01:33', '2017-08-30 09:01:33', 'a3d9d513-ab0c-4cfb-8087-e6cda88dcc26'),
 ('97', 'Asset', '2017-08-30 11:31:04', '2017-08-30 11:31:04', '07999349-0eb0-40f9-83d5-2a77ab7c0f73'),
 ('98', 'Asset', '2017-08-30 11:39:40', '2017-08-30 11:39:40', '2eed3c73-f8fd-4a3a-9838-60f5d11d47aa'),
 ('99', 'Asset', '2017-08-30 11:51:19', '2017-08-30 11:51:19', '147854ef-dce9-4338-9622-aa63d40b96dc'),
 ('112', 'Asset', '2017-08-30 14:06:23', '2017-08-30 14:06:23', '59079d1b-3f09-42e9-b414-e929249b2831'),
 ('140', 'Asset', '2017-08-31 11:31:06', '2017-08-31 11:31:06', '349fe8ae-54f0-4471-8e9f-8b3ddefdf442'),
 ('141', 'Entry', '2017-08-31 11:33:36', '2017-08-31 11:33:36', '7744e4ec-3cd7-4b8e-9ffe-8c8e811113ba'),
 ('142', 'MatrixBlock', '2017-08-31 11:53:28', '2017-08-31 11:53:28', '4b0b491e-24b3-4c73-bacc-de5c347dd8bc'),
 ('143', 'MatrixBlock', '2017-08-31 11:53:28', '2017-08-31 11:53:28', 'b5501d73-7611-4ac7-a390-c934352af7e0'),
 ('144', 'MatrixBlock', '2017-08-31 11:53:28', '2017-08-31 11:53:28', '3f4ad625-3121-4ad4-bccb-437500d9549c'),
 ('148', 'Asset', '2017-08-31 18:49:23', '2017-08-31 18:49:23', '4f4f5fb1-e8ee-4b2f-b58d-c77dbebed564'),
 ('155', 'Asset', '2017-09-01 11:34:41', '2017-09-01 11:34:41', '1a70a28a-aaee-486e-adcb-cf8231e2b456'),
 ('158', 'Entry', '2017-09-01 11:42:38', '2017-09-01 11:42:38', 'f0744eba-def2-4808-a946-440fc655f0a0'),
 ('169', 'Asset', '2017-09-12 09:39:45', '2017-09-12 09:39:45', 'fe11942e-b49f-49d0-879d-58ab812df1bf'),
 ('205', 'Entry', '2017-09-12 16:43:47', '2017-09-12 16:43:47', 'a6f9069f-57f0-4410-b954-6aea667eefd2'),
 ('217', 'Asset', '2017-09-14 08:14:20', '2017-09-14 08:14:20', '2b59a621-f3a7-4387-90fe-7d5d8c5decf9'),
 ('269', 'Entry', '2017-09-21 09:31:12', '2017-09-21 09:31:12', '98bbbc9a-a7ad-48e7-930b-1b2baa0ffaeb'),
 ('278', 'Entry', '2017-09-22 10:14:46', '2017-09-22 10:14:46', 'd8d4c3a3-8897-4afb-bd25-3f029ba025e1'),
 ('279', 'Entry', '2017-09-24 10:23:07', '2017-09-24 10:23:07', '061a55c0-7f62-43d7-8db5-c31c745215ee'),
 ('280', 'Entry', '2017-09-24 10:29:32', '2017-09-24 10:29:32', '0eb776cb-4fbd-4b4c-9832-04afc62ab3e5'),
 ('283', 'Venti_Event_Default', '2017-09-24 16:35:51', '2017-09-24 16:35:51', '04f95763-3ea0-40e7-a4fe-f547d8b3879c'),
 ('286', 'Asset', '2017-09-26 10:20:28', '2017-09-26 10:20:28', '0754ad1f-d1d6-4872-bb03-ed8c423ac401'),
 ('289', 'Entry', '2017-09-26 23:18:20', '2017-09-26 23:18:20', 'f1ba20f4-93d3-4421-975a-41a03dd0e248'),
 ('292', 'Entry', '2017-09-27 08:15:26', '2017-09-27 08:15:26', 'c65d02a4-7653-40e4-b388-101fe18ea309'),
 ('297', 'Entry', '2017-09-27 22:58:34', '2017-09-27 22:58:34', '21cb2935-3d48-4afb-97e9-831185bfe52b'),
 ('298', 'Entry', '2017-09-27 22:59:14', '2017-09-27 22:59:14', '324de7e9-27a0-4089-844e-b79647fe1ac3'),
 ('299', 'Entry', '2017-09-27 22:59:50', '2017-09-27 22:59:50', 'c15eceac-2f9b-49d5-a3eb-d19b0f0e9aee'),
 ('300', 'MatrixBlock', '2017-09-27 23:00:33', '2017-09-27 23:00:33', 'cc70fe7e-5d95-48d0-9c14-cdd721c0b1d6'),
 ('301', 'MatrixBlock', '2017-09-27 23:00:34', '2017-09-27 23:00:34', 'd9022124-b5f4-438a-b9db-ad203e879330'),
 ('302', 'MatrixBlock', '2017-09-27 23:00:34', '2017-09-27 23:00:34', '3fffbd2e-fa41-4c49-8a3a-0ec4f8598596'),
 ('303', 'MatrixBlock', '2017-09-27 23:00:34', '2017-09-27 23:00:34', '19a9aa66-4da4-403d-8762-8fccb292ef65'),
 ('304', 'MatrixBlock', '2017-09-27 23:00:35', '2017-09-27 23:00:35', 'fef76062-2573-4866-9d61-65f639824ccc'),
 ('305', 'Entry', '2017-09-27 23:31:12', '2017-09-27 23:31:12', '0ac70bcb-96fb-47a6-af92-851ccf0e9af4');



DROP TABLE IF EXISTS `craft_fieldlayouttabs`;


--
-- Schema for table `craft_fieldlayouttabs`
--
CREATE TABLE `craft_fieldlayouttabs` (
  `id` int(11) NOT NULL AUTO_INCREMENT,
  `layoutId` int(11) NOT NULL,
  `name` varchar(255) COLLATE utf8_unicode_ci NOT NULL,
  `sortOrder` smallint(6) unsigned DEFAULT NULL,
  `dateCreated` datetime NOT NULL,
  `dateUpdated` datetime NOT NULL,
  `uid` char(36) COLLATE utf8_unicode_ci NOT NULL DEFAULT '0',
  PRIMARY KEY (`id`),
  KEY `craft_fieldlayouttabs_sortOrder_idx` (`sortOrder`),
  KEY `craft_fieldlayouttabs_layoutId_fk` (`layoutId`)
) ENGINE=InnoDB AUTO_INCREMENT=257 DEFAULT CHARSET=utf8 COLLATE=utf8_unicode_ci;

--
-- Data for table `craft_fieldlayouttabs`
--

INSERT INTO `craft_fieldlayouttabs` (`id`, `layoutId`, `name`, `sortOrder`, `dateCreated`, `dateUpdated`, `uid`) VALUES
 ('14', '25', 'Marquee', '1', '2017-08-25 18:22:17', '2017-08-25 18:22:17', '3370beda-26a5-4df8-ac3c-43c3fc02f693'),
 ('57', '75', 'Bio', '1', '2017-08-28 15:13:24', '2017-08-28 15:13:24', 'b9eac052-0190-41c1-8b07-f7f6cc2eb3f2'),
 ('75', '97', 'Content', '1', '2017-08-30 11:31:04', '2017-08-30 11:31:04', '1ce05f23-a4d0-42fc-9c75-87953e457596'),
 ('113', '141', 'Quadrants', '1', '2017-08-31 11:33:36', '2017-08-31 11:33:36', 'f3d4698b-952e-4319-a2a6-271a4635f53b'),
 ('114', '142', 'Content', '1', '2017-08-31 11:53:28', '2017-08-31 11:53:28', '737caa71-5641-4504-8673-79a87a16a260'),
 ('115', '143', 'Content', '1', '2017-08-31 11:53:28', '2017-08-31 11:53:28', 'e4f0fb33-7b3c-48b3-9174-2ebf6432ff5a'),
 ('116', '144', 'Content', '1', '2017-08-31 11:53:28', '2017-08-31 11:53:28', '39decd06-5903-4590-9f67-2b1d04b0b33a'),
 ('127', '158', 'Tour Slides', '1', '2017-09-01 11:42:38', '2017-09-01 11:42:38', '5ec5ed0f-d724-4ac9-9f34-4b39977aea6c'),
 ('166', '205', 'Sermon', '1', '2017-09-12 16:43:47', '2017-09-12 16:43:47', 'b0ce6b1c-4842-42e4-a808-06f5715300dc'),
 ('226', '269', 'Volunteer Contact', '1', '2017-09-21 09:31:12', '2017-09-21 09:31:12', 'fb19e15d-a40a-433d-8d54-2f515acb2fb4'),
 ('234', '278', 'Schedule', '1', '2017-09-22 10:14:46', '2017-09-22 10:14:46', '47dca355-c11f-464a-97bc-2ab32de73c0b'),
 ('235', '279', 'Introduction', '1', '2017-09-24 10:23:07', '2017-09-24 10:23:07', '29bb6578-a103-4c8e-879c-06c18d154fcd'),
 ('236', '279', 'Graphic  Feature', '2', '2017-09-24 10:23:07', '2017-09-24 10:23:07', '4056680f-ea36-42d1-8823-22652fd117ea'),
 ('239', '283', 'Events', '1', '2017-09-24 16:35:51', '2017-09-24 16:35:51', '27d8c999-2ae5-476c-a9d3-a076b44ed5dc'),
 ('241', '289', 'Worship Schedule', '1', '2017-09-26 23:18:20', '2017-09-26 23:18:20', 'f9d330a8-273a-4c99-bc3b-1e6b6d5513e6'),
 ('243', '292', 'Visit', '1', '2017-09-27 08:15:26', '2017-09-27 08:15:26', '7cff4d33-9664-4757-9ea9-498591d88535'),
 ('248', '297', 'Article Body', '1', '2017-09-27 22:58:34', '2017-09-27 22:58:34', '5b15dce9-ab71-46ef-ba2e-1152c37dc8bc'),
 ('249', '298', 'Article Body', '1', '2017-09-27 22:59:14', '2017-09-27 22:59:14', 'bd9c9fa4-796b-4ba0-96c0-bce73859a5b1'),
 ('250', '299', 'Content', '1', '2017-09-27 22:59:50', '2017-09-27 22:59:50', '4ab3cae8-2c8a-4a84-8ad8-be2c13845d25'),
 ('251', '300', 'Content', '1', '2017-09-27 23:00:33', '2017-09-27 23:00:33', 'c8be765f-b2b6-4224-9b31-7fc797d3b7f7'),
 ('252', '301', 'Content', '1', '2017-09-27 23:00:34', '2017-09-27 23:00:34', '7d806430-f3b8-4d15-80e3-02a5f261247f'),
 ('253', '302', 'Content', '1', '2017-09-27 23:00:34', '2017-09-27 23:00:34', 'a040a7fc-3966-4538-88ba-c0e962d3e287'),
 ('254', '303', 'Content', '1', '2017-09-27 23:00:34', '2017-09-27 23:00:34', '2691d935-6e82-4f4f-952f-d887d3ff4d18'),
 ('255', '304', 'Content', '1', '2017-09-27 23:00:35', '2017-09-27 23:00:35', 'fd94b405-af36-4a05-89d8-7616c32be66e'),
 ('256', '305', 'Article Body', '1', '2017-09-27 23:31:12', '2017-09-27 23:31:12', '430dd872-e3b8-4c8e-ba8a-a1ccbce18d4b');



DROP TABLE IF EXISTS `craft_fields`;


--
-- Schema for table `craft_fields`
--
CREATE TABLE `craft_fields` (
  `id` int(11) NOT NULL AUTO_INCREMENT,
  `groupId` int(11) DEFAULT NULL,
  `name` varchar(255) COLLATE utf8_unicode_ci NOT NULL,
  `handle` varchar(58) COLLATE utf8_unicode_ci NOT NULL,
  `context` varchar(255) COLLATE utf8_unicode_ci NOT NULL DEFAULT 'global',
  `instructions` text COLLATE utf8_unicode_ci,
  `translatable` tinyint(1) unsigned NOT NULL DEFAULT '0',
  `type` varchar(150) COLLATE utf8_unicode_ci NOT NULL,
  `settings` text COLLATE utf8_unicode_ci,
  `dateCreated` datetime NOT NULL,
  `dateUpdated` datetime NOT NULL,
  `uid` char(36) COLLATE utf8_unicode_ci NOT NULL DEFAULT '0',
  PRIMARY KEY (`id`),
  UNIQUE KEY `craft_fields_handle_context_unq_idx` (`handle`,`context`),
  KEY `craft_fields_context_idx` (`context`),
  KEY `craft_fields_groupId_fk` (`groupId`)
) ENGINE=InnoDB AUTO_INCREMENT=73 DEFAULT CHARSET=utf8 COLLATE=utf8_unicode_ci;

--
-- Data for table `craft_fields`
--

INSERT INTO `craft_fields` (`id`, `groupId`, `name`, `handle`, `context`, `instructions`, `translatable`, `type`, `settings`, `dateCreated`, `dateUpdated`, `uid`) VALUES
 ('1', '2', 'Body', 'body', 'global', '', '0', 'RichText', '{\"configFile\":\"Standard.json\",\"availableAssetSources\":\"*\",\"availableTransforms\":\"*\",\"cleanupHtml\":\"1\",\"purifyHtml\":\"1\",\"purifierConfig\":\"\",\"columnType\":\"text\"}', '2017-08-24 19:10:40', '2017-09-13 08:14:29', '367e63a7-d510-4a13-ae5c-1eb2f453eb12'),
 ('3', '2', 'Alt Attribute', 'altAttribute', 'global', '', '0', 'PlainText', '{\"placeholder\":\"\",\"maxLength\":\"\",\"multiline\":\"\",\"initialRows\":\"4\"}', '2017-08-25 13:25:45', '2017-08-25 13:25:45', 'b9d5a2e7-4d40-4aa5-a7d4-75e2210afb13'),
 ('4', '2', 'Link Text', 'linkText', 'global', '', '0', 'PlainText', '{\"placeholder\":\"\",\"maxLength\":\"\",\"multiline\":\"\",\"initialRows\":\"4\"}', '2017-08-25 13:26:15', '2017-08-26 13:34:54', 'cf31b716-a079-4068-a2a4-e5d593574515'),
 ('5', '2', 'Link URL', 'linkUrl', 'global', '', '0', 'PlainText', '{\"placeholder\":\"\",\"maxLength\":\"\",\"multiline\":\"\",\"initialRows\":\"4\"}', '2017-08-25 13:26:41', '2017-08-25 13:26:41', 'b6d8960e-c300-4ca4-b891-6a52f37155d9'),
 ('6', '4', 'Marquee Image', 'marqueeImage', 'global', '', '0', 'Assets', '{\"useSingleFolder\":\"1\",\"sources\":\"*\",\"defaultUploadLocationSource\":\"2\",\"defaultUploadLocationSubpath\":\"\",\"singleUploadLocationSource\":\"2\",\"singleUploadLocationSubpath\":\"\",\"restrictFiles\":\"\",\"limit\":\"1\",\"viewMode\":\"large\",\"selectionLabel\":\"\"}', '2017-08-25 13:33:59', '2017-08-30 11:40:54', '430db206-7da4-468b-94a5-facba41df475'),
 ('7', '2', 'Headline A', 'headlineA', 'global', '', '0', 'PlainText', '{\"placeholder\":\"\",\"maxLength\":\"\",\"multiline\":\"\",\"initialRows\":\"4\"}', '2017-08-25 13:35:09', '2017-08-26 13:34:38', '546e3c4a-2017-485c-9ae2-0f409df800d1'),
 ('8', '2', 'Headline B', 'headlineB', 'global', '', '0', 'PlainText', '{\"placeholder\":\"\",\"maxLength\":\"\",\"multiline\":\"\",\"initialRows\":\"4\"}', '2017-08-25 13:35:19', '2017-08-26 13:34:46', '2ef0dd93-a4fc-4f3f-9c3a-cf00fb12068a'),
 ('10', '2', 'Single Image', 'singleImage', 'global', '', '0', 'Assets', '{\"useSingleFolder\":\"\",\"sources\":\"*\",\"defaultUploadLocationSource\":\"1\",\"defaultUploadLocationSubpath\":\"\",\"singleUploadLocationSource\":\"1\",\"singleUploadLocationSubpath\":\"\",\"restrictFiles\":\"\",\"limit\":\"1\",\"viewMode\":\"large\",\"selectionLabel\":\"\"}', '2017-08-25 16:39:51', '2017-08-26 11:10:11', '1891ffd5-5618-4b58-989b-ce9c6412d669'),
 ('11', '3', 'Hero', 'hero', 'global', '', '0', 'Assets', '{\"useSingleFolder\":\"1\",\"sources\":[\"folder:5\"],\"defaultUploadLocationSource\":\"3\",\"defaultUploadLocationSubpath\":\"\",\"singleUploadLocationSource\":\"3\",\"singleUploadLocationSubpath\":\"\",\"restrictFiles\":\"\",\"limit\":\"1\",\"viewMode\":\"large\",\"selectionLabel\":\"\"}', '2017-08-26 11:17:20', '2017-08-30 11:32:01', 'a614b82f-9332-4add-94b1-06f7c354f59b'),
 ('12', '3', 'Introduction', 'introduction', 'global', '', '0', 'RichText', '{\"configFile\":\"Standard.json\",\"availableAssetSources\":\"*\",\"availableTransforms\":\"*\",\"cleanupHtml\":\"1\",\"purifyHtml\":\"1\",\"purifierConfig\":\"\",\"columnType\":\"text\"}', '2017-08-28 11:47:07', '2017-08-28 11:57:27', '4468a89a-cbcb-4a2b-b008-345dd0c19c15'),
 ('13', '3', 'Content Matrix', 'contentMatrix', 'global', '', '0', 'Matrix', '{\"maxBlocks\":null}', '2017-08-28 12:09:51', '2017-09-27 23:00:33', 'fffa7d9c-a544-453e-8f83-24210817017e'),
 ('14', NULL, 'Text', 'text', 'matrixBlockType:1', '', '0', 'RichText', '{\"configFile\":\"Standard.json\",\"availableAssetSources\":\"*\",\"availableTransforms\":\"*\",\"cleanupHtml\":\"1\",\"purifyHtml\":\"\",\"purifierConfig\":\"\",\"columnType\":\"text\"}', '2017-08-28 12:09:51', '2017-09-27 23:00:33', '69421993-5125-4c00-8928-5864fd7cf20a'),
 ('15', NULL, 'Image', 'image', 'matrixBlockType:2', '', '0', 'Assets', '{\"useSingleFolder\":\"\",\"sources\":[\"folder:7\"],\"defaultUploadLocationSource\":\"4\",\"defaultUploadLocationSubpath\":\"\",\"singleUploadLocationSource\":\"1\",\"singleUploadLocationSubpath\":\"\",\"restrictFiles\":\"1\",\"allowedKinds\":[\"image\"],\"limit\":\"1\",\"viewMode\":\"large\",\"selectionLabel\":\"\"}', '2017-08-28 12:09:51', '2017-09-27 23:00:33', '3c20f7f5-a4d7-4b7b-9ad5-d97ca9475a03'),
 ('16', NULL, 'Alt Attribute', 'altAttribute', 'matrixBlockType:2', '', '0', 'PlainText', '{\"placeholder\":\"\",\"maxLength\":\"\",\"multiline\":\"\",\"initialRows\":\"4\"}', '2017-08-28 12:13:49', '2017-09-27 23:00:34', '3cd0b646-b5d3-426a-8ca0-c232d8d11130'),
 ('17', NULL, 'Caption', 'caption', 'matrixBlockType:2', '', '0', 'RichText', '{\"configFile\":\"Simple.json\",\"availableAssetSources\":\"*\",\"availableTransforms\":\"*\",\"cleanupHtml\":\"\",\"purifyHtml\":\"\",\"purifierConfig\":\"\",\"columnType\":\"text\"}', '2017-08-28 12:13:49', '2017-09-27 23:00:34', '149d31c8-6e42-4e09-9362-84d478692c0f'),
 ('18', NULL, 'Credit', 'credit', 'matrixBlockType:2', '', '0', 'PlainText', '{\"placeholder\":\"\",\"maxLength\":\"\",\"multiline\":\"\",\"initialRows\":\"4\"}', '2017-08-28 12:15:44', '2017-09-27 23:00:34', 'b3e897e3-575e-4c8c-a944-e4132221f837'),
 ('21', NULL, 'Bio Type', 'bioType', 'matrixBlockType:3', '', '0', 'PlainText', '{\"placeholder\":\"\",\"maxLength\":\"\",\"multiline\":\"\",\"initialRows\":\"4\"}', '2017-08-28 15:03:35', '2017-09-27 23:00:34', 'cf71662c-1050-4054-82ba-231eec580918'),
 ('22', NULL, 'Individual', 'individual', 'matrixBlockType:3', '', '0', 'Entries', '{\"sources\":[\"section:8\"],\"limit\":\"\",\"selectionLabel\":\"\"}', '2017-08-28 15:03:35', '2017-09-27 23:00:34', 'a49c16ee-1100-4769-9d67-fdf4f03ba1bb'),
 ('23', '2', 'Full Name', 'fullName', 'global', '', '0', 'PlainText', '{\"placeholder\":\"\",\"maxLength\":\"\",\"multiline\":\"\",\"initialRows\":\"4\"}', '2017-08-28 15:07:56', '2017-08-28 15:07:56', '666c90bb-3cda-49f7-935c-9cb19ffb47ff'),
 ('24', '2', 'Professional Title', 'professionalTitle', 'global', '', '0', 'PlainText', '{\"placeholder\":\"\",\"maxLength\":\"\",\"multiline\":\"\",\"initialRows\":\"4\"}', '2017-08-28 15:08:26', '2017-08-28 15:08:26', '62724c56-6ec2-456e-ade7-7fa5b1c4986f'),
 ('25', '5', 'Blog Feature', 'blogFeature', 'global', '', '0', 'Assets', '{\"useSingleFolder\":\"1\",\"sources\":[\"folder:11\"],\"defaultUploadLocationSource\":\"1\",\"defaultUploadLocationSubpath\":\"\",\"singleUploadLocationSource\":\"6\",\"singleUploadLocationSubpath\":\"\",\"restrictFiles\":\"\",\"limit\":\"1\",\"viewMode\":\"large\",\"selectionLabel\":\"\"}', '2017-08-30 09:03:15', '2017-08-30 09:05:32', 'e9d777d7-df9a-4263-9094-d6f8361bbf9f'),
 ('26', '5', 'By Line', 'byLine', 'global', '', '0', 'PlainText', '{\"placeholder\":\"\",\"maxLength\":\"\",\"multiline\":\"\",\"initialRows\":\"4\"}', '2017-08-30 09:06:56', '2017-08-30 09:06:56', 'a464962f-c094-468b-a48f-5a797897dda1'),
 ('27', '2', 'Photo Credit', 'photoCredit', 'global', '', '0', 'PlainText', '{\"placeholder\":\"\",\"maxLength\":\"\",\"multiline\":\"\",\"initialRows\":\"4\"}', '2017-08-30 12:14:01', '2017-08-30 12:14:01', '667d34f1-cb1d-4f9b-a3d2-f63c662b81ed'),
 ('28', '5', 'Blog Article Matrix', 'blogArticleMatrix', 'global', '', '0', 'Matrix', '{\"maxBlocks\":null}', '2017-08-30 13:48:23', '2017-08-31 11:53:28', 'bed625c3-cdd1-4ffc-a549-86253b9a7762'),
 ('29', NULL, 'Text', 'text', 'matrixBlockType:4', '', '0', 'RichText', '{\"configFile\":\"Standard.json\",\"availableAssetSources\":\"*\",\"availableTransforms\":\"*\",\"cleanupHtml\":\"1\",\"purifyHtml\":\"1\",\"purifierConfig\":\"\",\"columnType\":\"text\"}', '2017-08-30 13:48:23', '2017-08-31 11:53:28', 'ffe55a34-9e74-40df-a1ba-fc9d3db7c328'),
 ('30', NULL, 'Image', 'image', 'matrixBlockType:5', '', '0', 'Assets', '{\"useSingleFolder\":\"1\",\"sources\":\"*\",\"defaultUploadLocationSource\":\"1\",\"defaultUploadLocationSubpath\":\"\",\"singleUploadLocationSource\":\"7\",\"singleUploadLocationSubpath\":\"\",\"restrictFiles\":\"\",\"limit\":\"1\",\"viewMode\":\"large\",\"selectionLabel\":\"\"}', '2017-08-30 14:04:53', '2017-08-31 11:53:28', '7b2d4d67-aaf8-4394-a1a1-1c37ad42cca7'),
 ('31', NULL, 'Alt Attribute', 'altAttribute', 'matrixBlockType:5', '', '0', 'PlainText', '{\"placeholder\":\"\",\"maxLength\":\"\",\"multiline\":\"\",\"initialRows\":\"4\"}', '2017-08-30 14:07:19', '2017-08-31 11:53:28', '61a7e16a-5c86-4d24-858f-bfa9bf99fa25'),
 ('32', NULL, 'Caption', 'caption', 'matrixBlockType:5', '', '0', 'RichText', '{\"configFile\":\"Simple.json\",\"availableAssetSources\":\"*\",\"availableTransforms\":\"*\",\"cleanupHtml\":\"\",\"purifyHtml\":\"\",\"purifierConfig\":\"\",\"columnType\":\"text\"}', '2017-08-30 14:08:31', '2017-08-31 11:53:28', 'a1364d44-bb9b-482f-ac88-d0e5395b389b'),
 ('33', NULL, 'Enlarge', 'enlarge', 'matrixBlockType:5', '', '0', 'Lightswitch', '{\"default\":\"\"}', '2017-08-30 14:10:03', '2017-08-31 11:53:28', 'b289026d-f128-4ea6-8f26-cafe42548350'),
 ('34', NULL, 'Orientation', 'orientation', 'matrixBlockType:5', '', '0', 'Dropdown', '{\"options\":[{\"label\":\"Horizontal\",\"value\":\"horizontal\",\"default\":\"1\"},{\"label\":\"Vertical\",\"value\":\"vertical\",\"default\":\"\"},{\"label\":\"Full Width\",\"value\":\"fullWidth\",\"default\":\"\"}]}', '2017-08-30 22:50:49', '2017-08-31 11:53:28', '28fad6b5-3c04-40c6-8e0d-a7dc62a21ba4'),
 ('35', NULL, 'Text', 'text', 'matrixBlockType:6', '', '0', 'RichText', '{\"configFile\":\"Simple.json\",\"availableAssetSources\":\"*\",\"availableTransforms\":\"*\",\"cleanupHtml\":\"1\",\"purifyHtml\":\"1\",\"purifierConfig\":\"\",\"columnType\":\"text\"}', '2017-08-30 23:35:32', '2017-08-31 11:53:28', 'f49ea587-ff87-47a7-8f02-1278a81b4cdc'),
 ('36', '4', 'Home Quadtrant', 'homeQuadtrant', 'global', '', '0', 'Assets', '{\"useSingleFolder\":\"1\",\"sources\":\"*\",\"defaultUploadLocationSource\":\"1\",\"defaultUploadLocationSubpath\":\"\",\"singleUploadLocationSource\":\"8\",\"singleUploadLocationSubpath\":\"\",\"restrictFiles\":\"\",\"limit\":\"\",\"viewMode\":\"list\",\"selectionLabel\":\"\"}', '2017-08-31 11:29:41', '2017-08-31 11:29:41', '417ec210-e26d-47a7-b30f-834830bf7cd0'),
 ('37', '4', 'Graphic Feature Image ', 'graphicFeatureImage', 'global', '', '0', 'Assets', '{\"useSingleFolder\":\"1\",\"sources\":\"*\",\"defaultUploadLocationSource\":\"1\",\"defaultUploadLocationSubpath\":\"\",\"singleUploadLocationSource\":\"9\",\"singleUploadLocationSubpath\":\"\",\"restrictFiles\":\"\",\"limit\":\"1\",\"viewMode\":\"large\",\"selectionLabel\":\"\"}', '2017-08-31 18:44:16', '2017-08-31 18:44:16', '4d7f649d-4aaa-458e-b2cb-0ff7c00f46de'),
 ('38', '4', 'Graphic Feature Headline', 'graphicFeatureHeadline', 'global', '', '0', 'RichText', '{\"configFile\":\"Simple.json\",\"availableAssetSources\":\"*\",\"availableTransforms\":\"*\",\"cleanupHtml\":\"\",\"purifyHtml\":\"\",\"purifierConfig\":\"\",\"columnType\":\"text\"}', '2017-08-31 18:55:33', '2017-08-31 18:55:33', '8d502b60-28f5-4ee2-99bd-68eddf572bc4'),
 ('39', '4', 'Graphic Feature Text', 'graphicFeatureText', 'global', '', '0', 'RichText', '{\"configFile\":\"Simple.json\",\"availableAssetSources\":\"*\",\"availableTransforms\":\"*\",\"cleanupHtml\":\"\",\"purifyHtml\":\"\",\"purifierConfig\":\"\",\"columnType\":\"text\"}', '2017-08-31 18:56:13', '2017-08-31 18:56:13', 'acd2314e-5131-47bf-b2d2-c3130428d2f3'),
 ('40', '2', 'Headline', 'headline', 'global', '', '0', 'RichText', '{\"configFile\":\"Simple.json\",\"availableAssetSources\":\"\",\"availableTransforms\":\"\",\"cleanupHtml\":\"\",\"purifyHtml\":\"\",\"purifierConfig\":\"\",\"columnType\":\"text\"}', '2017-09-01 11:29:09', '2017-09-01 11:29:09', '13a9f409-351c-4cd5-8ef4-dc069359d1c0'),
 ('41', '6', 'Tour Image', 'tourImage', 'global', '', '0', 'Assets', '{\"useSingleFolder\":\"1\",\"sources\":\"*\",\"defaultUploadLocationSource\":\"1\",\"defaultUploadLocationSubpath\":\"\",\"singleUploadLocationSource\":\"10\",\"singleUploadLocationSubpath\":\"\",\"restrictFiles\":\"\",\"limit\":\"1\",\"viewMode\":\"large\",\"selectionLabel\":\"\"}', '2017-09-01 11:36:03', '2017-09-01 11:36:27', '1cfbf6cb-4966-48d3-97eb-56ef3e2a1701'),
 ('42', '6', 'Tour Description', 'tourDescription', 'global', '', '0', 'RichText', '{\"configFile\":\"Simple.json\",\"availableAssetSources\":\"*\",\"availableTransforms\":\"*\",\"cleanupHtml\":\"\",\"purifyHtml\":\"\",\"purifierConfig\":\"\",\"columnType\":\"text\"}', '2017-09-01 11:41:44', '2017-09-01 11:42:08', 'cab246f1-6c6f-49b5-966f-6aef1b2e3260'),
 ('45', NULL, 'Current Sermons', 'currentSermons', 'matrixBlockType:7', '', '0', 'Entries', '{\"sources\":[\"section:13\"],\"limit\":\"\",\"selectionLabel\":\"\"}', '2017-09-12 10:16:25', '2017-09-27 23:00:34', 'ffb17a48-929b-4b01-b741-6407c857837b'),
 ('46', '3', 'Audio File', 'audioFile', 'global', '', '0', 'Assets', '{\"useSingleFolder\":\"1\",\"sources\":\"*\",\"defaultUploadLocationSource\":\"1\",\"defaultUploadLocationSubpath\":\"\",\"singleUploadLocationSource\":\"11\",\"singleUploadLocationSubpath\":\"\",\"restrictFiles\":\"\",\"limit\":\"1\",\"viewMode\":\"list\",\"selectionLabel\":\"\"}', '2017-09-12 10:17:27', '2017-09-12 16:59:30', '23df8452-f9c5-4c8e-bb01-2fc2a99e2d0e'),
 ('47', '2', 'Date', 'date', 'global', '', '0', 'PlainText', '{\"placeholder\":\"\",\"maxLength\":\"\",\"multiline\":\"\",\"initialRows\":\"4\"}', '2017-09-12 10:21:36', '2017-09-12 10:21:36', '6b43921a-281a-43c8-8443-370d2cb466ca'),
 ('49', '7', 'Event Image', 'eventImage', 'global', '', '0', 'Assets', '{\"useSingleFolder\":\"1\",\"sources\":\"*\",\"defaultUploadLocationSource\":\"1\",\"defaultUploadLocationSubpath\":\"\",\"singleUploadLocationSource\":\"12\",\"singleUploadLocationSubpath\":\"\",\"restrictFiles\":\"\",\"limit\":\"1\",\"viewMode\":\"large\",\"selectionLabel\":\"\"}', '2017-09-14 08:15:19', '2017-09-14 08:15:19', '80eea018-db66-4cfe-8321-17527e1b6abe'),
 ('50', '7', 'Event Description', 'eventDescription', 'global', '', '0', 'RichText', '{\"configFile\":\"Simple.json\",\"availableAssetSources\":\"*\",\"availableTransforms\":\"*\",\"cleanupHtml\":\"1\",\"purifyHtml\":\"1\",\"purifierConfig\":\"\",\"columnType\":\"text\"}', '2017-09-14 08:19:20', '2017-09-14 08:19:20', '9850ddde-5cfd-4196-82c2-65db911d391e'),
 ('51', '7', 'Event Spotlight', 'eventSpotlight', 'global', '', '0', 'Lightswitch', '{\"default\":\"\"}', '2017-09-16 20:22:59', '2017-09-16 20:22:59', '2663c48f-905e-4c06-9e34-1291b9fc41f5'),
 ('53', NULL, 'Text', 'text', 'matrixBlockType:8', '', '0', 'RichText', '{\"configFile\":\"Simple.json\",\"availableAssetSources\":\"*\",\"availableTransforms\":\"*\",\"cleanupHtml\":\"1\",\"purifyHtml\":\"\",\"purifierConfig\":\"\",\"columnType\":\"text\"}', '2017-09-21 08:41:22', '2017-09-27 23:00:35', 'ffd15988-b1ec-4241-83c8-b4c009068377'),
 ('54', NULL, 'Headline', 'headline', 'matrixBlockType:8', '', '0', 'PlainText', '{\"placeholder\":\"\",\"maxLength\":\"\",\"multiline\":\"\",\"initialRows\":\"4\"}', '2017-09-21 08:48:14', '2017-09-27 23:00:35', '33c91167-e62f-46b2-bfd3-035e7a262fe4'),
 ('59', '2', 'Text', 'text', 'global', '', '0', 'PlainText', '{\"placeholder\":\"\",\"maxLength\":\"\",\"multiline\":\"\",\"initialRows\":\"4\"}', '2017-09-21 09:27:43', '2017-09-21 09:28:27', '839b5338-bf5e-4332-a9de-e6355e89b7d0'),
 ('60', '2', 'Email Address', 'emailAddress', 'global', '', '0', 'PlainText', '{\"placeholder\":\"\",\"maxLength\":\"\",\"multiline\":\"\",\"initialRows\":\"4\"}', '2017-09-21 09:28:07', '2017-09-21 09:28:07', '297b1c3c-052f-49f7-9cb8-454b98506002'),
 ('61', '2', 'Time', 'time', 'global', '', '0', 'PlainText', '{\"placeholder\":\"\",\"maxLength\":\"\",\"multiline\":\"\",\"initialRows\":\"4\"}', '2017-09-22 09:38:45', '2017-09-22 09:38:57', 'e9a43485-8ec1-44ee-9cf1-b227d100be0c'),
 ('62', '8', 'Choir', 'choir', 'global', '', '0', 'PlainText', '{\"placeholder\":\"\",\"maxLength\":\"\",\"multiline\":\"\",\"initialRows\":\"4\"}', '2017-09-22 09:43:11', '2017-09-22 10:08:36', 'cedfd65a-e8e9-4fa8-ac79-38808e2864e2'),
 ('63', '8', 'Performances', 'performances', 'global', '', '0', 'Table', '{\"columns\":{\"col1\":{\"heading\":\"Performer\",\"handle\":\"performer\",\"width\":\"\",\"type\":\"singleline\"},\"col2\":{\"heading\":\"Song\",\"handle\":\"song\",\"width\":\"\",\"type\":\"singleline\"}},\"defaults\":{\"row1\":{\"col1\":\"\",\"col2\":\"\"}}}', '2017-09-22 09:46:51', '2017-09-22 09:46:51', 'c9ebb31c-6aca-4b5f-8c8d-48b441414e9f'),
 ('64', '2', 'Body Simple', 'bodySimple', 'global', '', '0', 'RichText', '{\"configFile\":\"Simple.json\",\"availableAssetSources\":\"*\",\"availableTransforms\":\"\",\"cleanupHtml\":\"1\",\"purifyHtml\":\"\",\"purifierConfig\":\"\",\"columnType\":\"text\"}', '2017-09-22 10:14:23', '2017-09-22 10:14:23', '89d51d2c-0c9a-4589-85f9-9b96dbe9994a'),
 ('65', '7', 'Feature on Homepage', 'featureOnHomepage', 'global', '', '0', 'Lightswitch', '{\"default\":\"\"}', '2017-09-24 16:35:11', '2017-09-24 16:35:11', 'f4db194a-b5b3-41d3-8559-a489010b67e0'),
 ('66', '8', 'Worship Times', 'worshipTimes', 'global', '', '0', 'Table', '{\"columns\":{\"col1\":{\"heading\":\"Time\",\"handle\":\"time\",\"width\":\"\",\"type\":\"singleline\"},\"col2\":{\"heading\":\"Title\",\"handle\":\"title\",\"width\":\"\",\"type\":\"singleline\"}},\"defaults\":[]}', '2017-09-26 23:08:45', '2017-09-26 23:13:15', 'd14000bb-2bec-427e-9711-0f16694e4e5f'),
 ('67', '9', 'Directions Title', 'directionsTitle', 'global', '', '0', 'PlainText', '{\"placeholder\":\"\",\"maxLength\":\"\",\"multiline\":\"\",\"initialRows\":\"4\"}', '2017-09-27 08:13:55', '2017-09-27 08:14:17', '4dfff85c-0144-45d7-a3cc-158d667bf8e5'),
 ('68', '9', 'By Subway', 'bySubway', 'global', '', '0', 'PlainText', '{\"placeholder\":\"\",\"maxLength\":\"\",\"multiline\":\"\",\"initialRows\":\"4\"}', '2017-09-27 08:14:34', '2017-09-27 08:14:34', 'fb7b267f-53eb-4541-a966-8a71a152cdb3'),
 ('69', '9', 'By Bus', 'byBus', 'global', '', '0', 'PlainText', '{\"placeholder\":\"\",\"maxLength\":\"\",\"multiline\":\"\",\"initialRows\":\"4\"}', '2017-09-27 08:14:50', '2017-09-27 08:14:50', '75de9280-2979-4500-bcba-f041b0e1f894'),
 ('70', '2', 'Photo Credit Link', 'photoCreditLink', 'global', '', '0', 'PlainText', '{\"placeholder\":\"\",\"maxLength\":\"\",\"multiline\":\"\",\"initialRows\":\"4\"}', '2017-09-27 22:50:14', '2017-09-27 22:53:44', '005c8500-bdd2-4a2f-b77b-ff7862f15014'),
 ('71', NULL, 'Credit Link', 'creditLink', 'matrixBlockType:2', '', '0', 'PlainText', '{\"placeholder\":\"\",\"maxLength\":\"\",\"multiline\":\"\",\"initialRows\":\"4\"}', '2017-09-27 23:00:34', '2017-09-27 23:00:34', '4b65fb3a-a53f-41b2-9130-9fb97ee6d82e'),
 ('72', '2', 'Photo Caption', 'photoCaption', 'global', '', '0', 'PlainText', '{\"placeholder\":\"\",\"maxLength\":\"\",\"multiline\":\"\",\"initialRows\":\"4\"}', '2017-09-27 23:30:39', '2017-09-27 23:30:39', '24c8fcbc-27d7-4f05-92bc-672140b92fc7');



DROP TABLE IF EXISTS `craft_globalsets`;


--
-- Schema for table `craft_globalsets`
--
CREATE TABLE `craft_globalsets` (
  `id` int(11) NOT NULL,
  `name` varchar(255) COLLATE utf8_unicode_ci NOT NULL,
  `handle` varchar(255) COLLATE utf8_unicode_ci NOT NULL,
  `fieldLayoutId` int(10) DEFAULT NULL,
  `dateCreated` datetime NOT NULL,
  `dateUpdated` datetime NOT NULL,
  `uid` char(36) COLLATE utf8_unicode_ci NOT NULL DEFAULT '0',
  PRIMARY KEY (`id`),
  UNIQUE KEY `craft_globalsets_name_unq_idx` (`name`),
  UNIQUE KEY `craft_globalsets_handle_unq_idx` (`handle`),
  KEY `craft_globalsets_fieldLayoutId_fk` (`fieldLayoutId`)
) ENGINE=InnoDB DEFAULT CHARSET=utf8 COLLATE=utf8_unicode_ci;

DROP TABLE IF EXISTS `craft_info`;


--
-- Schema for table `craft_info`
--
CREATE TABLE `craft_info` (
  `id` int(11) NOT NULL AUTO_INCREMENT,
  `version` varchar(50) COLLATE utf8_unicode_ci NOT NULL,
  `schemaVersion` varchar(15) COLLATE utf8_unicode_ci NOT NULL,
  `edition` tinyint(1) unsigned NOT NULL DEFAULT '0',
  `siteName` varchar(100) COLLATE utf8_unicode_ci NOT NULL,
  `siteUrl` varchar(255) COLLATE utf8_unicode_ci NOT NULL,
  `timezone` varchar(30) COLLATE utf8_unicode_ci DEFAULT NULL,
  `on` tinyint(1) unsigned NOT NULL DEFAULT '0',
  `maintenance` tinyint(1) unsigned NOT NULL DEFAULT '0',
  `dateCreated` datetime NOT NULL,
  `dateUpdated` datetime NOT NULL,
  `uid` char(36) COLLATE utf8_unicode_ci NOT NULL DEFAULT '0',
  PRIMARY KEY (`id`)
) ENGINE=InnoDB AUTO_INCREMENT=2 DEFAULT CHARSET=utf8 COLLATE=utf8_unicode_ci;

--
-- Data for table `craft_info`
--

INSERT INTO `craft_info` (`id`, `version`, `schemaVersion`, `edition`, `siteName`, `siteUrl`, `timezone`, `on`, `maintenance`, `dateCreated`, `dateUpdated`, `uid`) VALUES
 ('1', '2.6.2990', '2.6.10', '2', 'Little Church', 'http://lc.avidanodigital.com/', 'UTC', '1', '1', '2017-08-24 19:10:34', '2017-09-29 23:47:59', 'e014da8e-4145-4e41-bdff-568093b2f68f');



DROP TABLE IF EXISTS `craft_locales`;


--
-- Schema for table `craft_locales`
--
CREATE TABLE `craft_locales` (
  `locale` char(12) COLLATE utf8_unicode_ci NOT NULL,
  `sortOrder` smallint(6) unsigned DEFAULT NULL,
  `dateCreated` datetime NOT NULL,
  `dateUpdated` datetime NOT NULL,
  `uid` char(36) COLLATE utf8_unicode_ci NOT NULL DEFAULT '0',
  PRIMARY KEY (`locale`),
  KEY `craft_locales_sortOrder_idx` (`sortOrder`)
) ENGINE=InnoDB DEFAULT CHARSET=utf8 COLLATE=utf8_unicode_ci;

--
-- Data for table `craft_locales`
--

INSERT INTO `craft_locales` (`locale`, `sortOrder`, `dateCreated`, `dateUpdated`, `uid`) VALUES
 ('en_us', '1', '2017-08-24 19:10:34', '2017-08-24 19:10:34', '094ac592-ce1d-4949-a2f5-cf5b0903ee9d');



DROP TABLE IF EXISTS `craft_matrixblocks`;


--
-- Schema for table `craft_matrixblocks`
--
CREATE TABLE `craft_matrixblocks` (
  `id` int(11) NOT NULL,
  `ownerId` int(11) NOT NULL,
  `fieldId` int(11) NOT NULL,
  `typeId` int(11) DEFAULT NULL,
  `sortOrder` smallint(6) unsigned DEFAULT NULL,
  `ownerLocale` char(12) COLLATE utf8_unicode_ci DEFAULT NULL,
  `dateCreated` datetime NOT NULL,
  `dateUpdated` datetime NOT NULL,
  `uid` char(36) COLLATE utf8_unicode_ci NOT NULL DEFAULT '0',
  PRIMARY KEY (`id`),
  KEY `craft_matrixblocks_ownerId_idx` (`ownerId`),
  KEY `craft_matrixblocks_fieldId_idx` (`fieldId`),
  KEY `craft_matrixblocks_typeId_idx` (`typeId`),
  KEY `craft_matrixblocks_sortOrder_idx` (`sortOrder`),
  KEY `craft_matrixblocks_ownerLocale_fk` (`ownerLocale`)
) ENGINE=InnoDB DEFAULT CHARSET=utf8 COLLATE=utf8_unicode_ci;

--
-- Data for table `craft_matrixblocks`
--

INSERT INTO `craft_matrixblocks` (`id`, `ownerId`, `fieldId`, `typeId`, `sortOrder`, `ownerLocale`, `dateCreated`, `dateUpdated`, `uid`) VALUES
 ('71', '69', '13', '1', '1', NULL, '2017-08-28 12:21:30', '2017-09-24 22:44:35', '7532dd13-b3ac-42ea-b51d-69629dbf7ec4'),
 ('88', '87', '13', '3', '1', NULL, '2017-08-28 19:41:48', '2017-09-26 22:32:25', 'bdfd7b9f-16d2-499c-861a-31abfbbd22f7'),
 ('107', '94', '28', '4', '1', NULL, '2017-08-30 13:55:36', '2017-09-26 23:49:21', 'af29d29d-b86d-4123-996a-e6b35c496832'),
 ('108', '94', '28', '4', '3', NULL, '2017-08-30 14:03:42', '2017-09-26 23:49:21', '8e43b66d-be77-4534-bc8d-2a11c0a092de'),
 ('111', '94', '28', '5', '2', NULL, '2017-08-30 14:11:22', '2017-09-26 23:49:21', 'ab2e898a-26bd-4d41-b7f7-18e958cfacd4'),
 ('116', '115', '28', '4', '1', NULL, '2017-08-30 15:21:41', '2017-08-31 14:04:55', 'c257a56e-8952-43d1-9ccb-2776dfafae71'),
 ('122', '94', '28', '5', '4', NULL, '2017-08-30 23:13:51', '2017-09-26 23:49:21', '1fecd9ea-f3e4-4531-a1b7-7b78b7f632c2'),
 ('126', '94', '28', '4', '5', NULL, '2017-08-30 23:20:46', '2017-09-26 23:49:21', '8c54d6f9-d268-4adf-91b1-2b6ec4e59e64'),
 ('218', '94', '28', '6', '6', NULL, '2017-08-31 11:49:46', '2017-09-26 23:49:21', 'bf2253c8-c7b9-438c-afd9-3b9c57044ecb'),
 ('224', '221', '28', '4', '1', NULL, '2017-08-31 14:22:23', '2017-09-26 11:02:08', 'e9d89430-bfb7-4d7e-8119-abb22fc660b6'),
 ('236', '234', '13', '1', '1', NULL, '2017-08-31 20:29:51', '2017-09-24 22:47:01', '2b5c2e41-5ebc-49b4-9dab-4606f1188291'),
 ('240', '239', '13', '1', '1', NULL, '2017-08-31 20:36:16', '2017-09-16 23:19:26', 'e25f7b3e-3f2b-42ce-8ccb-6099a14cb216'),
 ('245', '244', '13', '1', '1', NULL, '2017-09-01 10:13:16', '2017-09-26 23:03:01', 'd02a6170-0061-4c28-9d67-2deae5030f2c'),
 ('269', '234', '13', '2', '2', NULL, '2017-09-04 20:55:33', '2017-09-24 22:47:01', '4ff2d0d1-98ab-458c-993c-96d785c74f87'),
 ('270', '234', '13', '1', '3', NULL, '2017-09-04 20:56:38', '2017-09-24 22:47:01', '9e0d5470-dc97-4665-bb17-7ac10b6d9275'),
 ('272', '271', '13', '1', '1', NULL, '2017-09-05 15:02:17', '2017-09-24 22:49:51', '1faca2a7-6b26-49f0-9646-528ccbde5544'),
 ('288', '287', '13', '7', '1', NULL, '2017-09-12 09:46:39', '2017-09-12 19:11:02', '10ac46ae-584f-431d-b2ea-319971f3c763'),
 ('323', '87', '13', '3', '2', NULL, '2017-09-13 08:53:56', '2017-09-26 22:32:25', '018a9c54-6d6d-4194-9c58-5b29c74195ff'),
 ('330', '329', '13', '1', '1', NULL, '2017-09-13 09:42:53', '2017-09-27 08:09:19', '8a1a8f55-d0d3-4050-9024-4f0d0ab96aa7'),
 ('360', '359', '13', '1', '1', NULL, '2017-09-14 19:36:40', '2017-09-16 16:17:13', 'b743ccd4-51fc-449e-a1ad-064677e654f6'),
 ('364', '363', '13', '1', '1', NULL, '2017-09-14 21:32:47', '2017-09-28 22:45:08', '3cdfec58-1a21-4467-a5dc-23a17ceac05b'),
 ('376', '375', '13', '1', '1', NULL, '2017-09-16 16:25:03', '2017-09-16 16:25:03', 'eb9a6acf-3772-4aec-a827-aac76bf96fa5'),
 ('402', '401', '13', '8', '1', NULL, '2017-09-21 08:44:45', '2017-09-28 11:08:27', '41758137-4ca9-49c1-86fd-0a51b490595c'),
 ('417', '324', '13', '1', '1', NULL, '2017-09-22 08:06:48', '2017-09-26 09:58:29', 'd29e34b1-9753-426a-be52-54923f788488'),
 ('418', '324', '13', '2', '2', NULL, '2017-09-22 08:06:48', '2017-09-26 09:58:29', '56dde254-239b-4c89-9463-a53fe814d8e3'),
 ('429', '428', '13', '1', '1', NULL, '2017-09-22 10:44:29', '2017-09-26 08:40:56', '04db64c6-3f3b-4bc8-9c25-03d8b4a4ed25'),
 ('431', '430', '13', '1', '1', NULL, '2017-09-22 10:59:38', '2017-09-27 09:55:02', '058521d6-d0df-4c1d-a57a-79c3a6ed71ef'),
 ('433', '432', '13', '1', '1', NULL, '2017-09-22 11:21:38', '2017-09-28 00:35:13', '707f3b71-72c3-4daa-a7c8-c9dac65f1718'),
 ('435', '434', '13', '1', '1', NULL, '2017-09-22 11:23:21', '2017-09-26 09:56:30', 'f1a8e5e2-053d-4aa9-997b-d85a62f2b194'),
 ('456', '455', '13', '1', '1', NULL, '2017-09-23 13:59:55', '2017-09-27 23:01:05', '148ea220-ff2b-4b65-9f80-8c7a8f84caff'),
 ('484', '363', '13', '2', '2', NULL, '2017-09-24 19:30:25', '2017-09-28 22:45:08', '73651a2c-c2fc-461f-921b-f429d77af6ef'),
 ('485', '363', '13', '1', '3', NULL, '2017-09-24 19:30:25', '2017-09-28 22:45:08', '4794d7c7-6b9e-4cf1-a174-6844afb83f27'),
 ('509', '508', '13', '1', '1', NULL, '2017-09-26 08:36:06', '2017-09-28 23:55:34', '2ca1518f-f64c-4310-a5b4-257b182c680c'),
 ('563', '355', '13', '1', '1', NULL, '2017-09-28 22:55:27', '2017-09-28 22:57:34', '32c6f3b6-495c-42a4-9917-b55ee835a8da');



DROP TABLE IF EXISTS `craft_matrixblocktypes`;


--
-- Schema for table `craft_matrixblocktypes`
--
CREATE TABLE `craft_matrixblocktypes` (
  `id` int(11) NOT NULL AUTO_INCREMENT,
  `fieldId` int(11) NOT NULL,
  `fieldLayoutId` int(11) DEFAULT NULL,
  `name` varchar(255) COLLATE utf8_unicode_ci NOT NULL,
  `handle` varchar(255) COLLATE utf8_unicode_ci NOT NULL,
  `sortOrder` smallint(6) unsigned DEFAULT NULL,
  `dateCreated` datetime NOT NULL,
  `dateUpdated` datetime NOT NULL,
  `uid` char(36) COLLATE utf8_unicode_ci NOT NULL DEFAULT '0',
  PRIMARY KEY (`id`),
  UNIQUE KEY `craft_matrixblocktypes_name_fieldId_unq_idx` (`name`,`fieldId`),
  UNIQUE KEY `craft_matrixblocktypes_handle_fieldId_unq_idx` (`handle`,`fieldId`),
  KEY `craft_matrixblocktypes_fieldId_fk` (`fieldId`),
  KEY `craft_matrixblocktypes_fieldLayoutId_fk` (`fieldLayoutId`)
) ENGINE=InnoDB AUTO_INCREMENT=10 DEFAULT CHARSET=utf8 COLLATE=utf8_unicode_ci;

--
-- Data for table `craft_matrixblocktypes`
--

INSERT INTO `craft_matrixblocktypes` (`id`, `fieldId`, `fieldLayoutId`, `name`, `handle`, `sortOrder`, `dateCreated`, `dateUpdated`, `uid`) VALUES
 ('1', '13', '300', 'General Section', 'generalSection', '1', '2017-08-28 12:09:51', '2017-09-27 23:00:33', '926f404b-304d-464e-af6a-ea5eeb3ec55d'),
 ('2', '13', '301', 'Figure Full', 'figureFull', '2', '2017-08-28 12:09:51', '2017-09-27 23:00:34', '17618ed5-b008-460e-893e-6e7dbccde69a'),
 ('3', '13', '302', 'Bio Group', 'bioGroup', '3', '2017-08-28 14:54:03', '2017-09-27 23:00:34', '196cea1f-83d6-42e5-bd6f-38e2a00f8166'),
 ('4', '28', '142', 'Paragraph', 'paragraph', '1', '2017-08-30 13:48:23', '2017-08-31 11:53:28', '40bbaf07-c93c-42b3-ad0f-a4b4899ddbc1'),
 ('5', '28', '143', 'Figure', 'figure', '2', '2017-08-30 14:04:53', '2017-08-31 11:53:28', '4af8e5d1-19dc-481f-b24e-7344b2192aa6'),
 ('6', '28', '144', 'Footnote', 'footnote', '3', '2017-08-30 23:35:32', '2017-08-31 11:53:28', '08133eea-053f-488f-b18c-305f1d89f6b2'),
 ('7', '13', '303', 'Sermon Audio', 'sermonAudio', '4', '2017-09-12 09:37:37', '2017-09-27 23:00:34', 'dfa32fcd-7556-4c8b-bbba-a734d7177268'),
 ('8', '13', '304', 'Volunteer Opportunity', 'volunteerOpportunity', '5', '2017-09-21 08:41:22', '2017-09-27 23:00:35', '8e9bfc90-cdb9-4403-a840-3f239f8a92fe');



DROP TABLE IF EXISTS `craft_matrixcontent_blogarticlematrix`;


--
-- Schema for table `craft_matrixcontent_blogarticlematrix`
--
CREATE TABLE `craft_matrixcontent_blogarticlematrix` (
  `id` int(11) NOT NULL AUTO_INCREMENT,
  `elementId` int(11) NOT NULL,
  `locale` char(12) COLLATE utf8_unicode_ci NOT NULL,
  `field_paragraph_text` text COLLATE utf8_unicode_ci,
  `field_figure_altAttribute` text COLLATE utf8_unicode_ci,
  `field_figure_caption` text COLLATE utf8_unicode_ci,
  `field_figure_enlarge` tinyint(1) unsigned NOT NULL DEFAULT '0',
  `field_figure_orientation` varchar(255) COLLATE utf8_unicode_ci DEFAULT 'horizontal',
  `field_footnote_text` text COLLATE utf8_unicode_ci,
  `dateCreated` datetime NOT NULL,
  `dateUpdated` datetime NOT NULL,
  `uid` char(36) COLLATE utf8_unicode_ci NOT NULL DEFAULT '0',
  PRIMARY KEY (`id`),
  UNIQUE KEY `craft_matrixcontent_blogarticlematrix_elementId_locale_unq_idx` (`elementId`,`locale`),
  KEY `craft_matrixcontent_blogarticlematrix_locale_fk` (`locale`)
) ENGINE=InnoDB AUTO_INCREMENT=11 DEFAULT CHARSET=utf8 COLLATE=utf8_unicode_ci;

--
-- Data for table `craft_matrixcontent_blogarticlematrix`
--

INSERT INTO `craft_matrixcontent_blogarticlematrix` (`id`, `elementId`, `locale`, `field_paragraph_text`, `field_figure_altAttribute`, `field_figure_caption`, `field_figure_enlarge`, `field_figure_orientation`, `field_footnote_text`, `dateCreated`, `dateUpdated`, `uid`) VALUES
 ('1', '107', 'en_us', '<p>I was paging my way through<em>Holy Women, Holy Men</em>on a fact-checking mission when I came across the entry for December 16th.</p>\n<p>\n</p>\n<p>I was stunned to see that this day had been set apart to honor two architects and an artist whose work was represented here at Transfiguration: Ralph Adams Cram, designer of St. Thomas Church NYC and the nave of the Cathedral of St. John the Divine, Richard Upjohn, the designer of Trinity Church on Wall Street in lower Manhattan, and John Lafarge, painter of murals and designer of many notable stained glass windows.</p>', NULL, NULL, '0', NULL, NULL, '2017-08-30 13:55:36', '2017-09-26 23:49:21', 'ef686f01-e96c-4d61-abf2-889167ff0e4e'),
 ('2', '108', 'en_us', '<p><em><em>Holy Women, Holy Men</em></em>encourages us to offer thanks for the vision of Ralph Adams Cram, John LaFarge and Richard Upjohn, whose harmonious revival of the Gothic enriched our churches with a sacramental understanding of reality in the face of secular materialism *<br /></p>\n<p>Ralph Adams Cram was the designer of our beautiful polychromed wood Madonna Shrine, located in the Transept. It was donated by Mr. F. E. Saxham Drury in memory of Elbridge T. Gerry and Mabel Gerry Drury.<br /></p>\n<p>Turn to your right, and there is John LaFarges magnificent window depicting Edwin Booth, the leading Shakespearean actor of his time, holding a mask and dressed in Greco-Roman costume. (Edwin Booth was the brother of the notorious John Wilkes Booth, President Lincolns assassin.) The window was given in his memory in 1898 by members of the Players Club, which he founded.</p>\n<p>And a few steps away, near the chancel on the northeast side of the nave, stands Richard Upjohns beautiful and intricate brass filigree pulpit.<br /></p>', NULL, NULL, '0', NULL, NULL, '2017-08-30 14:03:42', '2017-09-26 23:49:21', 'a6c9e6ea-3785-4259-b4b1-4116dee5c543'),
 ('3', '111', 'en_us', NULL, 'John LaFarges magnificent window depicting Edwin Booth', '<p>John LaFarges magnificent window depicting Edwin Booth</p>', '1', 'vertical', NULL, '2017-08-30 14:11:22', '2017-09-26 23:49:21', '388c54de-7872-4860-9c23-4a26626f9fa0'),
 ('4', '116', 'en_us', '<p>Sem natoque nulla ligula ullamcorper facilisi semper conubia inceptos a risus aptent egestas dictumst vulputate at ultrices fermentum pretium hendrerit ad a. Suspendisse tristique consequat torquent ipsum hac cum a at ac at phasellus id fringilla dis risus auctor himenaeos parturient ac vestibulum dis faucibus litora. Ultrices et facilisi neque suscipit ad torquent convallis cras nisl condimentum a suspendisse felis vestibulum ridiculus suscipit nunc dapibus ac velit a.</p>\n<h2>Blessing of the Animals</h2><p>Eleifend ut vivamus parturient hendrerit est parturient a nec elit a ante nec adipiscing condimentum velit montes metus eu sagittis enim. Turpis a diam ultricies arcu curabitur dignissim eleifend non aliquam interdum ad nulla tincidunt aenean aptent fringilla consectetur primis neque. Id scelerisque laoreet ad scelerisque ligula ut vestibulum praesent cras a habitant consectetur purus parturient. Eu laoreet nam in hac inceptos in hendrerit lobortis sociosqu cum elit aliquam condimentum ad a.</p>\n<p>Vestibulum mi parturient auctor lectus suscipit curae litora lectus condimentum cubilia dui porttitor blandit ut. Faucibus penatibus a eros etiam pulvinar ultricies in a egestas vestibulum cum massa quisque interdum. Ullamcorper vestibulum parturient et mattis mi parturient sagittis praesent morbi netus condimentum fermentum ullamcorper ligula ante molestie hac phasellus facilisi class mattis blandit urna ridiculus ante magnis sociosqu a. Aliquet turpis ligula eros ad parturient parturient malesuada penatibus aliquet mi adipiscing ad pulvinar cubilia scelerisque laoreet penatibus vivamus a a scelerisque. Parturient ad massa cum nisi senectus massa taciti vestibulum accumsan magna in parturient nibh odio. A mi velit erat ullamcorper rutrum lacus vestibulum donec sit duis maecenas nam hendrerit gravida sed turpis enim scelerisque senectus laoreet quam lectus id adipiscing.</p>\n<p>Adipiscing parturient ad condimentum at a ac lacus montes rhoncus arcu vel condimentum magnis venenatis praesent sem scelerisque dis eleifend urna gravida a ullamcorper a nisi ullamcorper sed lacus. Natoque vel nullam curabitur eu sem eu purus suspendisse et accumsan scelerisque adipiscing sit adipiscing suspendisse consectetur lacinia sociis commodo vestibulum natoque egestas. Ut faucibus fringilla habitasse elementum odio euismod adipiscing varius massa in parturient a gravida nostra sit.<br /></p>\n<p>Facilisi parturient tempus parturient interdum leo dis ullamcorper scelerisque odio vulputate feugiat suspendisse a eu varius hac diam neque phasellus tempor. Aenean maecenas a neque sed a a tortor vestibulum ad eu aptent consectetur nullam tortor. Vestibulum facilisis pharetra imperdiet nullam rutrum sem suspendisse a litora a id eu lacinia elit mus morbi a in in sociosqu ad in id torquent sodales.</p>', NULL, NULL, '0', NULL, NULL, '2017-08-30 15:21:41', '2017-08-31 14:04:55', '4810b30c-013b-4ebc-8657-70f5da206132'),
 ('5', '122', 'en_us', NULL, 'Richard Upjohns beautiful and intricate brass filigree pulpit', '<p>Richard Upjohns beautiful and intricate brass filigree pulpit</p>', '1', 'horizontal', NULL, '2017-08-30 23:13:51', '2017-09-26 23:49:21', '32537d6d-5330-4097-b52d-e842bdd7dd27'),
 ('7', '126', 'en_us', '<p>How fortunate we are to have works by all three of these masters under the roof of the Little Church. I will give thanks when December 16<sup>th</sup>rolls around.</p>', NULL, NULL, '0', NULL, NULL, '2017-08-30 23:20:46', '2017-09-26 23:49:21', 'ac98a5c2-7bca-4ca5-9e8b-29c9d67d081c'),
 ('9', '218', 'en_us', NULL, NULL, NULL, '0', NULL, '<p><em><em>Holy Women, Holy Men</em>: Celebrating the Saints</em> by Church Publishing Incorporated</p>', '2017-08-31 11:49:46', '2017-09-26 23:49:21', 'dd4379b0-0e26-4f52-b243-74e7ca4f240c'),
 ('10', '224', 'en_us', '<p>Besides being an oasis of rest and comfort for one and all, the garden provides a small but significant ecological benefit for everyone. The 4,230 square feet of plants, shrubs and trees offset carbon emissions, and the peace and quiet of the garden offer relief from the citys noise pollution.<br /></p>\n<p>\n</p>\n<p>Birds stop by to dip their beaks in the fountain. During the week, its a popular lunch spot for people who work in the neighborhood, and on Sundays in warm weather, its the site of coffeehour. This past summer, the garden was enhanced with the generous gift of an apple tree from frequent visitors to the church from the Como Hotel group. This tree replaces one that was lost during Hurricane Sandy. Please stop by if youre in the neighborhood. You will always be welcomehere.</p>', NULL, NULL, '0', NULL, NULL, '2017-08-31 14:22:23', '2017-09-26 11:02:08', '620562e0-11f6-4f4f-9512-0b3889505ca3');



DROP TABLE IF EXISTS `craft_matrixcontent_contentmatrix`;


--
-- Schema for table `craft_matrixcontent_contentmatrix`
--
CREATE TABLE `craft_matrixcontent_contentmatrix` (
  `id` int(11) NOT NULL AUTO_INCREMENT,
  `elementId` int(11) NOT NULL,
  `locale` char(12) COLLATE utf8_unicode_ci NOT NULL,
  `field_generalSection_text` text COLLATE utf8_unicode_ci,
  `field_figureFull_altAttribute` text COLLATE utf8_unicode_ci,
  `field_figureFull_caption` text COLLATE utf8_unicode_ci,
  `field_figureFull_credit` text COLLATE utf8_unicode_ci,
  `field_bioGroup_bioType` text COLLATE utf8_unicode_ci,
  `field_volunteerOpportunity_text` text COLLATE utf8_unicode_ci,
  `field_volunteerOpportunity_headline` text COLLATE utf8_unicode_ci,
  `field_figureFull_creditLink` text COLLATE utf8_unicode_ci,
  `dateCreated` datetime NOT NULL,
  `dateUpdated` datetime NOT NULL,
  `uid` char(36) COLLATE utf8_unicode_ci NOT NULL DEFAULT '0',
  PRIMARY KEY (`id`),
  UNIQUE KEY `craft_matrixcontent_contentmatrix_elementId_locale_unq_idx` (`elementId`,`locale`),
  KEY `craft_matrixcontent_contentmatrix_locale_idx` (`locale`)
) ENGINE=InnoDB AUTO_INCREMENT=41 DEFAULT CHARSET=utf8 COLLATE=utf8_unicode_ci;

--
-- Data for table `craft_matrixcontent_contentmatrix`
--

INSERT INTO `craft_matrixcontent_contentmatrix` (`id`, `elementId`, `locale`, `field_generalSection_text`, `field_figureFull_altAttribute`, `field_figureFull_caption`, `field_figureFull_credit`, `field_bioGroup_bioType`, `field_volunteerOpportunity_text`, `field_volunteerOpportunity_headline`, `field_figureFull_creditLink`, `dateCreated`, `dateUpdated`, `uid`) VALUES
 ('1', '71', 'en_us', '<p>Our parish combines the beauty and depth of the Anglo-Catholic tradition with the warmth of a caring community seeking the presence of Christ at the center of their lives.<br></p><p>From the time of our founding in 1848, our motto has been Fides Opera (Faith and Works).&nbsp; Our faith is expressed in the beauty and joy of our liturgy and music.&nbsp; From this worship of God in the person of Jesus Christ flows an outward ministry to a city and world crying out for meaning and seeking to fill a spiritual void.</p><p>In God, that which is ancient never becomes old, and we embrace this sentiment balancing traditional liturgical worship with a radical inclusiveness deeply rooted in our parishs history.</p><p>We hope you will consider this parish as you look for a spiritual home.&nbsp; All are welcome.</p><p>With loving wishes,</p>\r\n<figure class=\"inline\">\r\n<img src=\"/images/john-david-signature.jpg\">\r\n</figure>\r\n<p>Fr. John David van Dooren<br><em>Rector</em></p>', NULL, NULL, NULL, NULL, NULL, NULL, NULL, '2017-08-28 12:21:29', '2017-09-24 22:44:35', '4efea349-f217-4160-85b7-fb6fad4d8eea'),
 ('6', '88', 'en_us', NULL, NULL, NULL, NULL, 'Leadership', NULL, NULL, NULL, '2017-08-28 19:41:48', '2017-09-26 22:32:25', '0e26c93d-dfb4-4626-ab43-0a809e7e7f98'),
 ('8', '236', 'en_us', '<h2>The Civil War</h2>\r\n<p>The parish had only been established for a few years, when the Civil War broke out. During this time, the church was a stop on the Underground Railroad, sheltering escaped slaves on their journey north. It was a place of refuge for African Americans during the New York Draft Riots of 1863&mdash;three days of lawlessness, destruction, bloodshed, and lynchings.</p>\r\n<h2>The Nickname</h2>\r\n<p>A few days before Christmas in 1890, Joseph Jefferson, an actor renowned for his portrayal of Rip Van Winkle, approached the rector of the now-defunct Church of the Atonement to request a funeral for his friend and fellow actor, George Holland. &nbsp;Upon learning that the deceased was an actor, the rector refused to hold a funeral for the man in his church. Joseph Jefferson persisted, and asked if there was a church in the area that would hold services for his friend. The rector said, I believe there is a little church around the corner where it might be done. Jefferson replied,&nbsp;</p>\r\n<blockquote>Then I say to you, sir, God bless the little church around the corner.</blockquote>', NULL, NULL, NULL, NULL, NULL, NULL, NULL, '2017-08-31 20:29:51', '2017-09-24 22:47:01', '95a47034-3045-4f2f-a8c1-23423df1e32d'),
 ('9', '240', 'en_us', '<h2>Coffee, conversation, and community</h2>\n<p>SundayCoffee Hours also afford parishioners and newcomers opportunities to interact and to build relationships that often result in invitations to break bread or to take advantage of the many cultural events in New York. Fundraisers, like our Spring Music Gala, are also a great way to interact with fellow parishioners and to enjoy the talent and hospitality of our parish.</p>\n<p>Sign up for our<a href=\"http://lc-craft/grace/entries/about/new#\">weeklyFridayblasts</a>and check<a href=\"http://lc-craft/grace/entries/about/new#\">our calendar</a>for upcoming events and opportunities to participate in the robust Parish Life of Church of the Transfiguration.</p>', NULL, NULL, NULL, NULL, NULL, NULL, NULL, '2017-08-31 20:36:16', '2017-09-16 23:19:26', 'a5bedbb0-9db6-4341-a650-1b3dead7ad93'),
 ('10', '245', 'en_us', '<p>At the center of our worship is emphasis on both Word and Table. Little Church clergy are considered <a href=\"#\">excellent preachers</a>&nbsp;who connect lectionary readings with Biblical context and current challenges with a smattering of personal stories and humor. Transfiguration acolytes do an extraordinary job in ensuring the Eucharist is celebrated with majesty and dignity, and the authentic expertise of <a href=\"#\">our choirs</a>&nbsp;draws worshippers closer to the love of Jesus Christ through some of the most beloved hymns of the Church.&nbsp;Below is the current worship schedule. Please consider joining us!</p>', NULL, NULL, NULL, NULL, NULL, NULL, NULL, '2017-09-01 10:13:16', '2017-09-26 23:03:01', '5a3b9ab1-6b50-436d-9ec0-0bda511fb980'),
 ('11', '269', 'en_us', NULL, 'The Joseph Jefferson Window at The Church of the Transfiguration', '<p>Detail of the The Joseph Jefferson Window located in the main church.</p>', '', NULL, NULL, NULL, NULL, '2017-09-04 20:55:33', '2017-09-24 22:47:01', '5703149d-2cd0-4258-877f-5ccaf187433a'),
 ('12', '270', 'en_us', '<h2>The Theatre</h2>\r\n<p>To this day, the church maintains close ties with the theatre. It has served as the national headquarters of the Episcopal Actors\' Guild since its&nbsp;founding in 1923, by the third rector, Dr. Randolph Ray.</p>\r\n<p>\r\n</p>\r\n<h2>Weddings</h2>\r\n<p>Our historic buildings and lovely garden have drawn couples from all over the world to be married here. These couples are members of the \"Little Family,\" and many have stayed in touch with us over the years.&nbsp;Continuing its long tradition of inclusiveness, the \"Little Church\" is proud to have celebrated the first same-sex wedding in the Diocese of New York in July 2012 and has performed several more since the formal rite of Blessing of a Lifelong Covenant was adopted by the General Convention.</p>\r\n<p>\r\n</p>\r\n<p>We invite you to stop by for a <a href=\"/visit\">visit</a>, join us in <a href=\"/worship/worship-schedule\">worship</a>, or simply <a href=\"/contact\">contact us</a> for more information.</p>', NULL, NULL, NULL, NULL, NULL, NULL, NULL, '2017-09-04 20:56:38', '2017-09-24 22:47:01', 'efba149f-13c7-4754-9131-9173a196425e'),
 ('13', '272', 'en_us', '<h2>Ecclesia Ministries</h2>\r\n<p><strong><a href=\"#\">Ecclesia Ministries</a></strong> takes religious services to the homeless in Madison Square Park. It is a cooperative program supported by various churches and clergy in the NoMad (North of Madison Square Park) area. Transfiguration is one of those congregations; it is also the alternate location when inclement weather makes an outdoor service impractical. Last Christmas, our parishioners donated an abundance of warm gloves, scarves, gloves, hats, long underwear, and other items to people served by Ecclesia Ministries.</p>\r\n<h2>The Episcopal Actors Guild</h2>\r\n<p><strong><a href=\"#\">The Episcopal Actors Guild</a>&nbsp;</strong>was founded in 1923 by our third rector,&nbsp;the Rev. Dr. Randolph Ray to bridge the worlds of church and theater. Today,&nbsp;the Guild is a philanthropic organization that raises money and dispenses&nbsp;emergency funds to members of the acting profession facing severe financial&nbsp;hardship. It also has entertainment programs, educational, career development&nbsp;and social events for its members.</p>\r\n<p>Each November, the Guild holds a memorial service in the church dedicated to members of the profession who died in the previous year. In December, they present a Service of Lessons and Carols with outstanding music, often performed by Broadway veterans. Both events are open to the public.</p>\r\n<h3>Actors Pantry Food Bank</h3>\r\n<p>Our parishioners support the Episcopal Actors Guilds <a href=\"http://www.actorsguild.org/actors-pantry.html\" target=\"_blank\">Actors Pantry</a>&nbsp;program. Each Sunday, we collect non-perishable food. The Guild then fills bags with the donated items and gives them to artists in need who have applied to the Guild for help. No one leaves empty-handed.</p>', NULL, NULL, NULL, NULL, NULL, NULL, NULL, '2017-09-05 15:02:17', '2017-09-24 22:49:51', 'd269c35a-7d61-4f78-b51f-d35ccc4c178a'),
 ('15', '288', 'en_us', NULL, NULL, NULL, NULL, NULL, NULL, NULL, NULL, '2017-09-12 09:46:39', '2017-09-12 19:11:02', '0b6ed260-9933-4606-a4f8-cef261f784bd'),
 ('16', '323', 'en_us', NULL, NULL, NULL, NULL, 'Staff', NULL, NULL, NULL, '2017-09-13 08:53:56', '2017-09-26 22:32:25', '9525d455-7952-4d17-a26c-4a2b21d7a021'),
 ('17', '330', 'en_us', '<h2>About Claudia</h2>\r\n<p>Dr. Dumschat received her doctorate from the Manhattan School of Music and has performed organ concerts throughout the United States and Europe. She is the recipient of many awards and has been recorded on CD and is heard frequently on the radio. Many of her performances may also be viewed on <a href=\"https://www.youtube.com/channel/UCtDTSov-BBN5dNcG7OlKn5A\" target=\"_blank\" rel=\"noreferrer noopener\">her YouTube channel</a>.</p>\r\n<p>She is currently on the Board of the New York Chapter of the American Guild of Organists, a Council member of the Episcopal Actors Guild, and Chair of the Music Committee of the Greenwich Pen Women.</p>', NULL, NULL, NULL, NULL, NULL, NULL, NULL, '2017-09-13 09:42:53', '2017-09-27 08:09:19', '165b7b17-941d-4526-b5e0-2b3d7627f62d'),
 ('22', '360', 'en_us', '<h2>The Book of Revelation</h2>\n<p>Our current series is focused onthe Book of Revelations.The group will be using this commentary:<em>The Book of Revelation: Volume 12</em> (NEW COLLEGEVILLE BIBLE COMMENTARY: NEW TESTAMENT) (Pt. 12). <a href=\"https://www.amazon.com/Book-Revelation-COLLEGEVILLE-COMMENTARY-TESTAMENT/dp/0814628850\" target=\"_blank\" rel=\"noreferrer noopener\">Purchase on Amazon</a>.</p>\n<p>For any questions about this series, please contact Fr. Cheng at AssociateRector@littlechurch.org.</p>', NULL, NULL, NULL, NULL, NULL, NULL, NULL, '2017-09-14 19:36:40', '2017-09-16 16:17:13', '4d7c0143-035b-4a37-85c0-2854e9bb998f'),
 ('23', '364', 'en_us', '<h2>Weddings at Transfiguration</h2>\r\n<p>The church acquired fame in the mid 20th century for the thousands of weddings it hosted. Every Saturday in&nbsp;the 1930s and 40s&mdash;and often on weekdays&mdash;couples would gather in the garden, awaiting their turn to be married in the Holy Family Chapel. The Rector in that era would marry as many as seven couples a day.<br></p>\r\n<p>We hear from those couples to this day as part of our&nbsp;<a href=\"#\">Little Family</a>&nbsp;community.&nbsp;We send out several newsletters to them each year and a card goes to all those married here on their anniversaries.</p>', NULL, NULL, NULL, NULL, NULL, NULL, NULL, '2017-09-14 21:32:47', '2017-09-28 22:45:08', '97b76907-dcfa-4001-ad7a-7cf573421990'),
 ('24', '376', 'en_us', '<h2>The Bible and Sexuality</h2><p>Adult Christian education classes at Transfiguration will resume in October with a five-week series on the Bible and sexuality. Come explore what the Hebrew Bible, Apocrypha, and New Testament have to say to us today about topics such as marriage, sexual ethics, and LGBT issues.</p>', NULL, NULL, NULL, NULL, NULL, NULL, NULL, '2017-09-16 16:25:03', '2017-09-16 16:25:03', 'af0193bf-6c2e-4721-887d-a66b26d57a7b'),
 ('25', '402', 'en_us', NULL, NULL, NULL, NULL, NULL, '<p>Open House New York at the Little Church is a two-day celebration of&nbsp; our history, art, architecture and music featuring tours, talks and concerts. We open our doors to the public from 10:30 AM to 4 PM on Saturday, October 14th and from 10:30 AM to 3:30 PM on Sunday, October 15th.&nbsp;We need people to greet the public, count attendance, and hand out literature.&nbsp;&nbsp;</p><p><strong>You dont have to stay all day: a half day or even a couple of hours will help</strong>. If you are interested and available, please email Elizabeth Carr at&nbsp; <a href=\"mailto:elcinchina@hotmail.com\">elcinchina@hotmail.com</a>.</p>', 'Open House New York', NULL, '2017-09-21 08:44:45', '2017-09-28 11:08:27', '3830695b-e788-4a45-8afd-fb6e881fdf4c'),
 ('29', '417', 'en_us', '<h2>The Arnold Schwartz Memorial Organ</h2>\r\n<p>The church houses the Arnold Schwartz Memorial Organ, one of the finest organs in the country. Our <a href=\"/music/concert-series\">concert series</a> features world-class artists and seeks to bring great sacred music to the community. The church also hosts the Midday Music concerts, which take place every Tuesday at 12:30 in the fall and spring, as well as a series of summer concerts.</p>\r\n<p><em>For music inquiries, please call the music office at 212-684-4174.</em></p>', NULL, NULL, NULL, NULL, NULL, NULL, NULL, '2017-09-22 08:06:47', '2017-09-26 09:58:29', '3da6d78b-83de-4bd2-8c5e-a2cb30c0450a'),
 ('30', '418', 'en_us', NULL, '', '<p>The Arnold Schwartz Memorial Organ</p>', '', NULL, NULL, NULL, NULL, '2017-09-22 08:06:48', '2017-09-26 09:58:29', '46724838-e511-40ef-a4da-d0ac8318f832'),
 ('31', '429', 'en_us', '<h2>Want to sing with us?</h2>\r\n<p>The full Choir of Men and Boys sings most Sunday mornings at the 11:00 A.M. Mass.&nbsp;To arrange for an audition, contact Claudia Dumschat at (917) 825-7504.</p>\r\n<h3>Choir Camp</h3>\r\n<p>Every summer the boys attend a week-long Choir Camp at Camp Incarnation in Ivoryton, CT, where they prepare their music for the church year. In addition to rehearsing several hours a day, the boys get to swim and canoe in a beautiful lake, play soccer and other games, and roast marshmallows in a bonfire every night. Several parents also enjoy being chaperones, and older, former choirboys serve as counselors. In recent years the girls choir has been going to their own Music Camp at a nice hotel in Cape May, where they can swim in the ocean.</p>\r\n<h3>Grow with our Boys\' Choir</h3>\r\n<p>The Church of the Transfiguration invites boys in the third grade and higher to join its&nbsp;Choir of Men and Boys. An audition is required, but the primary requirement to join is an interest in music.</p>\r\n<p>Boys rehearse twice a week and sing on Sunday at the 11:00 a.m. service. The Choirmaster will arrange rehearsals at a convenient location such as a school for boys who cannot attend midweek rehearsals at the Church. In return for training in music, we ask each boy to commit to regular attendance.</p>\r\n<p>Boys of all faiths are welcome in this nurturing, English-style Episcopal Church.</p>\r\n<h3>Some Opportunities for Growth</h3>\r\n<ul><li>Discover and enhance talents</li><li>Join with others to create something beautiful and thrilling</li><li>Mature in self-discipline and group cooperation</li><li>Grow in self-confidence from public performance</li><li>Expand musical skills with free private tutoring</li><li>Associate with professional musicians</li><li>Share in a centuries-old tradition from England and Continental Europe</li><li>Experience the history of Western civilization through music</li><li>Celebrate with field trips and choir parties</li></ul>\r\n<p>Plus! Earn $5.50 allowance for each of two hour-long rehearsals per week, and another $5.50 for the Sunday service. Beginning in the second year of participation, scholarships are awarded for each successful year in the choir: $400 after the second year, $800 after the third, $1,200 after the fourth, and $1,600 after the fifth and each year thereafter. Scholarships are made possible by the Anthony Mercede Scholarship Fund and annual fund raising.</p>', NULL, NULL, NULL, NULL, NULL, NULL, NULL, '2017-09-22 10:44:29', '2017-09-26 08:40:56', 'd3bdc565-df2a-4a01-9cb1-13e9eb306502'),
 ('32', '431', 'en_us', '<p>Skills fostered are singing, sight reading, musical understanding, teamwork, deportment, and performance. The Lumines Girls Choir is for girls age 11 and up.&nbsp;To arrange for an audition, contact Claudia Dumschat at (917) 825-7504.</p>', NULL, NULL, NULL, NULL, NULL, NULL, NULL, '2017-09-22 10:59:38', '2017-09-27 09:55:02', '7143ccbc-485a-433e-9523-6ef9f4721e11'),
 ('33', '433', 'en_us', '<p>The cherubs perform a song in church every two months or so and at our Christmas Eve creche service.&nbsp;<br></p>\r\n<p><em>For details contact Claudia Dumschat at&nbsp;<a href=\"tel:(917)%20825-8504\" value=\"+19178258504\" target=\"_blank\">917-825-8504</a>.</em></p>', NULL, NULL, NULL, NULL, NULL, NULL, NULL, '2017-09-22 11:21:38', '2017-09-28 00:35:13', '7a0ccb10-648f-435b-bdb6-868bfbcf9fc0'),
 ('34', '435', 'en_us', '<p>Last year\'s performances included Menotti\'s Amahl and the Night Vistors, Britten\'s Noye\'s Fludde, Bach Cantatas 78 and 1. This June we will perform Schubert\'s Mass in G with orchestra.</p>\r\n<p>The choir also sings during the active season for special church services and during the summer months, when it rehearses at 9:30 am for the 11:00 am service.</p>', NULL, NULL, NULL, NULL, NULL, NULL, NULL, '2017-09-22 11:23:21', '2017-09-26 09:56:30', 'e72a0402-72d6-4210-bdc3-fa92865bf4f3'),
 ('35', '456', 'en_us', '<h2>Planning Holy Baptism</h2>\r\n<p>Interested in Holy Baptism at the Church of the Transfiguration? You will find here an intimate, loving, and supportive family of Christians who will do all in their power to encourage you in your life in Christ. The only requirements to begin planning for a Baptism at Transfiguration are:</p>\r\n<ul><li>A sincere desire to become a Christian or raise your child as a Christian.</li><li>A readiness to begin (or continue) active participation in the life of the \"Little Church Around the Corner\".</li></ul>\r\n<p>If you are sure about both of those requirements, wonderful! It will be a delight to have you with us. The first step to planning a baptism at Transfiguration is to contact the office at 212-684-6770 and speak with the Rector of the church.</p>\r\n<p>If you are sure about the first requirement but not clear about the second, then we invite you to worship with us at the Church of the Transfiguration on a Sunday and meet us at the coffee hour immediately following the 11:00 am service.&nbsp;</p>\r\n<p>Feel free to introduce yourself to the clergy, attend any of our adult education classes, or investigate our new series of Sunday Eucharistic liturgies at 11:00 am. Geared more for the needs of children and young families: shorter and brighter with a childrens address in place of the sermon, and featuring the Girls and Cherub Choirs. In so doing, you\'ll confirm Transfiguration is the right church home for you.</p>\r\n<p>May God bless you as you contemplate Holy Baptism for yourself or your child.</p>', NULL, NULL, NULL, NULL, NULL, NULL, NULL, '2017-09-23 13:59:55', '2017-09-27 23:01:05', 'd59a7995-6bdd-4750-86fd-255d5d1a0408'),
 ('37', '484', 'en_us', NULL, '', '', ' Francine Daveta', NULL, NULL, NULL, 'http://www.francinedaveta.com', '2017-09-24 19:30:25', '2017-09-28 22:45:08', 'd0f3dd52-8e49-45a2-bdc9-b693c8d8bec7'),
 ('38', '485', 'en_us', '<h3>The Space</h3>\r\n<p>Tucked behind a lovely English garden with a fountain, Transfiguration is a neo-Gothic church rich with architectural detail. There are two spaces in which you may choose to be married:</p>\r\n<p><strong>The Holy Family Chapel</strong> is a quaint room paneled with dark wood that seats up to 50 people and is appropriate for smaller weddings. The altar piece is a painted depiction of the betrothal of Mary and Joseph. It is in the Holy Family Chapel that thousands of couples in the post-war years became married, making the Little Church famous for weddings.</p>\r\n<p><strong>The Main Church</strong> is a larger, more opulent space that houses our magnificent C.B. Fisk organ and will seat up to 350 people, making it ideal for a traditional wedding. The church interior is composed of deep mahogany pews and ceiling beams and lined with colorful stained glass windows. Gilded paint decorates the walls at the altar, and the aisles are made of mosaic marble tile.<br></p>\r\n<p>You are invited to come to the church for a visit and see which space best suits you. The chapel is open to the public  Monday through Friday from 8:40 am until 5:10 pm (or the close of Evening Prayers). The main church is open on Sundays after the 11:00 am Mass.  If Sunday is not convenient, contact the parish office during the business week and schedule a time for the church to be unlocked for your viewing. The office number is 212 684-6770.</p>\r\n<h3>Guidelines</h3>\r\n<p>The tradition of openness at Transfiguration continues to this day&mdash;there are just a few requirements for marriage at Transfiguration. The national canons of the Episcopal Church require that either the bride or groom be a baptized Christian, and that the couple partake in pre-marital meetings with the Rector. Divorced persons are welcome to remarry in the Episcopal Church. The Rector must obtain permission from the Episcopal Bishop of New York to perform the marriage, a simple process that involves a few sheets of paperwork and proof of divorce.</p>\r\n<p>You do not need to be a member of Transfiguration to be married here, though you are most welcome to join us on any Sunday. You do not need to be a resident of New York City (or even of the United States).&nbsp;Since we are an Episcopal Church, we use The Celebration and Blessing of a Marriage in the Book of Common Prayer as the liturgy.</p>\r\n<h3>Making Arrangements</h3>\r\n<p>The first step to planning a wedding at Transfiguration is to email our Parish Administrator with your specific request (your names, the dates and times you are interested in having your wedding here,). Questions about the liturgy, scheduling, fees, obtaining a marriage license, music, flowers and other questions about the service, will be answered by a member of the clergy. We look forward to hearing from you! The Parish Administrators email is <a href=\"mailto:receptionist@littlechurch.org\">receptionist@littlechurch.org</a>.</p>', NULL, NULL, NULL, NULL, NULL, NULL, NULL, '2017-09-24 19:30:25', '2017-09-28 22:45:08', '6919f147-3ef1-4445-b0c3-b2ccd350c3c7'),
 ('39', '509', 'en_us', '<h3>Special Projects</h3>\r\n<p><strong>In January of 2017</strong>, the choir of men and boys, and other featured soloists performed in costume \"Amahl and the Night Visitors\" on the eve of the Epiphany. The cast made a repeat performance at Mary Manning Nursing Home. You can read more about it here.</p>\r\n<p><strong>In September of 2015</strong>, the boys recorded a singing video commercial for the popular TV show, The Big Bang Theory. They were very excited to be in this show, which most of them watch regularly, and sing the fun Nice Kitty song.</p>\r\n<p><strong>In August of 2015</strong>, members of the Boys Choir and the Girls Choir recorded music at a professional sound studio for Macaulay Culkins Pizza Underground project, a parody of the Velvet Underground. All involved had a great time.</p>\r\n<p><strong>In June of 2015</strong>, the combined Boys and Girls Choir traveled to Washington D.C. to participate in the international Serenade Festival. In addition to sightseeing, they performed in several venues with outstanding adult and childrens choirs from around the world and were praised in The Washington Post  an experience they will remember for the rest of their lives.</p>\r\n<p><strong>In January of 2015</strong>, the Boys Choir performed in all day Diocesan Treble Choir Festival at the enormous, resonant Cathedral of St. John the Divine in Manhattan. This was a chance to meet and hear various other choirs from around New York City.</p>\r\n<p><strong>In the summer of 2014</strong>, several members of the Boys Choir were in a performance art piece, Fault Lines, duets involving both movement and singing, at the prestigious Gladstone Gallery in Chelsea. Thousands of visitors saw their multiple performances over six weeks.</p>\r\n<p><strong>In June of 2014</strong>, members of the boys and girls choirs traveled to Philadelphia, where they performed on Saturday night at a historic downtown church and Sunday in a suburban parish, after which they enjoyed a barbecue on the lawn of the large house where they were staying.</p>', NULL, NULL, NULL, NULL, NULL, NULL, NULL, '2017-09-26 08:36:06', '2017-09-28 23:55:34', 'bfa4cd5c-875c-4b73-8e12-a286e5fccd77'),
 ('40', '563', 'en_us', '<p>Among those blessings are the gift of the Eucharist itself and the opportunity it provides for healing, both individual and collective. At Transfiguration the EucharisticLiturgy&nbsp;(worship) offers a foundation for and pathway to deeper faith regardless of spiritual background or condition. In the words of the great Spiritual, let us break bread together on our knees, humbly asking God for forgiveness and for the strength and courage to do His will in our daily lives.<br></p>', NULL, NULL, NULL, NULL, NULL, NULL, NULL, '2017-09-28 22:55:27', '2017-09-28 22:57:34', '5e7ff19f-262b-47cc-a6c6-c506381ac65b');



DROP TABLE IF EXISTS `craft_migrations`;


--
-- Schema for table `craft_migrations`
--
CREATE TABLE `craft_migrations` (
  `id` int(11) NOT NULL AUTO_INCREMENT,
  `pluginId` int(11) DEFAULT NULL,
  `version` varchar(255) COLLATE utf8_unicode_ci NOT NULL,
  `applyTime` datetime NOT NULL,
  `dateCreated` datetime NOT NULL,
  `dateUpdated` datetime NOT NULL,
  `uid` char(36) COLLATE utf8_unicode_ci NOT NULL DEFAULT '0',
  PRIMARY KEY (`id`),
  UNIQUE KEY `craft_migrations_version_unq_idx` (`version`),
  KEY `craft_migrations_pluginId_fk` (`pluginId`)
) ENGINE=InnoDB AUTO_INCREMENT=40 DEFAULT CHARSET=utf8 COLLATE=utf8_unicode_ci;

--
-- Data for table `craft_migrations`
--

INSERT INTO `craft_migrations` (`id`, `pluginId`, `version`, `applyTime`, `dateCreated`, `dateUpdated`, `uid`) VALUES
 ('1', NULL, 'm000000_000000_base', '2017-08-24 19:10:34', '2017-08-24 19:10:34', '2017-08-24 19:10:34', '43d57137-a5d6-44e0-a045-3bd0347bda4b'),
 ('2', NULL, 'm140730_000001_add_filename_and_format_to_transformindex', '2017-08-24 19:10:34', '2017-08-24 19:10:34', '2017-08-24 19:10:34', 'd4460481-12ff-43e7-a9ce-a03a97e8adc2'),
 ('3', NULL, 'm140815_000001_add_format_to_transforms', '2017-08-24 19:10:34', '2017-08-24 19:10:34', '2017-08-24 19:10:34', '542d40a3-a407-40dd-9d29-dd75c1a9d9e1'),
 ('4', NULL, 'm140822_000001_allow_more_than_128_items_per_field', '2017-08-24 19:10:34', '2017-08-24 19:10:34', '2017-08-24 19:10:34', '061e8eea-f600-4e92-9ff8-1738b1fa2b0f'),
 ('5', NULL, 'm140829_000001_single_title_formats', '2017-08-24 19:10:34', '2017-08-24 19:10:34', '2017-08-24 19:10:34', '15bfbc2b-8288-433b-ad61-11f78a8553e7'),
 ('6', NULL, 'm140831_000001_extended_cache_keys', '2017-08-24 19:10:34', '2017-08-24 19:10:34', '2017-08-24 19:10:34', 'b629be8e-ab58-4980-a463-3bac54110192'),
 ('7', NULL, 'm140922_000001_delete_orphaned_matrix_blocks', '2017-08-24 19:10:34', '2017-08-24 19:10:34', '2017-08-24 19:10:34', 'c4c01dfd-1b28-41dd-ad89-5a26bbacde29'),
 ('8', NULL, 'm141008_000001_elements_index_tune', '2017-08-24 19:10:34', '2017-08-24 19:10:34', '2017-08-24 19:10:34', '4e47aaa2-7483-4c9c-aaae-9d797fc17983'),
 ('9', NULL, 'm141009_000001_assets_source_handle', '2017-08-24 19:10:34', '2017-08-24 19:10:34', '2017-08-24 19:10:34', '05cfb61c-f760-45e1-9fa8-dd2b349a9d12'),
 ('10', NULL, 'm141024_000001_field_layout_tabs', '2017-08-24 19:10:34', '2017-08-24 19:10:34', '2017-08-24 19:10:34', '7034b383-e650-4445-8f83-5727a0e25b9e'),
 ('11', NULL, 'm141030_000000_plugin_schema_versions', '2017-08-24 19:10:34', '2017-08-24 19:10:34', '2017-08-24 19:10:34', 'ce9a3c34-a0d8-4466-8b4b-55d0075f9a8c'),
 ('12', NULL, 'm141030_000001_drop_structure_move_permission', '2017-08-24 19:10:34', '2017-08-24 19:10:34', '2017-08-24 19:10:34', 'a66b6f3c-74a1-4463-a147-0852ce935b33'),
 ('13', NULL, 'm141103_000001_tag_titles', '2017-08-24 19:10:34', '2017-08-24 19:10:34', '2017-08-24 19:10:34', 'f13b7ba2-e968-4fd3-b7ca-84a316e1002c'),
 ('14', NULL, 'm141109_000001_user_status_shuffle', '2017-08-24 19:10:34', '2017-08-24 19:10:34', '2017-08-24 19:10:34', '08e1db66-4053-4529-8fb8-420b7fcdc70a'),
 ('15', NULL, 'm141126_000001_user_week_start_day', '2017-08-24 19:10:34', '2017-08-24 19:10:34', '2017-08-24 19:10:34', '5ff8e4fa-b95a-442e-b0ef-ddd38cde39d4'),
 ('16', NULL, 'm150210_000001_adjust_user_photo_size', '2017-08-24 19:10:34', '2017-08-24 19:10:34', '2017-08-24 19:10:34', '5498da80-0774-4c2e-a95f-5b4bf9ea827c'),
 ('17', NULL, 'm150724_000001_adjust_quality_settings', '2017-08-24 19:10:34', '2017-08-24 19:10:34', '2017-08-24 19:10:34', '5b787e9e-ab57-4e9a-91d1-2e2315b2904d'),
 ('18', NULL, 'm150827_000000_element_index_settings', '2017-08-24 19:10:34', '2017-08-24 19:10:34', '2017-08-24 19:10:34', '09e89f08-fd10-496a-a3a3-1f6b1f9eee5f'),
 ('19', NULL, 'm150918_000001_add_colspan_to_widgets', '2017-08-24 19:10:34', '2017-08-24 19:10:34', '2017-08-24 19:10:34', 'e0f89c72-6103-447b-948a-796363556412'),
 ('20', NULL, 'm151007_000000_clear_asset_caches', '2017-08-24 19:10:34', '2017-08-24 19:10:34', '2017-08-24 19:10:34', '5f07b49e-9a30-45e7-a736-0856a0bcc4e8'),
 ('21', NULL, 'm151109_000000_text_url_formats', '2017-08-24 19:10:34', '2017-08-24 19:10:34', '2017-08-24 19:10:34', 'ed95dfed-3317-47d8-9844-9a6e007ec43c'),
 ('22', NULL, 'm151110_000000_move_logo', '2017-08-24 19:10:34', '2017-08-24 19:10:34', '2017-08-24 19:10:34', '59298f92-79f7-4f84-af68-64aa50dfeb95'),
 ('23', NULL, 'm151117_000000_adjust_image_widthheight', '2017-08-24 19:10:34', '2017-08-24 19:10:34', '2017-08-24 19:10:34', '383b7350-b40c-4473-bb50-0f500d535f00'),
 ('24', NULL, 'm151127_000000_clear_license_key_status', '2017-08-24 19:10:34', '2017-08-24 19:10:34', '2017-08-24 19:10:34', '5a333940-2a77-4f5c-9e4f-8164a882938c'),
 ('25', NULL, 'm151127_000000_plugin_license_keys', '2017-08-24 19:10:34', '2017-08-24 19:10:34', '2017-08-24 19:10:34', '62c56e24-3cb9-4986-baad-6dc999b455a1'),
 ('26', NULL, 'm151130_000000_update_pt_widget_feeds', '2017-08-24 19:10:34', '2017-08-24 19:10:34', '2017-08-24 19:10:34', '34de4e3e-cc49-4f6c-a1a3-f60e40591c67'),
 ('27', NULL, 'm160114_000000_asset_sources_public_url_default_true', '2017-08-24 19:10:34', '2017-08-24 19:10:34', '2017-08-24 19:10:34', '5d26c1cd-435a-442c-a858-1619a69952f3'),
 ('28', NULL, 'm160223_000000_sortorder_to_smallint', '2017-08-24 19:10:34', '2017-08-24 19:10:34', '2017-08-24 19:10:34', 'e3a16a16-f902-4763-a049-32cc9ca76a78'),
 ('29', NULL, 'm160229_000000_set_default_entry_statuses', '2017-08-24 19:10:34', '2017-08-24 19:10:34', '2017-08-24 19:10:34', '568dacaf-aba6-49b9-a554-cfa7bfecfb7c'),
 ('30', NULL, 'm160304_000000_client_permissions', '2017-08-24 19:10:34', '2017-08-24 19:10:34', '2017-08-24 19:10:34', 'a5e20ed5-911b-41b9-8f6f-1cfae823bb37'),
 ('31', NULL, 'm160322_000000_asset_filesize', '2017-08-24 19:10:34', '2017-08-24 19:10:34', '2017-08-24 19:10:34', '4086adeb-d9e7-423b-a423-0ec57ad00e4d'),
 ('32', NULL, 'm160503_000000_orphaned_fieldlayouts', '2017-08-24 19:10:34', '2017-08-24 19:10:34', '2017-08-24 19:10:34', '7de096ff-6f56-41d8-aeda-2c17cf1af250'),
 ('33', NULL, 'm160510_000000_tasksettings', '2017-08-24 19:10:34', '2017-08-24 19:10:34', '2017-08-24 19:10:34', '1998dc8b-4562-43ed-93c8-3d812754bef5'),
 ('34', NULL, 'm160829_000000_pending_user_content_cleanup', '2017-08-24 19:10:34', '2017-08-24 19:10:34', '2017-08-24 19:10:34', '8ffa5313-de86-4042-8624-70d6bd08710d'),
 ('35', NULL, 'm160830_000000_asset_index_uri_increase', '2017-08-24 19:10:34', '2017-08-24 19:10:34', '2017-08-24 19:10:34', 'f48ab237-4db6-4115-a73c-1c39ce9ed281'),
 ('36', NULL, 'm160919_000000_usergroup_handle_title_unique', '2017-08-24 19:10:34', '2017-08-24 19:10:34', '2017-08-24 19:10:34', 'f5db8caf-eeb5-46d8-92f3-529aa260c2ac'),
 ('37', NULL, 'm161108_000000_new_version_format', '2017-08-24 19:10:34', '2017-08-24 19:10:34', '2017-08-24 19:10:34', 'd72dc5c6-b6db-4c13-9f48-962a3da30dc7'),
 ('38', NULL, 'm161109_000000_index_shuffle', '2017-08-24 19:10:34', '2017-08-24 19:10:34', '2017-08-24 19:10:34', 'b98dc815-fc3d-461b-856f-9fa9e034d8ac'),
 ('39', NULL, 'm170612_000000_route_index_shuffle', '2017-08-24 19:10:34', '2017-08-24 19:10:34', '2017-08-24 19:10:34', 'cbbe85b8-0344-4822-a8e9-2b47b3d7fd34');



DROP TABLE IF EXISTS `craft_plugins`;


--
-- Schema for table `craft_plugins`
--
CREATE TABLE `craft_plugins` (
  `id` int(11) NOT NULL AUTO_INCREMENT,
  `class` varchar(150) COLLATE utf8_unicode_ci NOT NULL,
  `version` varchar(15) COLLATE utf8_unicode_ci NOT NULL,
  `schemaVersion` varchar(15) COLLATE utf8_unicode_ci DEFAULT NULL,
  `licenseKey` char(24) COLLATE utf8_unicode_ci DEFAULT NULL,
  `licenseKeyStatus` enum('valid','invalid','mismatched','unknown') COLLATE utf8_unicode_ci NOT NULL DEFAULT 'unknown',
  `enabled` tinyint(1) unsigned NOT NULL DEFAULT '0',
  `settings` text COLLATE utf8_unicode_ci,
  `installDate` datetime NOT NULL,
  `dateCreated` datetime NOT NULL,
  `dateUpdated` datetime NOT NULL,
  `uid` char(36) COLLATE utf8_unicode_ci NOT NULL DEFAULT '0',
  PRIMARY KEY (`id`)
) ENGINE=InnoDB AUTO_INCREMENT=8 DEFAULT CHARSET=utf8 COLLATE=utf8_unicode_ci;

--
-- Data for table `craft_plugins`
--

INSERT INTO `craft_plugins` (`id`, `class`, `version`, `schemaVersion`, `licenseKey`, `licenseKeyStatus`, `enabled`, `settings`, `installDate`, `dateCreated`, `dateUpdated`, `uid`) VALUES
 ('2', 'jSocial', '1.1.0a', NULL, NULL, 'unknown', '1', NULL, '2017-08-26 15:29:35', '2017-08-26 15:29:35', '2017-09-29 23:47:58', '2dff082b-08f1-4aae-8222-a4d650b2cf8f'),
 ('4', 'Venti', '2.0.26', '2.0.0', NULL, 'unknown', '1', '{\"timeInterval\":30,\"eventDuration\":60,\"pluginName\":\"Venti Calendar\",\"translate\":false,\"license\":\"E729E04A-D2054165-ADCDFDE1-C3386068\",\"googleMapsApiKey\":\"\",\"country\":\"US\",\"hideRegistration\":\"1\",\"hideLocation\":\"1\"}', '2017-09-06 09:49:41', '2017-09-06 09:49:41', '2017-09-29 23:47:58', '9b4adbf0-388e-46fe-961c-fdbbfd41a3a8'),
 ('5', 'Truncate', '0.1', NULL, NULL, 'unknown', '1', NULL, '2017-09-24 16:51:32', '2017-09-24 16:51:32', '2017-09-29 23:47:58', '964f0dcd-8826-4297-a9fe-9b526e0286d3'),
 ('7', 'ContactForm', '1.9.1', '1.0.0', NULL, 'unknown', '1', '{\"toEmail\":\"carl@avidanodigital.com\",\"prependSender\":\"From: \",\"prependSubject\":\"A new message for the Little Church\",\"allowAttachments\":\"\",\"honeypotField\":\"\",\"successFlashMessage\":\"Your message has been sent.\"}', '2017-09-28 08:37:22', '2017-09-28 08:37:22', '2017-09-29 23:47:58', 'ec766cc3-e075-46e2-bdb1-f2c2db8ef088');



DROP TABLE IF EXISTS `craft_rackspaceaccess`;


--
-- Schema for table `craft_rackspaceaccess`
--
CREATE TABLE `craft_rackspaceaccess` (
  `id` int(11) NOT NULL AUTO_INCREMENT,
  `connectionKey` varchar(255) COLLATE utf8_unicode_ci NOT NULL,
  `token` varchar(255) COLLATE utf8_unicode_ci NOT NULL,
  `storageUrl` varchar(255) COLLATE utf8_unicode_ci NOT NULL,
  `cdnUrl` varchar(255) COLLATE utf8_unicode_ci NOT NULL,
  `dateCreated` datetime NOT NULL,
  `dateUpdated` datetime NOT NULL,
  `uid` char(36) COLLATE utf8_unicode_ci NOT NULL DEFAULT '0',
  PRIMARY KEY (`id`),
  UNIQUE KEY `craft_rackspaceaccess_connectionKey_unq_idx` (`connectionKey`)
) ENGINE=InnoDB DEFAULT CHARSET=utf8 COLLATE=utf8_unicode_ci;

DROP TABLE IF EXISTS `craft_relations`;


--
-- Schema for table `craft_relations`
--
CREATE TABLE `craft_relations` (
  `id` int(11) NOT NULL AUTO_INCREMENT,
  `fieldId` int(11) NOT NULL,
  `sourceId` int(11) NOT NULL,
  `sourceLocale` char(12) COLLATE utf8_unicode_ci DEFAULT NULL,
  `targetId` int(11) NOT NULL,
  `sortOrder` smallint(6) DEFAULT NULL,
  `dateCreated` datetime NOT NULL,
  `dateUpdated` datetime NOT NULL,
  `uid` char(36) COLLATE utf8_unicode_ci NOT NULL DEFAULT '0',
  PRIMARY KEY (`id`),
  UNIQUE KEY `craft_relations_fieldId_sourceId_sourceLocale_targetId_unq_idx` (`fieldId`,`sourceId`,`sourceLocale`,`targetId`),
  KEY `craft_relations_sourceId_fk` (`sourceId`),
  KEY `craft_relations_sourceLocale_fk` (`sourceLocale`),
  KEY `craft_relations_targetId_fk` (`targetId`)
) ENGINE=InnoDB AUTO_INCREMENT=657 DEFAULT CHARSET=utf8 COLLATE=utf8_unicode_ci;

--
-- Data for table `craft_relations`
--

INSERT INTO `craft_relations` (`id`, `fieldId`, `sourceId`, `sourceLocale`, `targetId`, `sortOrder`, `dateCreated`, `dateUpdated`, `uid`) VALUES
 ('211', '25', '115', NULL, '206', '1', '2017-08-31 14:04:55', '2017-08-31 14:04:55', '2992fa22-dc0d-49e0-a274-184c94dffa3a'),
 ('248', '6', '7', NULL, '131', '1', '2017-09-01 11:23:12', '2017-09-01 11:23:12', '92b80f0f-c2a5-4502-9e72-f675ffebf507'),
 ('288', '46', '289', NULL, '301', '1', '2017-09-12 16:50:56', '2017-09-12 16:50:56', 'e96e299f-71b5-4daf-86bb-38da2e4c956a'),
 ('291', '46', '302', NULL, '299', '1', '2017-09-12 16:53:13', '2017-09-12 16:53:13', '43002bc7-610a-4313-9a68-c61b322f7322'),
 ('292', '46', '303', NULL, '296', '1', '2017-09-12 16:54:31', '2017-09-12 16:54:31', '86935e96-5ce2-46c3-9cd4-712b1863c71f'),
 ('301', '46', '304', NULL, '297', '1', '2017-09-12 17:00:22', '2017-09-12 17:00:22', '51686694-be63-4c68-b22f-c5203a0f9f0c'),
 ('325', '45', '288', NULL, '289', '1', '2017-09-12 19:11:02', '2017-09-12 19:11:02', '303a6fcc-cc86-4de7-98f6-1276e14bc6c5'),
 ('326', '45', '288', NULL, '302', '2', '2017-09-12 19:11:02', '2017-09-12 19:11:02', '29bd4ecd-6ddc-4af1-92eb-2b3992dc54e3'),
 ('327', '45', '288', NULL, '303', '3', '2017-09-12 19:11:02', '2017-09-12 19:11:02', '32726b40-99ca-4a1d-824d-e59ecd17a8cd'),
 ('328', '45', '288', NULL, '304', '4', '2017-09-12 19:11:02', '2017-09-12 19:11:02', '62da8999-ed9c-403c-8d36-51b2cd16d4f1'),
 ('390', '6', '60', NULL, '133', '1', '2017-09-14 17:23:46', '2017-09-14 17:23:46', 'bec71c6d-88f1-4a0a-b0b6-7879cb05da61'),
 ('395', '41', '267', NULL, '261', '1', '2017-09-14 18:17:34', '2017-09-14 18:17:34', 'b39a4657-74b4-498f-9ad2-86e6c322c55f'),
 ('396', '41', '268', NULL, '262', '1', '2017-09-14 18:18:52', '2017-09-14 18:18:52', '77690916-42fd-47a5-8dc0-b77f22ab518e'),
 ('397', '41', '353', NULL, '263', '1', '2017-09-14 18:21:01', '2017-09-14 18:21:01', '6af44e83-8af6-4f67-999c-bb94969ac4bc'),
 ('412', '36', '63', NULL, '138', '1', '2017-09-14 21:01:53', '2017-09-14 21:01:53', '03dd5bd5-65e5-4101-95fb-76662bb86b77'),
 ('413', '36', '62', NULL, '141', '1', '2017-09-14 21:02:54', '2017-09-14 21:02:54', '134403e7-2eef-4452-b7f5-6bf7bb3e5859'),
 ('414', '36', '65', NULL, '140', '1', '2017-09-14 21:04:15', '2017-09-14 21:04:15', 'a1066b49-9f82-444e-846f-1a37b2525664'),
 ('415', '6', '59', NULL, '132', '1', '2017-09-14 21:06:47', '2017-09-14 21:06:47', '98c99861-db7e-4dcf-a886-0a07ff3c87ae'),
 ('422', '37', '61', NULL, '227', '1', '2017-09-14 21:36:54', '2017-09-14 21:36:54', 'a0772417-1774-4cd3-862e-8339cd64f335'),
 ('426', '36', '64', NULL, '139', '1', '2017-09-15 12:53:51', '2017-09-15 12:53:51', 'a07301b0-3ea3-4d82-8691-edf6b4e99cbc'),
 ('431', '11', '359', NULL, '358', '1', '2017-09-16 16:17:13', '2017-09-16 16:17:13', '7da60df2-1f9b-48bc-b8dd-4c0e8e192405'),
 ('432', '11', '375', NULL, '374', '1', '2017-09-16 16:25:03', '2017-09-16 16:25:03', '1c5a1aa8-e731-4643-91ff-c5231ed9cfe4'),
 ('445', '11', '239', NULL, '238', '1', '2017-09-16 23:19:26', '2017-09-16 23:19:26', 'c01b84a1-6075-4722-8f29-6f92d432735e'),
 ('521', '41', '451', NULL, '265', '1', '2017-09-23 12:11:29', '2017-09-23 12:11:29', 'dbd3de97-33b9-47fa-a681-1eae45a8bca7'),
 ('537', '41', '254', NULL, '253', '1', '2017-09-23 17:31:27', '2017-09-23 17:31:27', '6efa5b23-2680-4347-8ec7-dad80139b12d'),
 ('538', '6', '352', NULL, '351', '1', '2017-09-23 18:00:02', '2017-09-23 18:00:02', '94574073-8ebf-4c4e-88bc-0661958095a8'),
 ('542', '49', '463', NULL, '465', '1', '2017-09-24 15:23:12', '2017-09-24 15:23:12', 'cc94eaa0-168c-4bdf-97d9-2a560f0acba3'),
 ('543', '49', '387', NULL, '454', '1', '2017-09-24 16:36:33', '2017-09-24 16:36:33', '85aedafb-4339-4418-9201-1ee5752bb9fb'),
 ('550', '49', '384', NULL, '381', '1', '2017-09-24 19:28:54', '2017-09-24 19:28:54', '3b4ffbca-0372-4f9d-bb73-0f1743ee47c5'),
 ('554', '49', '388', NULL, '390', '1', '2017-09-24 21:33:39', '2017-09-24 21:33:39', 'fa112cef-6905-4300-aadd-a572e621bf08'),
 ('555', '11', '69', NULL, '207', '1', '2017-09-24 22:44:35', '2017-09-24 22:44:35', '8f5d5134-4636-4ba0-935e-9350ccdec0ec'),
 ('556', '11', '234', NULL, '235', '1', '2017-09-24 22:47:01', '2017-09-24 22:47:01', 'f525016d-de9f-44e6-921a-deafc8c504e8'),
 ('557', '15', '269', NULL, '204', '1', '2017-09-24 22:47:01', '2017-09-24 22:47:01', '465ec247-f3a7-4fd2-b938-0f849005f752'),
 ('559', '10', '78', NULL, '210', '1', '2017-09-25 09:44:01', '2017-09-25 09:44:01', '77d4262f-86f7-4074-a9ea-b92d6cbd764e'),
 ('560', '10', '229', NULL, '309', '1', '2017-09-25 09:44:18', '2017-09-25 09:44:18', 'b65b467f-cf6c-468b-8ce2-38d69d97ff40'),
 ('561', '10', '321', NULL, '311', '1', '2017-09-25 09:44:35', '2017-09-25 09:44:35', 'd35137f0-19c3-42b5-8c67-ea53934cb446'),
 ('563', '10', '398', NULL, '400', '1', '2017-09-25 09:45:13', '2017-09-25 09:45:13', '5fdbc99f-9ff4-4cf4-b8e9-4a9bad4cd272'),
 ('564', '41', '450', NULL, '266', '1', '2017-09-25 10:02:02', '2017-09-25 10:02:02', '6e8594ca-5b35-44f1-8574-b957aae64293'),
 ('571', '11', '428', NULL, '440', '1', '2017-09-26 08:40:56', '2017-09-26 08:40:56', 'ab77844e-0aaa-474a-ab55-d1aea00406b2'),
 ('581', '11', '434', NULL, '326', '1', '2017-09-26 09:56:30', '2017-09-26 09:56:30', 'efe53f8d-a6de-4b90-8711-ec1fc470d3b2'),
 ('582', '11', '324', NULL, '515', '1', '2017-09-26 09:58:29', '2017-09-26 09:58:29', '4b74fdf4-2a23-48a0-b880-fb10a925c157'),
 ('583', '15', '418', NULL, '335', '1', '2017-09-26 09:58:29', '2017-09-26 09:58:29', 'c403ceaa-32db-466e-a027-8d2164c42006'),
 ('589', '10', '76', NULL, '209', '1', '2017-09-26 10:38:31', '2017-09-26 10:38:31', '6a8775c3-0995-44ae-99b9-9ba013211a58'),
 ('590', '10', '491', NULL, '315', '1', '2017-09-26 10:38:45', '2017-09-26 10:38:45', 'e91bb83c-628b-4cd8-bad8-806fcb334090'),
 ('599', '11', '518', NULL, '520', '1', '2017-09-26 10:49:23', '2017-09-26 10:49:23', '6aa15d2f-0795-4a53-a900-0031e1d8e13b'),
 ('608', '25', '221', NULL, '223', '1', '2017-09-26 11:02:08', '2017-09-26 11:02:08', 'a3294867-c4fb-4937-befc-7a73c559946a'),
 ('609', '41', '452', NULL, '264', '1', '2017-09-26 22:22:42', '2017-09-26 22:22:42', 'c42f03e8-3e25-4553-9718-ca037aa05a7b'),
 ('613', '10', '527', NULL, '526', '1', '2017-09-26 22:31:56', '2017-09-26 22:31:56', 'aa26024e-9f80-43bc-9674-dff104c363a6'),
 ('614', '11', '87', NULL, '208', '1', '2017-09-26 22:32:25', '2017-09-26 22:32:25', 'edf8f312-1586-4baa-a2b2-dd43bf3ed409'),
 ('615', '22', '88', NULL, '78', '1', '2017-09-26 22:32:25', '2017-09-26 22:32:25', '4e4252ed-20a8-47e7-89a3-193c381f9b83'),
 ('616', '22', '88', NULL, '229', '2', '2017-09-26 22:32:25', '2017-09-26 22:32:25', 'c472f4ad-e9f3-4068-8270-93f938d9438d'),
 ('617', '22', '88', NULL, '321', '3', '2017-09-26 22:32:25', '2017-09-26 22:32:25', '4f68384f-2e0f-49df-b0d2-20cd66f25a57'),
 ('618', '22', '88', NULL, '398', '4', '2017-09-26 22:32:25', '2017-09-26 22:32:25', '94109d8b-e7b4-40d1-b90a-36dd19cebc3e'),
 ('619', '22', '88', NULL, '76', '5', '2017-09-26 22:32:25', '2017-09-26 22:32:25', 'c2f90b0f-a780-4bbe-9f2f-5ab67d77e184'),
 ('620', '22', '323', NULL, '491', '1', '2017-09-26 22:32:25', '2017-09-26 22:32:25', '138bfe88-8cbd-4df4-9b9c-2fc176512cae'),
 ('621', '22', '323', NULL, '527', '2', '2017-09-26 22:32:25', '2017-09-26 22:32:25', 'd4d57bd0-a36c-41ff-b825-2f0aff72265e'),
 ('622', '22', '323', NULL, '322', '3', '2017-09-26 22:32:25', '2017-09-26 22:32:25', '8aa2368c-0b48-470b-8664-260a03d4ffc8'),
 ('623', '11', '244', NULL, '243', '1', '2017-09-26 23:03:01', '2017-09-26 23:03:01', '6b7f5e6c-d0be-4ee4-9211-4bc47469a96f'),
 ('624', '25', '94', NULL, '205', '1', '2017-09-26 23:49:21', '2017-09-26 23:49:21', '331a9cbe-7748-4fd6-b39a-88faad4d64f6'),
 ('625', '30', '111', NULL, '211', '1', '2017-09-26 23:49:21', '2017-09-26 23:49:21', 'b6376a76-3e79-4da3-802e-8136868f5922'),
 ('626', '30', '122', NULL, '216', '1', '2017-09-26 23:49:21', '2017-09-26 23:49:21', '413e1610-6ff3-46da-a8b2-cc540dcdac0c'),
 ('630', '11', '329', NULL, '328', '1', '2017-09-27 08:09:19', '2017-09-27 08:09:19', '9b3ef40e-527a-4a7b-b5f0-f17a3fce8534'),
 ('631', '11', '532', NULL, '461', '1', '2017-09-27 08:19:47', '2017-09-27 08:19:47', 'abf15ba5-bba6-44c3-a35e-b90ddfec24a0'),
 ('632', '11', '430', NULL, '442', '1', '2017-09-27 09:55:02', '2017-09-27 09:55:02', '5eba9916-dfd5-4409-84ea-467e5219d9e9'),
 ('634', '11', '455', NULL, '420', '1', '2017-09-27 23:01:05', '2017-09-27 23:01:05', '7cef8504-2884-4d0d-babd-1b9162dd38bb'),
 ('642', '11', '432', NULL, '444', '1', '2017-09-28 00:35:13', '2017-09-28 00:35:13', 'dfb56522-b6bc-45f9-8f03-f94de9f3f6ca'),
 ('643', '10', '322', NULL, '313', '1', '2017-09-28 11:04:06', '2017-09-28 11:04:06', '038b0926-c6a3-45ce-b23e-8da9862f1862'),
 ('650', '11', '363', NULL, '362', '1', '2017-09-28 22:45:08', '2017-09-28 22:45:08', 'e0a02645-1462-4c08-a26e-670a28d76452'),
 ('651', '15', '484', NULL, '483', '1', '2017-09-28 22:45:08', '2017-09-28 22:45:08', '07953e7d-a999-40f8-875b-6b899a9d23b6'),
 ('653', '11', '562', NULL, '561', '1', '2017-09-28 22:52:29', '2017-09-28 22:52:29', '24b598ae-8cf5-464e-b66f-44ba9a0e3829'),
 ('656', '11', '355', NULL, '251', '1', '2017-09-28 22:57:34', '2017-09-28 22:57:34', '29958082-db2a-4133-ba41-4819006b376a');



DROP TABLE IF EXISTS `craft_routes`;


--
-- Schema for table `craft_routes`
--
CREATE TABLE `craft_routes` (
  `id` int(11) NOT NULL AUTO_INCREMENT,
  `locale` char(12) COLLATE utf8_unicode_ci DEFAULT NULL,
  `urlParts` varchar(255) COLLATE utf8_unicode_ci NOT NULL,
  `urlPattern` varchar(255) COLLATE utf8_unicode_ci NOT NULL,
  `template` varchar(255) COLLATE utf8_unicode_ci NOT NULL,
  `sortOrder` smallint(6) unsigned DEFAULT NULL,
  `dateCreated` datetime NOT NULL,
  `dateUpdated` datetime NOT NULL,
  `uid` char(36) COLLATE utf8_unicode_ci NOT NULL DEFAULT '0',
  PRIMARY KEY (`id`),
  KEY `craft_routes_locale_idx` (`locale`),
  KEY `craft_routes_urlPattern_idx` (`urlPattern`)
) ENGINE=InnoDB AUTO_INCREMENT=5 DEFAULT CHARSET=utf8 COLLATE=utf8_unicode_ci;

--
-- Data for table `craft_routes`
--

INSERT INTO `craft_routes` (`id`, `locale`, `urlParts`, `urlPattern`, `template`, `sortOrder`, `dateCreated`, `dateUpdated`, `uid`) VALUES
 ('1', NULL, '[\"ajax\\/calendar\\/\",[\"year\",\"\\\\d{4}\"],\"\\/\",[\"month\",\"(?:0?[1-9]|1[012])\"],\"\\/\",[\"*\",\"[^\\\\\\/]+\"]]', 'ajax\\/calendar\\/(?P<year>\\d{4})\\/(?P<month>(?:0?[1-9]|1[012]))\\/([^\\/]+)', 'events/ajax/_calendar', '1', '2017-09-06 18:08:15', '2017-09-16 17:32:17', 'b96779e2-f353-4482-87a8-4692e82b4a4a'),
 ('2', NULL, '[\"ajax\\/events\\/\",[\"year\",\"\\\\d{4}\"],\"\\/\",[\"month\",\"(?:0?[1-9]|1[012])\"],\"\\/\",[\"*\",\"[^\\\\\\/]+\"]]', 'ajax\\/events\\/(?P<year>\\d{4})\\/(?P<month>(?:0?[1-9]|1[012]))\\/([^\\/]+)', 'events/ajax/_events', '2', '2017-09-06 18:09:25', '2017-09-16 17:32:17', '26c86e5f-ada1-4935-b84d-e500b2624d64'),
 ('4', NULL, '[\"events\\/calendar\"]', 'events\\/calendar', 'events/eventsLanding', '3', '2017-09-24 10:43:52', '2017-09-24 20:42:06', '29cf1952-73bf-4e4f-af44-00339b537bd6');



DROP TABLE IF EXISTS `craft_searchindex`;


--
-- Schema for table `craft_searchindex`
--
CREATE TABLE `craft_searchindex` (
  `elementId` int(11) NOT NULL,
  `attribute` varchar(25) COLLATE utf8_unicode_ci NOT NULL,
  `fieldId` int(11) NOT NULL,
  `locale` char(12) COLLATE utf8_unicode_ci NOT NULL,
  `keywords` text COLLATE utf8_unicode_ci NOT NULL,
  PRIMARY KEY (`elementId`,`attribute`,`fieldId`,`locale`),
  FULLTEXT KEY `craft_searchindex_keywords_idx` (`keywords`)
) ENGINE=MyISAM DEFAULT CHARSET=utf8 COLLATE=utf8_unicode_ci;

--
-- Data for table `craft_searchindex`
--

INSERT INTO `craft_searchindex` (`elementId`, `attribute`, `fieldId`, `locale`, `keywords`) VALUES
 ('1', 'username', '0', 'en_us', ' cavidano1 '),
 ('1', 'firstname', '0', 'en_us', ''),
 ('1', 'lastname', '0', 'en_us', ''),
 ('1', 'fullname', '0', 'en_us', ''),
 ('1', 'email', '0', 'en_us', ' carl avidanodigital com '),
 ('1', 'slug', '0', 'en_us', ''),
 ('65', 'field', '10', 'en_us', ' tout parish life '),
 ('63', 'field', '5', 'en_us', ' worship liturgy '),
 ('63', 'slug', '0', 'en_us', ' liturgy '),
 ('63', 'title', '0', 'en_us', ' liturgy '),
 ('64', 'field', '10', 'en_us', ' tout music '),
 ('64', 'field', '3', 'en_us', ' music '),
 ('64', 'field', '5', 'en_us', ' music music at transfiguration '),
 ('64', 'slug', '0', 'en_us', ' music '),
 ('64', 'title', '0', 'en_us', ' music '),
 ('63', 'field', '3', 'en_us', ' liturgy '),
 ('61', 'field', '8', 'en_us', ' god s inclusive love '),
 ('62', 'field', '10', 'en_us', ' tout who we are '),
 ('62', 'field', '3', 'en_us', ' who we are '),
 ('62', 'field', '4', 'en_us', ''),
 ('62', 'field', '5', 'en_us', ' about who we are '),
 ('62', 'slug', '0', 'en_us', ' who we are '),
 ('62', 'title', '0', 'en_us', ' who we are '),
 ('63', 'field', '10', 'en_us', ' tout liturgy '),
 ('61', 'field', '7', 'en_us', ' we embrace all who seek '),
 ('61', 'slug', '0', 'en_us', ' introduction '),
 ('61', 'title', '0', 'en_us', ' home '),
 ('140', 'title', '0', 'en_us', ' parish life '),
 ('133', 'filename', '0', 'en_us', ' marquee 03 jpg '),
 ('133', 'extension', '0', 'en_us', ' jpg '),
 ('133', 'kind', '0', 'en_us', ' image '),
 ('133', 'slug', '0', 'en_us', ' marquee 03 '),
 ('133', 'title', '0', 'en_us', ' marquee 03 '),
 ('142', 'kind', '0', 'en_us', ' image '),
 ('132', 'filename', '0', 'en_us', ' marquee 02 jpg '),
 ('132', 'extension', '0', 'en_us', ' jpg '),
 ('132', 'kind', '0', 'en_us', ' image '),
 ('132', 'slug', '0', 'en_us', ' marquee 02 '),
 ('132', 'title', '0', 'en_us', ' marquee 02 '),
 ('7', 'field', '6', 'en_us', ' marquee 01 '),
 ('7', 'field', '3', 'en_us', ''),
 ('7', 'field', '7', 'en_us', ' an anglo catholic parish in manhattan s '),
 ('7', 'field', '8', 'en_us', ' nomad neighborhood '),
 ('7', 'field', '4', 'en_us', ' worship schedule '),
 ('7', 'field', '5', 'en_us', ' worship worship schedule '),
 ('7', 'slug', '0', 'en_us', ' an anglo catholic parish in manhattans nomad neighborhood '),
 ('7', 'title', '0', 'en_us', ' an anglo catholic parish in manhattan s nomad neighborhood '),
 ('183', 'filename', '0', 'en_us', ' little church logo png '),
 ('182', 'slug', '0', 'en_us', ' hero worship schedule '),
 ('182', 'title', '0', 'en_us', ' hero worship schedule '),
 ('182', 'kind', '0', 'en_us', ' image '),
 ('182', 'extension', '0', 'en_us', ' jpg '),
 ('182', 'filename', '0', 'en_us', ' hero worship schedule jpg '),
 ('181', 'title', '0', 'en_us', ' hero who we are '),
 ('181', 'kind', '0', 'en_us', ' image '),
 ('181', 'slug', '0', 'en_us', ' hero who we are '),
 ('181', 'extension', '0', 'en_us', ' jpg '),
 ('181', 'filename', '0', 'en_us', ' hero who we are jpg '),
 ('180', 'title', '0', 'en_us', ' hero welcome '),
 ('180', 'slug', '0', 'en_us', ' hero welcome '),
 ('180', 'kind', '0', 'en_us', ' image '),
 ('180', 'extension', '0', 'en_us', ' jpg '),
 ('180', 'filename', '0', 'en_us', ' hero welcome jpg '),
 ('254', 'field', '3', 'en_us', ' lynchgate at the church of the transfiguration '),
 ('254', 'field', '27', 'en_us', ''),
 ('254', 'field', '42', 'en_us', ' a lychgate is a type of medieval portal covered by a roof lychgates are rare in the united states but are still found in england mostly in rural areas in days past it was a place where preliminary prayers were offered for the deceased before the coffin was carried into the church our lychgate was built in 1896 it was designed by frederick clark withers and was the gift of mrs franklin delano it was restored and re dedicated on may 5 2013 '),
 ('178', 'title', '0', 'en_us', ' hero our history '),
 ('178', 'kind', '0', 'en_us', ' image '),
 ('178', 'slug', '0', 'en_us', ' hero our history '),
 ('178', 'extension', '0', 'en_us', ' jpg '),
 ('178', 'filename', '0', 'en_us', ' hero our history jpg '),
 ('177', 'title', '0', 'en_us', ' hero who we are '),
 ('177', 'kind', '0', 'en_us', ' image '),
 ('177', 'slug', '0', 'en_us', ' hero who we are '),
 ('177', 'extension', '0', 'en_us', ' jpg '),
 ('177', 'filename', '0', 'en_us', ' hero who we are jpg '),
 ('176', 'title', '0', 'en_us', ' hero welcome '),
 ('176', 'slug', '0', 'en_us', ' hero welcome '),
 ('176', 'extension', '0', 'en_us', ' jpg '),
 ('176', 'kind', '0', 'en_us', ' image '),
 ('176', 'filename', '0', 'en_us', ' hero welcome jpg '),
 ('175', 'title', '0', 'en_us', ' figure window '),
 ('175', 'kind', '0', 'en_us', ' image '),
 ('175', 'slug', '0', 'en_us', ' figure window '),
 ('175', 'extension', '0', 'en_us', ' jpg '),
 ('175', 'filename', '0', 'en_us', ' figure window jpg '),
 ('174', 'title', '0', 'en_us', ' figure window '),
 ('174', 'kind', '0', 'en_us', ' image '),
 ('174', 'slug', '0', 'en_us', ' figure window '),
 ('174', 'extension', '0', 'en_us', ' jpg '),
 ('174', 'filename', '0', 'en_us', ' figure window jpg '),
 ('173', 'title', '0', 'en_us', ' feature little church '),
 ('173', 'slug', '0', 'en_us', ' feature little church '),
 ('173', 'kind', '0', 'en_us', ' image '),
 ('173', 'extension', '0', 'en_us', ' jpg '),
 ('173', 'filename', '0', 'en_us', ' feature little church jpg '),
 ('172', 'slug', '0', 'en_us', ' episcopal badge '),
 ('172', 'title', '0', 'en_us', ' episcopal badge '),
 ('172', 'kind', '0', 'en_us', ' image '),
 ('172', 'extension', '0', 'en_us', ' svg ');
INSERT INTO `craft_searchindex` (`elementId`, `attribute`, `fieldId`, `locale`, `keywords`) VALUES
 ('172', 'filename', '0', 'en_us', ' episcopal badge svg '),
 ('171', 'title', '0', 'en_us', ' episcopal badge '),
 ('171', 'kind', '0', 'en_us', ' image '),
 ('171', 'slug', '0', 'en_us', ' episcopal badge '),
 ('171', 'extension', '0', 'en_us', ' png '),
 ('171', 'filename', '0', 'en_us', ' episcopal badge png '),
 ('170', 'title', '0', 'en_us', ' btn youtube '),
 ('170', 'slug', '0', 'en_us', ' btn youtube '),
 ('170', 'kind', '0', 'en_us', ' image '),
 ('170', 'extension', '0', 'en_us', ' svg '),
 ('170', 'filename', '0', 'en_us', ' btn youtube svg '),
 ('169', 'title', '0', 'en_us', ' btn youtube '),
 ('169', 'kind', '0', 'en_us', ' image '),
 ('169', 'slug', '0', 'en_us', ' btn youtube '),
 ('169', 'extension', '0', 'en_us', ' png '),
 ('169', 'filename', '0', 'en_us', ' btn youtube png '),
 ('168', 'slug', '0', 'en_us', ' btn twitter '),
 ('168', 'title', '0', 'en_us', ' btn twitter '),
 ('168', 'kind', '0', 'en_us', ' image '),
 ('168', 'extension', '0', 'en_us', ' svg '),
 ('168', 'filename', '0', 'en_us', ' btn twitter svg '),
 ('167', 'title', '0', 'en_us', ' btn twitter '),
 ('167', 'kind', '0', 'en_us', ' image '),
 ('167', 'slug', '0', 'en_us', ' btn twitter '),
 ('142', 'slug', '0', 'en_us', ' bio ian betts '),
 ('142', 'title', '0', 'en_us', ' bio ian betts '),
 ('144', 'filename', '0', 'en_us', ' edwin booth window verticle jpg '),
 ('144', 'extension', '0', 'en_us', ' jpg '),
 ('144', 'kind', '0', 'en_us', ' image '),
 ('144', 'slug', '0', 'en_us', ' edwin booth window verticle '),
 ('144', 'title', '0', 'en_us', ' edwin booth window verticle '),
 ('145', 'filename', '0', 'en_us', ' bio john david van dooren jpg '),
 ('145', 'extension', '0', 'en_us', ' jpg '),
 ('145', 'kind', '0', 'en_us', ' image '),
 ('145', 'slug', '0', 'en_us', ' bio john david van dooren '),
 ('145', 'title', '0', 'en_us', ' bio john david van dooren '),
 ('146', 'filename', '0', 'en_us', ' fr patrick and dog jpg '),
 ('146', 'extension', '0', 'en_us', ' jpg '),
 ('146', 'kind', '0', 'en_us', ' image '),
 ('146', 'slug', '0', 'en_us', ' fr patrick and dog '),
 ('146', 'title', '0', 'en_us', ' fr patrick and dog '),
 ('147', 'filename', '0', 'en_us', ' fr patrick and dog jpg '),
 ('147', 'extension', '0', 'en_us', ' jpg '),
 ('147', 'kind', '0', 'en_us', ' image '),
 ('147', 'slug', '0', 'en_us', ' fr patrick and dog '),
 ('147', 'title', '0', 'en_us', ' fr patrick and dog '),
 ('148', 'filename', '0', 'en_us', ' placeholder jpg '),
 ('148', 'extension', '0', 'en_us', ' jpg '),
 ('148', 'kind', '0', 'en_us', ' image '),
 ('148', 'slug', '0', 'en_us', ' placeholder '),
 ('148', 'title', '0', 'en_us', ' placeholder '),
 ('149', 'filename', '0', 'en_us', ' richard upjohn brass filigree pulpit jpg '),
 ('149', 'extension', '0', 'en_us', ' jpg '),
 ('149', 'kind', '0', 'en_us', ' image '),
 ('149', 'slug', '0', 'en_us', ' richard upjohn brass filigree pulpit '),
 ('149', 'title', '0', 'en_us', ' richard upjohn brass filigree pulpit '),
 ('150', 'filename', '0', 'en_us', ' blog 01 jpg '),
 ('150', 'extension', '0', 'en_us', ' jpg '),
 ('150', 'kind', '0', 'en_us', ' image '),
 ('150', 'slug', '0', 'en_us', ' blog 01 '),
 ('150', 'title', '0', 'en_us', ' blog 01 '),
 ('151', 'filename', '0', 'en_us', ' btn facebook png '),
 ('151', 'extension', '0', 'en_us', ' png '),
 ('151', 'kind', '0', 'en_us', ' image '),
 ('151', 'slug', '0', 'en_us', ' btn facebook '),
 ('151', 'title', '0', 'en_us', ' btn facebook '),
 ('152', 'filename', '0', 'en_us', ' btn facebook svg '),
 ('152', 'extension', '0', 'en_us', ' svg '),
 ('152', 'kind', '0', 'en_us', ' image '),
 ('152', 'slug', '0', 'en_us', ' btn facebook '),
 ('152', 'title', '0', 'en_us', ' btn facebook '),
 ('153', 'filename', '0', 'en_us', ' btn instagram png '),
 ('153', 'extension', '0', 'en_us', ' png '),
 ('153', 'kind', '0', 'en_us', ' image '),
 ('153', 'slug', '0', 'en_us', ' btn instagram '),
 ('153', 'title', '0', 'en_us', ' btn instagram '),
 ('154', 'filename', '0', 'en_us', ' btn instagram svg '),
 ('154', 'extension', '0', 'en_us', ' svg '),
 ('154', 'kind', '0', 'en_us', ' image '),
 ('154', 'slug', '0', 'en_us', ' btn instagram '),
 ('154', 'title', '0', 'en_us', ' btn instagram '),
 ('155', 'filename', '0', 'en_us', ' btn share email png '),
 ('155', 'extension', '0', 'en_us', ' png '),
 ('155', 'kind', '0', 'en_us', ' image '),
 ('155', 'slug', '0', 'en_us', ' btn share email '),
 ('155', 'title', '0', 'en_us', ' btn share email '),
 ('156', 'filename', '0', 'en_us', ' btn share email svg '),
 ('156', 'extension', '0', 'en_us', ' svg '),
 ('156', 'kind', '0', 'en_us', ' image '),
 ('156', 'slug', '0', 'en_us', ' btn share email '),
 ('156', 'title', '0', 'en_us', ' btn share email '),
 ('157', 'filename', '0', 'en_us', ' btn share facebook png '),
 ('157', 'extension', '0', 'en_us', ' png '),
 ('157', 'kind', '0', 'en_us', ' image '),
 ('157', 'slug', '0', 'en_us', ' btn share facebook '),
 ('157', 'title', '0', 'en_us', ' btn share facebook '),
 ('158', 'filename', '0', 'en_us', ' btn share facebook svg '),
 ('158', 'extension', '0', 'en_us', ' svg '),
 ('158', 'kind', '0', 'en_us', ' image '),
 ('158', 'slug', '0', 'en_us', ' btn share facebook ');
INSERT INTO `craft_searchindex` (`elementId`, `attribute`, `fieldId`, `locale`, `keywords`) VALUES
 ('158', 'title', '0', 'en_us', ' btn share facebook '),
 ('159', 'filename', '0', 'en_us', ' btn share google plus png '),
 ('159', 'extension', '0', 'en_us', ' png '),
 ('159', 'kind', '0', 'en_us', ' image '),
 ('159', 'slug', '0', 'en_us', ' btn share google plus '),
 ('159', 'title', '0', 'en_us', ' btn share google plus '),
 ('160', 'filename', '0', 'en_us', ' btn share google plus svg '),
 ('160', 'extension', '0', 'en_us', ' svg '),
 ('160', 'kind', '0', 'en_us', ' image '),
 ('160', 'slug', '0', 'en_us', ' btn share google plus '),
 ('160', 'title', '0', 'en_us', ' btn share google plus '),
 ('161', 'filename', '0', 'en_us', ' btn share twitter png '),
 ('161', 'extension', '0', 'en_us', ' png '),
 ('161', 'kind', '0', 'en_us', ' image '),
 ('59', 'field', '6', 'en_us', ' marquee 02 '),
 ('59', 'field', '3', 'en_us', ''),
 ('59', 'field', '7', 'en_us', ' your next quiet moment is '),
 ('59', 'field', '8', 'en_us', ' right around the corner '),
 ('59', 'field', '4', 'en_us', ' visit '),
 ('59', 'field', '5', 'en_us', ' visit '),
 ('59', 'slug', '0', 'en_us', ' your quiet moment is right around the corner '),
 ('59', 'title', '0', 'en_us', ' your next quiet moment is right around the corner '),
 ('60', 'field', '6', 'en_us', ' marquee 03 '),
 ('60', 'field', '3', 'en_us', ''),
 ('60', 'field', '7', 'en_us', ' discover the art and architecture '),
 ('60', 'field', '8', 'en_us', ' of our church and grounds '),
 ('60', 'field', '4', 'en_us', ' virtual tour '),
 ('60', 'field', '5', 'en_us', ' virtual tour '),
 ('60', 'slug', '0', 'en_us', ' our churchs art and architecture at a glance '),
 ('60', 'title', '0', 'en_us', ' discover the art and architecture of our church and grounds '),
 ('65', 'field', '3', 'en_us', ' parish life '),
 ('65', 'field', '5', 'en_us', ' about parish life '),
 ('65', 'slug', '0', 'en_us', ' parish life '),
 ('65', 'title', '0', 'en_us', ' parish life '),
 ('69', 'field', '11', 'en_us', ' hero welcome '),
 ('69', 'field', '3', 'en_us', ' welcome to our little church '),
 ('69', 'field', '1', 'en_us', ' mi aptent suspendisse sociis augue pretium eleifend ante suspendisse ad condimentum a a scelerisque a sem tempor tristique vestibulum ultrices lectus consectetur potenti fusce ipsum parturient fermentum tincidunt aliquet tellus urna pretium a mus quis adipiscing a a porta eget aliquet ullamcorper mollis leo natoque class a a tellus condimentum purus curabitur a fusce arcu congue conubia mus natoque at '),
 ('69', 'slug', '0', 'en_us', ' welcome '),
 ('69', 'title', '0', 'en_us', ' welcome '),
 ('69', 'field', '12', 'en_us', ' welcome to the church of the transfiguration also known affectionately as the little church around the corner '),
 ('69', 'field', '13', 'en_us', ' our parish combines the beauty and depth of the anglo catholic tradition with the warmth of a caring community seeking the presence of christ at the center of their lives from the time of our founding in 1848 our motto has been fides opera faith and works our faith is expressed in the beauty and joy of our liturgy and music from this worship of god in the person of jesus christ flows an outward ministry to a city and world crying out for meaning and seeking to fill a spiritual void in god that which is ancient never becomes old and we embrace this sentiment balancing traditional liturgical worship with a radical inclusiveness deeply rooted in our parish s history we hope you will consider this parish as you look for a spiritual home all are welcome with loving wishes fr john david van doorenrector '),
 ('71', 'field', '14', 'en_us', ' our parish combines the beauty and depth of the anglo catholic tradition with the warmth of a caring community seeking the presence of christ at the center of their lives from the time of our founding in 1848 our motto has been fides opera faith and works our faith is expressed in the beauty and joy of our liturgy and music from this worship of god in the person of jesus christ flows an outward ministry to a city and world crying out for meaning and seeking to fill a spiritual void in god that which is ancient never becomes old and we embrace this sentiment balancing traditional liturgical worship with a radical inclusiveness deeply rooted in our parish s history we hope you will consider this parish as you look for a spiritual home all are welcome with loving wishes fr john david van doorenrector '),
 ('71', 'slug', '0', 'en_us', ''),
 ('163', 'filename', '0', 'en_us', ' btn toggle menu png '),
 ('163', 'extension', '0', 'en_us', ' png '),
 ('183', 'slug', '0', 'en_us', ' little church logo '),
 ('183', 'title', '0', 'en_us', ' little church logo '),
 ('183', 'kind', '0', 'en_us', ' image '),
 ('183', 'extension', '0', 'en_us', ' png '),
 ('229', 'title', '0', 'en_us', ' the rev dr patrick s cheng '),
 ('229', 'field', '10', 'en_us', ' bio patrick cheng '),
 ('229', 'slug', '0', 'en_us', ' fr patrick cheng '),
 ('220', 'filename', '0', 'en_us', ' ralph adams cram madonna shrine jpg '),
 ('220', 'extension', '0', 'en_us', ' jpg '),
 ('220', 'kind', '0', 'en_us', ' image '),
 ('220', 'slug', '0', 'en_us', ' ralph adams cram madonna shrine '),
 ('220', 'title', '0', 'en_us', ' ralph adams cram madonna shrine '),
 ('224', 'slug', '0', 'en_us', ''),
 ('225', 'filename', '0', 'en_us', ' the garden jpg '),
 ('225', 'extension', '0', 'en_us', ' jpg '),
 ('225', 'kind', '0', 'en_us', ' image '),
 ('225', 'slug', '0', 'en_us', ' the garden '),
 ('225', 'title', '0', 'en_us', ' the garden '),
 ('226', 'filename', '0', 'en_us', ' the garden jpg '),
 ('226', 'extension', '0', 'en_us', ' jpg '),
 ('226', 'kind', '0', 'en_us', ' image '),
 ('226', 'slug', '0', 'en_us', ' the garden '),
 ('226', 'title', '0', 'en_us', ' the garden '),
 ('61', 'field', '37', 'en_us', ' feature little church '),
 ('61', 'field', '3', 'en_us', ' the little church around the corner '),
 ('61', 'field', '4', 'en_us', ' a brief history '),
 ('61', 'field', '5', 'en_us', ' about our history '),
 ('61', 'field', '1', 'en_us', ' how we became the little church around the corner ad ullamcorper cursus vestibulum suspendisse parturient accumsan dignissim parturient accumsan adipiscing eget lectus condimentum aliquet lectus ullamcorper '),
 ('227', 'filename', '0', 'en_us', ' feature little church jpg '),
 ('227', 'extension', '0', 'en_us', ' jpg '),
 ('227', 'kind', '0', 'en_us', ' image '),
 ('227', 'slug', '0', 'en_us', ' feature little church '),
 ('227', 'title', '0', 'en_us', ' feature little church '),
 ('61', 'field', '38', 'en_us', ' how we became the little church around the corner '),
 ('61', 'field', '39', 'en_us', ' from our founding in 1848 to the civil war and our longstanding ties to the theater discover the vibrant history of our little church '),
 ('228', 'filename', '0', 'en_us', ' feature little church jpg '),
 ('228', 'extension', '0', 'en_us', ' jpg '),
 ('228', 'kind', '0', 'en_us', ' image '),
 ('228', 'slug', '0', 'en_us', ' feature little church '),
 ('228', 'title', '0', 'en_us', ' feature little church '),
 ('229', 'field', '24', 'en_us', ' associate rector '),
 ('229', 'field', '1', 'en_us', ' fr patrick cheng has served on the staff of the church of the transfiguration since 2015 first as an associate priest and currently as the associate rector prior to his arrival at the little church fr cheng taught historical and systematic theology at the episcopal divinity school in cambridge massachusetts and served as the pastoral assistant at emmanuel church in the city of boston in addition to his ministry at transfiguration fr cheng works for a national agency of the episcopal church and he serves on the board of trustees of the anglican theological review he holds degrees from yale college harvard law school and union theological seminary in the city of new york for more information about fr cheng please see his website atwww patrickcheng net '),
 ('94', 'field', '28', 'en_us', ' i was paging my way throughholy women holy menon a fact checking mission when i came across the entry for december 16th i was stunned to see that this day had been set apart to honor two architects and an artist whose work was represented here at transfiguration ralph adams cram designer of st thomas church nyc and the nave of the cathedral of st john the divine richard upjohn the designer of trinity church on wall street in lower manhattan and john lafarge painter of murals and designer of many notable stained glass windows john lafarge s magnificent window depicting edwin booth john lafarge s magnificent window depicting edwin booth 1 edwin booth window verticle vertical holy women holy menencourages us to offer thanks for the vision of ralph adams cram john lafarge and richard upjohn whose harmonious revival of the gothic enriched our churches with a sacramental understanding of reality in the face of secular materialism ralph adams cram was the designer of our beautiful polychromed wood madonna shrine located in the transept it was donated by mr f e saxham drury in memory of elbridge t gerry and mabel gerry drury turn to your right and there is john lafarge s magnificent window depicting edwin booth the leading shakespearean actor of his time holding a mask and dressed in greco roman costume edwin booth was the brother of the notorious john wilkes booth president lincoln s assassin the window was given in his memory in 1898 by members of the players club which he founded and a few steps away near the chancel on the northeast side of the nave stands richard upjohn s beautiful and intricate brass filigree pulpit richard upjohn s beautiful and intricate brass filigree pulpit richard upjohn s beautiful and intricate brass filigree pulpit 1 richard upjohn brass filigree pulpit horizontal how fortunate we are to have works by all three of these masters under the roof of the little church i will give thanks when december 16throlls around holy women holy men celebrating the saints by church publishing incorporated '),
 ('532', 'slug', '0', 'en_us', ' visit '),
 ('532', 'title', '0', 'en_us', ' plan your visit '),
 ('532', 'field', '11', 'en_us', ' hero visit '),
 ('532', 'field', '3', 'en_us', ''),
 ('532', 'field', '27', 'en_us', ' jesse anders on point images '),
 ('219', 'filename', '0', 'en_us', ' ralph adams cram madonna shrine jpg '),
 ('219', 'extension', '0', 'en_us', ' jpg '),
 ('76', 'field', '24', 'en_us', ' deacon '),
 ('76', 'field', '1', 'en_us', ' the rev deacon ian betts was born and raised in canada to a roman catholic mother and a protestant father so he had the best of both worlds as far as his religious backgrounds are concerned he later discovered that his father s family was not only protestant but anglican so ultimately he has come back home to the anglican communion ian immigrated to the us in 1984 for a year to finish his dance training at the martha graham school of contemporary dance he ended up staying to finish his dance education at the school for another 3 years and then began his performing career with one of his graham teachers pearl lang ian danced for pearl for 17 years until she s closed her company in 1985 through a friend ian discovered the episcopal church of the good shepherd on east 31st st after 9 years into his life at the parish the diaconate was brought to the diocese of new york by bishop richard grein and it became clear to him that he was called to the diaconate his rector at the time highly recommended that he pursue this calling and in 1998 he was ordained deacon in 2002 ian s rector retired so he moved to the cathedral of saint john the divine for 8 years when that term ended bishop andrew st john invited ian to join transfiguration where he is now celebrating 8 years at this wonderful parish ian supports his ministry and life by working at a mid town law firm as an administrative assistant he has been working with lawyers since 1985 and grateful for their support of his extracurricular activities for over 32 year '),
 ('76', 'field', '10', 'en_us', ' bio ian betts '),
 ('76', 'slug', '0', 'en_us', ' ian betts '),
 ('76', 'title', '0', 'en_us', ' the rev ian betts ');
INSERT INTO `craft_searchindex` (`elementId`, `attribute`, `fieldId`, `locale`, `keywords`) VALUES
 ('78', 'field', '24', 'en_us', ' rector '),
 ('78', 'field', '1', 'en_us', ' fr john david van dooren is a native of north carolina and was graduated from the university of north carolina 1982 and the virginia theological seminary 1987 his first field assignment was to an anglo catholic parish one of the only few in the the area there fr van dooren was introduced to a spirituality that would define his eventual priesthood and lead him to a lifelong commitment to urban ministry after beginning his ordained life as chaplain and track and field coach at st stephen s episcopal school in alexandria va a happy period of life other than wrecking two school busses fr van dooren served as curate of all souls episcopal church in washington dc he then served as an assistant priest at st martin s in the field severna park md before being called back to all souls as their sixth rector after 14 years as rector fr van dooren accepted the call to the church of the atonement in chicago where he served as rector for eleven and half years fr van dooren was elected the eighth rector of transfiguration in early 2017 he has shared the past 30 years of life with gary norcross '),
 ('78', 'field', '10', 'en_us', ' bio john david van dooren '),
 ('78', 'slug', '0', 'en_us', ' carl avidano '),
 ('78', 'title', '0', 'en_us', ' the rev john david van dooren '),
 ('94', 'field', '27', 'en_us', ' corey schneider '),
 ('187', 'title', '0', 'en_us', ' marquee 03 '),
 ('167', 'extension', '0', 'en_us', ' png '),
 ('167', 'filename', '0', 'en_us', ' btn twitter png '),
 ('166', 'title', '0', 'en_us', ' btn twiiter '),
 ('87', 'field', '27', 'en_us', ''),
 ('69', 'field', '27', 'en_us', ''),
 ('187', 'kind', '0', 'en_us', ' image '),
 ('187', 'slug', '0', 'en_us', ' marquee 03 '),
 ('187', 'extension', '0', 'en_us', ' jpg '),
 ('186', 'title', '0', 'en_us', ' marquee 02 '),
 ('187', 'filename', '0', 'en_us', ' marquee 03 jpg '),
 ('87', 'field', '11', 'en_us', ' hero who we are '),
 ('87', 'field', '3', 'en_us', ' who we are '),
 ('87', 'field', '12', 'en_us', ' meet the little church staff '),
 ('321', 'field', '24', 'en_us', ' associate priest '),
 ('321', 'field', '1', 'en_us', ' the rev warren c platt is a native new yorker his first forebears having arrived in brooklyn in december 1849 he is a graduate of cornell university b a 1966 union theological seminary m div 1969 columbia university master of science in library science 1970 and columbia university ph d 1982 prior to his retirement in 2009 he worked at brooklyn public library and the research libraries of the new york public library at the latter institution he was responsible for collection development in the area of religion and cognate disciplines and he also wrote and edited the research guides which assisted readers in the utilization of the library s collections during this time he assisted at the church of the transfiguration celebrating mass as well as giving sermons and lectures he has been published in various academic journals principally in the areas of church history and library science and his current area of interest is the history of the rise of ritualism in nineteenth century episcopalianism '),
 ('87', 'field', '13', 'en_us', ' leadership the rev john david van dooren the rev dr patrick s cheng the rev dr warren c platt the rev alison turner the rev ian betts staff dr claudia dumschat elizabeth carr grace kobryn '),
 ('87', 'slug', '0', 'en_us', ' who we are '),
 ('87', 'title', '0', 'en_us', ' who we are '),
 ('88', 'field', '21', 'en_us', ' leadership '),
 ('88', 'field', '22', 'en_us', ' the rev john david van dooren the rev dr patrick s cheng the rev dr warren c platt the rev alison turner the rev ian betts '),
 ('88', 'slug', '0', 'en_us', ''),
 ('89', 'startdate', '0', 'en_us', ' 2017 08 01 '),
 ('89', 'enddate', '0', 'en_us', ' 2017 08 31 '),
 ('89', 'summary', '0', 'en_us', ' undefined '),
 ('89', 'title', '0', 'en_us', ' this is a concert '),
 ('89', 'slug', '0', 'en_us', ' this is a concert '),
 ('163', 'kind', '0', 'en_us', ' image '),
 ('163', 'slug', '0', 'en_us', ' btn toggle menu '),
 ('163', 'title', '0', 'en_us', ' btn toggle menu '),
 ('94', 'slug', '0', 'en_us', ' good things come in threes '),
 ('94', 'field', '26', 'en_us', ' mary jane gocher '),
 ('94', 'field', '25', 'en_us', ' ralph adams cram madonna shrine '),
 ('184', 'title', '0', 'en_us', ' little church logo '),
 ('184', 'slug', '0', 'en_us', ' little church logo '),
 ('184', 'kind', '0', 'en_us', ' image '),
 ('94', 'title', '0', 'en_us', ' good things come in threes '),
 ('166', 'kind', '0', 'en_us', ' image '),
 ('166', 'slug', '0', 'en_us', ' btn twiiter '),
 ('166', 'extension', '0', 'en_us', ' svg '),
 ('166', 'filename', '0', 'en_us', ' btn twiiter svg '),
 ('165', 'title', '0', 'en_us', ' btn twiiter '),
 ('165', 'slug', '0', 'en_us', ' btn twiiter '),
 ('165', 'kind', '0', 'en_us', ' image '),
 ('165', 'extension', '0', 'en_us', ' png '),
 ('165', 'filename', '0', 'en_us', ' btn twiiter png '),
 ('164', 'title', '0', 'en_us', ' btn toggle menu '),
 ('164', 'kind', '0', 'en_us', ' image '),
 ('164', 'slug', '0', 'en_us', ' btn toggle menu '),
 ('164', 'extension', '0', 'en_us', ' svg '),
 ('164', 'filename', '0', 'en_us', ' btn toggle menu svg '),
 ('162', 'title', '0', 'en_us', ' btn share twitter '),
 ('162', 'slug', '0', 'en_us', ' btn share twitter '),
 ('162', 'kind', '0', 'en_us', ' image '),
 ('162', 'extension', '0', 'en_us', ' svg '),
 ('162', 'filename', '0', 'en_us', ' btn share twitter svg '),
 ('161', 'title', '0', 'en_us', ' btn share twitter '),
 ('161', 'slug', '0', 'en_us', ' btn share twitter '),
 ('107', 'field', '29', 'en_us', ' i was paging my way throughholy women holy menon a fact checking mission when i came across the entry for december 16th i was stunned to see that this day had been set apart to honor two architects and an artist whose work was represented here at transfiguration ralph adams cram designer of st thomas church nyc and the nave of the cathedral of st john the divine richard upjohn the designer of trinity church on wall street in lower manhattan and john lafarge painter of murals and designer of many notable stained glass windows '),
 ('531', 'filename', '0', 'en_us', ' bio elizabeth carr jpg '),
 ('531', 'extension', '0', 'en_us', ' jpg '),
 ('531', 'kind', '0', 'en_us', ' image '),
 ('531', 'slug', '0', 'en_us', ' bio elizabeth carr '),
 ('531', 'title', '0', 'en_us', ' bio elizabeth carr '),
 ('108', 'field', '29', 'en_us', ' holy women holy menencourages us to offer thanks for the vision of ralph adams cram john lafarge and richard upjohn whose harmonious revival of the gothic enriched our churches with a sacramental understanding of reality in the face of secular materialism ralph adams cram was the designer of our beautiful polychromed wood madonna shrine located in the transept it was donated by mr f e saxham drury in memory of elbridge t gerry and mabel gerry drury turn to your right and there is john lafarge s magnificent window depicting edwin booth the leading shakespearean actor of his time holding a mask and dressed in greco roman costume edwin booth was the brother of the notorious john wilkes booth president lincoln s assassin the window was given in his memory in 1898 by members of the players club which he founded and a few steps away near the chancel on the northeast side of the nave stands richard upjohn s beautiful and intricate brass filigree pulpit '),
 ('122', 'field', '31', 'en_us', ' richard upjohn s beautiful and intricate brass filigree pulpit '),
 ('122', 'field', '32', 'en_us', ' richard upjohn s beautiful and intricate brass filigree pulpit '),
 ('122', 'field', '33', 'en_us', ' 1 '),
 ('107', 'slug', '0', 'en_us', ''),
 ('122', 'field', '30', 'en_us', ' richard upjohn brass filigree pulpit '),
 ('108', 'slug', '0', 'en_us', ''),
 ('111', 'field', '31', 'en_us', ' john lafarge s magnificent window depicting edwin booth '),
 ('111', 'field', '30', 'en_us', ' edwin booth window verticle '),
 ('186', 'kind', '0', 'en_us', ' image '),
 ('186', 'slug', '0', 'en_us', ' marquee 02 '),
 ('186', 'extension', '0', 'en_us', ' jpg '),
 ('185', 'title', '0', 'en_us', ' marquee 01 '),
 ('186', 'filename', '0', 'en_us', ' marquee 02 jpg '),
 ('111', 'field', '32', 'en_us', ' john lafarge s magnificent window depicting edwin booth '),
 ('111', 'field', '33', 'en_us', ' 1 '),
 ('111', 'slug', '0', 'en_us', ''),
 ('138', 'slug', '0', 'en_us', ' liturgy '),
 ('138', 'title', '0', 'en_us', ' liturgy '),
 ('138', 'kind', '0', 'en_us', ' image '),
 ('141', 'extension', '0', 'en_us', ' jpg '),
 ('141', 'filename', '0', 'en_us', ' who we are jpg '),
 ('65', 'field', '36', 'en_us', ' parish life '),
 ('142', 'filename', '0', 'en_us', ' bio ian betts jpg '),
 ('64', 'field', '36', 'en_us', ' music '),
 ('63', 'field', '36', 'en_us', ' liturgy '),
 ('62', 'field', '36', 'en_us', ' who we are '),
 ('138', 'filename', '0', 'en_us', ' liturgy jpg '),
 ('138', 'extension', '0', 'en_us', ' jpg '),
 ('115', 'field', '26', 'en_us', ' mary jane gocher ');
INSERT INTO `craft_searchindex` (`elementId`, `attribute`, `fieldId`, `locale`, `keywords`) VALUES
 ('115', 'field', '25', 'en_us', ' fr patrick and dog '),
 ('115', 'field', '27', 'en_us', ''),
 ('115', 'field', '28', 'en_us', ' sem natoque nulla ligula ullamcorper facilisi semper conubia inceptos a risus aptent egestas dictumst vulputate at ultrices fermentum pretium hendrerit ad a suspendisse tristique consequat torquent ipsum hac cum a at ac at phasellus id fringilla dis risus auctor himenaeos parturient ac vestibulum dis faucibus litora ultrices et facilisi neque suscipit ad torquent convallis cras nisl condimentum a suspendisse felis vestibulum ridiculus suscipit nunc dapibus ac velit a blessing of the animalseleifend ut vivamus parturient hendrerit est parturient a nec elit a ante nec adipiscing condimentum velit montes metus eu sagittis enim turpis a diam ultricies arcu curabitur dignissim eleifend non aliquam interdum ad nulla tincidunt aenean aptent fringilla consectetur primis neque id scelerisque laoreet ad scelerisque ligula ut vestibulum praesent cras a habitant consectetur purus parturient eu laoreet nam in hac inceptos in hendrerit lobortis sociosqu cum elit aliquam condimentum ad a vestibulum mi parturient auctor lectus suscipit curae litora lectus condimentum cubilia dui porttitor blandit ut faucibus penatibus a eros etiam pulvinar ultricies in a egestas vestibulum cum massa quisque interdum ullamcorper vestibulum parturient et mattis mi parturient sagittis praesent morbi netus condimentum fermentum ullamcorper ligula ante molestie hac phasellus facilisi class mattis blandit urna ridiculus ante magnis sociosqu a aliquet turpis ligula eros ad parturient parturient malesuada penatibus aliquet mi adipiscing ad pulvinar cubilia scelerisque laoreet penatibus vivamus a a scelerisque parturient ad massa cum nisi senectus massa taciti vestibulum accumsan magna in parturient nibh odio a mi velit erat ullamcorper rutrum lacus vestibulum donec sit duis maecenas nam hendrerit gravida sed turpis enim scelerisque senectus laoreet quam lectus id adipiscing adipiscing parturient ad condimentum at a ac lacus montes rhoncus arcu vel condimentum magnis venenatis praesent sem scelerisque dis eleifend urna gravida a ullamcorper a nisi ullamcorper sed lacus natoque vel nullam curabitur eu sem eu purus suspendisse et accumsan scelerisque adipiscing sit adipiscing suspendisse consectetur lacinia sociis commodo vestibulum natoque egestas ut faucibus fringilla habitasse elementum odio euismod adipiscing varius massa in parturient a gravida nostra sit facilisi parturient tempus parturient interdum leo dis ullamcorper scelerisque odio vulputate feugiat suspendisse a eu varius hac diam neque phasellus tempor aenean maecenas a neque sed a a tortor vestibulum ad eu aptent consectetur nullam tortor vestibulum facilisis pharetra imperdiet nullam rutrum sem suspendisse a litora a id eu lacinia elit mus morbi a in in sociosqu ad in id torquent sodales '),
 ('224', 'field', '29', 'en_us', ' besides being an oasis of rest and comfort for one and all the garden provides a small but significant ecological benefit for everyone the 4 230 square feet of plants shrubs and trees offset carbon emissions and the peace and quiet of the garden offer relief from the city s noise pollution birds stop by to dip their beaks in the fountain during the week it s a popular lunch spot for people who work in the neighborhood and on sundays in warm weather it s the site of coffeehour this past summer the garden was enhanced with the generous gift of an apple tree from frequent visitors to the church from the como hotel group this tree replaces one that was lost during hurricane sandy please stop by if you re in the neighborhood you will always be welcomehere '),
 ('115', 'slug', '0', 'en_us', ' this is another article '),
 ('115', 'title', '0', 'en_us', ' do all dogs go to heaven '),
 ('116', 'field', '29', 'en_us', ' sem natoque nulla ligula ullamcorper facilisi semper conubia inceptos a risus aptent egestas dictumst vulputate at ultrices fermentum pretium hendrerit ad a suspendisse tristique consequat torquent ipsum hac cum a at ac at phasellus id fringilla dis risus auctor himenaeos parturient ac vestibulum dis faucibus litora ultrices et facilisi neque suscipit ad torquent convallis cras nisl condimentum a suspendisse felis vestibulum ridiculus suscipit nunc dapibus ac velit a blessing of the animalseleifend ut vivamus parturient hendrerit est parturient a nec elit a ante nec adipiscing condimentum velit montes metus eu sagittis enim turpis a diam ultricies arcu curabitur dignissim eleifend non aliquam interdum ad nulla tincidunt aenean aptent fringilla consectetur primis neque id scelerisque laoreet ad scelerisque ligula ut vestibulum praesent cras a habitant consectetur purus parturient eu laoreet nam in hac inceptos in hendrerit lobortis sociosqu cum elit aliquam condimentum ad a vestibulum mi parturient auctor lectus suscipit curae litora lectus condimentum cubilia dui porttitor blandit ut faucibus penatibus a eros etiam pulvinar ultricies in a egestas vestibulum cum massa quisque interdum ullamcorper vestibulum parturient et mattis mi parturient sagittis praesent morbi netus condimentum fermentum ullamcorper ligula ante molestie hac phasellus facilisi class mattis blandit urna ridiculus ante magnis sociosqu a aliquet turpis ligula eros ad parturient parturient malesuada penatibus aliquet mi adipiscing ad pulvinar cubilia scelerisque laoreet penatibus vivamus a a scelerisque parturient ad massa cum nisi senectus massa taciti vestibulum accumsan magna in parturient nibh odio a mi velit erat ullamcorper rutrum lacus vestibulum donec sit duis maecenas nam hendrerit gravida sed turpis enim scelerisque senectus laoreet quam lectus id adipiscing adipiscing parturient ad condimentum at a ac lacus montes rhoncus arcu vel condimentum magnis venenatis praesent sem scelerisque dis eleifend urna gravida a ullamcorper a nisi ullamcorper sed lacus natoque vel nullam curabitur eu sem eu purus suspendisse et accumsan scelerisque adipiscing sit adipiscing suspendisse consectetur lacinia sociis commodo vestibulum natoque egestas ut faucibus fringilla habitasse elementum odio euismod adipiscing varius massa in parturient a gravida nostra sit facilisi parturient tempus parturient interdum leo dis ullamcorper scelerisque odio vulputate feugiat suspendisse a eu varius hac diam neque phasellus tempor aenean maecenas a neque sed a a tortor vestibulum ad eu aptent consectetur nullam tortor vestibulum facilisis pharetra imperdiet nullam rutrum sem suspendisse a litora a id eu lacinia elit mus morbi a in in sociosqu ad in id torquent sodales '),
 ('221', 'field', '26', 'en_us', ' mary jane gocher '),
 ('221', 'field', '25', 'en_us', ' the garden '),
 ('221', 'field', '27', 'en_us', ' ahron r foster photography '),
 ('221', 'field', '28', 'en_us', ' besides being an oasis of rest and comfort for one and all the garden provides a small but significant ecological benefit for everyone the 4 230 square feet of plants shrubs and trees offset carbon emissions and the peace and quiet of the garden offer relief from the city s noise pollution birds stop by to dip their beaks in the fountain during the week it s a popular lunch spot for people who work in the neighborhood and on sundays in warm weather it s the site of coffeehour this past summer the garden was enhanced with the generous gift of an apple tree from frequent visitors to the church from the como hotel group this tree replaces one that was lost during hurricane sandy please stop by if you re in the neighborhood you will always be welcomehere '),
 ('221', 'slug', '0', 'en_us', ' the garden '),
 ('221', 'title', '0', 'en_us', ' the garden '),
 ('223', 'filename', '0', 'en_us', ' the garden jpg '),
 ('223', 'extension', '0', 'en_us', ' jpg '),
 ('223', 'kind', '0', 'en_us', ' image '),
 ('223', 'slug', '0', 'en_us', ' the garden '),
 ('223', 'title', '0', 'en_us', ' the garden '),
 ('116', 'slug', '0', 'en_us', ''),
 ('184', 'extension', '0', 'en_us', ' svg '),
 ('184', 'filename', '0', 'en_us', ' little church logo svg '),
 ('142', 'extension', '0', 'en_us', ' jpg '),
 ('141', 'kind', '0', 'en_us', ' image '),
 ('141', 'slug', '0', 'en_us', ' who we are '),
 ('140', 'filename', '0', 'en_us', ' parish life jpg '),
 ('141', 'title', '0', 'en_us', ' who we are '),
 ('140', 'slug', '0', 'en_us', ' parish life '),
 ('140', 'extension', '0', 'en_us', ' jpg '),
 ('140', 'kind', '0', 'en_us', ' image '),
 ('139', 'title', '0', 'en_us', ' music '),
 ('139', 'slug', '0', 'en_us', ' music '),
 ('139', 'filename', '0', 'en_us', ' music jpg '),
 ('139', 'extension', '0', 'en_us', ' jpg '),
 ('139', 'kind', '0', 'en_us', ' image '),
 ('131', 'filename', '0', 'en_us', ' marquee 01 jpg '),
 ('131', 'extension', '0', 'en_us', ' jpg '),
 ('131', 'kind', '0', 'en_us', ' image '),
 ('131', 'slug', '0', 'en_us', ' marquee 01 '),
 ('131', 'title', '0', 'en_us', ' marquee 01 '),
 ('111', 'field', '34', 'en_us', ' vertical '),
 ('122', 'field', '34', 'en_us', ' horizontal '),
 ('122', 'slug', '0', 'en_us', ''),
 ('521', 'filename', '0', 'en_us', ' bio claudia dumschat_170924_225918 jpg '),
 ('126', 'field', '29', 'en_us', ' how fortunate we are to have works by all three of these masters under the roof of the little church i will give thanks when december 16throlls around '),
 ('126', 'slug', '0', 'en_us', ''),
 ('185', 'kind', '0', 'en_us', ' image '),
 ('185', 'slug', '0', 'en_us', ' marquee 01 '),
 ('185', 'extension', '0', 'en_us', ' jpg '),
 ('185', 'filename', '0', 'en_us', ' marquee 01 jpg '),
 ('219', 'kind', '0', 'en_us', ' image '),
 ('219', 'slug', '0', 'en_us', ' ralph adams cram madonna shrine '),
 ('191', 'filename', '0', 'en_us', ' liturgy jpg '),
 ('191', 'extension', '0', 'en_us', ' jpg '),
 ('191', 'kind', '0', 'en_us', ' image '),
 ('191', 'slug', '0', 'en_us', ' liturgy '),
 ('191', 'title', '0', 'en_us', ' liturgy '),
 ('192', 'filename', '0', 'en_us', ' music jpg '),
 ('192', 'extension', '0', 'en_us', ' jpg '),
 ('192', 'kind', '0', 'en_us', ' image '),
 ('192', 'slug', '0', 'en_us', ' music '),
 ('192', 'title', '0', 'en_us', ' music '),
 ('193', 'filename', '0', 'en_us', ' parish life jpg '),
 ('193', 'extension', '0', 'en_us', ' jpg '),
 ('193', 'kind', '0', 'en_us', ' image '),
 ('193', 'slug', '0', 'en_us', ' parish life '),
 ('193', 'title', '0', 'en_us', ' parish life '),
 ('194', 'filename', '0', 'en_us', ' who we are jpg '),
 ('194', 'extension', '0', 'en_us', ' jpg '),
 ('194', 'kind', '0', 'en_us', ' image '),
 ('194', 'slug', '0', 'en_us', ' who we are '),
 ('194', 'title', '0', 'en_us', ' who we are '),
 ('195', 'filename', '0', 'en_us', ' 01 jpg '),
 ('195', 'extension', '0', 'en_us', ' jpg '),
 ('195', 'kind', '0', 'en_us', ' image '),
 ('195', 'slug', '0', 'en_us', ' 01 '),
 ('195', 'title', '0', 'en_us', ' 01 '),
 ('196', 'filename', '0', 'en_us', ' 02 jpg '),
 ('196', 'extension', '0', 'en_us', ' jpg '),
 ('196', 'kind', '0', 'en_us', ' image '),
 ('196', 'slug', '0', 'en_us', ' 02 '),
 ('196', 'title', '0', 'en_us', ' 02 '),
 ('197', 'filename', '0', 'en_us', ' 03 jpg '),
 ('197', 'extension', '0', 'en_us', ' jpg '),
 ('197', 'kind', '0', 'en_us', ' image '),
 ('197', 'slug', '0', 'en_us', ' 03 '),
 ('197', 'title', '0', 'en_us', ' 03 '),
 ('198', 'filename', '0', 'en_us', ' 04 jpg '),
 ('198', 'extension', '0', 'en_us', ' jpg '),
 ('198', 'kind', '0', 'en_us', ' image '),
 ('198', 'slug', '0', 'en_us', ' 04 '),
 ('198', 'title', '0', 'en_us', ' 04 '),
 ('199', 'filename', '0', 'en_us', ' 05 jpg '),
 ('199', 'extension', '0', 'en_us', ' jpg '),
 ('199', 'kind', '0', 'en_us', ' image '),
 ('199', 'slug', '0', 'en_us', ' 05 '),
 ('199', 'title', '0', 'en_us', ' 05 '),
 ('200', 'filename', '0', 'en_us', ' 06 jpg '),
 ('200', 'extension', '0', 'en_us', ' jpg '),
 ('200', 'kind', '0', 'en_us', ' image '),
 ('200', 'slug', '0', 'en_us', ' 06 ');
INSERT INTO `craft_searchindex` (`elementId`, `attribute`, `fieldId`, `locale`, `keywords`) VALUES
 ('200', 'title', '0', 'en_us', ' 06 '),
 ('201', 'filename', '0', 'en_us', ' 07 jpg '),
 ('201', 'extension', '0', 'en_us', ' jpg '),
 ('201', 'kind', '0', 'en_us', ' image '),
 ('201', 'slug', '0', 'en_us', ' 07 '),
 ('201', 'title', '0', 'en_us', ' 07 '),
 ('202', 'filename', '0', 'en_us', ' wheelchair access png '),
 ('202', 'extension', '0', 'en_us', ' png '),
 ('202', 'kind', '0', 'en_us', ' image '),
 ('202', 'slug', '0', 'en_us', ' wheelchair access '),
 ('202', 'title', '0', 'en_us', ' wheelchair access '),
 ('203', 'filename', '0', 'en_us', ' wheelchair access svg '),
 ('203', 'extension', '0', 'en_us', ' svg '),
 ('203', 'kind', '0', 'en_us', ' image '),
 ('203', 'slug', '0', 'en_us', ' wheelchair access '),
 ('203', 'title', '0', 'en_us', ' wheelchair access '),
 ('204', 'filename', '0', 'en_us', ' figure window jpg '),
 ('204', 'extension', '0', 'en_us', ' jpg '),
 ('204', 'kind', '0', 'en_us', ' image '),
 ('204', 'slug', '0', 'en_us', ' figure window '),
 ('204', 'title', '0', 'en_us', ' figure window '),
 ('205', 'filename', '0', 'en_us', ' ralph adams cram madonna shrine jpg '),
 ('205', 'extension', '0', 'en_us', ' jpg '),
 ('205', 'kind', '0', 'en_us', ' image '),
 ('205', 'slug', '0', 'en_us', ' blog 01 '),
 ('205', 'title', '0', 'en_us', ' ralph adams cram madonna shrine '),
 ('206', 'filename', '0', 'en_us', ' fr patrick and dog jpg '),
 ('206', 'extension', '0', 'en_us', ' jpg '),
 ('206', 'kind', '0', 'en_us', ' image '),
 ('206', 'slug', '0', 'en_us', ' fr patrick and dog '),
 ('206', 'title', '0', 'en_us', ' fr patrick and dog '),
 ('207', 'field', '10', 'en_us', ''),
 ('207', 'field', '3', 'en_us', ''),
 ('207', 'filename', '0', 'en_us', ' hero welcome jpg '),
 ('207', 'extension', '0', 'en_us', ' jpg '),
 ('207', 'kind', '0', 'en_us', ' image '),
 ('207', 'slug', '0', 'en_us', ' hero welcome '),
 ('207', 'title', '0', 'en_us', ' hero welcome '),
 ('208', 'field', '10', 'en_us', ''),
 ('208', 'field', '3', 'en_us', ''),
 ('208', 'filename', '0', 'en_us', ' hero who we are jpg '),
 ('208', 'extension', '0', 'en_us', ' jpg '),
 ('208', 'kind', '0', 'en_us', ' image '),
 ('208', 'slug', '0', 'en_us', ' hero who we are '),
 ('208', 'title', '0', 'en_us', ' hero who we are '),
 ('209', 'filename', '0', 'en_us', ' bio ian betts jpg '),
 ('209', 'extension', '0', 'en_us', ' jpg '),
 ('209', 'kind', '0', 'en_us', ' image '),
 ('209', 'slug', '0', 'en_us', ' bio ian betts '),
 ('209', 'title', '0', 'en_us', ' bio ian betts '),
 ('210', 'filename', '0', 'en_us', ' bio john david van dooren jpg '),
 ('210', 'extension', '0', 'en_us', ' jpg '),
 ('210', 'kind', '0', 'en_us', ' image '),
 ('210', 'slug', '0', 'en_us', ' bio john david van dooren '),
 ('210', 'title', '0', 'en_us', ' bio john david van dooren '),
 ('211', 'filename', '0', 'en_us', ' edwin booth window verticle jpg '),
 ('211', 'extension', '0', 'en_us', ' jpg '),
 ('211', 'kind', '0', 'en_us', ' image '),
 ('211', 'slug', '0', 'en_us', ' edwin booth window verticle '),
 ('211', 'title', '0', 'en_us', ' edwin booth window verticle '),
 ('213', 'filename', '0', 'en_us', ' fr patrick and dog jpg '),
 ('213', 'extension', '0', 'en_us', ' jpg '),
 ('213', 'kind', '0', 'en_us', ' image '),
 ('213', 'slug', '0', 'en_us', ' fr patrick and dog '),
 ('213', 'title', '0', 'en_us', ' fr patrick and dog '),
 ('214', 'filename', '0', 'en_us', ' fr patrick and dog jpg '),
 ('214', 'extension', '0', 'en_us', ' jpg '),
 ('214', 'kind', '0', 'en_us', ' image '),
 ('214', 'slug', '0', 'en_us', ' fr patrick and dog '),
 ('214', 'title', '0', 'en_us', ' fr patrick and dog '),
 ('215', 'filename', '0', 'en_us', ' placeholder jpg '),
 ('215', 'extension', '0', 'en_us', ' jpg '),
 ('215', 'kind', '0', 'en_us', ' image '),
 ('215', 'slug', '0', 'en_us', ' placeholder '),
 ('215', 'title', '0', 'en_us', ' placeholder '),
 ('216', 'filename', '0', 'en_us', ' richard upjohn brass filigree pulpit jpg '),
 ('216', 'extension', '0', 'en_us', ' jpg '),
 ('216', 'kind', '0', 'en_us', ' image '),
 ('216', 'slug', '0', 'en_us', ' richard upjohn brass filigree pulpit '),
 ('216', 'title', '0', 'en_us', ' richard upjohn brass filigree pulpit '),
 ('219', 'title', '0', 'en_us', ' ralph adams cram madonna shrine '),
 ('218', 'field', '35', 'en_us', ' holy women holy men celebrating the saints by church publishing incorporated '),
 ('218', 'slug', '0', 'en_us', ''),
 ('313', 'kind', '0', 'en_us', ' image '),
 ('311', 'filename', '0', 'en_us', ' bio warren c platt jpg '),
 ('311', 'extension', '0', 'en_us', ' jpg '),
 ('311', 'kind', '0', 'en_us', ' image '),
 ('311', 'slug', '0', 'en_us', ' bio warren c platt '),
 ('311', 'title', '0', 'en_us', ' bio warren c platt '),
 ('313', 'filename', '0', 'en_us', ' bio grace kobryn jpg '),
 ('313', 'extension', '0', 'en_us', ' jpg '),
 ('309', 'slug', '0', 'en_us', ' bio patrick cheng '),
 ('309', 'title', '0', 'en_us', ' bio patrick cheng '),
 ('231', 'field', '10', 'en_us', ''),
 ('231', 'field', '3', 'en_us', ''),
 ('231', 'filename', '0', 'en_us', ' hero our mission jpg '),
 ('231', 'extension', '0', 'en_us', ' jpg '),
 ('231', 'kind', '0', 'en_us', ' image '),
 ('231', 'slug', '0', 'en_us', ' hero our mission '),
 ('231', 'title', '0', 'en_us', ' hero our mission ');
INSERT INTO `craft_searchindex` (`elementId`, `attribute`, `fieldId`, `locale`, `keywords`) VALUES
 ('309', 'kind', '0', 'en_us', ' image '),
 ('309', 'extension', '0', 'en_us', ' jpg '),
 ('317', 'filename', '0', 'en_us', ' bio grace kobryn jpg '),
 ('316', 'title', '0', 'en_us', ' bio claudia dumschat '),
 ('316', 'slug', '0', 'en_us', ' bio claudia dumschat '),
 ('316', 'filename', '0', 'en_us', ' bio claudia dumschat jpg '),
 ('316', 'extension', '0', 'en_us', ' jpg '),
 ('309', 'filename', '0', 'en_us', ' bio patrick cheng jpg '),
 ('345', 'field', '49', 'en_us', ''),
 ('313', 'slug', '0', 'en_us', ' bio grace kobryn '),
 ('234', 'field', '11', 'en_us', ' hero our history '),
 ('234', 'field', '27', 'en_us', ''),
 ('234', 'field', '3', 'en_us', ''),
 ('234', 'field', '12', 'en_us', ' church of the transfiguration parish was founded in 1848 the building itself dates from 1850 it was made a national landmark in 1973 the founder the rev dr george hendric houghton wanted to build a church that would serve the needs of the poor and marginalized and would welcome all regardless of race class or background '),
 ('234', 'field', '13', 'en_us', ' the civil war the parish had only been established for a few years when the civil war broke out during this time the church was a stop on the underground railroad sheltering escaped slaves on their journey north it was a place of refuge for african americans during the new york draft riots of 1863three days of lawlessness destruction bloodshed and lynchings the nickname a few days before christmas in 1890 joseph jefferson an actor renowned for his portrayal of rip van winkle approached the rector of the now defunct church of the atonement to request a funeral for his friend and fellow actor george holland upon learning that the deceased was an actor the rector refused to hold a funeral for the man in his church joseph jefferson persisted and asked if there was a church in the area that would hold services for his friend the rector said i believe there is a little church around the corner where it might be done jefferson replied then i say to you sir god bless the little church around the corner the joseph jefferson window at the church of the transfiguration detail of the the joseph jefferson window located in the main church figure window the theatre to this day the church maintains close ties with the theatre it has served as the national headquarters of the episcopal actors guild since its founding in 1923 by the third rector dr randolph ray weddings our historic buildings and lovely garden have drawn couples from all over the world to be married here these couples are members of the little family and many have stayed in touch with us over the years continuing its long tradition of inclusiveness the little church is proud to have celebrated the first same sex wedding in the diocese of new york in july 2012 and has performed several more since the formal rite of blessing of a lifelong covenant was adopted by the general convention we invite you to stop by for a visit join us in worship or simply contact us for more information '),
 ('234', 'slug', '0', 'en_us', ' our history '),
 ('234', 'title', '0', 'en_us', ' a brief history '),
 ('235', 'field', '10', 'en_us', ''),
 ('235', 'field', '3', 'en_us', ''),
 ('235', 'filename', '0', 'en_us', ' hero our history jpg '),
 ('235', 'extension', '0', 'en_us', ' jpg '),
 ('235', 'kind', '0', 'en_us', ' image '),
 ('235', 'slug', '0', 'en_us', ' hero our history '),
 ('235', 'title', '0', 'en_us', ' hero our history '),
 ('236', 'field', '14', 'en_us', ' the civil war the parish had only been established for a few years when the civil war broke out during this time the church was a stop on the underground railroad sheltering escaped slaves on their journey north it was a place of refuge for african americans during the new york draft riots of 1863three days of lawlessness destruction bloodshed and lynchings the nickname a few days before christmas in 1890 joseph jefferson an actor renowned for his portrayal of rip van winkle approached the rector of the now defunct church of the atonement to request a funeral for his friend and fellow actor george holland upon learning that the deceased was an actor the rector refused to hold a funeral for the man in his church joseph jefferson persisted and asked if there was a church in the area that would hold services for his friend the rector said i believe there is a little church around the corner where it might be done jefferson replied then i say to you sir god bless the little church around the corner '),
 ('236', 'slug', '0', 'en_us', ''),
 ('239', 'field', '3', 'en_us', ''),
 ('239', 'field', '12', 'en_us', ' building community is an important part of church of the transfiguration both spiritually and socially many of our parishioners gather each weekon thursdayto participate in worship and bible study while others enjoy going to a local restaurant aftersundaymass to enjoy brunch and social fellowship '),
 ('239', 'field', '27', 'en_us', ''),
 ('239', 'field', '11', 'en_us', ' hero parish life '),
 ('238', 'field', '10', 'en_us', ''),
 ('238', 'field', '3', 'en_us', ''),
 ('238', 'filename', '0', 'en_us', ' hero parish life jpg '),
 ('238', 'extension', '0', 'en_us', ' jpg '),
 ('238', 'kind', '0', 'en_us', ' image '),
 ('238', 'slug', '0', 'en_us', ' hero parish life '),
 ('238', 'title', '0', 'en_us', ' hero parish life '),
 ('239', 'field', '13', 'en_us', ' coffee conversation and community sundaycoffee hours also afford parishioners and newcomers opportunities to interact and to build relationships that often result in invitations to break bread or to take advantage of the many cultural events in new york fundraisers like our spring music gala are also a great way to interact with fellow parishioners and to enjoy the talent and hospitality of our parish sign up for ourweeklyfridayblastsand checkour calendarfor upcoming events and opportunities to participate in the robust parish life of church of the transfiguration '),
 ('239', 'slug', '0', 'en_us', ' parish life '),
 ('239', 'title', '0', 'en_us', ' parish life '),
 ('240', 'field', '14', 'en_us', ' coffee conversation and community sundaycoffee hours also afford parishioners and newcomers opportunities to interact and to build relationships that often result in invitations to break bread or to take advantage of the many cultural events in new york fundraisers like our spring music gala are also a great way to interact with fellow parishioners and to enjoy the talent and hospitality of our parish sign up for ourweeklyfridayblastsand checkour calendarfor upcoming events and opportunities to participate in the robust parish life of church of the transfiguration '),
 ('240', 'slug', '0', 'en_us', ''),
 ('243', 'extension', '0', 'en_us', ' jpg '),
 ('243', 'kind', '0', 'en_us', ' image '),
 ('243', 'slug', '0', 'en_us', ' hero worship schedule '),
 ('243', 'title', '0', 'en_us', ' hero worship schedule '),
 ('243', 'filename', '0', 'en_us', ' hero worship schedule jpg '),
 ('243', 'field', '10', 'en_us', ''),
 ('243', 'field', '3', 'en_us', ''),
 ('244', 'field', '11', 'en_us', ' hero worship schedule '),
 ('244', 'field', '27', 'en_us', ''),
 ('244', 'field', '3', 'en_us', ''),
 ('244', 'field', '12', 'en_us', ' the cornerstone of transfiguration s spirituality is how we express and demonstrate god s inclusive love through liturgy music and worship as an anglo catholic parish transfiguration honors traditional liturgy with a full complement of meaningful preaching and music '),
 ('244', 'field', '13', 'en_us', ' at the center of our worship is emphasis on both word and table little church clergy are considered excellent preachers who connect lectionary readings with biblical context and current challenges with a smattering of personal stories and humor transfiguration acolytes do an extraordinary job in ensuring the eucharist is celebrated with majesty and dignity and the authentic expertise of our choirs draws worshippers closer to the love of jesus christ through some of the most beloved hymns of the church below is the current worship schedule please consider joining us '),
 ('244', 'slug', '0', 'en_us', ' worship schedule '),
 ('244', 'title', '0', 'en_us', ' worship schedule '),
 ('245', 'field', '14', 'en_us', ' at the center of our worship is emphasis on both word and table little church clergy are considered excellent preachers who connect lectionary readings with biblical context and current challenges with a smattering of personal stories and humor transfiguration acolytes do an extraordinary job in ensuring the eucharist is celebrated with majesty and dignity and the authentic expertise of our choirs draws worshippers closer to the love of jesus christ through some of the most beloved hymns of the church below is the current worship schedule please consider joining us '),
 ('245', 'slug', '0', 'en_us', ''),
 ('246', 'filename', '0', 'en_us', ' hero liturgy jpg '),
 ('246', 'extension', '0', 'en_us', ' jpg '),
 ('246', 'kind', '0', 'en_us', ' image '),
 ('246', 'slug', '0', 'en_us', ' hero liturgy '),
 ('246', 'title', '0', 'en_us', ' hero liturgy '),
 ('247', 'filename', '0', 'en_us', ' hero our history jpg '),
 ('247', 'extension', '0', 'en_us', ' jpg '),
 ('247', 'kind', '0', 'en_us', ' image '),
 ('247', 'slug', '0', 'en_us', ' hero our history '),
 ('247', 'title', '0', 'en_us', ' hero our history '),
 ('248', 'filename', '0', 'en_us', ' hero our mission jpg '),
 ('248', 'extension', '0', 'en_us', ' jpg '),
 ('248', 'kind', '0', 'en_us', ' image '),
 ('248', 'slug', '0', 'en_us', ' hero our mission '),
 ('248', 'title', '0', 'en_us', ' hero our mission '),
 ('249', 'filename', '0', 'en_us', ' hero parish life jpg '),
 ('249', 'extension', '0', 'en_us', ' jpg '),
 ('249', 'kind', '0', 'en_us', ' image '),
 ('249', 'slug', '0', 'en_us', ' hero parish life '),
 ('249', 'title', '0', 'en_us', ' hero parish life '),
 ('250', 'filename', '0', 'en_us', ' hero worship schedule jpg '),
 ('250', 'extension', '0', 'en_us', ' jpg '),
 ('250', 'kind', '0', 'en_us', ' image '),
 ('250', 'slug', '0', 'en_us', ' hero worship schedule '),
 ('250', 'title', '0', 'en_us', ' hero worship schedule '),
 ('251', 'field', '10', 'en_us', ''),
 ('251', 'field', '3', 'en_us', ''),
 ('251', 'filename', '0', 'en_us', ' hero liturgy jpg '),
 ('251', 'extension', '0', 'en_us', ' jpg '),
 ('251', 'kind', '0', 'en_us', ' image '),
 ('251', 'slug', '0', 'en_us', ' hero liturgy '),
 ('251', 'title', '0', 'en_us', ' hero liturgy '),
 ('254', 'field', '41', 'en_us', ' 01 '),
 ('253', 'filename', '0', 'en_us', ' 01 jpg '),
 ('253', 'extension', '0', 'en_us', ' jpg '),
 ('253', 'kind', '0', 'en_us', ' image '),
 ('253', 'slug', '0', 'en_us', ' 01 '),
 ('253', 'title', '0', 'en_us', ' 01 '),
 ('254', 'slug', '0', 'en_us', ' lich gate '),
 ('254', 'title', '0', 'en_us', ' lychgate '),
 ('262', 'kind', '0', 'en_us', ' image '),
 ('262', 'slug', '0', 'en_us', ' 03 ');
INSERT INTO `craft_searchindex` (`elementId`, `attribute`, `fieldId`, `locale`, `keywords`) VALUES
 ('262', 'extension', '0', 'en_us', ' jpg '),
 ('262', 'filename', '0', 'en_us', ' 03 jpg '),
 ('263', 'kind', '0', 'en_us', ' image '),
 ('263', 'slug', '0', 'en_us', ' 04 '),
 ('263', 'extension', '0', 'en_us', ' jpg '),
 ('263', 'filename', '0', 'en_us', ' 04 jpg '),
 ('264', 'kind', '0', 'en_us', ' image '),
 ('264', 'slug', '0', 'en_us', ' 05 '),
 ('264', 'extension', '0', 'en_us', ' jpg '),
 ('264', 'filename', '0', 'en_us', ' 05 jpg '),
 ('265', 'kind', '0', 'en_us', ' image '),
 ('265', 'slug', '0', 'en_us', ' 06 '),
 ('265', 'extension', '0', 'en_us', ' jpg '),
 ('265', 'filename', '0', 'en_us', ' 06 jpg '),
 ('266', 'kind', '0', 'en_us', ' image '),
 ('266', 'slug', '0', 'en_us', ' 07 '),
 ('266', 'extension', '0', 'en_us', ' jpg '),
 ('266', 'filename', '0', 'en_us', ' 07 jpg '),
 ('267', 'field', '27', 'en_us', ''),
 ('267', 'field', '42', 'en_us', ' the holy family chapel is open monday through friday every day it receives a steady stream of visitors who come in for a quiet moment to light a candle or to attend the daily mass or prayer services its most memorable feature is the brides altar which was installed in 1926 the painting above the altar is the betrothal of the blessed virgin and st joseph tens of thousands of marriages have taken place before this altar '),
 ('267', 'field', '3', 'en_us', ' holy family chapel at the church of the transfiguration '),
 ('267', 'field', '41', 'en_us', ' 02 '),
 ('261', 'filename', '0', 'en_us', ' 02 jpg '),
 ('261', 'extension', '0', 'en_us', ' jpg '),
 ('261', 'kind', '0', 'en_us', ' image '),
 ('261', 'slug', '0', 'en_us', ' 02 '),
 ('261', 'title', '0', 'en_us', ' 02 '),
 ('262', 'title', '0', 'en_us', ' 03 '),
 ('263', 'title', '0', 'en_us', ' 04 '),
 ('264', 'title', '0', 'en_us', ' 05 '),
 ('265', 'title', '0', 'en_us', ' 06 '),
 ('266', 'title', '0', 'en_us', ' 07 '),
 ('267', 'slug', '0', 'en_us', ' holy family chapel '),
 ('267', 'title', '0', 'en_us', ' holy family chapel '),
 ('268', 'field', '41', 'en_us', ' 03 '),
 ('268', 'field', '3', 'en_us', ' the westmacott madonna at the church of the transfiguration '),
 ('268', 'field', '27', 'en_us', ''),
 ('268', 'field', '42', 'en_us', ' the westmacott madonna is located in the southwest corner of the chapel this beautiful marble statue of the madonna and child is by sir richard westmacott r a who also did the portico sculptures at buckingham palace celebrating the battles of trafalgar and waterloo '),
 ('268', 'slug', '0', 'en_us', ' sir richard westmacott madonna '),
 ('268', 'title', '0', 'en_us', ' the westmacott madonna '),
 ('269', 'field', '15', 'en_us', ' figure window '),
 ('269', 'field', '16', 'en_us', ' the joseph jefferson window at the church of the transfiguration '),
 ('269', 'field', '17', 'en_us', ' detail of the the joseph jefferson window located in the main church '),
 ('269', 'field', '18', 'en_us', ''),
 ('269', 'slug', '0', 'en_us', ''),
 ('270', 'field', '14', 'en_us', ' the theatre to this day the church maintains close ties with the theatre it has served as the national headquarters of the episcopal actors guild since its founding in 1923 by the third rector dr randolph ray weddings our historic buildings and lovely garden have drawn couples from all over the world to be married here these couples are members of the little family and many have stayed in touch with us over the years continuing its long tradition of inclusiveness the little church is proud to have celebrated the first same sex wedding in the diocese of new york in july 2012 and has performed several more since the formal rite of blessing of a lifelong covenant was adopted by the general convention we invite you to stop by for a visit join us in worship or simply contact us for more information '),
 ('270', 'slug', '0', 'en_us', ''),
 ('271', 'field', '11', 'en_us', ''),
 ('271', 'field', '27', 'en_us', ''),
 ('271', 'field', '3', 'en_us', ''),
 ('271', 'field', '12', 'en_us', ' our parish was founded to serve the needs of the poor and marginalized and this tradition continues today through several programs perhaps our most important outreach however is the holy family chapel which is open and welcoming to all who are in search of spiritual refreshment '),
 ('271', 'field', '13', 'en_us', ' ecclesia ministries ecclesia ministries takes religious services to the homeless in madison square park it is a cooperative program supported by various churches and clergy in the nomad north of madison square park area transfiguration is one of those congregations it is also the alternate location when inclement weather makes an outdoor service impractical last christmas our parishioners donated an abundance of warm gloves scarves gloves hats long underwear and other items to people served by ecclesia ministries the episcopal actors guild the episcopal actors guild was founded in 1923 by our third rector the rev dr randolph ray to bridge the worlds of church and theater today the guild is a philanthropic organization that raises money and dispenses emergency funds to members of the acting profession facing severe financial hardship it also has entertainment programs educational career development and social events for its members each november the guild holds a memorial service in the church dedicated to members of the profession who died in the previous year in december they present a service of lessons and carols with outstanding music often performed by broadway veterans both events are open to the public actor s pantry food bank our parishioners support the episcopal actors guild s actors pantry program each sunday we collect non perishable food the guild then fills bags with the donated items and gives them to artists in need who have applied to the guild for help no one leaves empty handed '),
 ('271', 'slug', '0', 'en_us', ' outreach '),
 ('271', 'title', '0', 'en_us', ' outreach '),
 ('272', 'field', '14', 'en_us', ' ecclesia ministries ecclesia ministries takes religious services to the homeless in madison square park it is a cooperative program supported by various churches and clergy in the nomad north of madison square park area transfiguration is one of those congregations it is also the alternate location when inclement weather makes an outdoor service impractical last christmas our parishioners donated an abundance of warm gloves scarves gloves hats long underwear and other items to people served by ecclesia ministries the episcopal actors guild the episcopal actors guild was founded in 1923 by our third rector the rev dr randolph ray to bridge the worlds of church and theater today the guild is a philanthropic organization that raises money and dispenses emergency funds to members of the acting profession facing severe financial hardship it also has entertainment programs educational career development and social events for its members each november the guild holds a memorial service in the church dedicated to members of the profession who died in the previous year in december they present a service of lessons and carols with outstanding music often performed by broadway veterans both events are open to the public actor s pantry food bank our parishioners support the episcopal actors guild s actors pantry program each sunday we collect non perishable food the guild then fills bags with the donated items and gives them to artists in need who have applied to the guild for help no one leaves empty handed '),
 ('272', 'slug', '0', 'en_us', ''),
 ('273', 'filename', '0', 'en_us', ' hero visit jpg '),
 ('273', 'extension', '0', 'en_us', ' jpg '),
 ('273', 'kind', '0', 'en_us', ' image '),
 ('273', 'slug', '0', 'en_us', ' hero visit '),
 ('273', 'title', '0', 'en_us', ' hero visit '),
 ('274', 'filename', '0', 'en_us', ' select arrows png '),
 ('274', 'extension', '0', 'en_us', ' png '),
 ('274', 'kind', '0', 'en_us', ' image '),
 ('274', 'slug', '0', 'en_us', ' select arrows '),
 ('274', 'title', '0', 'en_us', ' select arrows '),
 ('275', 'filename', '0', 'en_us', ' select arrows svg '),
 ('275', 'extension', '0', 'en_us', ' svg '),
 ('275', 'kind', '0', 'en_us', ' image '),
 ('275', 'slug', '0', 'en_us', ' select arrows '),
 ('275', 'title', '0', 'en_us', ' select arrows '),
 ('462', 'title', '0', 'en_us', ' events '),
 ('462', 'slug', '0', 'en_us', ' events '),
 ('344', 'slug', '0', 'en_us', ' midday music '),
 ('344', 'field', '5', 'en_us', ' music concert series '),
 ('344', 'startdate', '0', 'en_us', ' 2017 09 12 '),
 ('347', 'field', '50', 'en_us', ' yen yu chen soprano and henry lee organ music of faure the boulanger sisters and vierne '),
 ('347', 'field', '49', 'en_us', ''),
 ('347', 'field', '3', 'en_us', ''),
 ('288', 'field', '43', 'en_us', ' 64 '),
 ('287', 'field', '12', 'en_us', ' never miss the message play our sermons directly in your browser or download them for listening on the go already heard the message refresh your memory and listen again '),
 ('287', 'field', '13', 'en_us', ' the fourteenth sunday after pentecost the thirteenth sunday after pentecost the twelfth sunday after pentecost the eleventh sunday after pentecost '),
 ('287', 'slug', '0', 'en_us', ' audio sermons '),
 ('348', 'summary', '0', 'en_us', ' weekly on sunday '),
 ('348', 'enddate', '0', 'en_us', ' 2017 08 27 '),
 ('287', 'title', '0', 'en_us', ' audio sermons '),
 ('301', 'title', '0', 'en_us', ' 09 10 17 '),
 ('301', 'slug', '0', 'en_us', ' 09 10 17 '),
 ('301', 'kind', '0', 'en_us', ' audio '),
 ('287', 'field', '3', 'en_us', ''),
 ('287', 'field', '11', 'en_us', ''),
 ('287', 'field', '27', 'en_us', ''),
 ('288', 'slug', '0', 'en_us', ''),
 ('289', 'field', '23', 'en_us', ' father patrick cheng '),
 ('289', 'field', '47', 'en_us', ' september 10 2017 '),
 ('289', 'field', '46', 'en_us', ' 09 10 17 '),
 ('289', 'slug', '0', 'en_us', ' the fourteenth sunday after pentecost '),
 ('289', 'title', '0', 'en_us', ' the fourteenth sunday after pentecost '),
 ('288', 'field', '45', 'en_us', ' the fourteenth sunday after pentecost the thirteenth sunday after pentecost the twelfth sunday after pentecost the eleventh sunday after pentecost '),
 ('296', 'slug', '0', 'en_us', ' 08 27 17 ');
INSERT INTO `craft_searchindex` (`elementId`, `attribute`, `fieldId`, `locale`, `keywords`) VALUES
 ('296', 'extension', '0', 'en_us', ' mp3 '),
 ('296', 'kind', '0', 'en_us', ' audio '),
 ('301', 'extension', '0', 'en_us', ' mp3 '),
 ('301', 'filename', '0', 'en_us', ' 09 10 17 mp3 '),
 ('296', 'filename', '0', 'en_us', ' 08 27 17 mp3 '),
 ('295', 'title', '0', 'en_us', ' 08 06 17 '),
 ('302', 'field', '46', 'en_us', ' 09 03 17 '),
 ('302', 'field', '23', 'en_us', ' father john david van dooren '),
 ('302', 'slug', '0', 'en_us', ' the thirteenth sunday after pentecost '),
 ('295', 'slug', '0', 'en_us', ' 08 06 17 '),
 ('295', 'kind', '0', 'en_us', ' audio '),
 ('295', 'extension', '0', 'en_us', ' mp3 '),
 ('295', 'filename', '0', 'en_us', ' 08 06 17 mp3 '),
 ('296', 'title', '0', 'en_us', ' 08 27 17 '),
 ('297', 'filename', '0', 'en_us', ' 08 20 17 mp3 '),
 ('297', 'extension', '0', 'en_us', ' mp3 '),
 ('297', 'kind', '0', 'en_us', ' audio '),
 ('297', 'slug', '0', 'en_us', ' 08 20 17 '),
 ('297', 'title', '0', 'en_us', ' 08 20 17 '),
 ('298', 'filename', '0', 'en_us', ' 08 13 17 mp3 '),
 ('298', 'extension', '0', 'en_us', ' mp3 '),
 ('298', 'kind', '0', 'en_us', ' audio '),
 ('298', 'slug', '0', 'en_us', ' 08 13 17 '),
 ('298', 'title', '0', 'en_us', ' 08 13 17 '),
 ('299', 'filename', '0', 'en_us', ' 09 03 17 mp3 '),
 ('299', 'extension', '0', 'en_us', ' mp3 '),
 ('299', 'kind', '0', 'en_us', ' audio '),
 ('299', 'slug', '0', 'en_us', ' 09 03 17 '),
 ('299', 'title', '0', 'en_us', ' 09 03 17 '),
 ('302', 'title', '0', 'en_us', ' the thirteenth sunday after pentecost '),
 ('303', 'field', '23', 'en_us', ' father patrick cheng '),
 ('303', 'field', '46', 'en_us', ' 08 27 17 '),
 ('303', 'slug', '0', 'en_us', ' the twelfth sunday after pentecost '),
 ('303', 'title', '0', 'en_us', ' the twelfth sunday after pentecost '),
 ('304', 'field', '23', 'en_us', ' father john david van dooren '),
 ('304', 'field', '46', 'en_us', ' 08 20 17 '),
 ('304', 'slug', '0', 'en_us', ' the eleventh sunday after pentecost '),
 ('304', 'title', '0', 'en_us', ' the eleventh sunday after pentecost '),
 ('316', 'kind', '0', 'en_us', ' image '),
 ('315', 'filename', '0', 'en_us', ' bio claudia dumschat jpg '),
 ('313', 'title', '0', 'en_us', ' bio grace kobryn '),
 ('375', 'field', '12', 'en_us', ' our adult education forums cover a wide variety of spiritual topics both within the church and elsewhere the series hosts a number of guest speakers and facilitators and promises an hour of entertaining and informational learning and discussion '),
 ('375', 'field', '3', 'en_us', ''),
 ('375', 'field', '27', 'en_us', ''),
 ('315', 'extension', '0', 'en_us', ' jpg '),
 ('315', 'kind', '0', 'en_us', ' image '),
 ('315', 'slug', '0', 'en_us', ' bio claudia dumschat '),
 ('315', 'title', '0', 'en_us', ' bio claudia dumschat '),
 ('317', 'extension', '0', 'en_us', ' jpg '),
 ('317', 'kind', '0', 'en_us', ' image '),
 ('317', 'slug', '0', 'en_us', ' bio grace kobryn '),
 ('317', 'title', '0', 'en_us', ' bio grace kobryn '),
 ('318', 'filename', '0', 'en_us', ' bio patrick cheng jpg '),
 ('318', 'extension', '0', 'en_us', ' jpg '),
 ('318', 'kind', '0', 'en_us', ' image '),
 ('318', 'slug', '0', 'en_us', ' bio patrick cheng '),
 ('318', 'title', '0', 'en_us', ' bio patrick cheng '),
 ('319', 'filename', '0', 'en_us', ' bio warren c platt jpg '),
 ('319', 'extension', '0', 'en_us', ' jpg '),
 ('319', 'kind', '0', 'en_us', ' image '),
 ('319', 'slug', '0', 'en_us', ' bio warren c platt '),
 ('319', 'title', '0', 'en_us', ' bio warren c platt '),
 ('321', 'field', '10', 'en_us', ' bio warren c platt '),
 ('321', 'slug', '0', 'en_us', ' fr warren c platt '),
 ('321', 'title', '0', 'en_us', ' the rev dr warren c platt '),
 ('322', 'field', '24', 'en_us', ' parish administrator '),
 ('322', 'field', '1', 'en_us', ' gracekobryn has been the church of the transfiguration s parish administrator since june 2016 since the age of 8 she has been involved in many different ministries across many denominations gracecurrently volunteers with her church in staten island as their christian education committee chair and as a member of their board in her free time she enjoys going for runs and writing '),
 ('322', 'field', '10', 'en_us', ' bio grace kobryn '),
 ('322', 'slug', '0', 'en_us', ' grace kobryn '),
 ('322', 'title', '0', 'en_us', ' grace kobryn '),
 ('323', 'field', '21', 'en_us', ' staff '),
 ('323', 'field', '22', 'en_us', ' dr claudia dumschat elizabeth carr grace kobryn '),
 ('323', 'slug', '0', 'en_us', ''),
 ('324', 'slug', '0', 'en_us', ' music at transfiguration '),
 ('324', 'title', '0', 'en_us', ' music at transfiguration '),
 ('324', 'field', '12', 'en_us', ' music has always been a vital element of the church s anglo catholic worship style soon after the church was founded the rev george houghton established the choir of men and boys the oldest such choir in america the style and sound of the choir began in the great cathedrals and collegiate choirs of england where the uppermost musical line was written specifically for the timbre of boys treble voices professional adult men sing the alto countertenor tenor and bass parts with the boys in recent years the church established a girls choir a cherub choir and the lumines '),
 ('324', 'field', '3', 'en_us', ''),
 ('324', 'field', '11', 'en_us', ' heros music at transfiguration '),
 ('324', 'field', '27', 'en_us', ''),
 ('326', 'field', '10', 'en_us', ''),
 ('326', 'field', '3', 'en_us', ''),
 ('326', 'filename', '0', 'en_us', ' hero camerata jpg '),
 ('326', 'extension', '0', 'en_us', ' jpg '),
 ('326', 'kind', '0', 'en_us', ' image '),
 ('326', 'slug', '0', 'en_us', ' hero music at transfiguration '),
 ('326', 'title', '0', 'en_us', ' hero camerata '),
 ('329', 'field', '12', 'en_us', ' claudia dumschat brings over forty years of experience to her position as organist and choirmaster at transfiguration where she has served since 1999 she received her doctorate from the manhattan school of music and has performed organ concerts throughout the united states and europe dr dumschat is the recipient of many awards and has been recorded on cd and is heard frequently on the radio she is currently on the board of the new york chapter of the american guild of organists and a council member of the episcopal actors guild '),
 ('329', 'field', '3', 'en_us', ' dr claudia dumschat organist choirmaster at the church of the transfiguration nyc '),
 ('329', 'field', '27', 'en_us', ''),
 ('324', 'field', '13', 'en_us', ' the arnold schwartz memorial organ the church houses the arnold schwartz memorial organ one of the finest organs in the country our concert series features world class artists and seeks to bring great sacred music to the community the church also hosts the midday music concerts which take place every tuesday at 12 30 in the fall and spring as well as a series of summer concerts for music inquiries please call the music office at 212 684 4174 the arnold schwartz memorial organ figure organ '),
 ('329', 'field', '11', 'en_us', ' hero organist and choirmaster '),
 ('328', 'field', '10', 'en_us', ''),
 ('328', 'field', '3', 'en_us', ''),
 ('328', 'filename', '0', 'en_us', ' hero organist and choirmaster jpg '),
 ('328', 'extension', '0', 'en_us', ' jpg '),
 ('328', 'kind', '0', 'en_us', ' image '),
 ('328', 'slug', '0', 'en_us', ' hero organist and choirmaster '),
 ('328', 'title', '0', 'en_us', ' hero organist and choirmaster '),
 ('329', 'field', '13', 'en_us', ' about claudia dr dumschat received her doctorate from the manhattan school of music and has performed organ concerts throughout the united states and europe she is the recipient of many awards and has been recorded on cd and is heard frequently on the radio many of her performances may also be viewed on her youtube channel she is currently on the board of the new york chapter of the american guild of organists a council member of the episcopal actors guild and chair of the music committee of the greenwich pen women '),
 ('329', 'slug', '0', 'en_us', ' organist and choirmaster ');
INSERT INTO `craft_searchindex` (`elementId`, `attribute`, `fieldId`, `locale`, `keywords`) VALUES
 ('329', 'title', '0', 'en_us', ' organist choirmaster '),
 ('330', 'field', '14', 'en_us', ' about claudia dr dumschat received her doctorate from the manhattan school of music and has performed organ concerts throughout the united states and europe she is the recipient of many awards and has been recorded on cd and is heard frequently on the radio many of her performances may also be viewed on her youtube channel she is currently on the board of the new york chapter of the american guild of organists a council member of the episcopal actors guild and chair of the music committee of the greenwich pen women '),
 ('330', 'slug', '0', 'en_us', ''),
 ('332', 'filename', '0', 'en_us', ' hero organist and choirmaster jpg '),
 ('332', 'extension', '0', 'en_us', ' jpg '),
 ('332', 'kind', '0', 'en_us', ' image '),
 ('332', 'slug', '0', 'en_us', ' hero organist and choirmaster '),
 ('332', 'title', '0', 'en_us', ' hero organist and choirmaster '),
 ('333', 'field', '11', 'en_us', ''),
 ('333', 'field', '27', 'en_us', ' benjamin chasteen epoch times '),
 ('333', 'field', '3', 'en_us', ''),
 ('333', 'field', '12', 'en_us', ' transfiguration is home to the arnold schwartz memorial concert series which was founded by marie schwartz in 2004 in memory of her late husband since then over fifty concerts operas and music dramas have been performed using some of the finest singers and musicians in new york city in addition the church presents outstanding musical groups from september through june as well as a summer concert series examples of our concerts can be seen onyoutube '),
 ('333', 'field', '13', 'en_us', ''),
 ('534', 'field', '51', 'en_us', ' 0 '),
 ('507', 'field', '3', 'en_us', ''),
 ('507', 'field', '12', 'en_us', ' the midday music series presents a variety of musical artists both singers and instrumentalists in half hour concerts contribution is now $6 '),
 ('333', 'slug', '0', 'en_us', ' concert series '),
 ('333', 'title', '0', 'en_us', ' concert series '),
 ('423', 'field', '27', 'en_us', ''),
 ('422', 'field', '10', 'en_us', ''),
 ('422', 'field', '3', 'en_us', ''),
 ('422', 'filename', '0', 'en_us', ' hero liturgical music jpg '),
 ('335', 'filename', '0', 'en_us', ' figure organ jpg '),
 ('335', 'extension', '0', 'en_us', ' jpg '),
 ('335', 'kind', '0', 'en_us', ' image '),
 ('335', 'slug', '0', 'en_us', ' figure organ '),
 ('335', 'title', '0', 'en_us', ' figure organ '),
 ('423', 'field', '12', 'en_us', ''),
 ('423', 'field', '3', 'en_us', ''),
 ('423', 'field', '11', 'en_us', ''),
 ('420', 'slug', '0', 'en_us', ' hero baptisms '),
 ('420', 'title', '0', 'en_us', ' hero baptisms '),
 ('420', 'kind', '0', 'en_us', ' image '),
 ('419', 'extension', '0', 'en_us', ' jpg '),
 ('419', 'kind', '0', 'en_us', ' image '),
 ('419', 'slug', '0', 'en_us', ' hero baptisms '),
 ('419', 'title', '0', 'en_us', ' hero baptisms '),
 ('420', 'field', '10', 'en_us', ''),
 ('420', 'field', '3', 'en_us', ''),
 ('420', 'filename', '0', 'en_us', ' hero baptisms jpg '),
 ('420', 'extension', '0', 'en_us', ' jpg '),
 ('419', 'filename', '0', 'en_us', ' hero baptisms jpg '),
 ('339', 'field', '10', 'en_us', ''),
 ('339', 'field', '3', 'en_us', ''),
 ('339', 'filename', '0', 'en_us', ' hero concert series jpg '),
 ('339', 'extension', '0', 'en_us', ' jpg '),
 ('339', 'kind', '0', 'en_us', ' image '),
 ('339', 'slug', '0', 'en_us', ' hero concert series '),
 ('339', 'title', '0', 'en_us', ' hero concert series '),
 ('534', 'field', '5', 'en_us', ' music concert series '),
 ('507', 'field', '11', 'en_us', ''),
 ('507', 'field', '27', 'en_us', ''),
 ('534', 'field', '49', 'en_us', ''),
 ('344', 'field', '49', 'en_us', ''),
 ('344', 'field', '3', 'en_us', ''),
 ('344', 'field', '50', 'en_us', ' claudia dumschat organ all glory be to god on high settings of the hymn by j s bach '),
 ('344', 'field', '48', 'en_us', ' 0 '),
 ('344', 'field', '4', 'en_us', ''),
 ('348', 'startdate', '0', 'en_us', ' 2017 08 27 '),
 ('344', 'title', '0', 'en_us', ' midday music '),
 ('342', 'filename', '0', 'en_us', ' figure organ jpg '),
 ('342', 'extension', '0', 'en_us', ' jpg '),
 ('342', 'kind', '0', 'en_us', ' image '),
 ('342', 'slug', '0', 'en_us', ' figure organ '),
 ('342', 'title', '0', 'en_us', ' figure organ '),
 ('343', 'filename', '0', 'en_us', ' hero concert series jpg '),
 ('343', 'extension', '0', 'en_us', ' jpg '),
 ('343', 'kind', '0', 'en_us', ' image '),
 ('343', 'slug', '0', 'en_us', ' hero concert series '),
 ('343', 'title', '0', 'en_us', ' hero concert series '),
 ('344', 'summary', '0', 'en_us', ''),
 ('344', 'enddate', '0', 'en_us', ' 2017 09 12 '),
 ('345', 'field', '3', 'en_us', ''),
 ('345', 'field', '50', 'en_us', ' bill gross baritone cristina madero mezzo and claudia dumschat piano broadway show tunes '),
 ('345', 'field', '48', 'en_us', ' 0 '),
 ('345', 'field', '4', 'en_us', ''),
 ('345', 'field', '5', 'en_us', ' music concert series '),
 ('345', 'startdate', '0', 'en_us', ' 2017 09 19 '),
 ('345', 'enddate', '0', 'en_us', ' 2017 09 19 '),
 ('345', 'summary', '0', 'en_us', ''),
 ('345', 'title', '0', 'en_us', ' midday music '),
 ('345', 'slug', '0', 'en_us', ' midday music '),
 ('346', 'field', '49', 'en_us', ''),
 ('346', 'field', '3', 'en_us', ''),
 ('346', 'field', '50', 'en_us', ' audrey flores french horn liturgical horn music inspired by gregorian chant and biblical themes '),
 ('346', 'field', '48', 'en_us', ' 0 '),
 ('346', 'field', '4', 'en_us', ''),
 ('346', 'field', '5', 'en_us', ''),
 ('346', 'startdate', '0', 'en_us', ' 2017 09 26 '),
 ('346', 'enddate', '0', 'en_us', ' 2017 09 26 '),
 ('346', 'summary', '0', 'en_us', ''),
 ('346', 'title', '0', 'en_us', ' midday music '),
 ('346', 'slug', '0', 'en_us', ' new venti event '),
 ('347', 'field', '48', 'en_us', ' 0 '),
 ('347', 'field', '4', 'en_us', ''),
 ('347', 'field', '5', 'en_us', ' music concert series '),
 ('347', 'startdate', '0', 'en_us', ' 2017 10 03 '),
 ('347', 'enddate', '0', 'en_us', ' 2017 10 03 '),
 ('347', 'summary', '0', 'en_us', ''),
 ('347', 'title', '0', 'en_us', ' midday music ');
INSERT INTO `craft_searchindex` (`elementId`, `attribute`, `fieldId`, `locale`, `keywords`) VALUES
 ('347', 'slug', '0', 'en_us', ' midday music '),
 ('348', 'title', '0', 'en_us', ' solemn mass '),
 ('348', 'slug', '0', 'en_us', ' solemn mass '),
 ('349', 'startdate', '0', 'en_us', ' 2017 09 01 '),
 ('349', 'enddate', '0', 'en_us', ' 2017 09 01 '),
 ('349', 'summary', '0', 'en_us', ' weekly on monday tuesday wednesday thursday and friday '),
 ('349', 'title', '0', 'en_us', ' morning prayer '),
 ('349', 'slug', '0', 'en_us', ' morning prayer '),
 ('352', 'field', '7', 'en_us', ' big city church '),
 ('352', 'field', '6', 'en_us', ' marquee 04 '),
 ('351', 'filename', '0', 'en_us', ' marquee 04 jpg '),
 ('351', 'extension', '0', 'en_us', ' jpg '),
 ('351', 'kind', '0', 'en_us', ' image '),
 ('351', 'slug', '0', 'en_us', ' marquee 04 '),
 ('351', 'title', '0', 'en_us', ' marquee 04 '),
 ('352', 'field', '8', 'en_us', ' small town feeling '),
 ('352', 'field', '4', 'en_us', ' parish life '),
 ('352', 'field', '5', 'en_us', ' about parish life '),
 ('352', 'slug', '0', 'en_us', ' placeholder '),
 ('352', 'title', '0', 'en_us', ' big city church small town feeling '),
 ('353', 'field', '41', 'en_us', ' 04 '),
 ('353', 'field', '3', 'en_us', ' the joseph jefferson window at the church of the transfiguration '),
 ('353', 'field', '27', 'en_us', ''),
 ('353', 'field', '42', 'en_us', ' the joseph jefferson window on the south wall of the main church building memorializes the renowned actor who gave the church of the transfiguration its nickname the little church around the corner jefferson is seen costumed as rip van winkle a role he was famous for he is accompanying his deceased friend george holland to the church where they are met by jesus standing at the lychgate the window is a gift of the episcopal actors guild and was installed in 1925 '),
 ('353', 'slug', '0', 'en_us', ' the joseph jefferson window '),
 ('353', 'title', '0', 'en_us', ' the joseph jefferson window '),
 ('355', 'field', '27', 'en_us', ''),
 ('355', 'field', '11', 'en_us', ' hero liturgy '),
 ('355', 'field', '3', 'en_us', ''),
 ('355', 'field', '12', 'en_us', ' the gospels speak of troubled people seeking to touch the hem of christ s garment that they might be healed christ s garment is no more but before he left this earth he gave us what our prayerbook calls a foretaste of thy heavenly banquet holy eucharist or communion or mass instituted at the last supper and celebrated every sunday and weekday at the church of the transfiguration celebrate is the right word because every eucharist is a corporate giving of thanks to god for our many blessings '),
 ('355', 'field', '13', 'en_us', ' among those blessings are the gift of the eucharist itself and the opportunity it provides for healing both individual and collective at transfiguration the eucharisticliturgy worship offers a foundation for and pathway to deeper faith regardless of spiritual background or condition in the words of the great spiritual let us break bread together on our knees humbly asking god for forgiveness and for the strength and courage to do his will in our daily lives '),
 ('537', 'slug', '0', 'en_us', ' a celebration of latin american cultural week '),
 ('455', 'field', '70', 'en_us', ''),
 ('363', 'field', '70', 'en_us', ' http francinedaveta com '),
 ('484', 'field', '71', 'en_us', ' http www francinedaveta com '),
 ('508', 'field', '70', 'en_us', ''),
 ('540', 'filename', '0', 'en_us', ' contact jpg '),
 ('540', 'extension', '0', 'en_us', ' jpg '),
 ('540', 'kind', '0', 'en_us', ' image '),
 ('540', 'slug', '0', 'en_us', ' contact '),
 ('540', 'title', '0', 'en_us', ' contact '),
 ('355', 'slug', '0', 'en_us', ' liturgy '),
 ('355', 'title', '0', 'en_us', ' liturgy '),
 ('537', 'field', '50', 'en_us', ' francisco roldan guitara celebration of latin american cultural week$15 buy tickets at doorcolombian born guitarist francisco roldan performed in the past year in portugal greece and at the mannes guitar festival in new york among otherconcerts this year he s performed at the mid hudson classical guitar society and at symphony space in ny mr roldan has performed in russia argentina spain colombia the dominican republic paraguay and throughout the united states '),
 ('537', 'field', '5', 'en_us', ''),
 ('537', 'field', '51', 'en_us', ' 0 '),
 ('537', 'field', '65', 'en_us', ' 0 '),
 ('537', 'startdate', '0', 'en_us', ' 2017 11 15 '),
 ('537', 'enddate', '0', 'en_us', ' 2017 11 15 '),
 ('537', 'summary', '0', 'en_us', ''),
 ('537', 'title', '0', 'en_us', ' a celebration of latin american cultural week '),
 ('537', 'field', '49', 'en_us', ''),
 ('359', 'field', '3', 'en_us', ''),
 ('359', 'field', '12', 'en_us', ' the thursday night study which resumed on september 21st continues throughout october the evening begins with a mass in the chapel at 6 30 pm following the mass the study will begin at 7 00 pm in the common room newcomers welcome '),
 ('359', 'field', '27', 'en_us', ''),
 ('359', 'field', '11', 'en_us', ' hero bible study '),
 ('358', 'field', '10', 'en_us', ''),
 ('358', 'field', '3', 'en_us', ''),
 ('358', 'filename', '0', 'en_us', ' hero bible study jpg '),
 ('358', 'extension', '0', 'en_us', ' jpg '),
 ('358', 'kind', '0', 'en_us', ' image '),
 ('358', 'slug', '0', 'en_us', ' hero bible study '),
 ('358', 'title', '0', 'en_us', ' hero bible study '),
 ('359', 'field', '13', 'en_us', ' the book of revelation our current series is focused onthe book of revelations the group will be using this commentary the book of revelation volume 12 new collegeville bible commentary new testament pt 12 purchase on amazon for any questions about this series please contact fr cheng at associaterector littlechurch org '),
 ('359', 'slug', '0', 'en_us', ' bible study '),
 ('359', 'title', '0', 'en_us', ' bible study '),
 ('360', 'field', '14', 'en_us', ' the book of revelation our current series is focused onthe book of revelations the group will be using this commentary the book of revelation volume 12 new collegeville bible commentary new testament pt 12 purchase on amazon for any questions about this series please contact fr cheng at associaterector littlechurch org '),
 ('360', 'slug', '0', 'en_us', ''),
 ('363', 'field', '12', 'en_us', ' the celebration of the sacrament of marriage is something dear treasured and historically significant at the church of the transfiguration all weddings performed at transfiguration use the book of common prayer which includes the passage that marriage is to be entered into reverently deliberately and in accordance to god s holy word although transfiguration has always shared a liberal policy of inclusion with regard to weddings there is an expectation that wedding parties will honor and respect the traditions and guidelines of the church '),
 ('363', 'field', '3', 'en_us', ''),
 ('363', 'field', '27', 'en_us', ' francine daveta '),
 ('363', 'field', '11', 'en_us', ' hero weddings '),
 ('362', 'field', '10', 'en_us', ''),
 ('362', 'field', '3', 'en_us', ''),
 ('362', 'filename', '0', 'en_us', ' hero weddings jpg '),
 ('362', 'extension', '0', 'en_us', ' jpg '),
 ('362', 'kind', '0', 'en_us', ' image '),
 ('362', 'slug', '0', 'en_us', ' hero weddings '),
 ('362', 'title', '0', 'en_us', ' hero weddings '),
 ('363', 'field', '13', 'en_us', ' weddings at transfiguration the church acquired fame in the mid 20th century for the thousands of weddings it hosted every saturday in the 1930s and 40sand often on weekdayscouples would gather in the garden awaiting their turn to be married in the holy family chapel the rector in that era would marry as many as seven couples a day we hear from those couples to this day as part of our little family community we send out several newsletters to them each year and a card goes to all those married here on their anniversaries francine daveta http www francinedaveta com figure space for weddings the space tucked behind a lovely english garden with a fountain transfiguration is a neo gothic church rich with architectural detail there are two spaces in which you may choose to be married the holy family chapel is a quaint room paneled with dark wood that seats up to 50 people and is appropriate for smaller weddings the altar piece is a painted depiction of the betrothal of mary and joseph it is in the holy family chapel that thousands of couples in the post war years became married making the little church famous for weddings the main church is a larger more opulent space that houses our magnificent c b fisk organ and will seat up to 350 people making it ideal for a traditional wedding the church interior is composed of deep mahogany pews and ceiling beams and lined with colorful stained glass windows gilded paint decorates the walls at the altar and the aisles are made of mosaic marble tile you are invited to come to the church for a visit and see which space best suits you the chapel is open to the public monday through friday from 8 40 am until 5 10 pm or the close of evening prayers the main church is open on sundays after the 11 00 am mass if sunday is not convenient contact the parish office during the business week and schedule a time for the church to be unlocked for your viewing the office number is 212 684 6770 guidelines the tradition of openness at transfiguration continues to this daythere are just a few requirements for marriage at transfiguration the national canons of the episcopal church require that either the bride or groom be a baptized christian and that the couple partake in pre marital meetings with the rector divorced persons are welcome to remarry in the episcopal church the rector must obtain permission from the episcopal bishop of new york to perform the marriage a simple process that involves a few sheets of paperwork and proof of divorce you do not need to be a member of transfiguration to be married here though you are most welcome to join us on any sunday you do not need to be a resident of new york city or even of the united states since we are an episcopal church we use the celebration and blessing of a marriage in the book of common prayer as the liturgy making arrangements the first step to planning a wedding at transfiguration is to email our parish administrator with your specific request your names the dates and times you are interested in having your wedding here questions about the liturgy scheduling fees obtaining a marriage license music flowers and other questions about the service will be answered by a member of the clergy we look forward to hearing from you the parish administrators email is receptionist littlechurch org '),
 ('363', 'slug', '0', 'en_us', ' weddings '),
 ('363', 'title', '0', 'en_us', ' weddings '),
 ('364', 'field', '14', 'en_us', ' weddings at transfiguration the church acquired fame in the mid 20th century for the thousands of weddings it hosted every saturday in the 1930s and 40sand often on weekdayscouples would gather in the garden awaiting their turn to be married in the holy family chapel the rector in that era would marry as many as seven couples a day we hear from those couples to this day as part of our little family community we send out several newsletters to them each year and a card goes to all those married here on their anniversaries '),
 ('521', 'extension', '0', 'en_us', ' jpg '),
 ('521', 'kind', '0', 'en_us', ' image '),
 ('521', 'slug', '0', 'en_us', ' bio claudia dumschat 170924 225918 '),
 ('484', 'field', '18', 'en_us', ' francine daveta '),
 ('484', 'slug', '0', 'en_us', ''),
 ('485', 'field', '14', 'en_us', ' the space tucked behind a lovely english garden with a fountain transfiguration is a neo gothic church rich with architectural detail there are two spaces in which you may choose to be married the holy family chapel is a quaint room paneled with dark wood that seats up to 50 people and is appropriate for smaller weddings the altar piece is a painted depiction of the betrothal of mary and joseph it is in the holy family chapel that thousands of couples in the post war years became married making the little church famous for weddings the main church is a larger more opulent space that houses our magnificent c b fisk organ and will seat up to 350 people making it ideal for a traditional wedding the church interior is composed of deep mahogany pews and ceiling beams and lined with colorful stained glass windows gilded paint decorates the walls at the altar and the aisles are made of mosaic marble tile you are invited to come to the church for a visit and see which space best suits you the chapel is open to the public monday through friday from 8 40 am until 5 10 pm or the close of evening prayers the main church is open on sundays after the 11 00 am mass if sunday is not convenient contact the parish office during the business week and schedule a time for the church to be unlocked for your viewing the office number is 212 684 6770 guidelines the tradition of openness at transfiguration continues to this daythere are just a few requirements for marriage at transfiguration the national canons of the episcopal church require that either the bride or groom be a baptized christian and that the couple partake in pre marital meetings with the rector divorced persons are welcome to remarry in the episcopal church the rector must obtain permission from the episcopal bishop of new york to perform the marriage a simple process that involves a few sheets of paperwork and proof of divorce you do not need to be a member of transfiguration to be married here though you are most welcome to join us on any sunday you do not need to be a resident of new york city or even of the united states since we are an episcopal church we use the celebration and blessing of a marriage in the book of common prayer as the liturgy making arrangements the first step to planning a wedding at transfiguration is to email our parish administrator with your specific request your names the dates and times you are interested in having your wedding here questions about the liturgy scheduling fees obtaining a marriage license music flowers and other questions about the service will be answered by a member of the clergy we look forward to hearing from you the parish administrators email is receptionist littlechurch org '),
 ('364', 'slug', '0', 'en_us', ''),
 ('484', 'field', '15', 'en_us', ' figure space for weddings '),
 ('484', 'field', '16', 'en_us', ''),
 ('484', 'field', '17', 'en_us', ''),
 ('367', 'filename', '0', 'en_us', ' hero bible study jpg '),
 ('367', 'extension', '0', 'en_us', ' jpg '),
 ('367', 'kind', '0', 'en_us', ' image '),
 ('367', 'slug', '0', 'en_us', ' hero bible study '),
 ('367', 'title', '0', 'en_us', ' hero bible study '),
 ('368', 'filename', '0', 'en_us', ' hero weddings jpg '),
 ('368', 'extension', '0', 'en_us', ' jpg ');
INSERT INTO `craft_searchindex` (`elementId`, `attribute`, `fieldId`, `locale`, `keywords`) VALUES
 ('368', 'kind', '0', 'en_us', ' image '),
 ('368', 'slug', '0', 'en_us', ' hero weddings '),
 ('368', 'title', '0', 'en_us', ' hero weddings '),
 ('369', 'filename', '0', 'en_us', ' marquee 04 jpg '),
 ('369', 'extension', '0', 'en_us', ' jpg '),
 ('369', 'kind', '0', 'en_us', ' image '),
 ('369', 'slug', '0', 'en_us', ' marquee 04 '),
 ('369', 'title', '0', 'en_us', ' marquee 04 '),
 ('485', 'slug', '0', 'en_us', ''),
 ('486', 'field', '49', 'en_us', ''),
 ('483', 'title', '0', 'en_us', ' figure space for weddings '),
 ('374', 'field', '3', 'en_us', ''),
 ('375', 'field', '11', 'en_us', ' hero adult education '),
 ('374', 'field', '10', 'en_us', ''),
 ('374', 'filename', '0', 'en_us', ' hero adult education jpg '),
 ('374', 'extension', '0', 'en_us', ' jpg '),
 ('374', 'kind', '0', 'en_us', ' image '),
 ('374', 'slug', '0', 'en_us', ' hero adult education '),
 ('374', 'title', '0', 'en_us', ' hero adult education '),
 ('375', 'field', '13', 'en_us', ' the bible and sexualityadult christian education classes at transfiguration will resume in october with a five week series on the bible and sexuality come explore what the hebrew bible apocrypha and new testament have to say to us today about topics such as marriage sexual ethics and lgbt issues '),
 ('375', 'slug', '0', 'en_us', ' adult education '),
 ('375', 'title', '0', 'en_us', ' adult education '),
 ('376', 'field', '14', 'en_us', ' the bible and sexualityadult christian education classes at transfiguration will resume in october with a five week series on the bible and sexuality come explore what the hebrew bible apocrypha and new testament have to say to us today about topics such as marriage sexual ethics and lgbt issues '),
 ('376', 'slug', '0', 'en_us', ''),
 ('377', 'startdate', '0', 'en_us', ' 2017 10 01 '),
 ('377', 'enddate', '0', 'en_us', ' 2017 10 01 '),
 ('377', 'summary', '0', 'en_us', ''),
 ('377', 'title', '0', 'en_us', ' adult education '),
 ('377', 'slug', '0', 'en_us', ' adult education '),
 ('377', 'field', '49', 'en_us', ''),
 ('377', 'field', '3', 'en_us', ''),
 ('377', 'field', '50', 'en_us', ' sexuality and patriarchy in the old testament withkarina martin hogan '),
 ('377', 'field', '48', 'en_us', ' 0 '),
 ('377', 'field', '4', 'en_us', ''),
 ('377', 'field', '5', 'en_us', ' worship adult education '),
 ('378', 'filename', '0', 'en_us', ' hero adult education jpg '),
 ('378', 'extension', '0', 'en_us', ' jpg '),
 ('378', 'kind', '0', 'en_us', ' image '),
 ('378', 'slug', '0', 'en_us', ' hero adult education '),
 ('378', 'title', '0', 'en_us', ' hero adult education '),
 ('381', 'filename', '0', 'en_us', ' 2017 founders day jpg '),
 ('381', 'extension', '0', 'en_us', ' jpg '),
 ('381', 'kind', '0', 'en_us', ' image '),
 ('381', 'slug', '0', 'en_us', ' featured 01 '),
 ('381', 'title', '0', 'en_us', ' 2017 founders day '),
 ('483', 'kind', '0', 'en_us', ' image '),
 ('483', 'slug', '0', 'en_us', ' figure space for weddings '),
 ('483', 'extension', '0', 'en_us', ' jpg '),
 ('344', 'field', '51', 'en_us', ' 0 '),
 ('345', 'field', '51', 'en_us', ' 0 '),
 ('346', 'field', '51', 'en_us', ' 0 '),
 ('347', 'field', '51', 'en_us', ' 0 '),
 ('377', 'field', '51', 'en_us', ' 0 '),
 ('384', 'field', '50', 'en_us', ' on the firstsundayin october 1848 george hendric houghton gathered a band of twenty four followers for a celebration of holy communion in the parlor of the home of the rev dr lawson carter an elderly priest on east 24th street none of those first worshipers could have imagined that they had just attended the first service of the church of the transfiguration later to be celebrated as the little church around the corner the twenty eight year old priest who called this small congregation into being however had a clear vision in mind to establish a parish that would minister to the poor and needy of new york city the first service in the new church was held on sunday march 28th 1850 excerpted from a parish guide to the church of the transfiguration by zulette m catir his motto wasfides opera faith and works '),
 ('384', 'field', '3', 'en_us', ''),
 ('384', 'field', '49', 'en_us', ' 2017 founders day '),
 ('384', 'field', '48', 'en_us', ' 1 '),
 ('384', 'field', '5', 'en_us', ''),
 ('384', 'field', '51', 'en_us', ' 1 '),
 ('384', 'startdate', '0', 'en_us', ' 2017 10 01 '),
 ('384', 'enddate', '0', 'en_us', ' 2017 10 01 '),
 ('384', 'summary', '0', 'en_us', ''),
 ('384', 'title', '0', 'en_us', ' founder s day '),
 ('384', 'slug', '0', 'en_us', ' founders day '),
 ('344', 'field', '52', 'en_us', ''),
 ('345', 'field', '52', 'en_us', ''),
 ('346', 'field', '52', 'en_us', ''),
 ('347', 'field', '52', 'en_us', ''),
 ('377', 'field', '52', 'en_us', ''),
 ('384', 'field', '52', 'en_us', ' october 1848 george hendric houghton gathered a band of twenty four followers for a celebration of holy communion in the parlor of the home of the rev dr lawson carter '),
 ('387', 'field', '50', 'en_us', ' calling all creatures great and small in celebration of the feast of st francis of assisi blessings will take place outside the church on sunday october 8th following the pet friendly 11 00 am mass approximately 12 30 pm all are welcome '),
 ('387', 'field', '3', 'en_us', ''),
 ('387', 'field', '49', 'en_us', ' 2017 blessing of the animals '),
 ('483', 'filename', '0', 'en_us', ' figure space for weddings jpg '),
 ('387', 'field', '52', 'en_us', ' calling all creatures great and small in celebration of the feast of st francis of assisi blessings will take place outside the church on sunday october 8th following the pet friendly 11 00 am mass '),
 ('387', 'field', '48', 'en_us', ' 1 '),
 ('387', 'field', '5', 'en_us', ''),
 ('387', 'field', '51', 'en_us', ' 1 '),
 ('387', 'startdate', '0', 'en_us', ' 2017 10 08 '),
 ('387', 'enddate', '0', 'en_us', ' 2017 10 08 '),
 ('387', 'summary', '0', 'en_us', ''),
 ('387', 'title', '0', 'en_us', ' blessing of the animals '),
 ('387', 'slug', '0', 'en_us', ' blessing of the animals '),
 ('388', 'field', '49', 'en_us', ' open house ny '),
 ('388', 'field', '3', 'en_us', ''),
 ('388', 'field', '50', 'en_us', ' vivamus parturient per facilisis vitae himenaeos adipiscing lacus nulla mattis a ridiculus condimentum '),
 ('388', 'field', '52', 'en_us', ' vivamus parturient per facilisis vitae himenaeos adipiscing lacus nulla mattis a ridiculus condimentum '),
 ('388', 'field', '48', 'en_us', ' 0 '),
 ('388', 'field', '5', 'en_us', ''),
 ('388', 'field', '51', 'en_us', ' 1 '),
 ('388', 'startdate', '0', 'en_us', ' 2017 10 14 '),
 ('388', 'enddate', '0', 'en_us', ' 2017 10 15 '),
 ('388', 'summary', '0', 'en_us', ''),
 ('388', 'title', '0', 'en_us', ' open house new york '),
 ('388', 'slug', '0', 'en_us', ' open house new york '),
 ('390', 'filename', '0', 'en_us', ' open house ny jpg '),
 ('390', 'extension', '0', 'en_us', ' jpg '),
 ('390', 'kind', '0', 'en_us', ' image '),
 ('390', 'slug', '0', 'en_us', ' featured 03 '),
 ('390', 'title', '0', 'en_us', ' open house ny ');
INSERT INTO `craft_searchindex` (`elementId`, `attribute`, `fieldId`, `locale`, `keywords`) VALUES
 ('348', 'field', '49', 'en_us', ''),
 ('348', 'field', '3', 'en_us', ''),
 ('348', 'field', '50', 'en_us', ''),
 ('348', 'field', '52', 'en_us', ''),
 ('348', 'field', '48', 'en_us', ' 0 '),
 ('348', 'field', '5', 'en_us', ''),
 ('348', 'field', '51', 'en_us', ' 0 '),
 ('349', 'field', '49', 'en_us', ''),
 ('349', 'field', '3', 'en_us', ''),
 ('349', 'field', '50', 'en_us', ''),
 ('349', 'field', '52', 'en_us', ''),
 ('349', 'field', '48', 'en_us', ' 0 '),
 ('349', 'field', '5', 'en_us', ''),
 ('349', 'field', '51', 'en_us', ' 0 '),
 ('398', 'field', '24', 'en_us', ' assisting priest '),
 ('398', 'field', '1', 'en_us', ' alison joan turner was born in the southeast of england she has always been involved in parish life especially in the area of church music she has a bi vocational ministry as both a teacher and priest her ministerial formation course was based in cambridge and she was ordained priest in the chelmsford diocese in michaelmas 1998 her most recent position in the uk was as priest vicar in exeter cathedral where she had particular interest and oversight of the nurture and catechesis of childrenandyoung people at local and diocesan levels much of her career in education has been in roman catholic and anglican multicultural schools in east london subsequently she became a head of school in two devon schools one in a rural setting and the most recent being exeter junior school a largecity school until 2015 at that time she moved to new york to join her husband she holds a ba hons and subsequent ma in theology and education which she read at st mary s universitycollege twickenham surrey university she is currently studying for a masters in sacred theology at the general theological seminary here in new york her husband carl is a neighboring rector within the diocese they live in manhattan with their beloved cairn terrier bertie alison has three grown children and a young grandsonin the uk she is particularly committed to issues surrounding ecumenism children with special needs and the needs of adoptive families '),
 ('396', 'filename', '0', 'en_us', ' john david signature jpg '),
 ('396', 'extension', '0', 'en_us', ' jpg '),
 ('396', 'kind', '0', 'en_us', ' image '),
 ('396', 'slug', '0', 'en_us', ' john david signature '),
 ('396', 'title', '0', 'en_us', ' john david signature '),
 ('398', 'field', '10', 'en_us', ' bio alison turner '),
 ('398', 'slug', '0', 'en_us', ' mother alison turner '),
 ('398', 'title', '0', 'en_us', ' the rev alison turner '),
 ('400', 'filename', '0', 'en_us', ' bio alison turner jpg '),
 ('400', 'extension', '0', 'en_us', ' jpg '),
 ('400', 'kind', '0', 'en_us', ' image '),
 ('400', 'slug', '0', 'en_us', ' bio alison turner '),
 ('400', 'title', '0', 'en_us', ' bio alison turner '),
 ('401', 'field', '11', 'en_us', ''),
 ('401', 'field', '27', 'en_us', ''),
 ('401', 'field', '3', 'en_us', ''),
 ('401', 'field', '12', 'en_us', ' want to get involved we are always looking for enthusiastic volunteers to join our many different ministry and outreach programs '),
 ('401', 'field', '13', 'en_us', ' open house new york open house new york at the little church is a two day celebration of our history art architecture and music featuring tours talks and concerts we open our doors to the public from 10 30 am to 4 pm on saturday october 14th and from 10 30 am to 3 30 pm on sunday october 15th we need people to greet the public count attendance and hand out literature you don t have to stay all day a half day or even a couple of hours will help if you are interested and available please email elizabeth carr at elcinchina hotmail com '),
 ('561', 'slug', '0', 'en_us', ' hero prayer requests '),
 ('561', 'title', '0', 'en_us', ' hero prayer requests '),
 ('562', 'field', '11', 'en_us', ' hero prayer requests '),
 ('562', 'field', '27', 'en_us', ''),
 ('562', 'field', '70', 'en_us', ''),
 ('562', 'field', '3', 'en_us', ''),
 ('562', 'field', '12', 'en_us', ' it is customary in the episcopal tradition at our daily offices and our masses that we have a time for intercessions or prayers for the people to add a name to the list please contact the church officeor call 212 684 6770 '),
 ('401', 'slug', '0', 'en_us', ' volunteer '),
 ('401', 'title', '0', 'en_us', ' volunteer '),
 ('402', 'field', '53', 'en_us', ' open house new york at the little church is a two day celebration of our history art architecture and music featuring tours talks and concerts we open our doors to the public from 10 30 am to 4 pm on saturday october 14th and from 10 30 am to 3 30 pm on sunday october 15th we need people to greet the public count attendance and hand out literature you don t have to stay all day a half day or even a couple of hours will help if you are interested and available please email elizabeth carr at elcinchina hotmail com '),
 ('402', 'slug', '0', 'en_us', ''),
 ('402', 'field', '54', 'en_us', ' open house new york '),
 ('406', 'field', '23', 'en_us', ' paul cardozo '),
 ('415', 'filename', '0', 'en_us', ' bio alison turner jpg '),
 ('406', 'title', '0', 'en_us', ' acolytes '),
 ('406', 'slug', '0', 'en_us', ' acolytes '),
 ('406', 'field', '60', 'en_us', ' paul pcardozo com '),
 ('415', 'extension', '0', 'en_us', ' jpg '),
 ('407', 'field', '23', 'en_us', ' pat williams '),
 ('407', 'field', '60', 'en_us', ' patsuitsme aol com '),
 ('407', 'slug', '0', 'en_us', ' altar society '),
 ('407', 'title', '0', 'en_us', ' altar society '),
 ('408', 'field', '23', 'en_us', ' lee alderson '),
 ('408', 'field', '60', 'en_us', ' lalderson_04 hotmail com '),
 ('408', 'slug', '0', 'en_us', ' ecclesia ministries food coordinator '),
 ('408', 'title', '0', 'en_us', ' ecclesia ministries food coordinator '),
 ('409', 'field', '23', 'en_us', ' pat williams '),
 ('409', 'field', '60', 'en_us', ' patsuitsme aol com '),
 ('409', 'slug', '0', 'en_us', ' historical society '),
 ('409', 'title', '0', 'en_us', ' historical society '),
 ('410', 'field', '23', 'en_us', ' lee alderson '),
 ('410', 'field', '60', 'en_us', ' lalderson_04 hotmail com '),
 ('410', 'slug', '0', 'en_us', ' hospitality '),
 ('410', 'title', '0', 'en_us', ' hospitality '),
 ('411', 'field', '23', 'en_us', ' marjorie martin '),
 ('411', 'field', '60', 'en_us', ' amritpearl hotmail com '),
 ('411', 'slug', '0', 'en_us', ' lectors '),
 ('411', 'title', '0', 'en_us', ' lectors '),
 ('412', 'field', '23', 'en_us', ' joan seymour '),
 ('412', 'field', '60', 'en_us', ' edytha earthlink net '),
 ('412', 'slug', '0', 'en_us', ' music '),
 ('412', 'title', '0', 'en_us', ' music '),
 ('413', 'field', '23', 'en_us', ' joan seymour '),
 ('413', 'field', '60', 'en_us', ' edytha earthlink net '),
 ('413', 'slug', '0', 'en_us', ' tours guides '),
 ('413', 'title', '0', 'en_us', ' tours guides '),
 ('414', 'field', '23', 'en_us', ' elizabeth carr '),
 ('414', 'field', '60', 'en_us', ' elcinchina hotmail com '),
 ('414', 'slug', '0', 'en_us', ' ushers '),
 ('414', 'title', '0', 'en_us', ' ushers '),
 ('415', 'kind', '0', 'en_us', ' image '),
 ('415', 'slug', '0', 'en_us', ' bio alison turner '),
 ('415', 'title', '0', 'en_us', ' bio alison turner '),
 ('416', 'filename', '0', 'en_us', ' favicon png '),
 ('416', 'extension', '0', 'en_us', ' png '),
 ('416', 'kind', '0', 'en_us', ' image '),
 ('416', 'slug', '0', 'en_us', ' favicon '),
 ('416', 'title', '0', 'en_us', ' favicon '),
 ('417', 'field', '14', 'en_us', ' the arnold schwartz memorial organ the church houses the arnold schwartz memorial organ one of the finest organs in the country our concert series features world class artists and seeks to bring great sacred music to the community the church also hosts the midday music concerts which take place every tuesday at 12 30 in the fall and spring as well as a series of summer concerts for music inquiries please call the music office at 212 684 4174 '),
 ('417', 'slug', '0', 'en_us', ''),
 ('418', 'field', '15', 'en_us', ' figure organ '),
 ('418', 'field', '16', 'en_us', ''),
 ('418', 'field', '17', 'en_us', ' the arnold schwartz memorial organ '),
 ('418', 'field', '18', 'en_us', ''),
 ('418', 'slug', '0', 'en_us', ''),
 ('422', 'extension', '0', 'en_us', ' jpg ');
INSERT INTO `craft_searchindex` (`elementId`, `attribute`, `fieldId`, `locale`, `keywords`) VALUES
 ('422', 'kind', '0', 'en_us', ' image '),
 ('422', 'slug', '0', 'en_us', ' hero liturgical music '),
 ('422', 'title', '0', 'en_us', ' hero liturgical music '),
 ('424', 'field', '47', 'en_us', ' october 1 '),
 ('423', 'field', '13', 'en_us', ''),
 ('423', 'slug', '0', 'en_us', ' liturgical music '),
 ('423', 'title', '0', 'en_us', ' liturgical music '),
 ('424', 'field', '40', 'en_us', ' foundation day and 167th anniversary of the church '),
 ('424', 'field', '62', 'en_us', ' choir of men boys '),
 ('424', 'field', '63', 'en_us', ' anton bruckner locus iste anton bruckner locus iste william harris behold the tabernacle of god william harris behold the tabernacle of god jonathan dove missa brevis jonathan dove missa brevis ch m widor final from symphony 6 ch m widor final from symphony 6 '),
 ('424', 'slug', '0', 'en_us', ' foundation day and 167th anniversary of the church '),
 ('424', 'title', '0', 'en_us', ' foundation day and 167th anniversary of the church '),
 ('424', 'field', '64', 'en_us', ''),
 ('425', 'field', '47', 'en_us', ' october 8 '),
 ('425', 'field', '62', 'en_us', ' lumines girls choir '),
 ('425', 'field', '63', 'en_us', ' gerry hancock aria gerry hancock aria bob chilcott peace mass bob chilcott peace mass adam howard song of the animals adam howard song of the animals john bull arr richard elsasser rondo in g john bull arr richard elsasser rondo in g '),
 ('425', 'field', '64', 'en_us', ''),
 ('425', 'slug', '0', 'en_us', ' the eighteenth sunday after pentecost '),
 ('425', 'title', '0', 'en_us', ' the eighteenth sunday after pentecost '),
 ('426', 'field', '47', 'en_us', ' october 15 '),
 ('426', 'field', '62', 'en_us', ' choir of men boys '),
 ('426', 'field', '63', 'en_us', ' felix mendelssohn sonata 1 adagio felix mendelssohn sonata 1 adagio jonathan dove missa brevis jonathan dove missa brevis felix mendelssohn hear my prayer felix mendelssohn hear my prayer felix mendelssohn sonata 1 allegro vivace felix mendelssohn sonata 1 allegro vivace '),
 ('426', 'field', '64', 'en_us', ''),
 ('426', 'slug', '0', 'en_us', ' the nineteenth sunday after pentecost '),
 ('426', 'title', '0', 'en_us', ' the nineteenth sunday after pentecost '),
 ('428', 'field', '12', 'en_us', ' the oldest such choir remaining in the united states the choir of men and boys consists of 8 men and 16 boys ages 8 14 auditioned and selected from the new york metropolitan area with diverse ethnic and economic backgrounds the boys rehearse several times each week and not only are paid but also receive incremental merit based scholarships through the anthony j mercede scholarship fund '),
 ('428', 'field', '3', 'en_us', ''),
 ('428', 'field', '11', 'en_us', ' hero choir of men and boys '),
 ('428', 'field', '27', 'en_us', ''),
 ('428', 'field', '13', 'en_us', ' want to sing with us the full choir of men and boys sings most sunday mornings at the 11 00 a m mass to arrange for an audition contact claudia dumschat at 917 825 7504 choir camp every summer the boys attend a week long choir camp at camp incarnation in ivoryton ct where they prepare their music for the church year in addition to rehearsing several hours a day the boys get to swim and canoe in a beautiful lake play soccer and other games and roast marshmallows in a bonfire every night several parents also enjoy being chaperones and older former choirboys serve as counselors in recent years the girls choir has been going to their own music camp at a nice hotel in cape may where they can swim in the ocean grow with our boys choir the church of the transfiguration invites boys in the third grade and higher to join its choir of men and boys an audition is required but the primary requirement to join is an interest in music boys rehearse twice a week and sing on sunday at the 11 00 a m service the choirmaster will arrange rehearsals at a convenient location such as a school for boys who cannot attend midweek rehearsals at the church in return for training in music we ask each boy to commit to regular attendance boys of all faiths are welcome in this nurturing english style episcopal church some opportunities for growth discover and enhance talentsjoin with others to create something beautiful and thrillingmature in self discipline and group cooperationgrow in self confidence from public performanceexpand musical skills with free private tutoringassociate with professional musiciansshare in a centuries old tradition from england and continental europeexperience the history of western civilization through musiccelebrate with field trips and choir parties plus earn $5 50 allowance for each of two hour long rehearsals per week and another $5 50 for the sunday service beginning in the second year of participation scholarships are awarded for each successful year in the choir $400 after the second year $800 after the third $1 200 after the fourth and $1 600 after the fifth and each year thereafter scholarships are made possible by the anthony mercede scholarship fund and annual fund raising '),
 ('508', 'slug', '0', 'en_us', ' special projects '),
 ('508', 'title', '0', 'en_us', ' special projects '),
 ('509', 'field', '14', 'en_us', ' special projects in january of 2017 the choir of men and boys and other featured soloists performed in costume amahl and the night visitors on the eve of the epiphany the cast made a repeat performance at mary manning nursing home you can read more about it here in september of 2015 the boys recorded a singing video commercial for the popular tv show the big bang theory they were very excited to be in this show which most of them watch regularly and sing the fun nice kitty song in august of 2015 members of the boys choir and the girls choir recorded music at a professional sound studio for macaulay culkin s pizza underground project a parody of the velvet underground all involved had a great time in june of 2015 the combined boys and girls choir traveled to washington d c to participate in the international serenade festival in addition to sightseeing they performed in several venues with outstanding adult and children s choirs from around the world and were praised in the washington post an experience they will remember for the rest of their lives in january of 2015 the boys choir performed in all day diocesan treble choir festival at the enormous resonant cathedral of st john the divine in manhattan this was a chance to meet and hear various other choirs from around new york city in the summer of 2014 several members of the boys choir were in a performance art piece fault lines duets involving both movement and singing at the prestigious gladstone gallery in chelsea thousands of visitors saw their multiple performances over six weeks in june of 2014 members of the boys and girls choirs traveled to philadelphia where they performed on saturday night at a historic downtown church and sunday in a suburban parish after which they enjoyed a barbecue on the lawn of the large house where they were staying '),
 ('428', 'slug', '0', 'en_us', ' choir of men boys '),
 ('428', 'title', '0', 'en_us', ' choir of men boys '),
 ('429', 'field', '14', 'en_us', ' want to sing with us the full choir of men and boys sings most sunday mornings at the 11 00 a m mass to arrange for an audition contact claudia dumschat at 917 825 7504 choir camp every summer the boys attend a week long choir camp at camp incarnation in ivoryton ct where they prepare their music for the church year in addition to rehearsing several hours a day the boys get to swim and canoe in a beautiful lake play soccer and other games and roast marshmallows in a bonfire every night several parents also enjoy being chaperones and older former choirboys serve as counselors in recent years the girls choir has been going to their own music camp at a nice hotel in cape may where they can swim in the ocean grow with our boys choir the church of the transfiguration invites boys in the third grade and higher to join its choir of men and boys an audition is required but the primary requirement to join is an interest in music boys rehearse twice a week and sing on sunday at the 11 00 a m service the choirmaster will arrange rehearsals at a convenient location such as a school for boys who cannot attend midweek rehearsals at the church in return for training in music we ask each boy to commit to regular attendance boys of all faiths are welcome in this nurturing english style episcopal church some opportunities for growth discover and enhance talentsjoin with others to create something beautiful and thrillingmature in self discipline and group cooperationgrow in self confidence from public performanceexpand musical skills with free private tutoringassociate with professional musiciansshare in a centuries old tradition from england and continental europeexperience the history of western civilization through musiccelebrate with field trips and choir parties plus earn $5 50 allowance for each of two hour long rehearsals per week and another $5 50 for the sunday service beginning in the second year of participation scholarships are awarded for each successful year in the choir $400 after the second year $800 after the third $1 200 after the fourth and $1 600 after the fifth and each year thereafter scholarships are made possible by the anthony mercede scholarship fund and annual fund raising '),
 ('508', 'field', '11', 'en_us', ''),
 ('508', 'field', '27', 'en_us', ''),
 ('508', 'field', '3', 'en_us', ''),
 ('508', 'field', '12', 'en_us', ''),
 ('423', 'field', '70', 'en_us', ''),
 ('508', 'field', '13', 'en_us', ' special projects in january of 2017 the choir of men and boys and other featured soloists performed in costume amahl and the night visitors on the eve of the epiphany the cast made a repeat performance at mary manning nursing home you can read more about it here in september of 2015 the boys recorded a singing video commercial for the popular tv show the big bang theory they were very excited to be in this show which most of them watch regularly and sing the fun nice kitty song in august of 2015 members of the boys choir and the girls choir recorded music at a professional sound studio for macaulay culkin s pizza underground project a parody of the velvet underground all involved had a great time in june of 2015 the combined boys and girls choir traveled to washington d c to participate in the international serenade festival in addition to sightseeing they performed in several venues with outstanding adult and children s choirs from around the world and were praised in the washington post an experience they will remember for the rest of their lives in january of 2015 the boys choir performed in all day diocesan treble choir festival at the enormous resonant cathedral of st john the divine in manhattan this was a chance to meet and hear various other choirs from around new york city in the summer of 2014 several members of the boys choir were in a performance art piece fault lines duets involving both movement and singing at the prestigious gladstone gallery in chelsea thousands of visitors saw their multiple performances over six weeks in june of 2014 members of the boys and girls choirs traveled to philadelphia where they performed on saturday night at a historic downtown church and sunday in a suburban parish after which they enjoyed a barbecue on the lawn of the large house where they were staying '),
 ('429', 'slug', '0', 'en_us', ''),
 ('430', 'field', '11', 'en_us', ' hero lumines girls choir '),
 ('430', 'field', '27', 'en_us', ''),
 ('430', 'field', '3', 'en_us', ''),
 ('430', 'field', '12', 'en_us', ' lumines girls choir performs traditional anglican choral anthems and hymns plus spirituals and sacred folk songs about once a month in church and meets every saturday morning from 11 45 am to 12 45 pm and or wednesday evening from 5 30 to 6 30 pm '),
 ('430', 'field', '13', 'en_us', ' skills fostered are singing sight reading musical understanding teamwork deportment and performance the lumines girls choir is for girls age 11 and up to arrange for an audition contact claudia dumschat at 917 825 7504 '),
 ('430', 'slug', '0', 'en_us', ' lumines girls choir '),
 ('430', 'title', '0', 'en_us', ' lumines girls choir '),
 ('431', 'field', '14', 'en_us', ' skills fostered are singing sight reading musical understanding teamwork deportment and performance the lumines girls choir is for girls age 11 and up to arrange for an audition contact claudia dumschat at 917 825 7504 '),
 ('431', 'slug', '0', 'en_us', ''),
 ('432', 'field', '11', 'en_us', ' hero cherub choir '),
 ('432', 'field', '27', 'en_us', ''),
 ('432', 'field', '3', 'en_us', ''),
 ('432', 'field', '12', 'en_us', ' the cherub choir is open to all children both boys and girls from 4 to 8 years old who learn the basics of music in a warm joyful and nurturing environment through singing movement and games they enjoy a fun 30 minute rehearsal everysaturdayfrom9 30 10 00 amin the choir room followed by a small snack '),
 ('432', 'field', '13', 'en_us', ' the cherubs perform a song in church every two months or so and at our christmas eve creche service for details contact claudia dumschat at 917 825 8504 '),
 ('546', 'field', '63', 'en_us', ' j s bach bist du bei mir j s bach bist du bei mir j s bach cantata 106 gottes zeit ist der aller beste zeit god s time is the best time j s bach cantata 106 gottes zeit ist der aller beste zeit god s time is the best time j s bach fugue in eb major st anne bwv 522 j s bach fugue in eb major st anne bwv 522 '),
 ('432', 'slug', '0', 'en_us', ' cherub choir '),
 ('432', 'title', '0', 'en_us', ' cherub choir '),
 ('433', 'field', '14', 'en_us', ' the cherubs perform a song in church every two months or so and at our christmas eve creche service for details contact claudia dumschat at 917 825 8504 '),
 ('546', 'field', '47', 'en_us', ' november 2 7 00 pm '),
 ('546', 'field', '62', 'en_us', ' the transfiguration camerata lumines girls choir and gentlemen of the choir '),
 ('433', 'slug', '0', 'en_us', ''),
 ('434', 'field', '11', 'en_us', ' hero camerata '),
 ('434', 'field', '27', 'en_us', ' benjamin chasteen epoch times '),
 ('434', 'field', '3', 'en_us', ''),
 ('434', 'field', '12', 'en_us', ' the camerata is a semi professional chorus which is open to all adult and teenage singers satb an audition is required rehearsal schedules will vary with each project '),
 ('434', 'field', '13', 'en_us', ' last year s performances included menotti s amahl and the night vistors britten s noye s fludde bach cantatas 78 and 1 this june we will perform schubert s mass in g with orchestra the choir also sings during the active season for special church services and during the summer months when it rehearses at 9 30 am for the 11 00 am service '),
 ('434', 'slug', '0', 'en_us', ' camerata '),
 ('434', 'title', '0', 'en_us', ' camerata '),
 ('435', 'field', '14', 'en_us', ' last year s performances included menotti s amahl and the night vistors britten s noye s fludde bach cantatas 78 and 1 this june we will perform schubert s mass in g with orchestra the choir also sings during the active season for special church services and during the summer months when it rehearses at 9 30 am for the 11 00 am service '),
 ('435', 'slug', '0', 'en_us', ''),
 ('436', 'filename', '0', 'en_us', ' hero liturgical music jpg '),
 ('436', 'extension', '0', 'en_us', ' jpg '),
 ('436', 'kind', '0', 'en_us', ' image '),
 ('436', 'slug', '0', 'en_us', ' hero liturgical music '),
 ('436', 'title', '0', 'en_us', ' hero liturgical music '),
 ('450', 'field', '41', 'en_us', ' 07 '),
 ('444', 'field', '10', 'en_us', ''),
 ('445', 'filename', '0', 'en_us', ' hero cherub choir jpg '),
 ('445', 'extension', '0', 'en_us', ' jpg '),
 ('445', 'kind', '0', 'en_us', ' image '),
 ('445', 'slug', '0', 'en_us', ' hero cherub choir '),
 ('445', 'title', '0', 'en_us', ' hero cherub choir '),
 ('446', 'filename', '0', 'en_us', ' hero choir of men and boys jpg '),
 ('440', 'field', '10', 'en_us', ''),
 ('440', 'field', '3', 'en_us', ''),
 ('440', 'filename', '0', 'en_us', ' hero choir of men and boys jpg '),
 ('440', 'extension', '0', 'en_us', ' jpg '),
 ('440', 'kind', '0', 'en_us', ' image '),
 ('440', 'slug', '0', 'en_us', ' hero choir of men and boys '),
 ('440', 'title', '0', 'en_us', ' hero choir of men and boys '),
 ('444', 'filename', '0', 'en_us', ' hero cherub choir jpg '),
 ('444', 'field', '3', 'en_us', ''),
 ('442', 'field', '10', 'en_us', ''),
 ('442', 'field', '3', 'en_us', ''),
 ('442', 'filename', '0', 'en_us', ' hero lumines girls choir jpg '),
 ('442', 'extension', '0', 'en_us', ' jpg '),
 ('442', 'kind', '0', 'en_us', ' image ');
INSERT INTO `craft_searchindex` (`elementId`, `attribute`, `fieldId`, `locale`, `keywords`) VALUES
 ('442', 'slug', '0', 'en_us', ' hero lumines girls choir '),
 ('442', 'title', '0', 'en_us', ' hero lumines girls choir '),
 ('444', 'extension', '0', 'en_us', ' jpg '),
 ('444', 'kind', '0', 'en_us', ' image '),
 ('444', 'slug', '0', 'en_us', ' hero cherub choir '),
 ('444', 'title', '0', 'en_us', ' hero cherub choir '),
 ('446', 'extension', '0', 'en_us', ' jpg '),
 ('446', 'kind', '0', 'en_us', ' image '),
 ('446', 'slug', '0', 'en_us', ' hero choir of men and boys '),
 ('446', 'title', '0', 'en_us', ' hero choir of men and boys '),
 ('447', 'filename', '0', 'en_us', ' hero lumines girls choir jpg '),
 ('447', 'extension', '0', 'en_us', ' jpg '),
 ('447', 'kind', '0', 'en_us', ' image '),
 ('447', 'slug', '0', 'en_us', ' hero lumines girls choir '),
 ('447', 'title', '0', 'en_us', ' hero lumines girls choir '),
 ('517', 'filename', '0', 'en_us', ' midday music fall schedule jpg '),
 ('517', 'extension', '0', 'en_us', ' jpg '),
 ('517', 'kind', '0', 'en_us', ' image '),
 ('517', 'slug', '0', 'en_us', ' midday music fall schedule '),
 ('517', 'title', '0', 'en_us', ' midday music fall schedule '),
 ('450', 'field', '3', 'en_us', ' the arnold schwartz memorial organ '),
 ('450', 'field', '27', 'en_us', ''),
 ('450', 'field', '42', 'en_us', ' this beautiful organ named in memory of the major donor mrs marie schwartz s late husband is opus 92 of c b fisk inc church of the transfiguration has an extensive music program including a men and boys choir and a girls choir our music director dr claudia dumschat auditions children from all over the city those accepted for the choirs receive an excellent musical education and ample opportunities to perform '),
 ('450', 'slug', '0', 'en_us', ' the arnold schwartz memorial organ '),
 ('450', 'title', '0', 'en_us', ' the arnold schwartz memorial organ '),
 ('451', 'field', '41', 'en_us', ' 06 '),
 ('451', 'field', '3', 'en_us', ' the st joseph of arimathea chapel '),
 ('451', 'field', '27', 'en_us', ''),
 ('451', 'field', '42', 'en_us', ' the ceiling is decorated with renderings of fra angelico s glory in paradise and the last judgment painted on canvas panels which have been fitted between the ribs of the plaster vault also on view in this chapel is a large painted glass rendering of raphael s the transfiguration the entrance to the chapel is graced by polychromed wood carvings of the four archangels uriel gabriel michael and raphael '),
 ('451', 'slug', '0', 'en_us', ' the st joseph of arimathea chapel '),
 ('451', 'title', '0', 'en_us', ' the st joseph of arimathea chapel '),
 ('452', 'field', '41', 'en_us', ' 05 '),
 ('452', 'field', '3', 'en_us', ' the singing boy at the church of transfiguration '),
 ('452', 'field', '27', 'en_us', ''),
 ('452', 'field', '42', 'en_us', ' this beautiful statue dates from 1871 and is the work of franklin simmons an american sculptor living in rome he seems right at home among the compline psalms compline psalms are prayers said at the end of the day fr george hendric houghton the founding rector married a drawing teacher caroline graves anthon who painted the psalms on parchment after her death fr houghton had her paintings executed in glass as a memorial to her '),
 ('452', 'slug', '0', 'en_us', ' the singing boy '),
 ('452', 'title', '0', 'en_us', ' the singing boy '),
 ('454', 'filename', '0', 'en_us', ' 2017 blessing of the animals jpg '),
 ('454', 'extension', '0', 'en_us', ' jpg '),
 ('454', 'kind', '0', 'en_us', ' image '),
 ('454', 'slug', '0', 'en_us', ' 2017 blessing of the animals '),
 ('454', 'title', '0', 'en_us', ' 2017 blessing of the animals '),
 ('455', 'field', '11', 'en_us', ' hero baptisms '),
 ('455', 'field', '27', 'en_us', ' ahron r foster '),
 ('455', 'field', '3', 'en_us', ''),
 ('455', 'field', '12', 'en_us', ' holy baptismis the sacrament welcoming an infant child or an adult into the body of christ it is an outward sign of the inward grace of god s unconditional love for us and as baptized persons we are initiated into the full community and responsibilities of the church '),
 ('455', 'field', '13', 'en_us', ' planning holy baptism interested in holy baptism at the church of the transfiguration you will find here an intimate loving and supportive family of christians who will do all in their power to encourage you in your life in christ the only requirements to begin planning for a baptism at transfiguration are a sincere desire to become a christian or raise your child as a christian a readiness to begin or continue active participation in the life of the little church around the corner if you are sure about both of those requirements wonderful it will be a delight to have you with us the first step to planning a baptism at transfiguration is to contact the office at 212 684 6770 and speak with the rector of the church if you are sure about the first requirement but not clear about the second then we invite you to worship with us at the church of the transfiguration on a sunday and meet us at the coffee hour immediately following the 11 00 am service feel free to introduce yourself to the clergy attend any of our adult education classes or investigate our new series of sunday eucharistic liturgies at 11 00 am geared more for the needs of children and young families shorter and brighter with a children s address in place of the sermon and featuring the girls and cherub choirs in so doing you ll confirm transfiguration is the right church home for you may god bless you as you contemplate holy baptism for yourself or your child '),
 ('455', 'slug', '0', 'en_us', ' baptisms '),
 ('455', 'title', '0', 'en_us', ' baptisms '),
 ('456', 'field', '14', 'en_us', ' planning holy baptism interested in holy baptism at the church of the transfiguration you will find here an intimate loving and supportive family of christians who will do all in their power to encourage you in your life in christ the only requirements to begin planning for a baptism at transfiguration are a sincere desire to become a christian or raise your child as a christian a readiness to begin or continue active participation in the life of the little church around the corner if you are sure about both of those requirements wonderful it will be a delight to have you with us the first step to planning a baptism at transfiguration is to contact the office at 212 684 6770 and speak with the rector of the church if you are sure about the first requirement but not clear about the second then we invite you to worship with us at the church of the transfiguration on a sunday and meet us at the coffee hour immediately following the 11 00 am service feel free to introduce yourself to the clergy attend any of our adult education classes or investigate our new series of sunday eucharistic liturgies at 11 00 am geared more for the needs of children and young families shorter and brighter with a children s address in place of the sermon and featuring the girls and cherub choirs in so doing you ll confirm transfiguration is the right church home for you may god bless you as you contemplate holy baptism for yourself or your child '),
 ('456', 'slug', '0', 'en_us', ''),
 ('561', 'field', '10', 'en_us', ''),
 ('561', 'field', '3', 'en_us', ''),
 ('561', 'filename', '0', 'en_us', ' hero prayer requests jpg '),
 ('561', 'extension', '0', 'en_us', ' jpg '),
 ('561', 'kind', '0', 'en_us', ' image '),
 ('377', 'field', '65', 'en_us', ' 0 '),
 ('459', 'filename', '0', 'en_us', ' 2017 blessing of the animals jpg '),
 ('459', 'extension', '0', 'en_us', ' jpg '),
 ('459', 'kind', '0', 'en_us', ' image '),
 ('459', 'slug', '0', 'en_us', ' 2017 blessing of the animals '),
 ('459', 'title', '0', 'en_us', ' 2017 blessing of the animals '),
 ('460', 'filename', '0', 'en_us', ' hero visit jpg '),
 ('460', 'extension', '0', 'en_us', ' jpg '),
 ('460', 'kind', '0', 'en_us', ' image '),
 ('460', 'slug', '0', 'en_us', ' hero visit '),
 ('460', 'title', '0', 'en_us', ' hero visit '),
 ('461', 'field', '10', 'en_us', ''),
 ('461', 'field', '3', 'en_us', ''),
 ('461', 'filename', '0', 'en_us', ' hero visit jpg '),
 ('461', 'extension', '0', 'en_us', ' jpg '),
 ('461', 'kind', '0', 'en_us', ' image '),
 ('461', 'slug', '0', 'en_us', ' hero visit '),
 ('461', 'title', '0', 'en_us', ' hero visit '),
 ('463', 'field', '49', 'en_us', ' past event '),
 ('463', 'field', '3', 'en_us', ''),
 ('463', 'field', '50', 'en_us', ' this is a past event '),
 ('463', 'field', '52', 'en_us', ''),
 ('463', 'field', '48', 'en_us', ' 1 '),
 ('463', 'field', '5', 'en_us', ''),
 ('463', 'field', '51', 'en_us', ' 1 '),
 ('463', 'startdate', '0', 'en_us', ' 2017 09 13 '),
 ('463', 'enddate', '0', 'en_us', ' 2017 09 13 '),
 ('463', 'summary', '0', 'en_us', ''),
 ('463', 'title', '0', 'en_us', ' past event '),
 ('463', 'slug', '0', 'en_us', ' past event '),
 ('388', 'field', '65', 'en_us', ' 1 '),
 ('387', 'field', '65', 'en_us', ' 1 '),
 ('465', 'filename', '0', 'en_us', ' past event jpg '),
 ('465', 'extension', '0', 'en_us', ' jpg '),
 ('465', 'kind', '0', 'en_us', ' image '),
 ('465', 'slug', '0', 'en_us', ' past event '),
 ('465', 'title', '0', 'en_us', ' past event '),
 ('384', 'field', '65', 'en_us', ' 1 '),
 ('463', 'field', '65', 'en_us', ' 0 '),
 ('344', 'field', '65', 'en_us', ' 0 '),
 ('345', 'field', '65', 'en_us', ' 0 '),
 ('346', 'field', '65', 'en_us', ' 0 '),
 ('347', 'field', '65', 'en_us', ' 0 '),
 ('348', 'field', '65', 'en_us', ' 0 ');
INSERT INTO `craft_searchindex` (`elementId`, `attribute`, `fieldId`, `locale`, `keywords`) VALUES
 ('349', 'field', '65', 'en_us', ' 0 '),
 ('466', 'field', '49', 'en_us', ''),
 ('466', 'field', '50', 'en_us', ' claudia dumschat organ mendelssohn organ sonatas '),
 ('466', 'field', '5', 'en_us', ' music concert series '),
 ('466', 'field', '51', 'en_us', ' 0 '),
 ('466', 'field', '65', 'en_us', ' 0 '),
 ('466', 'startdate', '0', 'en_us', ' 2017 10 10 '),
 ('466', 'enddate', '0', 'en_us', ' 2017 10 10 '),
 ('466', 'summary', '0', 'en_us', ''),
 ('466', 'title', '0', 'en_us', ' midday music '),
 ('466', 'slug', '0', 'en_us', ' midday music '),
 ('467', 'field', '49', 'en_us', ''),
 ('467', 'field', '50', 'en_us', ' natasha lipinska violin bach at the little church '),
 ('467', 'field', '5', 'en_us', ' music concert series '),
 ('467', 'field', '51', 'en_us', ' 0 '),
 ('467', 'field', '65', 'en_us', ' 0 '),
 ('467', 'startdate', '0', 'en_us', ' 2017 10 17 '),
 ('467', 'enddate', '0', 'en_us', ' 2017 10 17 '),
 ('467', 'summary', '0', 'en_us', ''),
 ('467', 'title', '0', 'en_us', ' midday music '),
 ('467', 'slug', '0', 'en_us', ' midday music '),
 ('468', 'field', '49', 'en_us', ''),
 ('468', 'field', '50', 'en_us', ' claudia dumschat organ flemish organ recital '),
 ('468', 'field', '5', 'en_us', ' music concert series '),
 ('468', 'field', '51', 'en_us', ' 0 '),
 ('468', 'field', '65', 'en_us', ' 0 '),
 ('468', 'startdate', '0', 'en_us', ' 2017 10 24 '),
 ('468', 'enddate', '0', 'en_us', ' 2017 10 24 '),
 ('468', 'summary', '0', 'en_us', ''),
 ('468', 'title', '0', 'en_us', ' midday music '),
 ('468', 'slug', '0', 'en_us', ' midday music '),
 ('469', 'field', '49', 'en_us', ''),
 ('469', 'field', '50', 'en_us', ' yael acher flute modiano s solo flute music for all saints '),
 ('469', 'field', '5', 'en_us', ' music concert series '),
 ('469', 'field', '51', 'en_us', ' 0 '),
 ('469', 'field', '65', 'en_us', ' 0 '),
 ('469', 'startdate', '0', 'en_us', ' 2017 10 31 '),
 ('469', 'enddate', '0', 'en_us', ' 2017 10 31 '),
 ('469', 'summary', '0', 'en_us', ''),
 ('469', 'title', '0', 'en_us', ' midday music '),
 ('469', 'slug', '0', 'en_us', ' midday music '),
 ('470', 'field', '49', 'en_us', ''),
 ('470', 'field', '50', 'en_us', ' jurhee hong organ music bach brahms and mendelssohn '),
 ('470', 'field', '5', 'en_us', ' music concert series '),
 ('470', 'field', '51', 'en_us', ' 0 '),
 ('470', 'field', '65', 'en_us', ' 0 '),
 ('470', 'startdate', '0', 'en_us', ' 2017 11 07 '),
 ('470', 'enddate', '0', 'en_us', ' 2017 11 07 '),
 ('470', 'summary', '0', 'en_us', ''),
 ('470', 'title', '0', 'en_us', ' midday music '),
 ('470', 'slug', '0', 'en_us', ' midday music '),
 ('471', 'field', '49', 'en_us', ''),
 ('471', 'field', '50', 'en_us', ' kingsley matthew piano a recital of music by bach mozart schubert and khachaturian '),
 ('471', 'field', '5', 'en_us', ' music concert series '),
 ('471', 'field', '51', 'en_us', ' 0 '),
 ('471', 'field', '65', 'en_us', ' 0 '),
 ('471', 'startdate', '0', 'en_us', ' 2017 11 14 '),
 ('471', 'enddate', '0', 'en_us', ' 2017 11 14 '),
 ('471', 'summary', '0', 'en_us', ''),
 ('471', 'title', '0', 'en_us', ' midday music '),
 ('471', 'slug', '0', 'en_us', ' midday music '),
 ('472', 'field', '49', 'en_us', ''),
 ('472', 'field', '50', 'en_us', ' claudia dumschat organ triumphant easter music '),
 ('472', 'field', '5', 'en_us', ' music concert series '),
 ('472', 'field', '51', 'en_us', ' 0 '),
 ('472', 'field', '65', 'en_us', ' 0 '),
 ('472', 'startdate', '0', 'en_us', ' 2018 04 03 '),
 ('472', 'enddate', '0', 'en_us', ' 2018 04 03 '),
 ('472', 'summary', '0', 'en_us', ''),
 ('472', 'title', '0', 'en_us', ' midday music '),
 ('472', 'slug', '0', 'en_us', ' midday music '),
 ('473', 'field', '49', 'en_us', ''),
 ('473', 'field', '50', 'en_us', ' prometheus duo marko stuparevic saxophone joseph abad piano '),
 ('473', 'field', '5', 'en_us', ' music concert series '),
 ('473', 'field', '51', 'en_us', ' 0 '),
 ('473', 'field', '65', 'en_us', ' 0 '),
 ('473', 'startdate', '0', 'en_us', ' 2018 04 10 '),
 ('473', 'enddate', '0', 'en_us', ' 2018 04 10 '),
 ('473', 'summary', '0', 'en_us', ''),
 ('473', 'title', '0', 'en_us', ' midday music '),
 ('473', 'slug', '0', 'en_us', ' midday music '),
 ('474', 'field', '49', 'en_us', ''),
 ('474', 'field', '50', 'en_us', ' william randolph organ organ recital of african american composers '),
 ('474', 'field', '5', 'en_us', ' music concert series '),
 ('474', 'field', '51', 'en_us', ' 0 '),
 ('474', 'field', '65', 'en_us', ' 0 '),
 ('474', 'startdate', '0', 'en_us', ' 2018 04 17 '),
 ('474', 'enddate', '0', 'en_us', ' 2018 04 17 '),
 ('474', 'summary', '0', 'en_us', ''),
 ('474', 'title', '0', 'en_us', ' midday music '),
 ('474', 'slug', '0', 'en_us', ' midday music '),
 ('475', 'field', '49', 'en_us', ''),
 ('475', 'field', '50', 'en_us', ' canta libre ensemble music for french horn piano and flute by eric ewazen '),
 ('475', 'field', '5', 'en_us', ' music concert series '),
 ('475', 'field', '51', 'en_us', ' 0 '),
 ('475', 'field', '65', 'en_us', ' 0 '),
 ('475', 'startdate', '0', 'en_us', ' 2018 04 24 '),
 ('475', 'enddate', '0', 'en_us', ' 2018 04 24 '),
 ('475', 'summary', '0', 'en_us', ''),
 ('475', 'title', '0', 'en_us', ' midday music ');
INSERT INTO `craft_searchindex` (`elementId`, `attribute`, `fieldId`, `locale`, `keywords`) VALUES
 ('475', 'slug', '0', 'en_us', ' midday music '),
 ('476', 'field', '49', 'en_us', ''),
 ('476', 'field', '50', 'en_us', ' transfiguration camerata may day music '),
 ('476', 'field', '5', 'en_us', ' music concert series '),
 ('476', 'field', '51', 'en_us', ' 0 '),
 ('476', 'field', '65', 'en_us', ' 0 '),
 ('476', 'startdate', '0', 'en_us', ' 2018 05 01 '),
 ('476', 'enddate', '0', 'en_us', ' 2018 05 01 '),
 ('476', 'summary', '0', 'en_us', ''),
 ('476', 'title', '0', 'en_us', ' midday music '),
 ('476', 'slug', '0', 'en_us', ' midday music '),
 ('477', 'field', '49', 'en_us', ''),
 ('477', 'field', '50', 'en_us', ' rachael basescu mezzo soprano erin brittain soprano grant mech baritone akiko hosaki piano stranger in a strange land '),
 ('477', 'field', '5', 'en_us', ' music concert series '),
 ('477', 'field', '51', 'en_us', ' 0 '),
 ('477', 'field', '65', 'en_us', ' 0 '),
 ('477', 'startdate', '0', 'en_us', ' 2018 05 08 '),
 ('477', 'enddate', '0', 'en_us', ' 2018 05 08 '),
 ('477', 'summary', '0', 'en_us', ''),
 ('477', 'title', '0', 'en_us', ' midday music '),
 ('477', 'slug', '0', 'en_us', ' midday music '),
 ('478', 'field', '49', 'en_us', ''),
 ('478', 'field', '50', 'en_us', ' peter and will anderson virtuoso clarinet and saxophone duo '),
 ('478', 'field', '5', 'en_us', ' music concert series '),
 ('478', 'field', '51', 'en_us', ' 0 '),
 ('478', 'field', '65', 'en_us', ' 0 '),
 ('478', 'startdate', '0', 'en_us', ' 2018 05 15 '),
 ('478', 'enddate', '0', 'en_us', ' 2018 05 15 '),
 ('478', 'summary', '0', 'en_us', ''),
 ('478', 'title', '0', 'en_us', ' midday music '),
 ('478', 'slug', '0', 'en_us', ' midday music '),
 ('479', 'field', '49', 'en_us', ''),
 ('479', 'field', '50', 'en_us', ' claudia dumschat organ symphonie 6 by charles marie widow '),
 ('479', 'field', '5', 'en_us', ' music concert series '),
 ('479', 'field', '51', 'en_us', ' 0 '),
 ('479', 'field', '65', 'en_us', ' 0 '),
 ('479', 'startdate', '0', 'en_us', ' 2018 05 22 '),
 ('479', 'enddate', '0', 'en_us', ' 2018 05 22 '),
 ('479', 'summary', '0', 'en_us', ''),
 ('479', 'title', '0', 'en_us', ' midday music '),
 ('479', 'slug', '0', 'en_us', ' midday music '),
 ('480', 'field', '49', 'en_us', ''),
 ('480', 'field', '50', 'en_us', ' angela kraft cross organ works of bach mendelssohn and cross '),
 ('480', 'field', '5', 'en_us', ' music concert series '),
 ('480', 'field', '51', 'en_us', ' 0 '),
 ('480', 'field', '65', 'en_us', ' 0 '),
 ('480', 'startdate', '0', 'en_us', ' 2018 05 29 '),
 ('480', 'enddate', '0', 'en_us', ' 2018 05 29 '),
 ('480', 'summary', '0', 'en_us', ''),
 ('480', 'title', '0', 'en_us', ' midday music '),
 ('480', 'slug', '0', 'en_us', ' midday music '),
 ('481', 'field', '49', 'en_us', ''),
 ('481', 'field', '50', 'en_us', ' practitioners of musick john burkhalter recorder and the 1790 schaffner keyboard manuscript from lancaster pa '),
 ('481', 'field', '5', 'en_us', ' music concert series '),
 ('481', 'field', '51', 'en_us', ' 0 '),
 ('481', 'field', '65', 'en_us', ' 0 '),
 ('481', 'startdate', '0', 'en_us', ' 2018 06 05 '),
 ('481', 'enddate', '0', 'en_us', ' 2018 06 05 '),
 ('481', 'summary', '0', 'en_us', ''),
 ('481', 'title', '0', 'en_us', ' midday music '),
 ('481', 'slug', '0', 'en_us', ' midday music '),
 ('486', 'field', '50', 'en_us', ' countertraditions on sexuality in the old testament and apocrypha with karina martin hogan '),
 ('486', 'field', '5', 'en_us', ''),
 ('486', 'field', '51', 'en_us', ' 0 '),
 ('486', 'field', '65', 'en_us', ' 0 '),
 ('486', 'startdate', '0', 'en_us', ' 2017 10 08 '),
 ('486', 'enddate', '0', 'en_us', ' 2017 10 08 '),
 ('486', 'summary', '0', 'en_us', ''),
 ('486', 'title', '0', 'en_us', ' adult education '),
 ('486', 'slug', '0', 'en_us', ' adult education '),
 ('487', 'field', '49', 'en_us', ''),
 ('487', 'field', '50', 'en_us', ' marriage and sexuality in the teachings of jesus with ian kinman '),
 ('487', 'field', '5', 'en_us', ' worship adult education '),
 ('487', 'field', '51', 'en_us', ' 0 '),
 ('487', 'field', '65', 'en_us', ' 0 '),
 ('487', 'startdate', '0', 'en_us', ' 2017 10 15 '),
 ('487', 'enddate', '0', 'en_us', ' 2017 10 15 '),
 ('487', 'summary', '0', 'en_us', ''),
 ('487', 'title', '0', 'en_us', ' adult education '),
 ('487', 'slug', '0', 'en_us', ' new venti event '),
 ('488', 'field', '49', 'en_us', ''),
 ('488', 'field', '50', 'en_us', ' the apostle paul and same sex eros with ben dunning '),
 ('488', 'field', '5', 'en_us', ' worship adult education '),
 ('488', 'field', '51', 'en_us', ' 0 '),
 ('488', 'field', '65', 'en_us', ' 0 '),
 ('488', 'startdate', '0', 'en_us', ' 2017 10 22 '),
 ('488', 'enddate', '0', 'en_us', ' 2017 10 22 '),
 ('488', 'summary', '0', 'en_us', ''),
 ('488', 'title', '0', 'en_us', ' adult education '),
 ('488', 'slug', '0', 'en_us', ' adult education '),
 ('489', 'field', '49', 'en_us', ''),
 ('489', 'field', '50', 'en_us', ' lgbtiq issues and the bible with fr patrick cheng '),
 ('489', 'field', '5', 'en_us', ' worship adult education '),
 ('489', 'field', '51', 'en_us', ' 0 '),
 ('489', 'field', '65', 'en_us', ' 0 '),
 ('489', 'startdate', '0', 'en_us', ' 2017 10 29 '),
 ('489', 'enddate', '0', 'en_us', ' 2017 10 29 '),
 ('489', 'summary', '0', 'en_us', ''),
 ('489', 'title', '0', 'en_us', ' adult education '),
 ('489', 'slug', '0', 'en_us', ' adult education ');
INSERT INTO `craft_searchindex` (`elementId`, `attribute`, `fieldId`, `locale`, `keywords`) VALUES
 ('491', 'field', '1', 'en_us', ' dr claudia dumschat received her doctorate from the manhattan school of music and has performed organ concerts throughout the united states and europe she is the recipient of many awards and has been recorded on cd and is heard frequently on the radio many of her performances may also be viewed onher youtube channel she is currently on the board of the new york chapter of the american guild of organists a council member of the episcopal actors guild and chair of the music committee of the greenwich pen women '),
 ('491', 'field', '24', 'en_us', ' director of music '),
 ('491', 'field', '10', 'en_us', ' bio claudia dumschat '),
 ('491', 'slug', '0', 'en_us', ' dr claudia dumschat '),
 ('491', 'title', '0', 'en_us', ' dr claudia dumschat '),
 ('492', 'filename', '0', 'en_us', ' 2017 founders day jpg '),
 ('492', 'extension', '0', 'en_us', ' jpg '),
 ('492', 'kind', '0', 'en_us', ' image '),
 ('492', 'slug', '0', 'en_us', ' 2017 founders day '),
 ('492', 'title', '0', 'en_us', ' 2017 founders day '),
 ('493', 'filename', '0', 'en_us', ' open house ny jpg '),
 ('493', 'extension', '0', 'en_us', ' jpg '),
 ('493', 'kind', '0', 'en_us', ' image '),
 ('493', 'slug', '0', 'en_us', ' open house ny '),
 ('493', 'title', '0', 'en_us', ' open house ny '),
 ('494', 'filename', '0', 'en_us', ' past event jpg '),
 ('494', 'extension', '0', 'en_us', ' jpg '),
 ('494', 'kind', '0', 'en_us', ' image '),
 ('494', 'slug', '0', 'en_us', ' past event '),
 ('494', 'title', '0', 'en_us', ' past event '),
 ('495', 'filename', '0', 'en_us', ' figure space for weddings jpg '),
 ('495', 'extension', '0', 'en_us', ' jpg '),
 ('495', 'kind', '0', 'en_us', ' image '),
 ('495', 'slug', '0', 'en_us', ' figure space for weddings '),
 ('495', 'title', '0', 'en_us', ' figure space for weddings '),
 ('515', 'title', '0', 'en_us', ' heros music at transfiguration '),
 ('515', 'slug', '0', 'en_us', ' heros music at transfiguration '),
 ('515', 'kind', '0', 'en_us', ' image '),
 ('515', 'extension', '0', 'en_us', ' jpg '),
 ('515', 'filename', '0', 'en_us', ' heros music at transfiguration jpg '),
 ('515', 'field', '3', 'en_us', ''),
 ('515', 'field', '10', 'en_us', ''),
 ('512', 'slug', '0', 'en_us', ' hero camerata '),
 ('512', 'title', '0', 'en_us', ' hero camerata '),
 ('512', 'kind', '0', 'en_us', ' image '),
 ('512', 'extension', '0', 'en_us', ' jpg '),
 ('512', 'filename', '0', 'en_us', ' hero camerata jpg '),
 ('521', 'title', '0', 'en_us', ' bio claudia dumschat 170924 225918 '),
 ('522', 'filename', '0', 'en_us', ' hero funerals jpg '),
 ('522', 'extension', '0', 'en_us', ' jpg '),
 ('507', 'field', '13', 'en_us', ''),
 ('507', 'slug', '0', 'en_us', ' a little midday music '),
 ('507', 'title', '0', 'en_us', ' a little midday music '),
 ('509', 'slug', '0', 'en_us', ''),
 ('518', 'field', '11', 'en_us', ' hero funerals '),
 ('518', 'field', '27', 'en_us', ''),
 ('518', 'field', '3', 'en_us', ''),
 ('518', 'field', '12', 'en_us', ' funerals are honored at the church of the transfiguration with sincerest devotion and loving care the ancient words of the burial office from the book of common prayer have blessed human souls through the centuries and we continue to find consolation and strength from them within transfiguration s strong walls of faith '),
 ('518', 'field', '13', 'en_us', ''),
 ('518', 'slug', '0', 'en_us', ' funerals '),
 ('518', 'title', '0', 'en_us', ' funerals '),
 ('520', 'field', '10', 'en_us', ''),
 ('520', 'field', '3', 'en_us', ''),
 ('520', 'filename', '0', 'en_us', ' hero funerals jpg '),
 ('520', 'extension', '0', 'en_us', ' jpg '),
 ('520', 'kind', '0', 'en_us', ' image '),
 ('520', 'slug', '0', 'en_us', ' hero funerals '),
 ('520', 'title', '0', 'en_us', ' hero funerals '),
 ('522', 'kind', '0', 'en_us', ' image '),
 ('522', 'slug', '0', 'en_us', ' hero funerals '),
 ('522', 'title', '0', 'en_us', ' hero funerals '),
 ('523', 'filename', '0', 'en_us', ' heros music at transfiguration jpg '),
 ('523', 'extension', '0', 'en_us', ' jpg '),
 ('523', 'kind', '0', 'en_us', ' image '),
 ('523', 'slug', '0', 'en_us', ' heros music at transfiguration '),
 ('523', 'title', '0', 'en_us', ' heros music at transfiguration '),
 ('524', 'filename', '0', 'en_us', ' bio claudia dumschat_170924_225918 jpg '),
 ('524', 'extension', '0', 'en_us', ' jpg '),
 ('524', 'kind', '0', 'en_us', ' image '),
 ('524', 'slug', '0', 'en_us', ' bio claudia dumschat 170924 225918 '),
 ('524', 'title', '0', 'en_us', ' bio claudia dumschat 170924 225918 '),
 ('527', 'field', '1', 'en_us', ' elizabeth carr has been a parishioner of the church of the transfiguration since 2003 and has been involved in transfiguration s children s ministry since 2016 elizabeth grew up in toronto in the anglican church of canada and first began teaching sunday school at her local parish church when she was in high school after graduating from high school she moved to ithaca new york to attend college where she studied mandarin chinese and met her future husband nathan a fellow parishioner at the episcopal church at cornell elizabeth spent a year in beijing studying at tsinghua university before returning to the united states to study law at the university of michigan after graduating from michigan elizabeth moved to new york city she has worked as a lawyer in the field of structured finance since 2002 elizabeth and nathan live in new jersey with three of their favorite sunday school pupils '),
 ('527', 'field', '24', 'en_us', ' sunday school teacher '),
 ('526', 'filename', '0', 'en_us', ' bio elizabeth carr jpg '),
 ('526', 'extension', '0', 'en_us', ' jpg '),
 ('526', 'kind', '0', 'en_us', ' image '),
 ('526', 'slug', '0', 'en_us', ' bio elizabeth carr '),
 ('526', 'title', '0', 'en_us', ' bio elizabeth carr '),
 ('527', 'field', '10', 'en_us', ' bio elizabeth carr '),
 ('527', 'slug', '0', 'en_us', ' elizabeth carr '),
 ('527', 'title', '0', 'en_us', ' elizabeth carr '),
 ('528', 'field', '66', 'en_us', ' 8 40 am morning prayer 8 40 am morning prayer 12 10 pm mass wednesdays include the rite of healing 12 10 pm mass wednesdays include the rite of healing 5 10 pm evening prayer 5 10 pm evening prayer '),
 ('528', 'slug', '0', 'en_us', ' weekdays '),
 ('528', 'title', '0', 'en_us', ' weekdays '),
 ('529', 'field', '66', 'en_us', ' 6 30 pm mass before bible study 6 30 pm mass before bible study '),
 ('529', 'slug', '0', 'en_us', ' thursdays '),
 ('529', 'title', '0', 'en_us', ' thursdays '),
 ('530', 'field', '66', 'en_us', ' 8 00 am morning prayer 8 00 am morning prayer 8 30 am mass 8 30 am mass 11 00 am solemn mass 11 00 am solemn mass 5 00 pm said mass 5 00 pm said mass '),
 ('530', 'slug', '0', 'en_us', ' sundays '),
 ('530', 'title', '0', 'en_us', ' sundays '),
 ('532', 'field', '1', 'en_us', ' we love to have visitors every sunday sees a stream of visitors who come here to photograph the stained glass windows wander through the nooks and crannies and discover the unexpected such as the actor rex harrison s memorial plaque placed next to a madonna window some come for a guided tour and listen to the story of how we came to be called the little church around the corner others come to carry out research on our various art and artifacts hours of operation main church 8 10 am to 5 00 pm or at close of evening mass the holy family chapel is open monday through friday from 8 40 am to 5 10 pm or at the close of evening prayers in addition the holy family chapel is open on most monday evenings from 6 00 pm to 6 45 pm when the meditation group meets and also on most thursdays evenings for 6 30 pm mass when the bible study group is meeting the parish office is open monday through friday from 9 00 am to 5 00 pm guided tours guided tours are available every sunday morning at 12 45 pm meet at the organ in the main church group tours are available by appointment to contact the parish office or book a tour call 212 684 6770 or e mail receptionist littlechurch org '),
 ('532', 'field', '67', 'en_us', ' getting here '),
 ('532', 'field', '68', 'en_us', ' take the 1 r w or 6 to 28th street or take the b d f m n q to herald square '),
 ('532', 'field', '69', 'en_us', ' m1 m2 m3 m5 m6 m7 '),
 ('534', 'slug', '0', 'en_us', ' new venti event '),
 ('534', 'field', '50', 'en_us', ' fallconcert rule britannia$15 buy tickets at doormusic by arne purcell hume butler simpson locke and morleyfounded in 1994 empire viols has focused on the rich repertoire for two violsand harpsichord while expanding its programs through daring and adventurous transcriptions the ensemble martha mcgaughey and carlene stober viols arthur haas harpsichord performs in the northeast u s and beyond and wasfeatured on composer debra kaye s debut cd and so it begins on ravellorecords '),
 ('534', 'title', '0', 'en_us', ' empire violes '),
 ('534', 'summary', '0', 'en_us', ''),
 ('534', 'enddate', '0', 'en_us', ' 2017 10 27 '),
 ('534', 'field', '40', 'en_us', '');
INSERT INTO `craft_searchindex` (`elementId`, `attribute`, `fieldId`, `locale`, `keywords`) VALUES
 ('534', 'field', '1', 'en_us', ' fallconcert rule britannia$15 buy tickets at door music by arne purcell hume butler simpson locke and morleyfounded in 1994 empire viols has focused on the rich repertoire for two violsand harpsichord while expanding its programs through daring and adventuroustranscriptions the ensemble martha mcgaughey and carlene stober viols arthur haas harpsichord performs in the northeast u s and beyond and wasfeatured on composer debra kaye s debut cd and so it begins on ravellorecords '),
 ('534', 'startdate', '0', 'en_us', ' 2017 10 27 '),
 ('534', 'field', '65', 'en_us', ' 0 '),
 ('535', 'field', '49', 'en_us', ''),
 ('535', 'field', '50', 'en_us', ' a mass for all soul s dayfree admissionfeaturing a musical offering of bach s cantata 106gottes zeit ist der beste zeit god s time is the best time marie marquis christian kay sopranos joe redd alto ben thomas tenor jake ingbar baritone the transfiguration period instrument ensemble and camerata claudia dumschat conductor '),
 ('535', 'field', '5', 'en_us', ''),
 ('535', 'field', '51', 'en_us', ' 0 '),
 ('535', 'field', '65', 'en_us', ' 0 '),
 ('535', 'startdate', '0', 'en_us', ' 2017 11 02 '),
 ('535', 'enddate', '0', 'en_us', ' 2017 12 15 '),
 ('535', 'summary', '0', 'en_us', ''),
 ('535', 'title', '0', 'en_us', ' new venti_event '),
 ('535', 'slug', '0', 'en_us', ' new venti event '),
 ('536', 'field', '49', 'en_us', ''),
 ('536', 'field', '50', 'en_us', ' a mass for all soul s dayfree admissionfeaturing a musical offering of bach s cantata 106gottes zeit ist der beste zeit god s time is the best time marie marquis christian kay sopranos joe redd alto ben thomas tenor jake ingbar baritone the transfiguration period instrument ensemble and camerata claudia dumschat conductor '),
 ('536', 'field', '5', 'en_us', ' music concert series '),
 ('536', 'field', '51', 'en_us', ' 0 '),
 ('536', 'field', '65', 'en_us', ' 0 '),
 ('536', 'startdate', '0', 'en_us', ' 2017 11 02 '),
 ('536', 'enddate', '0', 'en_us', ' 2017 11 02 '),
 ('536', 'summary', '0', 'en_us', ''),
 ('536', 'title', '0', 'en_us', ' a mass for all soul s day '),
 ('536', 'slug', '0', 'en_us', ' a mass for all souls day '),
 ('541', 'filename', '0', 'en_us', ' hero weddings_170923_140812 jpg '),
 ('541', 'extension', '0', 'en_us', ' jpg '),
 ('541', 'kind', '0', 'en_us', ' image '),
 ('541', 'slug', '0', 'en_us', ' hero weddings 170923 140812 '),
 ('541', 'title', '0', 'en_us', ' hero weddings 170923 140812 '),
 ('542', 'field', '10', 'en_us', ''),
 ('542', 'field', '3', 'en_us', ''),
 ('542', 'filename', '0', 'en_us', ' hero weddings_170923_140812 jpg '),
 ('542', 'extension', '0', 'en_us', ' jpg '),
 ('542', 'kind', '0', 'en_us', ' image '),
 ('542', 'slug', '0', 'en_us', ' hero weddings 170923 140812 '),
 ('542', 'title', '0', 'en_us', ' hero weddings 170923 140812 '),
 ('543', 'field', '49', 'en_us', ''),
 ('543', 'field', '50', 'en_us', ' an arnold schwartz memorial concert$25 and $15 seniors and studentsa fully staged and costumed production of menotti s beloved opera with full orchestra plus john rutter sdancing day luciano pantano amahl ________ the mother ben thomas kaspar jake ingbar melchior charles brown balthazar ________________ harp to hear and see the chorus children and adults is to see a rainbow of nationalities united bymusic perhaps the greatest unifying force in the world today the brooklyn discovery '),
 ('543', 'field', '5', 'en_us', ''),
 ('543', 'field', '51', 'en_us', ' 0 '),
 ('543', 'field', '65', 'en_us', ' 0 '),
 ('543', 'startdate', '0', 'en_us', ' 2017 12 15 '),
 ('543', 'enddate', '0', 'en_us', ' 2017 12 15 '),
 ('543', 'summary', '0', 'en_us', ''),
 ('543', 'title', '0', 'en_us', ' amahl and the night visitors and john rutter s dancing day performed by the transfiguration boys and girls choirs and camerata '),
 ('543', 'slug', '0', 'en_us', ' amahl and the night visitors and john rutters dancing day performed by the transfiguration boys and girls choirs and camerata '),
 ('544', 'field', '47', 'en_us', ' october 30 '),
 ('544', 'field', '62', 'en_us', ' men and boys choir '),
 ('544', 'field', '63', 'en_us', ' j s bach arr fox bist du bei mir j s bach arr fox bist du bei mir hans leo hassler missa secunda hans leo hassler missa secunda j s bach es ist der alte bund from cantata 106 j s bach es ist der alte bund from cantata 106 j s bach prelude in c minor bwv 546 j s bach prelude in c minor bwv 546 '),
 ('544', 'field', '64', 'en_us', ''),
 ('544', 'slug', '0', 'en_us', ' the twentieth sunday after pentecost '),
 ('544', 'title', '0', 'en_us', ' the twenty first sunday after pentecost '),
 ('545', 'field', '47', 'en_us', ' october 22 '),
 ('545', 'field', '62', 'en_us', ' men and boys choir '),
 ('545', 'field', '63', 'en_us', ' francis jackson communion service in g francis jackson communion service in g bob chilcott be thou my vision bob chilcott be thou my vision ludovica viadana exultate just ludovica viadana exultate just '),
 ('545', 'field', '64', 'en_us', ''),
 ('545', 'slug', '0', 'en_us', ' the twentieth sunday after pentecost '),
 ('545', 'title', '0', 'en_us', ' the twentieth sunday after pentecost '),
 ('432', 'field', '70', 'en_us', ''),
 ('546', 'field', '64', 'en_us', ''),
 ('546', 'slug', '0', 'en_us', ' all souls day commemoration '),
 ('546', 'title', '0', 'en_us', ' all souls day commemoration '),
 ('547', 'field', '47', 'en_us', ' november 5 '),
 ('547', 'field', '62', 'en_us', ' men and boys choir '),
 ('547', 'field', '63', 'en_us', ' jehan alain suspended gardens jehan alain suspended gardens jonathan dove missa brevis jonathan dove missa brevis paul halley bring us o lord god paul halley bring us o lord god kontakion give rest o christ kontakion give rest o christ jehan alain litanies jehan alain litanies '),
 ('547', 'field', '64', 'en_us', ''),
 ('547', 'slug', '0', 'en_us', ' all saints sunday '),
 ('547', 'title', '0', 'en_us', ' all saints sunday '),
 ('548', 'field', '47', 'en_us', ' november 12 '),
 ('548', 'field', '62', 'en_us', ' lumines girls choir and cherub choir '),
 ('548', 'field', '63', 'en_us', ' john dunstable chanson john dunstable chanson anonymous english 13th 14th c a simple mass anonymous english 13th 14th c a simple mass anonymous sponsus a medieval mystery play anonymous sponsus a medieval mystery play john dunstable the agincourt hymn john dunstable the agincourt hymn '),
 ('548', 'field', '64', 'en_us', ''),
 ('548', 'slug', '0', 'en_us', ' twenty third sunday after pentecost '),
 ('548', 'title', '0', 'en_us', ' the twenty third sunday after pentecost '),
 ('549', 'field', '47', 'en_us', ' november 12 3 00 pm '),
 ('549', 'field', '62', 'en_us', ' men and boys choir '),
 ('549', 'field', '63', 'en_us', ' jehan alain suspended gardens jehan alain suspended gardens anton dvorak arr fischer goin home anton dvorak arr fischer goin home philip radcliff responses philip radcliff responses george dyson magnificat and nunc dimittis george dyson magnificat and nunc dimittis lloyd weber pie jesu lloyd weber pie jesu jehan alain suspended gardens jehan alain suspended gardens '),
 ('549', 'field', '64', 'en_us', ''),
 ('549', 'slug', '0', 'en_us', ' actors guild memorial evensong '),
 ('549', 'title', '0', 'en_us', ' actors guild memorial evensong '),
 ('550', 'field', '47', 'en_us', ' november 19 '),
 ('550', 'field', '62', 'en_us', ' men and boys choir '),
 ('550', 'field', '63', 'en_us', ' robert schumann sketch in db major robert schumann sketch in db major harold darke communion service in f harold darke communion service in f anton dvorak arr fischer goin home anton dvorak arr fischer goin home vaughan williams o taste and see vaughan williams o taste and see robert schumann sketch in f minor robert schumann sketch in f minor '),
 ('550', 'field', '64', 'en_us', ''),
 ('550', 'slug', '0', 'en_us', ' the twenty fourth sunday after pentecost '),
 ('550', 'title', '0', 'en_us', ' the twenty fourth sunday after pentecost '),
 ('551', 'field', '47', 'en_us', ' december 3 '),
 ('551', 'field', '62', 'en_us', ' men and boys choir '),
 ('551', 'field', '63', 'en_us', ' j s bach wachet auf j s bach wachet auf g palestrina matins responsory g palestrina matins responsory orlando gibbons mass in f orlando gibbons mass in f andre thomas keep your lamps andre thomas keep your lamps max reger fantasia on wachet auf max reger fantasia on wachet auf '),
 ('551', 'field', '64', 'en_us', ''),
 ('551', 'slug', '0', 'en_us', ' the solemnity of christ the king '),
 ('551', 'title', '0', 'en_us', ' the first sunday of advent '),
 ('552', 'field', '47', 'en_us', ' november 26 '),
 ('552', 'field', '62', 'en_us', ' men and boys choir '),
 ('552', 'field', '63', 'en_us', ' william mathias chorale william mathias chorale jonathan dove missa brevis jonathan dove missa brevis anthony piccolo o come let us sing unto the lord anthony piccolo o come let us sing unto the lord mathias toccata giocosa mathias toccata giocosa '),
 ('552', 'field', '64', 'en_us', ''),
 ('552', 'slug', '0', 'en_us', ' the solemnity of christ the king '),
 ('552', 'title', '0', 'en_us', ' the solemnity of christ the king '),
 ('553', 'field', '47', 'en_us', ' december 10 '),
 ('553', 'field', '62', 'en_us', ' men and boys choir '),
 ('553', 'field', '63', 'en_us', ' john rutter excerpts from dancing day john rutter excerpts from dancing day orlando gibbons mass in f orlando gibbons mass in f orlando gibbons this is the record of john nun komm der heiden heiland bwv 661 orlando gibbons this is the record of john nun komm der heiden heiland bwv 661 ');
INSERT INTO `craft_searchindex` (`elementId`, `attribute`, `fieldId`, `locale`, `keywords`) VALUES
 ('553', 'field', '64', 'en_us', ''),
 ('553', 'slug', '0', 'en_us', ' the second sunday of advent '),
 ('553', 'title', '0', 'en_us', ' the second sunday of advent '),
 ('554', 'field', '47', 'en_us', ' december 17 '),
 ('554', 'field', '62', 'en_us', ' men and boys choir '),
 ('554', 'field', '63', 'en_us', ' brian schober toccata on veni veni emmanuel brian schober toccata on veni veni emmanuel orlando gibbons mass in f orlando gibbons mass in f john stainer how beautiful upon the mountains john stainer how beautiful upon the mountains ch v stanford song of peace ch v stanford song of peace brian schober toccata on veni veni emmanuel brian schober toccata on veni veni emmanuel '),
 ('554', 'field', '64', 'en_us', ''),
 ('554', 'slug', '0', 'en_us', ' the third sunday of advent '),
 ('554', 'title', '0', 'en_us', ' the third sunday of advent '),
 ('555', 'field', '47', 'en_us', ' december 15 7 30 pm '),
 ('555', 'field', '62', 'en_us', ''),
 ('555', 'field', '63', 'en_us', ''),
 ('555', 'field', '64', 'en_us', ' gian carlo menotti s amahl and the night visitors and john rutter s dancing day performedby the transfiguration choirs of men boys girls choir and camerata with soloists and the transfiguration chamber orchestra '),
 ('555', 'slug', '0', 'en_us', ' christmas candlelight concert '),
 ('555', 'title', '0', 'en_us', ' christmas candlelight concert '),
 ('556', 'field', '47', 'en_us', ' december 24 '),
 ('556', 'field', '62', 'en_us', ''),
 ('556', 'field', '63', 'en_us', ''),
 ('556', 'field', '64', 'en_us', ' soloist at the morning service4 00 pm children s creche service by lumines girls choir girls choir and cherub choir '),
 ('556', 'slug', '0', 'en_us', ' the fourth sunday of advent '),
 ('556', 'title', '0', 'en_us', ' the fourth sunday of advent '),
 ('557', 'field', '47', 'en_us', ' december 24 10 00 pm '),
 ('557', 'field', '62', 'en_us', ' men and boys choir '),
 ('557', 'field', '63', 'en_us', ' john rutter selections from dancing day john rutter selections from dancing day anonymous two spanish carols anonymous two spanish carols harold darke in the bleak midwinter harold darke in the bleak midwinter '),
 ('557', 'field', '64', 'en_us', ''),
 ('557', 'slug', '0', 'en_us', ' the nativity of our lord jesus christ carols for choir and congregation '),
 ('557', 'title', '0', 'en_us', ' the nativity of our lord jesus christ carols for choir and congregation '),
 ('558', 'field', '47', 'en_us', ' december 24 10 30 pm '),
 ('558', 'field', '62', 'en_us', ''),
 ('558', 'field', '63', 'en_us', ' marc antoine charpentier missa de minuit pour noel marc antoine charpentier missa de minuit pour noel french carol arr john rutter noel noevelet french carol arr john rutter noel noevelet french carol arr john rutter il est n est french carol arr john rutter il est n est franz biebl ave maria franz biebl ave maria louis vierne carillon de westminster louis vierne carillon de westminster '),
 ('558', 'field', '64', 'en_us', ''),
 ('558', 'slug', '0', 'en_us', ' the nativity of our lord jesus christ procession and solemn mass '),
 ('558', 'title', '0', 'en_us', ' the nativity of our lord jesus christ procession and solemn mass '),
 ('559', 'field', '47', 'en_us', ' december 25 '),
 ('559', 'field', '62', 'en_us', ''),
 ('559', 'field', '63', 'en_us', ' ralph vaughan williams prelude on greensleeves ralph vaughan williams prelude on greensleeves herbert sumsion mass for mens voices herbert sumsion mass for mens voices pietro yon gesu bambino pietro yon gesu bambino j s bach in dulci jubilo j s bach in dulci jubilo '),
 ('559', 'field', '64', 'en_us', ''),
 ('559', 'slug', '0', 'en_us', ' christmas day '),
 ('559', 'title', '0', 'en_us', ' christmas day '),
 ('560', 'field', '47', 'en_us', ' january 31 '),
 ('560', 'field', '62', 'en_us', ''),
 ('560', 'field', '63', 'en_us', ''),
 ('560', 'field', '64', 'en_us', ' music for oboe and organ '),
 ('560', 'slug', '0', 'en_us', ' the holy name of jesus '),
 ('560', 'title', '0', 'en_us', ' the holy name of jesus '),
 ('401', 'field', '72', 'en_us', ''),
 ('401', 'field', '70', 'en_us', ''),
 ('562', 'field', '13', 'en_us', ''),
 ('562', 'slug', '0', 'en_us', ' prayer requests '),
 ('562', 'title', '0', 'en_us', ' prayer requests '),
 ('355', 'field', '70', 'en_us', ''),
 ('563', 'field', '14', 'en_us', ' among those blessings are the gift of the eucharist itself and the opportunity it provides for healing both individual and collective at transfiguration the eucharisticliturgy worship offers a foundation for and pathway to deeper faith regardless of spiritual background or condition in the words of the great spiritual let us break bread together on our knees humbly asking god for forgiveness and for the strength and courage to do his will in our daily lives '),
 ('563', 'slug', '0', 'en_us', '');



DROP TABLE IF EXISTS `craft_sections`;


--
-- Schema for table `craft_sections`
--
CREATE TABLE `craft_sections` (
  `id` int(11) NOT NULL AUTO_INCREMENT,
  `structureId` int(11) DEFAULT NULL,
  `name` varchar(255) COLLATE utf8_unicode_ci NOT NULL,
  `handle` varchar(255) COLLATE utf8_unicode_ci NOT NULL,
  `type` enum('single','channel','structure') COLLATE utf8_unicode_ci NOT NULL DEFAULT 'channel',
  `hasUrls` tinyint(1) unsigned NOT NULL DEFAULT '1',
  `template` varchar(500) COLLATE utf8_unicode_ci DEFAULT NULL,
  `enableVersioning` tinyint(1) unsigned NOT NULL DEFAULT '0',
  `dateCreated` datetime NOT NULL,
  `dateUpdated` datetime NOT NULL,
  `uid` char(36) COLLATE utf8_unicode_ci NOT NULL DEFAULT '0',
  PRIMARY KEY (`id`),
  UNIQUE KEY `craft_sections_name_unq_idx` (`name`),
  UNIQUE KEY `craft_sections_handle_unq_idx` (`handle`),
  KEY `craft_sections_structureId_fk` (`structureId`)
) ENGINE=InnoDB AUTO_INCREMENT=20 DEFAULT CHARSET=utf8 COLLATE=utf8_unicode_ci;

--
-- Data for table `craft_sections`
--

INSERT INTO `craft_sections` (`id`, `structureId`, `name`, `handle`, `type`, `hasUrls`, `template`, `enableVersioning`, `dateCreated`, `dateUpdated`, `uid`) VALUES
 ('3', '1', 'Home Marquees', 'homeMarquees', 'structure', '0', NULL, '0', '2017-08-25 13:20:53', '2017-08-30 11:48:13', '02256ddc-d6c3-4dee-b3c7-95a019574990'),
 ('4', NULL, 'Home', 'home', 'single', '1', '', '0', '2017-08-25 16:28:45', '2017-08-25 16:56:41', '097ba04f-092b-4d06-9925-b6fb73917f8a'),
 ('5', '3', 'Home Quadrants', 'homeQuadrants', 'structure', '0', NULL, '0', '2017-08-25 16:57:57', '2017-08-25 18:30:03', '3a8c382e-b70d-4ab5-b195-5f9fcd6a33d5'),
 ('7', '6', 'About', 'about', 'structure', '1', 'about/_entry', '0', '2017-08-26 11:07:16', '2017-09-13 09:18:41', '665fdc1d-ae8e-407a-806d-2bbe9eebfb7b'),
 ('8', '5', 'Church Bios', 'churchBios', 'structure', '0', NULL, '0', '2017-08-28 15:07:07', '2017-08-28 18:54:42', '3ce3c43c-582a-4161-8211-547afa26a7df'),
 ('9', NULL, 'Blog', 'blog', 'channel', '1', 'blog/_entry', '1', '2017-08-30 09:04:27', '2017-08-30 09:05:41', 'e6ce6722-f9f2-48a5-a196-6a947c7ea8eb'),
 ('10', '7', 'Worship', 'worship', 'structure', '1', 'about/_entry', '1', '2017-09-01 10:04:40', '2017-09-01 10:09:32', 'f136e745-bcaf-4607-863b-4e1bad92b9a9'),
 ('11', '8', 'Virtual Tour', 'virtualTour', 'structure', '1', 'virtual-tour/_entry', '0', '2017-09-01 11:25:00', '2017-09-01 11:29:50', '251b35cc-c6d0-476d-aa3b-b8fb234e34ef'),
 ('13', NULL, 'Audio Sermons', 'audioSermons', 'channel', '0', NULL, '0', '2017-09-12 10:18:21', '2017-09-12 16:41:41', 'afca4c0f-3f5c-4cff-ba6b-222ad25f91b8'),
 ('14', '9', 'Music', 'music', 'structure', '1', 'about/_entry', '0', '2017-09-13 09:18:30', '2017-09-13 09:21:01', '51c04cd7-490e-4381-aaef-3f80370d9f8b'),
 ('15', '10', 'Volunteer Contacts', 'volunteerContacts', 'structure', '0', NULL, '0', '2017-09-21 09:25:09', '2017-09-21 09:25:09', '7242bc35-4c54-4ecf-9d44-ba69e16bfb91'),
 ('16', '11', 'Liturgical Music', 'liturgicalMusic', 'structure', '0', NULL, '0', '2017-09-22 09:37:19', '2017-09-22 09:49:29', 'f49d9abf-5549-4fce-8bc0-cee365a09013'),
 ('17', NULL, 'Events', 'events', 'single', '1', 'events/eventsLanding', '0', '2017-09-24 10:29:32', '2017-09-24 10:29:32', '728529b7-b346-4885-80f4-e9ff23d8662b'),
 ('18', '12', 'Worship Schedule', 'worshipSchedule', 'structure', '0', NULL, '0', '2017-09-26 23:07:33', '2017-09-26 23:23:05', '9f9a500d-d234-4d44-9677-307d5f027531'),
 ('19', NULL, 'Plan Your Visit', 'visit', 'single', '1', '/visit/index.html', '0', '2017-09-27 07:44:51', '2017-09-27 08:45:02', 'bff089ef-28c8-42fe-98e7-45e16dbb3070');



DROP TABLE IF EXISTS `craft_sections_i18n`;


--
-- Schema for table `craft_sections_i18n`
--
CREATE TABLE `craft_sections_i18n` (
  `id` int(11) NOT NULL AUTO_INCREMENT,
  `sectionId` int(11) NOT NULL,
  `locale` char(12) COLLATE utf8_unicode_ci NOT NULL,
  `enabledByDefault` tinyint(1) unsigned NOT NULL DEFAULT '1',
  `urlFormat` text COLLATE utf8_unicode_ci,
  `nestedUrlFormat` text COLLATE utf8_unicode_ci,
  `dateCreated` datetime NOT NULL,
  `dateUpdated` datetime NOT NULL,
  `uid` char(36) COLLATE utf8_unicode_ci NOT NULL DEFAULT '0',
  PRIMARY KEY (`id`),
  UNIQUE KEY `craft_sections_i18n_sectionId_locale_unq_idx` (`sectionId`,`locale`),
  KEY `craft_sections_i18n_locale_fk` (`locale`)
) ENGINE=InnoDB AUTO_INCREMENT=20 DEFAULT CHARSET=utf8 COLLATE=utf8_unicode_ci;

--
-- Data for table `craft_sections_i18n`
--

INSERT INTO `craft_sections_i18n` (`id`, `sectionId`, `locale`, `enabledByDefault`, `urlFormat`, `nestedUrlFormat`, `dateCreated`, `dateUpdated`, `uid`) VALUES
 ('3', '3', 'en_us', '1', NULL, NULL, '2017-08-25 13:20:53', '2017-08-25 13:20:53', '363272e7-6719-47ae-b9e6-16a0f867a280'),
 ('4', '4', 'en_us', '1', '__home__', NULL, '2017-08-25 16:28:45', '2017-08-25 16:56:06', '34bf625d-1be8-4faf-8552-97dc695944a2'),
 ('5', '5', 'en_us', '1', NULL, NULL, '2017-08-25 16:57:57', '2017-08-25 16:57:57', '3b8445a0-2112-44a5-ba34-9686b52e7715'),
 ('7', '7', 'en_us', '1', 'about/{slug}', NULL, '2017-08-26 11:07:16', '2017-08-26 11:07:16', '782a5855-45bc-49b2-9ebe-84b3b15ff0de'),
 ('8', '8', 'en_us', '1', NULL, NULL, '2017-08-28 15:07:07', '2017-08-28 15:07:07', '9359ef37-423d-4c20-b4eb-881082600f46'),
 ('9', '9', 'en_us', '1', 'blog/{postDate.year}/{slug}', NULL, '2017-08-30 09:04:27', '2017-08-30 09:04:27', '60dbf11d-7e22-4b78-87e2-e5dc7dd97fad'),
 ('10', '10', 'en_us', '1', 'worship/{slug}', NULL, '2017-09-01 10:04:40', '2017-09-01 10:04:40', '6ae59797-14c4-464a-a0b3-302a14af6ddd'),
 ('11', '11', 'en_us', '1', 'virtual-tour/{slug}', NULL, '2017-09-01 11:25:00', '2017-09-01 11:25:00', 'f315c497-222c-41db-bbfa-56f6e41f365c'),
 ('13', '13', 'en_us', '1', NULL, NULL, '2017-09-12 10:18:21', '2017-09-12 10:18:21', '87a23df7-9df6-46a9-93f1-17a29b681c9e'),
 ('14', '14', 'en_us', '1', 'music/{slug}', NULL, '2017-09-13 09:18:30', '2017-09-13 09:18:30', 'f5688e24-16a4-4ccf-b7b1-69161e84385d'),
 ('15', '15', 'en_us', '1', NULL, NULL, '2017-09-21 09:25:09', '2017-09-21 09:25:09', 'b6ae1cf8-fd9a-4631-a0ce-1ae6c6d15009'),
 ('16', '16', 'en_us', '1', NULL, NULL, '2017-09-22 09:37:19', '2017-09-22 09:37:19', '9432883a-8093-437d-ac15-890394d03c0a'),
 ('17', '17', 'en_us', '1', 'events', NULL, '2017-09-24 10:29:32', '2017-09-24 10:29:32', 'f445c4fb-fdae-4639-81a5-5614aef9dd6c'),
 ('18', '18', 'en_us', '1', NULL, NULL, '2017-09-26 23:07:33', '2017-09-26 23:07:33', '117541b0-29cd-42a9-b50a-319ec238d250'),
 ('19', '19', 'en_us', '1', 'visit', NULL, '2017-09-27 07:44:51', '2017-09-27 07:44:51', '4abad872-b0fb-42f8-b3ec-9a4a08aba6f3');



DROP TABLE IF EXISTS `craft_sessions`;


--
-- Schema for table `craft_sessions`
--
CREATE TABLE `craft_sessions` (
  `id` int(11) NOT NULL AUTO_INCREMENT,
  `userId` int(11) NOT NULL,
  `token` char(100) COLLATE utf8_unicode_ci NOT NULL,
  `dateCreated` datetime NOT NULL,
  `dateUpdated` datetime NOT NULL,
  `uid` char(36) COLLATE utf8_unicode_ci NOT NULL DEFAULT '0',
  PRIMARY KEY (`id`),
  KEY `craft_sessions_uid_idx` (`uid`),
  KEY `craft_sessions_token_idx` (`token`),
  KEY `craft_sessions_dateUpdated_idx` (`dateUpdated`),
  KEY `craft_sessions_userId_fk` (`userId`)
) ENGINE=InnoDB AUTO_INCREMENT=111 DEFAULT CHARSET=utf8 COLLATE=utf8_unicode_ci;

DROP TABLE IF EXISTS `craft_shunnedmessages`;


--
-- Schema for table `craft_shunnedmessages`
--
CREATE TABLE `craft_shunnedmessages` (
  `id` int(11) NOT NULL AUTO_INCREMENT,
  `userId` int(11) NOT NULL,
  `message` varchar(255) COLLATE utf8_unicode_ci NOT NULL,
  `expiryDate` datetime DEFAULT NULL,
  `dateCreated` datetime NOT NULL,
  `dateUpdated` datetime NOT NULL,
  `uid` char(36) COLLATE utf8_unicode_ci NOT NULL DEFAULT '0',
  PRIMARY KEY (`id`),
  UNIQUE KEY `craft_shunnedmessages_userId_message_unq_idx` (`userId`,`message`)
) ENGINE=InnoDB DEFAULT CHARSET=utf8 COLLATE=utf8_unicode_ci;

DROP TABLE IF EXISTS `craft_structureelements`;


--
-- Schema for table `craft_structureelements`
--
CREATE TABLE `craft_structureelements` (
  `id` int(11) NOT NULL AUTO_INCREMENT,
  `structureId` int(11) NOT NULL,
  `elementId` int(11) DEFAULT NULL,
  `root` int(11) unsigned DEFAULT NULL,
  `lft` int(11) unsigned NOT NULL,
  `rgt` int(11) unsigned NOT NULL,
  `level` smallint(6) unsigned NOT NULL,
  `dateCreated` datetime NOT NULL,
  `dateUpdated` datetime NOT NULL,
  `uid` char(36) COLLATE utf8_unicode_ci NOT NULL DEFAULT '0',
  PRIMARY KEY (`id`),
  UNIQUE KEY `craft_structureelements_structureId_elementId_unq_idx` (`structureId`,`elementId`),
  KEY `craft_structureelements_root_idx` (`root`),
  KEY `craft_structureelements_lft_idx` (`lft`),
  KEY `craft_structureelements_rgt_idx` (`rgt`),
  KEY `craft_structureelements_level_idx` (`level`),
  KEY `craft_structureelements_elementId_fk` (`elementId`)
) ENGINE=InnoDB AUTO_INCREMENT=98 DEFAULT CHARSET=utf8 COLLATE=utf8_unicode_ci;

--
-- Data for table `craft_structureelements`
--

INSERT INTO `craft_structureelements` (`id`, `structureId`, `elementId`, `root`, `lft`, `rgt`, `level`, `dateCreated`, `dateUpdated`, `uid`) VALUES
 ('1', '1', NULL, '1', '1', '10', '0', '2017-08-25 13:52:11', '2017-08-25 13:52:11', '85377f42-a96f-41da-a05b-378705124a38'),
 ('2', '1', '7', '1', '2', '3', '1', '2017-08-25 13:52:11', '2017-08-25 13:52:11', '9ba43c01-ea5f-45cc-acdd-26f7cf4d5d39'),
 ('3', '1', '59', '1', '4', '5', '1', '2017-08-25 14:26:30', '2017-08-25 14:26:30', '37683643-3276-421e-86c6-254c7ebcd680'),
 ('4', '1', '60', '1', '8', '9', '1', '2017-08-25 14:47:50', '2017-08-25 14:47:50', 'e570db0f-fa64-4a44-ac30-0fc045cd432a'),
 ('7', '3', NULL, '7', '1', '10', '0', '2017-08-25 18:25:38', '2017-08-25 18:25:38', '41669b58-621c-4c67-9c23-2fd22b009140'),
 ('8', '3', '62', '7', '2', '3', '1', '2017-08-25 18:25:38', '2017-08-25 18:25:38', 'e673e92f-00bc-4527-a22c-aeaa51a82ca8'),
 ('9', '3', '63', '7', '4', '5', '1', '2017-08-25 18:49:23', '2017-08-25 18:49:23', 'cefa9fcd-22a1-4541-afa9-e15463514fe0'),
 ('10', '3', '64', '7', '6', '7', '1', '2017-08-25 18:50:18', '2017-08-25 18:50:18', 'edd47d14-55d0-465e-bf66-d202f07c46b5'),
 ('11', '3', '65', '7', '8', '9', '1', '2017-08-25 18:50:41', '2017-08-25 18:50:41', '74a38b03-11fe-4273-a776-207ecb5b8438'),
 ('15', '5', NULL, '15', '1', '18', '0', '2017-08-28 18:53:40', '2017-08-28 18:53:40', '9515488a-f2d4-4c4f-9956-d408c90a5cc1'),
 ('16', '5', '76', '15', '10', '11', '1', '2017-08-28 18:53:40', '2017-08-28 18:53:40', '2746bfa2-5ac6-4fe6-9d5b-5f1fd0da21dc'),
 ('17', '5', '78', '15', '2', '3', '1', '2017-08-28 18:53:40', '2017-08-28 18:53:40', '351a0643-9980-4322-a2a7-9e4d2ef5d6b4'),
 ('18', '6', NULL, '18', '1', '14', '0', '2017-08-30 12:22:42', '2017-08-30 12:22:42', '0b4cbda7-7523-46e9-abae-8cbe6ecc15b4'),
 ('19', '6', '69', '18', '2', '3', '1', '2017-08-30 12:22:42', '2017-08-30 12:22:42', 'ff34f1c9-86ac-45e4-995d-b65fed17ea36'),
 ('20', '6', '87', '18', '6', '7', '1', '2017-08-30 12:22:42', '2017-08-30 12:22:42', 'b23b2366-5d2e-48c8-8802-3fb25b141500'),
 ('21', '5', '229', '15', '4', '5', '1', '2017-08-31 19:57:03', '2017-08-31 19:57:03', 'd8d0c2f1-311d-46dd-98d2-79ded7d9c8a6'),
 ('23', '6', '234', '18', '4', '5', '1', '2017-08-31 20:27:54', '2017-08-31 20:27:54', '621b1b09-fa5a-4a18-b3f1-1ae1d2ae51be'),
 ('24', '6', '239', '18', '8', '9', '1', '2017-08-31 20:36:16', '2017-08-31 20:36:16', '051989b0-ed4c-4059-93b5-82620cd0b070'),
 ('25', '7', NULL, '25', '1', '20', '0', '2017-09-01 10:13:16', '2017-09-01 10:13:16', 'ce98e7e8-7e01-4ad6-ac6d-61327025c12e'),
 ('26', '7', '244', '25', '2', '3', '1', '2017-09-01 10:13:16', '2017-09-01 10:13:16', '4572937a-ca13-4e1c-be81-c73eb061951a'),
 ('27', '8', NULL, '27', '1', '16', '0', '2017-09-01 11:45:08', '2017-09-01 11:45:08', '778638be-51b2-4e06-aee9-bea956e6815c'),
 ('28', '8', '254', '27', '2', '3', '1', '2017-09-01 11:45:08', '2017-09-01 11:45:08', '4c6ed212-457f-450d-9426-072c6b1d6a23'),
 ('29', '8', '267', '27', '4', '5', '1', '2017-09-01 11:46:35', '2017-09-01 11:46:35', 'a75efaf9-74f2-4400-af14-1f3b17fd2249'),
 ('30', '8', '268', '27', '6', '7', '1', '2017-09-01 11:47:05', '2017-09-01 11:47:05', '22d87510-66b2-435f-af5c-8958309e9d18'),
 ('31', '6', '271', '18', '10', '11', '1', '2017-09-05 14:56:51', '2017-09-05 14:56:51', '71859bac-590d-4ec5-a470-888fef9302b1'),
 ('33', '7', '287', '25', '4', '5', '1', '2017-09-12 09:46:39', '2017-09-12 09:46:39', '277ca161-818d-4e08-8a74-21a018220d32'),
 ('34', '5', '321', '15', '6', '7', '1', '2017-09-13 08:49:10', '2017-09-13 08:49:10', 'a7418ccd-b1d0-4353-a458-3d562b86645a'),
 ('35', '5', '322', '15', '14', '15', '1', '2017-09-13 08:53:46', '2017-09-13 08:53:46', '29fd959e-dea6-4aaa-b5c6-1f41d628bb23'),
 ('36', '9', NULL, '36', '1', '22', '0', '2017-09-13 09:19:39', '2017-09-13 09:19:39', '51518ab1-c869-4a07-a088-96dbce5f22ab'),
 ('37', '9', '324', '36', '2', '3', '1', '2017-09-13 09:19:39', '2017-09-13 09:19:39', 'c5ebcec8-5227-4dda-87c3-7cb2e50101e7'),
 ('38', '9', '329', '36', '4', '5', '1', '2017-09-13 09:42:08', '2017-09-13 09:42:08', '59f01787-19fc-4104-959d-a131251c3235'),
 ('39', '9', '333', '36', '6', '7', '1', '2017-09-13 10:34:14', '2017-09-13 10:34:14', '5ca7cc21-2b7b-416f-9f5f-d23554967d60'),
 ('40', '1', '352', '1', '6', '7', '1', '2017-09-14 17:23:28', '2017-09-14 17:23:28', '6c9819c5-4998-40cb-a54a-338211d87ae5'),
 ('41', '8', '353', '27', '8', '9', '1', '2017-09-14 18:20:39', '2017-09-14 18:20:39', '086f10cc-4b47-477d-8b6a-7bdd671624f4'),
 ('42', '7', '355', '25', '6', '7', '1', '2017-09-14 19:20:28', '2017-09-14 19:20:28', 'd167cd0d-2093-4e70-83a7-afdbed2596f8'),
 ('43', '7', '359', '25', '8', '9', '1', '2017-09-14 19:36:40', '2017-09-14 19:36:40', '3e50e2da-570b-4812-96d4-eeb01def432b'),
 ('44', '7', '363', '25', '10', '11', '1', '2017-09-14 21:14:41', '2017-09-14 21:14:41', '030b96e6-c5eb-432b-b99d-4809ed3b584d'),
 ('45', '7', '375', '25', '12', '13', '1', '2017-09-16 16:25:03', '2017-09-16 16:25:03', '84172717-0a47-4d42-bc9b-86a6c5674ff8'),
 ('46', '5', '398', '15', '8', '9', '1', '2017-09-20 08:38:43', '2017-09-20 08:38:43', 'd867a328-70b3-405e-bacc-71c1b663f662'),
 ('47', '6', '401', '18', '12', '13', '1', '2017-09-21 08:42:12', '2017-09-21 08:42:12', '86d7f764-babe-4331-8211-17e5fee727a4'),
 ('48', '10', NULL, '48', '1', '20', '0', '2017-09-21 09:31:53', '2017-09-21 09:31:53', '1f729f7b-a0c3-4cea-8040-975be5379f0b'),
 ('49', '10', '406', '48', '2', '3', '1', '2017-09-21 09:31:53', '2017-09-21 09:31:53', '7254791a-420c-4546-8bd8-03f7d321d700'),
 ('50', '10', '407', '48', '4', '5', '1', '2017-09-21 09:32:31', '2017-09-21 09:32:31', 'ef365c2f-8648-4df8-b0ef-7c1fb0507b31'),
 ('51', '10', '408', '48', '6', '7', '1', '2017-09-21 09:37:34', '2017-09-21 09:37:34', '0a4f99ae-623b-44fa-a47b-14e171ee7ae8'),
 ('52', '10', '409', '48', '8', '9', '1', '2017-09-21 09:38:03', '2017-09-21 09:38:03', 'e4161189-4da8-408f-a74f-513045cd0393'),
 ('53', '10', '410', '48', '10', '11', '1', '2017-09-21 09:38:21', '2017-09-21 09:38:21', 'b8d06fc5-f507-4ab2-a8b5-03c94076f4e7'),
 ('54', '10', '411', '48', '12', '13', '1', '2017-09-21 09:38:41', '2017-09-21 09:38:41', 'd2520bb1-622f-45ec-b7df-da5f8da445c0'),
 ('55', '10', '412', '48', '14', '15', '1', '2017-09-21 09:39:06', '2017-09-21 09:39:06', '14b53321-6719-4b1e-898b-c8fa7dc10659'),
 ('56', '10', '413', '48', '16', '17', '1', '2017-09-21 09:39:24', '2017-09-21 09:39:24', '165ced47-0236-43fd-9058-d06c2ef64755'),
 ('57', '10', '414', '48', '18', '19', '1', '2017-09-21 09:39:44', '2017-09-21 09:39:44', '072a0865-613a-42af-999b-62be699ab46e'),
 ('58', '9', '423', '36', '20', '21', '1', '2017-09-22 08:21:39', '2017-09-22 08:21:39', 'eae56577-099a-4529-8dfc-d9243bf60bc7'),
 ('59', '11', NULL, '59', '1', '42', '0', '2017-09-22 09:49:06', '2017-09-22 09:49:06', '1a3b8e7e-9883-4fb2-9656-99a79dca3ba0'),
 ('60', '11', '424', '59', '2', '3', '1', '2017-09-22 09:49:06', '2017-09-22 09:49:06', 'fceb1e3a-4c7b-46b5-ba4b-dd21c308464b'),
 ('61', '11', '425', '59', '4', '5', '1', '2017-09-22 10:21:18', '2017-09-22 10:21:18', 'f12b05c5-ffae-433e-a665-064fa86ef4a1'),
 ('62', '11', '426', '59', '6', '7', '1', '2017-09-22 10:25:29', '2017-09-22 10:25:29', '7cd77928-8197-40ce-9f4e-767feb1fefb6'),
 ('63', '9', '428', '36', '10', '11', '1', '2017-09-22 10:36:10', '2017-09-22 10:36:10', '35125203-8eb6-48bf-8928-786b285099d6'),
 ('64', '9', '430', '36', '12', '13', '1', '2017-09-22 10:59:14', '2017-09-22 10:59:14', '92521c3f-1f1c-42ca-bee4-78b768dfbf68'),
 ('65', '9', '432', '36', '14', '15', '1', '2017-09-22 11:21:38', '2017-09-22 11:21:38', '8839fe18-3fdc-48e4-9f68-909ccf7509d7'),
 ('66', '9', '434', '36', '16', '17', '1', '2017-09-22 11:22:06', '2017-09-22 11:22:06', 'da87655e-a1bd-4aff-ac9b-38536b6f7e3b'),
 ('67', '8', '450', '27', '10', '11', '1', '2017-09-23 12:03:04', '2017-09-23 12:03:04', '35a20dd2-ee8c-49de-a3a2-f294a0cf50a1'),
 ('68', '8', '451', '27', '12', '13', '1', '2017-09-23 12:11:29', '2017-09-23 12:11:29', 'ad443e52-1f84-4178-ab5e-b0fd387d27d7'),
 ('69', '8', '452', '27', '14', '15', '1', '2017-09-23 12:12:41', '2017-09-23 12:12:41', '8f4df9fe-0f87-468e-aa2a-c63d8c7b88c2'),
 ('70', '7', '455', '25', '14', '15', '1', '2017-09-23 13:50:08', '2017-09-23 13:50:08', '3c7fa17f-df2f-4693-b0a5-6570a0725d3f'),
 ('71', '5', '491', '15', '12', '13', '1', '2017-09-24 23:03:02', '2017-09-24 23:03:02', '2d320e41-f337-4cb9-a7b6-aa1cab5167d0'),
 ('72', '9', '507', '36', '8', '9', '1', '2017-09-26 08:25:12', '2017-09-26 08:25:12', 'ad111a2f-9978-4a81-a6c5-15a7b44f86e3'),
 ('73', '9', '508', '36', '18', '19', '1', '2017-09-26 08:36:06', '2017-09-26 08:36:06', '5119d72c-e0e5-4a81-9420-9b8a15d03030'),
 ('74', '7', '518', '25', '16', '17', '1', '2017-09-26 10:43:33', '2017-09-26 10:43:33', '21442b65-e042-4322-9489-6b68914449ee'),
 ('75', '5', '527', '15', '16', '17', '1', '2017-09-26 22:31:56', '2017-09-26 22:31:56', 'c9e0d273-a1c2-4a9f-9781-340a55bd3d64'),
 ('76', '12', NULL, '76', '1', '8', '0', '2017-09-26 23:23:05', '2017-09-26 23:23:05', '5b856907-80ed-405c-a0f6-99501a5065c5'),
 ('77', '12', '528', '76', '2', '3', '1', '2017-09-26 23:23:05', '2017-09-26 23:23:05', '48ccad93-148f-44ba-b7bd-b60a104b5ac6'),
 ('78', '12', '529', '76', '4', '5', '1', '2017-09-26 23:23:05', '2017-09-26 23:23:05', '2846c440-9ebb-4759-843e-f6d81db6e756'),
 ('79', '12', '530', '76', '6', '7', '1', '2017-09-26 23:23:05', '2017-09-26 23:23:05', 'e196f987-dad8-44ed-822a-50e70afe425e'),
 ('80', '11', '544', '59', '10', '11', '1', '2017-09-28 00:23:27', '2017-09-28 00:23:27', 'e1592f59-c369-41f1-9705-da7bc264c6aa'),
 ('81', '11', '545', '59', '8', '9', '1', '2017-09-28 00:26:24', '2017-09-28 00:26:24', 'f414db85-484b-48fc-8575-d03c393f2b50'),
 ('82', '11', '546', '59', '12', '13', '1', '2017-09-28 03:12:51', '2017-09-28 03:12:51', 'd6258d32-d67d-4ce6-acf8-0e1ead846947'),
 ('83', '11', '547', '59', '14', '15', '1', '2017-09-28 03:15:25', '2017-09-28 03:15:25', '41cd0ea9-3f0e-4ebb-810f-9a07cc7ee90a'),
 ('84', '11', '548', '59', '16', '17', '1', '2017-09-28 03:17:47', '2017-09-28 03:17:47', 'b02e4ebf-830f-47ce-9e01-7d460ed1e37c'),
 ('85', '11', '549', '59', '18', '19', '1', '2017-09-28 03:20:07', '2017-09-28 03:20:07', 'd3590b88-658e-4c20-ae3a-f6bad6d465bc'),
 ('86', '11', '550', '59', '20', '21', '1', '2017-09-28 03:22:08', '2017-09-28 03:22:08', '2327a3ff-7ea9-4c54-8983-e49e2c48136e'),
 ('87', '11', '551', '59', '22', '23', '1', '2017-09-28 03:23:44', '2017-09-28 03:23:44', '23ec3cbb-5432-48c8-a4e6-988e126ba6b3'),
 ('88', '11', '552', '59', '24', '25', '1', '2017-09-28 03:25:53', '2017-09-28 03:25:53', '3d757a50-4409-46fb-b153-702506be9678'),
 ('89', '11', '553', '59', '26', '27', '1', '2017-09-28 03:27:49', '2017-09-28 03:27:49', 'a75d29aa-addb-4914-aa91-f9889eec84a7'),
 ('90', '11', '554', '59', '28', '29', '1', '2017-09-28 03:29:29', '2017-09-28 03:29:29', 'a420ca85-69a1-4dcc-915a-f51ebb71cba0'),
 ('91', '11', '555', '59', '30', '31', '1', '2017-09-28 03:30:50', '2017-09-28 03:30:50', '61d3ee3b-b25a-4e23-8d35-e9027193ac32'),
 ('92', '11', '556', '59', '32', '33', '1', '2017-09-28 03:32:08', '2017-09-28 03:32:08', '033fcbce-209f-4d4e-aebe-5ef916a2c3eb'),
 ('93', '11', '557', '59', '34', '35', '1', '2017-09-28 03:33:56', '2017-09-28 03:33:56', 'b3cec715-8077-4ea4-9123-316334132dcf'),
 ('94', '11', '558', '59', '36', '37', '1', '2017-09-28 03:35:20', '2017-09-28 03:35:20', '959f70d5-bdfa-4ff0-b24c-2c8604cd76a0'),
 ('95', '11', '559', '59', '38', '39', '1', '2017-09-28 03:36:25', '2017-09-28 03:36:25', '8500d54e-8cdf-4108-882f-b3c989f22f12'),
 ('96', '11', '560', '59', '40', '41', '1', '2017-09-28 03:36:47', '2017-09-28 03:36:47', 'd74f0422-533b-490d-8e14-bb991ae1b161'),
 ('97', '7', '562', '25', '18', '19', '1', '2017-09-28 22:46:38', '2017-09-28 22:46:38', 'f470d4f9-1c6e-4b81-aca4-22c9e0c00583');



DROP TABLE IF EXISTS `craft_structures`;


--
-- Schema for table `craft_structures`
--
CREATE TABLE `craft_structures` (
  `id` int(11) NOT NULL AUTO_INCREMENT,
  `maxLevels` smallint(6) unsigned DEFAULT NULL,
  `dateCreated` datetime NOT NULL,
  `dateUpdated` datetime NOT NULL,
  `uid` char(36) COLLATE utf8_unicode_ci NOT NULL DEFAULT '0',
  PRIMARY KEY (`id`)
) ENGINE=InnoDB AUTO_INCREMENT=13 DEFAULT CHARSET=utf8 COLLATE=utf8_unicode_ci;

--
-- Data for table `craft_structures`
--

INSERT INTO `craft_structures` (`id`, `maxLevels`, `dateCreated`, `dateUpdated`, `uid`) VALUES
 ('1', '1', '2017-08-25 13:20:53', '2017-08-30 11:48:13', 'eb6e4752-8ec8-4495-a6cb-29257a887dc2'),
 ('3', '1', '2017-08-25 16:57:57', '2017-08-25 18:30:03', 'eb6ab25c-12e4-4fcf-8a90-19c2f76fa08c'),
 ('5', '1', '2017-08-28 18:53:40', '2017-08-28 18:54:42', '972e186f-efa4-44dd-b04a-b5d2f1f8665f'),
 ('6', '1', '2017-08-30 12:22:42', '2017-09-13 09:18:41', '5dae3427-a91c-4361-8404-df77709fa81a'),
 ('7', '1', '2017-09-01 10:04:40', '2017-09-01 10:09:32', 'af95ce5e-0bcc-4815-817f-809bf67143bc'),
 ('8', '1', '2017-09-01 11:25:00', '2017-09-01 11:29:50', '3453e552-f8e7-43ef-8be7-3ed13318f483'),
 ('9', '1', '2017-09-13 09:18:30', '2017-09-13 09:21:01', '86c74ee6-27a3-4854-9e61-53761d95af92'),
 ('10', NULL, '2017-09-21 09:25:09', '2017-09-21 09:25:09', 'ed414011-29da-4904-94b9-31bc1d98c716'),
 ('11', '1', '2017-09-22 09:37:19', '2017-09-22 09:49:29', '41d0acda-f284-4c41-806e-bf1b618268c9'),
 ('12', NULL, '2017-09-26 23:23:05', '2017-09-26 23:23:05', '4e0152be-d6e7-45b9-88fb-ba22ab2bc577');



DROP TABLE IF EXISTS `craft_systemsettings`;


--
-- Schema for table `craft_systemsettings`
--
CREATE TABLE `craft_systemsettings` (
  `id` int(11) NOT NULL AUTO_INCREMENT,
  `category` varchar(15) COLLATE utf8_unicode_ci NOT NULL,
  `settings` text COLLATE utf8_unicode_ci,
  `dateCreated` datetime NOT NULL,
  `dateUpdated` datetime NOT NULL,
  `uid` char(36) COLLATE utf8_unicode_ci NOT NULL DEFAULT '0',
  PRIMARY KEY (`id`),
  UNIQUE KEY `craft_systemsettings_category_unq_idx` (`category`)
) ENGINE=InnoDB AUTO_INCREMENT=2 DEFAULT CHARSET=utf8 COLLATE=utf8_unicode_ci;

--
-- Data for table `craft_systemsettings`
--

INSERT INTO `craft_systemsettings` (`id`, `category`, `settings`, `dateCreated`, `dateUpdated`, `uid`) VALUES
 ('1', 'email', '{\"protocol\":\"php\",\"emailAddress\":\"carl@avidanodigital.com\",\"senderName\":\"Lc\"}', '2017-08-24 19:10:40', '2017-08-24 19:10:40', '9ce3e934-a9d1-461b-b63f-552e1a2a3e57');



DROP TABLE IF EXISTS `craft_taggroups`;


--
-- Schema for table `craft_taggroups`
--
CREATE TABLE `craft_taggroups` (
  `id` int(11) NOT NULL AUTO_INCREMENT,
  `name` varchar(255) COLLATE utf8_unicode_ci NOT NULL,
  `handle` varchar(255) COLLATE utf8_unicode_ci NOT NULL,
  `fieldLayoutId` int(10) DEFAULT NULL,
  `dateCreated` datetime NOT NULL,
  `dateUpdated` datetime NOT NULL,
  `uid` char(36) COLLATE utf8_unicode_ci NOT NULL DEFAULT '0',
  PRIMARY KEY (`id`),
  UNIQUE KEY `craft_taggroups_name_unq_idx` (`name`),
  UNIQUE KEY `craft_taggroups_handle_unq_idx` (`handle`),
  KEY `craft_taggroups_fieldLayoutId_fk` (`fieldLayoutId`)
) ENGINE=InnoDB AUTO_INCREMENT=2 DEFAULT CHARSET=utf8 COLLATE=utf8_unicode_ci;

--
-- Data for table `craft_taggroups`
--

INSERT INTO `craft_taggroups` (`id`, `name`, `handle`, `fieldLayoutId`, `dateCreated`, `dateUpdated`, `uid`) VALUES
 ('1', 'Default', 'default', '1', '2017-08-24 19:10:40', '2017-08-24 19:10:40', '14f78ef4-3ec2-4ae5-9063-fa38e0184e99');



DROP TABLE IF EXISTS `craft_tags`;


--
-- Schema for table `craft_tags`
--
CREATE TABLE `craft_tags` (
  `id` int(11) NOT NULL,
  `groupId` int(11) NOT NULL,
  `dateCreated` datetime NOT NULL,
  `dateUpdated` datetime NOT NULL,
  `uid` char(36) COLLATE utf8_unicode_ci NOT NULL DEFAULT '0',
  PRIMARY KEY (`id`),
  KEY `craft_tags_groupId_fk` (`groupId`)
) ENGINE=InnoDB DEFAULT CHARSET=utf8 COLLATE=utf8_unicode_ci;

DROP TABLE IF EXISTS `craft_tasks`;


--
-- Schema for table `craft_tasks`
--
CREATE TABLE `craft_tasks` (
  `id` int(11) NOT NULL AUTO_INCREMENT,
  `root` int(11) unsigned DEFAULT NULL,
  `lft` int(11) unsigned NOT NULL,
  `rgt` int(11) unsigned NOT NULL,
  `level` smallint(6) unsigned NOT NULL,
  `currentStep` int(11) unsigned DEFAULT NULL,
  `totalSteps` int(11) unsigned DEFAULT NULL,
  `status` enum('pending','error','running') COLLATE utf8_unicode_ci DEFAULT NULL,
  `type` varchar(150) COLLATE utf8_unicode_ci NOT NULL,
  `description` varchar(255) COLLATE utf8_unicode_ci DEFAULT NULL,
  `settings` mediumtext COLLATE utf8_unicode_ci,
  `dateCreated` datetime NOT NULL,
  `dateUpdated` datetime NOT NULL,
  `uid` char(36) COLLATE utf8_unicode_ci NOT NULL DEFAULT '0',
  PRIMARY KEY (`id`),
  KEY `craft_tasks_root_idx` (`root`),
  KEY `craft_tasks_lft_idx` (`lft`),
  KEY `craft_tasks_rgt_idx` (`rgt`),
  KEY `craft_tasks_level_idx` (`level`)
) ENGINE=InnoDB AUTO_INCREMENT=542 DEFAULT CHARSET=utf8 COLLATE=utf8_unicode_ci;

DROP TABLE IF EXISTS `craft_templatecachecriteria`;


--
-- Schema for table `craft_templatecachecriteria`
--
CREATE TABLE `craft_templatecachecriteria` (
  `id` int(11) NOT NULL AUTO_INCREMENT,
  `cacheId` int(11) NOT NULL,
  `type` varchar(150) COLLATE utf8_unicode_ci NOT NULL,
  `criteria` text COLLATE utf8_unicode_ci NOT NULL,
  PRIMARY KEY (`id`),
  KEY `craft_templatecachecriteria_cacheId_fk` (`cacheId`),
  KEY `craft_templatecachecriteria_type_idx` (`type`)
) ENGINE=InnoDB DEFAULT CHARSET=utf8 COLLATE=utf8_unicode_ci;

DROP TABLE IF EXISTS `craft_templatecacheelements`;


--
-- Schema for table `craft_templatecacheelements`
--
CREATE TABLE `craft_templatecacheelements` (
  `cacheId` int(11) NOT NULL,
  `elementId` int(11) NOT NULL,
  KEY `craft_templatecacheelements_cacheId_fk` (`cacheId`),
  KEY `craft_templatecacheelements_elementId_fk` (`elementId`)
) ENGINE=InnoDB DEFAULT CHARSET=utf8 COLLATE=utf8_unicode_ci;

DROP TABLE IF EXISTS `craft_templatecaches`;


--
-- Schema for table `craft_templatecaches`
--
CREATE TABLE `craft_templatecaches` (
  `id` int(11) NOT NULL AUTO_INCREMENT,
  `cacheKey` varchar(255) COLLATE utf8_unicode_ci NOT NULL,
  `locale` char(12) COLLATE utf8_unicode_ci NOT NULL,
  `path` varchar(255) COLLATE utf8_unicode_ci DEFAULT NULL,
  `expiryDate` datetime NOT NULL,
  `body` mediumtext COLLATE utf8_unicode_ci NOT NULL,
  PRIMARY KEY (`id`),
  KEY `craft_templatecaches_expiryDate_cacheKey_locale_path_idx` (`expiryDate`,`cacheKey`,`locale`,`path`),
  KEY `craft_templatecaches_locale_fk` (`locale`)
) ENGINE=InnoDB DEFAULT CHARSET=utf8 COLLATE=utf8_unicode_ci;

DROP TABLE IF EXISTS `craft_tokens`;


--
-- Schema for table `craft_tokens`
--
CREATE TABLE `craft_tokens` (
  `id` int(11) NOT NULL AUTO_INCREMENT,
  `token` char(32) COLLATE utf8_unicode_ci NOT NULL,
  `route` text COLLATE utf8_unicode_ci,
  `usageLimit` tinyint(3) unsigned DEFAULT NULL,
  `usageCount` tinyint(3) unsigned DEFAULT NULL,
  `expiryDate` datetime NOT NULL,
  `dateCreated` datetime NOT NULL,
  `dateUpdated` datetime NOT NULL,
  `uid` char(36) COLLATE utf8_unicode_ci NOT NULL DEFAULT '0',
  PRIMARY KEY (`id`),
  UNIQUE KEY `craft_tokens_token_unq_idx` (`token`),
  KEY `craft_tokens_expiryDate_idx` (`expiryDate`)
) ENGINE=InnoDB DEFAULT CHARSET=utf8 COLLATE=utf8_unicode_ci;

DROP TABLE IF EXISTS `craft_usergroups`;


--
-- Schema for table `craft_usergroups`
--
CREATE TABLE `craft_usergroups` (
  `id` int(11) NOT NULL AUTO_INCREMENT,
  `name` varchar(255) COLLATE utf8_unicode_ci NOT NULL,
  `handle` varchar(255) COLLATE utf8_unicode_ci NOT NULL,
  `dateCreated` datetime NOT NULL,
  `dateUpdated` datetime NOT NULL,
  `uid` char(36) COLLATE utf8_unicode_ci NOT NULL DEFAULT '0',
  PRIMARY KEY (`id`),
  UNIQUE KEY `craft_usergroups_name_unq_idx` (`name`),
  UNIQUE KEY `craft_usergroups_handle_unq_idx` (`handle`)
) ENGINE=InnoDB DEFAULT CHARSET=utf8 COLLATE=utf8_unicode_ci;

DROP TABLE IF EXISTS `craft_usergroups_users`;


--
-- Schema for table `craft_usergroups_users`
--
CREATE TABLE `craft_usergroups_users` (
  `id` int(11) NOT NULL AUTO_INCREMENT,
  `groupId` int(11) NOT NULL,
  `userId` int(11) NOT NULL,
  `dateCreated` datetime NOT NULL,
  `dateUpdated` datetime NOT NULL,
  `uid` char(36) COLLATE utf8_unicode_ci NOT NULL DEFAULT '0',
  PRIMARY KEY (`id`),
  UNIQUE KEY `craft_usergroups_users_groupId_userId_unq_idx` (`groupId`,`userId`),
  KEY `craft_usergroups_users_userId_fk` (`userId`)
) ENGINE=InnoDB DEFAULT CHARSET=utf8 COLLATE=utf8_unicode_ci;

DROP TABLE IF EXISTS `craft_userpermissions`;


--
-- Schema for table `craft_userpermissions`
--
CREATE TABLE `craft_userpermissions` (
  `id` int(11) NOT NULL AUTO_INCREMENT,
  `name` varchar(255) COLLATE utf8_unicode_ci NOT NULL,
  `dateCreated` datetime NOT NULL,
  `dateUpdated` datetime NOT NULL,
  `uid` char(36) COLLATE utf8_unicode_ci NOT NULL DEFAULT '0',
  PRIMARY KEY (`id`),
  UNIQUE KEY `craft_userpermissions_name_unq_idx` (`name`)
) ENGINE=InnoDB DEFAULT CHARSET=utf8 COLLATE=utf8_unicode_ci;

DROP TABLE IF EXISTS `craft_userpermissions_usergroups`;


--
-- Schema for table `craft_userpermissions_usergroups`
--
CREATE TABLE `craft_userpermissions_usergroups` (
  `id` int(11) NOT NULL AUTO_INCREMENT,
  `permissionId` int(11) NOT NULL,
  `groupId` int(11) NOT NULL,
  `dateCreated` datetime NOT NULL,
  `dateUpdated` datetime NOT NULL,
  `uid` char(36) COLLATE utf8_unicode_ci NOT NULL DEFAULT '0',
  PRIMARY KEY (`id`),
  UNIQUE KEY `craft_userpermissions_usergroups_permissionId_groupId_unq_idx` (`permissionId`,`groupId`),
  KEY `craft_userpermissions_usergroups_groupId_fk` (`groupId`)
) ENGINE=InnoDB DEFAULT CHARSET=utf8 COLLATE=utf8_unicode_ci;

DROP TABLE IF EXISTS `craft_userpermissions_users`;


--
-- Schema for table `craft_userpermissions_users`
--
CREATE TABLE `craft_userpermissions_users` (
  `id` int(11) NOT NULL AUTO_INCREMENT,
  `permissionId` int(11) NOT NULL,
  `userId` int(11) NOT NULL,
  `dateCreated` datetime NOT NULL,
  `dateUpdated` datetime NOT NULL,
  `uid` char(36) COLLATE utf8_unicode_ci NOT NULL DEFAULT '0',
  PRIMARY KEY (`id`),
  UNIQUE KEY `craft_userpermissions_users_permissionId_userId_unq_idx` (`permissionId`,`userId`),
  KEY `craft_userpermissions_users_userId_fk` (`userId`)
) ENGINE=InnoDB DEFAULT CHARSET=utf8 COLLATE=utf8_unicode_ci;

DROP TABLE IF EXISTS `craft_users`;


--
-- Schema for table `craft_users`
--
CREATE TABLE `craft_users` (
  `id` int(11) NOT NULL,
  `username` varchar(100) COLLATE utf8_unicode_ci NOT NULL,
  `photo` varchar(100) COLLATE utf8_unicode_ci DEFAULT NULL,
  `firstName` varchar(100) COLLATE utf8_unicode_ci DEFAULT NULL,
  `lastName` varchar(100) COLLATE utf8_unicode_ci DEFAULT NULL,
  `email` varchar(255) COLLATE utf8_unicode_ci NOT NULL,
  `password` char(255) COLLATE utf8_unicode_ci DEFAULT NULL,
  `preferredLocale` char(12) COLLATE utf8_unicode_ci DEFAULT NULL,
  `weekStartDay` tinyint(1) unsigned NOT NULL DEFAULT '0',
  `admin` tinyint(1) unsigned NOT NULL DEFAULT '0',
  `client` tinyint(1) unsigned NOT NULL DEFAULT '0',
  `locked` tinyint(1) unsigned NOT NULL DEFAULT '0',
  `suspended` tinyint(1) unsigned NOT NULL DEFAULT '0',
  `pending` tinyint(1) unsigned NOT NULL DEFAULT '0',
  `archived` tinyint(1) unsigned NOT NULL DEFAULT '0',
  `lastLoginDate` datetime DEFAULT NULL,
  `lastLoginAttemptIPAddress` varchar(45) COLLATE utf8_unicode_ci DEFAULT NULL,
  `invalidLoginWindowStart` datetime DEFAULT NULL,
  `invalidLoginCount` tinyint(4) unsigned DEFAULT NULL,
  `lastInvalidLoginDate` datetime DEFAULT NULL,
  `lockoutDate` datetime DEFAULT NULL,
  `verificationCode` char(100) COLLATE utf8_unicode_ci DEFAULT NULL,
  `verificationCodeIssuedDate` datetime DEFAULT NULL,
  `unverifiedEmail` varchar(255) COLLATE utf8_unicode_ci DEFAULT NULL,
  `passwordResetRequired` tinyint(1) unsigned NOT NULL DEFAULT '0',
  `lastPasswordChangeDate` datetime DEFAULT NULL,
  `dateCreated` datetime NOT NULL,
  `dateUpdated` datetime NOT NULL,
  `uid` char(36) COLLATE utf8_unicode_ci NOT NULL DEFAULT '0',
  PRIMARY KEY (`id`),
  UNIQUE KEY `craft_users_username_unq_idx` (`username`),
  UNIQUE KEY `craft_users_email_unq_idx` (`email`),
  KEY `craft_users_verificationCode_idx` (`verificationCode`),
  KEY `craft_users_uid_idx` (`uid`),
  KEY `craft_users_preferredLocale_fk` (`preferredLocale`)
) ENGINE=InnoDB DEFAULT CHARSET=utf8 COLLATE=utf8_unicode_ci;

--
-- Data for table `craft_users`
--

INSERT INTO `craft_users` (`id`, `username`, `photo`, `firstName`, `lastName`, `email`, `password`, `preferredLocale`, `weekStartDay`, `admin`, `client`, `locked`, `suspended`, `pending`, `archived`, `lastLoginDate`, `lastLoginAttemptIPAddress`, `invalidLoginWindowStart`, `invalidLoginCount`, `lastInvalidLoginDate`, `lockoutDate`, `verificationCode`, `verificationCodeIssuedDate`, `unverifiedEmail`, `passwordResetRequired`, `lastPasswordChangeDate`, `dateCreated`, `dateUpdated`, `uid`) VALUES
 ('1', 'cavidano1', NULL, '', '', 'carl@avidanodigital.com', '$2y$13$Cbgha4MHs6ER8EDyyviR.uKnQiQAlg96lDn76JMy.5TAzyOzuwMXS', NULL, '0', '1', '0', '0', '0', '0', '0', '2017-09-29 23:26:59', '141.155.179.201', NULL, NULL, '2017-08-25 12:59:32', NULL, NULL, NULL, NULL, '0', '2017-08-24 19:10:37', '2017-08-24 19:10:37', '2017-09-29 23:26:59', '187470b6-5e5c-445b-a211-d700e22146ae');



DROP TABLE IF EXISTS `craft_venti_events`;


--
-- Schema for table `craft_venti_events`
--
CREATE TABLE `craft_venti_events` (
  `id` int(11) NOT NULL AUTO_INCREMENT,
  `groupId` int(11) NOT NULL,
  `elementId` int(10) DEFAULT NULL,
  `startDate` datetime NOT NULL,
  `endDate` datetime NOT NULL,
  `allDay` int(10) DEFAULT NULL,
  `repeat` int(10) DEFAULT NULL,
  `rRule` varchar(255) COLLATE utf8_unicode_ci DEFAULT NULL,
  `summary` varchar(255) COLLATE utf8_unicode_ci DEFAULT NULL,
  `locale` char(12) COLLATE utf8_unicode_ci NOT NULL,
  `location` text COLLATE utf8_unicode_ci,
  `specificLocation` varchar(255) COLLATE utf8_unicode_ci DEFAULT NULL,
  `registration` text COLLATE utf8_unicode_ci,
  `dateCreated` datetime NOT NULL,
  `dateUpdated` datetime NOT NULL,
  `uid` char(36) COLLATE utf8_unicode_ci NOT NULL DEFAULT '0',
  PRIMARY KEY (`id`),
  KEY `craft_venti_events_elementId_fk` (`elementId`),
  KEY `craft_venti_events_groupId_fk` (`groupId`)
) ENGINE=InnoDB AUTO_INCREMENT=43 DEFAULT CHARSET=utf8 COLLATE=utf8_unicode_ci;

--
-- Data for table `craft_venti_events`
--

INSERT INTO `craft_venti_events` (`id`, `groupId`, `elementId`, `startDate`, `endDate`, `allDay`, `repeat`, `rRule`, `summary`, `locale`, `location`, `specificLocation`, `registration`, `dateCreated`, `dateUpdated`, `uid`) VALUES
 ('6', '1', '344', '2017-09-12 12:00:00', '2017-09-12 12:30:00', NULL, NULL, NULL, '', 'en_us', NULL, NULL, NULL, '2017-09-14 08:25:26', '2017-09-24 18:39:10', '0fdb0826-c65b-4abf-8677-8312217e45f0'),
 ('7', '1', '345', '2017-09-19 12:00:00', '2017-09-19 12:30:00', NULL, NULL, NULL, '', 'en_us', NULL, NULL, NULL, '2017-09-14 08:41:25', '2017-09-24 18:39:39', '9e42b7e4-ed32-4f6c-8aaa-2618797855a0'),
 ('8', '1', '346', '2017-09-26 12:00:00', '2017-09-26 12:30:00', NULL, NULL, NULL, '', 'en_us', NULL, NULL, NULL, '2017-09-14 08:44:20', '2017-09-24 18:39:54', '669be79c-c541-429e-87d5-683033c5bc4c'),
 ('9', '1', '347', '2017-10-03 12:00:00', '2017-10-03 12:30:00', NULL, NULL, NULL, '', 'en_us', NULL, NULL, NULL, '2017-09-14 08:47:28', '2017-09-24 18:40:06', '5f2617ce-7005-4914-898a-d441ea9d4d83'),
 ('12', '4', '377', '2017-10-01 10:00:00', '2017-10-01 11:00:00', NULL, NULL, NULL, '', 'en_us', NULL, NULL, NULL, '2017-09-16 17:11:37', '2017-09-24 21:53:43', '7df7e3b2-f60b-4ce7-a35a-5539c473ed84'),
 ('13', '5', '384', '2017-10-01 00:00:00', '2017-10-01 23:59:00', '1', NULL, NULL, '', 'en_us', NULL, NULL, NULL, '2017-09-16 21:50:54', '2017-09-24 19:28:54', '8518050d-fec5-4925-a6b4-ccc94c7d557f'),
 ('14', '5', '387', '2017-10-08 11:00:00', '2017-10-08 13:00:00', NULL, NULL, NULL, '', 'en_us', NULL, NULL, NULL, '2017-09-16 22:31:41', '2017-09-24 16:36:33', 'bd80ed33-158d-48be-9986-96ea05faf598'),
 ('15', '5', '388', '2017-10-14 12:00:00', '2017-10-15 17:00:00', NULL, NULL, NULL, '', 'en_us', NULL, NULL, NULL, '2017-09-16 22:37:49', '2017-09-24 21:33:39', '136587f8-c041-4189-ba85-11d1af5ed2c4'),
 ('16', '5', '463', '2017-09-13 00:00:00', '2017-09-13 23:59:00', '1', NULL, NULL, '', 'en_us', NULL, NULL, NULL, '2017-09-24 10:31:17', '2017-09-24 15:23:12', 'fd5f6588-36fc-4f0c-bd83-8e578b0be8db'),
 ('17', '1', '466', '2017-10-10 12:00:00', '2017-10-10 12:30:00', NULL, NULL, NULL, '', 'en_us', NULL, NULL, NULL, '2017-09-24 18:35:54', '2017-09-24 18:39:26', 'ff9f0539-940b-45c0-8e44-475e729ff480'),
 ('18', '1', '467', '2017-10-17 12:00:00', '2017-10-17 12:30:00', NULL, NULL, NULL, '', 'en_us', NULL, NULL, NULL, '2017-09-24 18:41:17', '2017-09-24 18:41:17', '3475bc1f-bca7-4c64-bd80-b0fe8b6fcbd7'),
 ('19', '1', '468', '2017-10-24 12:00:00', '2017-10-24 12:30:00', NULL, NULL, NULL, '', 'en_us', NULL, NULL, NULL, '2017-09-24 18:42:27', '2017-09-24 18:42:27', '6e3f1d12-b4bd-4b0a-8e17-6a95c317e4b2'),
 ('20', '1', '469', '2017-10-31 12:00:00', '2017-10-31 12:30:00', NULL, NULL, NULL, '', 'en_us', NULL, NULL, NULL, '2017-09-24 18:43:36', '2017-09-24 18:43:36', '7ec47970-a9e3-47bd-9418-901b7ec01a48'),
 ('21', '1', '470', '2017-11-07 12:00:00', '2017-11-07 12:30:00', NULL, NULL, NULL, '', 'en_us', NULL, NULL, NULL, '2017-09-24 18:45:10', '2017-09-24 18:45:10', '19ca9b19-b08b-472d-91fa-fb3ab21d3cef'),
 ('22', '1', '471', '2017-11-14 12:00:00', '2017-11-14 12:30:00', NULL, NULL, NULL, '', 'en_us', NULL, NULL, NULL, '2017-09-24 18:46:07', '2017-09-24 18:46:07', 'a4bba9e7-81ba-445d-a33f-d94ec1755c36'),
 ('23', '1', '472', '2018-04-03 12:00:00', '2018-04-03 12:30:00', NULL, NULL, NULL, '', 'en_us', NULL, NULL, NULL, '2017-09-24 18:47:44', '2017-09-24 18:47:44', '68e186ea-3afd-4405-9936-f290b7007a75'),
 ('24', '1', '473', '2018-04-10 12:00:00', '2018-04-10 12:30:00', NULL, NULL, NULL, '', 'en_us', NULL, NULL, NULL, '2017-09-24 18:49:18', '2017-09-24 20:54:49', 'ce9a9396-50ac-4b89-ba83-174f2223b514'),
 ('25', '1', '474', '2018-04-17 12:00:00', '2018-04-17 12:30:00', NULL, NULL, NULL, '', 'en_us', NULL, NULL, NULL, '2017-09-24 18:50:30', '2017-09-24 18:50:30', '30be6611-9801-4029-8d9a-f04585d15d0c'),
 ('26', '1', '475', '2018-04-24 12:00:00', '2018-04-24 12:30:00', NULL, NULL, NULL, '', 'en_us', NULL, NULL, NULL, '2017-09-24 18:52:31', '2017-09-24 18:52:31', '3c9fdfe3-f19a-4c3c-ab5d-40171620f1f0'),
 ('27', '1', '476', '2018-05-01 12:00:00', '2018-05-01 12:30:00', NULL, NULL, NULL, '', 'en_us', NULL, NULL, NULL, '2017-09-24 18:53:25', '2017-09-24 18:53:25', 'f00b8351-385d-4afa-82f2-875f70fd6b56'),
 ('28', '1', '477', '2018-05-08 12:00:00', '2018-05-08 12:30:00', NULL, NULL, NULL, '', 'en_us', NULL, NULL, NULL, '2017-09-24 18:54:54', '2017-09-24 18:54:54', '65919913-219e-4e0d-ad41-d338dbdc699b'),
 ('29', '1', '478', '2018-05-15 12:00:00', '2018-05-15 12:30:00', NULL, NULL, NULL, '', 'en_us', NULL, NULL, NULL, '2017-09-24 18:55:57', '2017-09-24 18:55:57', 'b2a81c84-30c6-452c-ba25-e42928fb23a3'),
 ('30', '1', '479', '2018-05-22 12:00:00', '2018-05-22 12:30:00', NULL, NULL, NULL, '', 'en_us', NULL, NULL, NULL, '2017-09-24 18:56:59', '2017-09-24 18:56:59', 'e413a5ec-0247-4f1e-9227-778a91398852'),
 ('31', '1', '480', '2018-05-29 12:00:00', '2018-05-29 12:30:00', NULL, NULL, NULL, '', 'en_us', NULL, NULL, NULL, '2017-09-24 18:58:10', '2017-09-24 18:58:10', '5b1934cd-a195-4eab-b3f5-e1b883d7a73d'),
 ('32', '1', '481', '2018-06-05 12:00:00', '2018-06-05 12:30:00', NULL, NULL, NULL, '', 'en_us', NULL, NULL, NULL, '2017-09-24 19:00:33', '2017-09-24 19:00:33', 'e8356858-90c9-4a88-9076-ecc8a56fb0e5'),
 ('33', '4', '486', '2017-10-08 10:00:00', '2017-10-08 11:00:00', NULL, NULL, NULL, '', 'en_us', NULL, NULL, NULL, '2017-09-24 21:18:37', '2017-09-24 21:53:34', 'a45cda07-414a-48bc-9302-859254e5b685'),
 ('34', '4', '487', '2017-10-15 10:00:00', '2017-10-15 11:00:00', NULL, NULL, NULL, '', 'en_us', NULL, NULL, NULL, '2017-09-24 21:31:34', '2017-09-24 21:53:51', '67b5da4b-61e3-48d2-afa7-5eb760d619cf'),
 ('35', '4', '488', '2017-10-22 10:00:00', '2017-10-22 11:00:00', NULL, NULL, NULL, '', 'en_us', NULL, NULL, NULL, '2017-09-24 21:41:07', '2017-09-24 21:54:21', 'f0c6d840-680f-4031-bb5a-5586df1eeccf'),
 ('36', '4', '489', '2017-10-29 10:00:00', '2017-10-29 11:00:00', NULL, NULL, NULL, '', 'en_us', NULL, NULL, NULL, '2017-09-24 21:45:15', '2017-09-24 21:54:08', '6ec59ac9-6165-4dfe-b792-9abab54c16d7'),
 ('38', '6', '534', '2017-10-27 19:30:00', '2017-10-27 20:30:00', NULL, NULL, NULL, '', 'en_us', NULL, NULL, NULL, '2017-09-27 10:30:52', '2017-09-27 10:47:59', '5ec9d0c6-6bad-4445-95c9-5fe43632adc5'),
 ('39', '4', '535', '2017-11-02 19:30:00', '2017-12-15 20:30:00', NULL, NULL, NULL, '', 'en_us', NULL, NULL, NULL, '2017-09-27 10:50:19', '2017-09-27 10:50:19', '7df4f577-1960-4e5f-8a81-e23df2a6dce4'),
 ('40', '6', '536', '2017-11-02 19:30:00', '2017-11-02 20:30:00', NULL, NULL, NULL, '', 'en_us', NULL, NULL, NULL, '2017-09-27 10:51:11', '2017-09-27 10:51:48', '5f3d1844-45e9-4275-8a3c-ce352265e246'),
 ('41', '6', '537', '2017-11-15 19:30:00', '2017-11-15 20:30:00', NULL, NULL, NULL, '', 'en_us', NULL, NULL, NULL, '2017-09-27 10:59:50', '2017-09-27 10:59:59', 'b0bf46e1-aed2-46a7-bdfd-0057805d87df'),
 ('42', '6', '543', '2017-12-15 07:30:00', '2017-12-15 08:30:00', NULL, NULL, NULL, '', 'en_us', NULL, NULL, NULL, '2017-09-28 00:18:50', '2017-09-28 00:20:51', 'b52e4b02-87d2-4acf-80b4-e48a41a4da01');



DROP TABLE IF EXISTS `craft_venti_groups`;


--
-- Schema for table `craft_venti_groups`
--
CREATE TABLE `craft_venti_groups` (
  `id` int(11) NOT NULL AUTO_INCREMENT,
  `name` varchar(255) COLLATE utf8_unicode_ci NOT NULL,
  `handle` varchar(255) COLLATE utf8_unicode_ci NOT NULL,
  `fieldLayoutId` int(10) DEFAULT NULL,
  `hasUrls` tinyint(1) unsigned NOT NULL DEFAULT '1',
  `template` varchar(255) COLLATE utf8_unicode_ci DEFAULT NULL,
  `color` varchar(255) COLLATE utf8_unicode_ci DEFAULT NULL,
  `description` text COLLATE utf8_unicode_ci,
  `dateCreated` datetime NOT NULL,
  `dateUpdated` datetime NOT NULL,
  `uid` char(36) COLLATE utf8_unicode_ci NOT NULL DEFAULT '0',
  PRIMARY KEY (`id`),
  UNIQUE KEY `craft_venti_groups_name_unq_idx` (`name`),
  UNIQUE KEY `craft_venti_groups_handle_unq_idx` (`handle`),
  KEY `craft_venti_groups_fieldLayoutId_fk` (`fieldLayoutId`)
) ENGINE=InnoDB AUTO_INCREMENT=7 DEFAULT CHARSET=utf8 COLLATE=utf8_unicode_ci;

--
-- Data for table `craft_venti_groups`
--

INSERT INTO `craft_venti_groups` (`id`, `name`, `handle`, `fieldLayoutId`, `hasUrls`, `template`, `color`, `description`, `dateCreated`, `dateUpdated`, `uid`) VALUES
 ('1', 'Midday Music', 'middayMusic', '283', '1', 'events/spotlight/_entry', '#00569b', '', '2017-09-06 18:17:55', '2017-09-27 10:17:33', '49b16939-b270-4077-9f9b-9bef1f588d5e'),
 ('4', 'Adult Education', 'adultEducation', '283', '1', 'events/spotlight/_entry', '#813c9b', '', '2017-09-16 17:04:02', '2017-09-24 16:35:51', 'bd609ea3-0fcc-48bc-b502-04fd85053d0b'),
 ('5', 'Special Events', 'specialEvents', '283', '1', 'events/spotlight/_entry', '#da2d1d', '', '2017-09-16 21:38:51', '2017-09-24 16:35:51', 'd8153934-a009-49c1-be01-1fbabc0fce2a'),
 ('6', 'Concert Series', 'concertSeries', '283', '1', '', '#000000', '', '2017-09-27 10:20:02', '2017-09-27 10:45:13', '6fcf12be-2b7b-4a1e-9994-29271ef78603');



DROP TABLE IF EXISTS `craft_venti_groups_i18n`;


--
-- Schema for table `craft_venti_groups_i18n`
--
CREATE TABLE `craft_venti_groups_i18n` (
  `id` int(11) NOT NULL AUTO_INCREMENT,
  `groupId` int(11) NOT NULL,
  `locale` char(12) COLLATE utf8_unicode_ci NOT NULL,
  `enabledByDefault` tinyint(1) unsigned NOT NULL DEFAULT '1',
  `urlFormat` text COLLATE utf8_unicode_ci,
  `enabled` tinyint(1) unsigned NOT NULL DEFAULT '1',
  `dateCreated` datetime NOT NULL,
  `dateUpdated` datetime NOT NULL,
  `uid` char(36) COLLATE utf8_unicode_ci NOT NULL DEFAULT '0',
  PRIMARY KEY (`id`),
  UNIQUE KEY `craft_venti_groups_i18n_groupId_locale_unq_idx` (`groupId`,`locale`),
  KEY `craft_venti_groups_i18n_locale_fk` (`locale`)
) ENGINE=InnoDB AUTO_INCREMENT=7 DEFAULT CHARSET=utf8 COLLATE=utf8_unicode_ci;

--
-- Data for table `craft_venti_groups_i18n`
--

INSERT INTO `craft_venti_groups_i18n` (`id`, `groupId`, `locale`, `enabledByDefault`, `urlFormat`, `enabled`, `dateCreated`, `dateUpdated`, `uid`) VALUES
 ('1', '1', 'en_us', '0', 'event/{slug}/{startDate|date(\"Y-m-d\")}', '1', '2017-09-06 18:17:55', '2017-09-06 18:17:55', '0183a4c5-6a75-4f10-b1ba-a29b9bd0e8eb'),
 ('4', '4', 'en_us', '0', 'event/{slug}/{startDate|date(\"Y-m-d\")}', '1', '2017-09-16 17:04:02', '2017-09-16 17:04:02', '6c560462-7e20-460e-9125-3a7c9d6c5dcd'),
 ('5', '5', 'en_us', '0', 'event/{slug}/{startDate|date(\"Y-m-d\")}', '1', '2017-09-16 21:38:51', '2017-09-16 21:38:51', '4781f416-a507-4a67-9045-c400493bad3c'),
 ('6', '6', 'en_us', '0', 'event/{slug}/{startDate|date(\"Y-m-d\")}', '1', '2017-09-27 10:20:02', '2017-09-27 10:20:02', '15a2acec-ba2b-46d1-a3ad-6266182dbb43');



DROP TABLE IF EXISTS `craft_venti_locations`;


--
-- Schema for table `craft_venti_locations`
--
CREATE TABLE `craft_venti_locations` (
  `id` int(11) NOT NULL,
  `address` varchar(255) COLLATE utf8_unicode_ci DEFAULT NULL,
  `addressTwo` varchar(255) COLLATE utf8_unicode_ci DEFAULT NULL,
  `city` varchar(255) COLLATE utf8_unicode_ci DEFAULT NULL,
  `state` varchar(255) COLLATE utf8_unicode_ci DEFAULT NULL,
  `zipCode` varchar(255) COLLATE utf8_unicode_ci DEFAULT NULL,
  `country` varchar(255) COLLATE utf8_unicode_ci DEFAULT NULL,
  `longitude` varchar(255) COLLATE utf8_unicode_ci DEFAULT NULL,
  `latitude` varchar(255) COLLATE utf8_unicode_ci DEFAULT NULL,
  `website` varchar(255) COLLATE utf8_unicode_ci DEFAULT NULL,
  `dateCreated` datetime NOT NULL,
  `dateUpdated` datetime NOT NULL,
  `uid` char(36) COLLATE utf8_unicode_ci NOT NULL DEFAULT '0',
  PRIMARY KEY (`id`)
) ENGINE=InnoDB DEFAULT CHARSET=utf8 COLLATE=utf8_unicode_ci;

DROP TABLE IF EXISTS `craft_venti_recurr`;


--
-- Schema for table `craft_venti_recurr`
--
CREATE TABLE `craft_venti_recurr` (
  `eid` int(11) NOT NULL AUTO_INCREMENT,
  `cid` int(10) DEFAULT NULL,
  `startDate` datetime NOT NULL,
  `endDate` datetime NOT NULL,
  `isrepeat` int(10) DEFAULT NULL,
  `dateCreated` datetime NOT NULL,
  `dateUpdated` datetime NOT NULL,
  `uid` char(36) COLLATE utf8_unicode_ci NOT NULL DEFAULT '0',
  PRIMARY KEY (`eid`),
  UNIQUE KEY `craft_venti_recurr_eid_unq_idx` (`eid`),
  KEY `craft_venti_recurr_cid_fk` (`cid`)
) ENGINE=InnoDB AUTO_INCREMENT=22291 DEFAULT CHARSET=utf8 COLLATE=utf8_unicode_ci;

--
-- Data for table `craft_venti_recurr`
--

INSERT INTO `craft_venti_recurr` (`eid`, `cid`, `startDate`, `endDate`, `isrepeat`, `dateCreated`, `dateUpdated`, `uid`) VALUES
 ('16256', '16', '2017-09-13 00:00:00', '2017-09-13 23:59:00', '0', '2017-09-24 15:23:12', '2017-09-24 15:23:12', 'a0393bd7-b32e-4468-81a9-29ebc5f119fc'),
 ('16258', '14', '2017-10-08 11:00:00', '2017-10-08 13:00:00', '0', '2017-09-24 16:36:33', '2017-09-24 16:36:33', 'bdbb4e0e-3b56-42ae-a3d1-8d3f550bef39'),
 ('19218', '6', '2017-09-12 12:00:00', '2017-09-12 12:30:00', '0', '2017-09-24 18:39:10', '2017-09-24 18:39:10', 'cb413f67-2087-4b80-800a-cde11e1199d1'),
 ('19220', '17', '2017-10-10 12:00:00', '2017-10-10 12:30:00', '0', '2017-09-24 18:39:26', '2017-09-24 18:39:26', '1d797efa-9e76-4271-9cf3-5cf88a119765'),
 ('19222', '7', '2017-09-19 12:00:00', '2017-09-19 12:30:00', '0', '2017-09-24 18:39:39', '2017-09-24 18:39:39', 'ed7bd48d-5f47-46d3-b215-acfd6d79d886'),
 ('19224', '8', '2017-09-26 12:00:00', '2017-09-26 12:30:00', '0', '2017-09-24 18:39:54', '2017-09-24 18:39:54', '871c6083-afd1-4ccb-9a04-b26ce7e49a13'),
 ('19226', '9', '2017-10-03 12:00:00', '2017-10-03 12:30:00', '0', '2017-09-24 18:40:06', '2017-09-24 18:40:06', '9c7b2993-ca4e-46d3-b682-d384cce3577d'),
 ('19228', '18', '2017-10-17 12:00:00', '2017-10-17 12:30:00', '0', '2017-09-24 18:41:17', '2017-09-24 18:41:17', 'b9f73a59-2a39-477a-b5e9-475e29f02903'),
 ('19230', '19', '2017-10-24 12:00:00', '2017-10-24 12:30:00', '0', '2017-09-24 18:42:27', '2017-09-24 18:42:27', '067d8d51-197b-4a59-92fe-39847a7a6962'),
 ('19232', '20', '2017-10-31 12:00:00', '2017-10-31 12:30:00', '0', '2017-09-24 18:43:36', '2017-09-24 18:43:36', 'c8ab3bb2-3615-4954-9043-6632f719ffa5'),
 ('19234', '21', '2017-11-07 12:00:00', '2017-11-07 12:30:00', '0', '2017-09-24 18:45:10', '2017-09-24 18:45:10', 'cd5d2bba-1a99-4967-ae06-e6b64249967b'),
 ('19236', '22', '2017-11-14 12:00:00', '2017-11-14 12:30:00', '0', '2017-09-24 18:46:07', '2017-09-24 18:46:07', '49c73a23-46a0-4766-89c0-f549562da6d4'),
 ('19238', '23', '2018-04-03 12:00:00', '2018-04-03 12:30:00', '0', '2017-09-24 18:47:44', '2017-09-24 18:47:44', '9c32dc48-d515-4e6a-b8e2-2d5797cc48c1'),
 ('19242', '25', '2018-04-17 12:00:00', '2018-04-17 12:30:00', '0', '2017-09-24 18:50:30', '2017-09-24 18:50:30', '2a8e1e39-4462-404c-9be7-c5e66f0523fe'),
 ('19244', '26', '2018-04-24 12:00:00', '2018-04-24 12:30:00', '0', '2017-09-24 18:52:31', '2017-09-24 18:52:31', '096808d0-8b2a-409e-bf5e-4148836a6a7c'),
 ('19246', '27', '2018-05-01 12:00:00', '2018-05-01 12:30:00', '0', '2017-09-24 18:53:25', '2017-09-24 18:53:25', '5624c899-3cc0-460e-a603-69c0a2eeb68b'),
 ('19248', '28', '2018-05-08 12:00:00', '2018-05-08 12:30:00', '0', '2017-09-24 18:54:54', '2017-09-24 18:54:54', '24975d60-ecac-4a01-bf2c-45b956d0b46f'),
 ('19250', '29', '2018-05-15 12:00:00', '2018-05-15 12:30:00', '0', '2017-09-24 18:55:57', '2017-09-24 18:55:57', '95dfeae1-8e35-4600-8076-d72514995aab'),
 ('19252', '30', '2018-05-22 12:00:00', '2018-05-22 12:30:00', '0', '2017-09-24 18:56:59', '2017-09-24 18:56:59', '77136fd0-e3ee-42ca-aac3-419822d074a0'),
 ('19254', '31', '2018-05-29 12:00:00', '2018-05-29 12:30:00', '0', '2017-09-24 18:58:10', '2017-09-24 18:58:10', 'f5a5a546-5dfd-4c62-ae72-0b5e7de5fcfa'),
 ('19256', '32', '2018-06-05 12:00:00', '2018-06-05 12:30:00', '0', '2017-09-24 19:00:33', '2017-09-24 19:00:33', '70550511-aee9-48de-9e2c-2b61e98441c5'),
 ('19258', '13', '2017-10-01 00:00:00', '2017-10-01 23:59:00', '0', '2017-09-24 19:28:54', '2017-09-24 19:28:54', '7b97801d-fb27-4e3f-ad3a-07a3de84119b'),
 ('19264', '24', '2018-04-10 12:00:00', '2018-04-10 12:30:00', '0', '2017-09-24 20:54:49', '2017-09-24 20:54:49', 'd1cdf6bd-6042-462b-bc79-1cdeb9e0b883'),
 ('22210', '15', '2017-10-14 12:00:00', '2017-10-15 17:00:00', '0', '2017-09-24 21:33:39', '2017-09-24 21:33:39', '6cb66fd8-e68c-40d7-9514-8af58b0aed20'),
 ('22228', '33', '2017-10-08 10:00:00', '2017-10-08 11:00:00', '0', '2017-09-24 21:53:34', '2017-09-24 21:53:34', '6e3c0332-a6fb-4fb8-886f-5b20428db22c'),
 ('22230', '12', '2017-10-01 10:00:00', '2017-10-01 11:00:00', '0', '2017-09-24 21:53:43', '2017-09-24 21:53:43', '388229bd-0fff-4f12-a565-ae8177e8e9ad'),
 ('22232', '34', '2017-10-15 10:00:00', '2017-10-15 11:00:00', '0', '2017-09-24 21:53:51', '2017-09-24 21:53:51', '639fcebd-c270-41bc-90f1-2d6746301b2b'),
 ('22234', '36', '2017-10-29 10:00:00', '2017-10-29 11:00:00', '0', '2017-09-24 21:54:08', '2017-09-24 21:54:08', '52b13876-9906-4517-ae2a-afea1a45616b'),
 ('22236', '35', '2017-10-22 10:00:00', '2017-10-22 11:00:00', '0', '2017-09-24 21:54:21', '2017-09-24 21:54:21', 'fd21c499-e2ba-49d9-8b11-7e1e5e22a926'),
 ('22272', '38', '2017-10-27 19:30:00', '2017-10-27 20:30:00', '0', '2017-09-27 10:47:59', '2017-09-27 10:47:59', '2e68c159-f501-410e-9150-38b873216640'),
 ('22274', '39', '2017-11-02 19:30:00', '2017-12-15 20:30:00', '0', '2017-09-27 10:50:19', '2017-09-27 10:50:19', '2abc5ddf-71a9-4418-881f-1db431083060'),
 ('22280', '40', '2017-11-02 19:30:00', '2017-11-02 20:30:00', '0', '2017-09-27 10:51:48', '2017-09-27 10:51:48', 'b4eb2d05-bf2d-4f2f-b94a-b0855ec42a9a'),
 ('22284', '41', '2017-11-15 19:30:00', '2017-11-15 20:30:00', '0', '2017-09-27 10:59:59', '2017-09-27 10:59:59', 'd14a7bc4-602a-478a-80e3-e70d90617f83'),
 ('22290', '42', '2017-12-15 07:30:00', '2017-12-15 08:30:00', '0', '2017-09-28 00:20:51', '2017-09-28 00:20:51', '9823aadb-f7fd-4eca-b24c-75da3d62ac66');



DROP TABLE IF EXISTS `craft_widgets`;


--
-- Schema for table `craft_widgets`
--
CREATE TABLE `craft_widgets` (
  `id` int(11) NOT NULL AUTO_INCREMENT,
  `userId` int(11) NOT NULL,
  `type` varchar(150) COLLATE utf8_unicode_ci NOT NULL,
  `sortOrder` smallint(6) unsigned DEFAULT NULL,
  `colspan` tinyint(4) unsigned DEFAULT NULL,
  `settings` text COLLATE utf8_unicode_ci,
  `enabled` tinyint(1) unsigned NOT NULL DEFAULT '1',
  `dateCreated` datetime NOT NULL,
  `dateUpdated` datetime NOT NULL,
  `uid` char(36) COLLATE utf8_unicode_ci NOT NULL DEFAULT '0',
  PRIMARY KEY (`id`),
  KEY `craft_widgets_userId_fk` (`userId`)
) ENGINE=InnoDB AUTO_INCREMENT=5 DEFAULT CHARSET=utf8 COLLATE=utf8_unicode_ci;

--
-- Data for table `craft_widgets`
--

INSERT INTO `craft_widgets` (`id`, `userId`, `type`, `sortOrder`, `colspan`, `settings`, `enabled`, `dateCreated`, `dateUpdated`, `uid`) VALUES
 ('1', '1', 'RecentEntries', '1', NULL, NULL, '1', '2017-08-24 19:10:54', '2017-08-24 19:10:54', '060a09e1-61a1-4325-ac68-d5010df52adb'),
 ('2', '1', 'GetHelp', '2', NULL, NULL, '1', '2017-08-24 19:10:54', '2017-08-24 19:10:54', '5b749b60-25ce-4c79-96a7-470ab1648041'),
 ('3', '1', 'Updates', '3', NULL, NULL, '1', '2017-08-24 19:10:54', '2017-08-24 19:10:54', 'b13d48b7-d73a-4935-8934-69be5ec5a9f9'),
 ('4', '1', 'Feed', '4', NULL, '{\"url\":\"https:\\/\\/craftcms.com\\/news.rss\",\"title\":\"Craft News\"}', '1', '2017-08-24 19:10:54', '2017-08-24 19:10:54', '6a1848e6-75f6-4623-8e55-35c632948daa');


--
-- Constraints for tables
--


--
-- Constraints for table `craft_assetfiles`
--
ALTER TABLE `craft_assetfiles`
	ADD CONSTRAINT `craft_assetfiles_folderId_fk` FOREIGN KEY (`folderId`) REFERENCES `craft_assetfolders` (`id`) ON DELETE CASCADE,
	ADD CONSTRAINT `craft_assetfiles_id_fk` FOREIGN KEY (`id`) REFERENCES `craft_elements` (`id`) ON DELETE CASCADE,
	ADD CONSTRAINT `craft_assetfiles_sourceId_fk` FOREIGN KEY (`sourceId`) REFERENCES `craft_assetsources` (`id`) ON DELETE CASCADE;

--
-- Constraints for table `craft_assetfolders`
--
ALTER TABLE `craft_assetfolders`
	ADD CONSTRAINT `craft_assetfolders_parentId_fk` FOREIGN KEY (`parentId`) REFERENCES `craft_assetfolders` (`id`) ON DELETE CASCADE,
	ADD CONSTRAINT `craft_assetfolders_sourceId_fk` FOREIGN KEY (`sourceId`) REFERENCES `craft_assetsources` (`id`) ON DELETE CASCADE;

--
-- Constraints for table `craft_assetindexdata`
--
ALTER TABLE `craft_assetindexdata`
	ADD CONSTRAINT `craft_assetindexdata_sourceId_fk` FOREIGN KEY (`sourceId`) REFERENCES `craft_assetsources` (`id`) ON DELETE CASCADE;

--
-- Constraints for table `craft_assetsources`
--
ALTER TABLE `craft_assetsources`
	ADD CONSTRAINT `craft_assetsources_fieldLayoutId_fk` FOREIGN KEY (`fieldLayoutId`) REFERENCES `craft_fieldlayouts` (`id`) ON DELETE SET NULL;

--
-- Constraints for table `craft_categories`
--
ALTER TABLE `craft_categories`
	ADD CONSTRAINT `craft_categories_groupId_fk` FOREIGN KEY (`groupId`) REFERENCES `craft_categorygroups` (`id`) ON DELETE CASCADE,
	ADD CONSTRAINT `craft_categories_id_fk` FOREIGN KEY (`id`) REFERENCES `craft_elements` (`id`) ON DELETE CASCADE;

--
-- Constraints for table `craft_categorygroups`
--
ALTER TABLE `craft_categorygroups`
	ADD CONSTRAINT `craft_categorygroups_fieldLayoutId_fk` FOREIGN KEY (`fieldLayoutId`) REFERENCES `craft_fieldlayouts` (`id`) ON DELETE SET NULL,
	ADD CONSTRAINT `craft_categorygroups_structureId_fk` FOREIGN KEY (`structureId`) REFERENCES `craft_structures` (`id`) ON DELETE CASCADE;

--
-- Constraints for table `craft_categorygroups_i18n`
--
ALTER TABLE `craft_categorygroups_i18n`
	ADD CONSTRAINT `craft_categorygroups_i18n_groupId_fk` FOREIGN KEY (`groupId`) REFERENCES `craft_categorygroups` (`id`) ON DELETE CASCADE,
	ADD CONSTRAINT `craft_categorygroups_i18n_locale_fk` FOREIGN KEY (`locale`) REFERENCES `craft_locales` (`locale`) ON DELETE CASCADE ON UPDATE CASCADE;

--
-- Constraints for table `craft_content`
--
ALTER TABLE `craft_content`
	ADD CONSTRAINT `craft_content_elementId_fk` FOREIGN KEY (`elementId`) REFERENCES `craft_elements` (`id`) ON DELETE CASCADE,
	ADD CONSTRAINT `craft_content_locale_fk` FOREIGN KEY (`locale`) REFERENCES `craft_locales` (`locale`) ON DELETE CASCADE ON UPDATE CASCADE;

--
-- Constraints for table `craft_elements_i18n`
--
ALTER TABLE `craft_elements_i18n`
	ADD CONSTRAINT `craft_elements_i18n_elementId_fk` FOREIGN KEY (`elementId`) REFERENCES `craft_elements` (`id`) ON DELETE CASCADE,
	ADD CONSTRAINT `craft_elements_i18n_locale_fk` FOREIGN KEY (`locale`) REFERENCES `craft_locales` (`locale`) ON DELETE CASCADE ON UPDATE CASCADE;

--
-- Constraints for table `craft_emailmessages`
--
ALTER TABLE `craft_emailmessages`
	ADD CONSTRAINT `craft_emailmessages_locale_fk` FOREIGN KEY (`locale`) REFERENCES `craft_locales` (`locale`) ON DELETE CASCADE ON UPDATE CASCADE;

--
-- Constraints for table `craft_entries`
--
ALTER TABLE `craft_entries`
	ADD CONSTRAINT `craft_entries_authorId_fk` FOREIGN KEY (`authorId`) REFERENCES `craft_users` (`id`) ON DELETE CASCADE,
	ADD CONSTRAINT `craft_entries_id_fk` FOREIGN KEY (`id`) REFERENCES `craft_elements` (`id`) ON DELETE CASCADE,
	ADD CONSTRAINT `craft_entries_sectionId_fk` FOREIGN KEY (`sectionId`) REFERENCES `craft_sections` (`id`) ON DELETE CASCADE,
	ADD CONSTRAINT `craft_entries_typeId_fk` FOREIGN KEY (`typeId`) REFERENCES `craft_entrytypes` (`id`) ON DELETE CASCADE;

--
-- Constraints for table `craft_entrydrafts`
--
ALTER TABLE `craft_entrydrafts`
	ADD CONSTRAINT `craft_entrydrafts_creatorId_fk` FOREIGN KEY (`creatorId`) REFERENCES `craft_users` (`id`) ON DELETE CASCADE,
	ADD CONSTRAINT `craft_entrydrafts_entryId_fk` FOREIGN KEY (`entryId`) REFERENCES `craft_entries` (`id`) ON DELETE CASCADE,
	ADD CONSTRAINT `craft_entrydrafts_locale_fk` FOREIGN KEY (`locale`) REFERENCES `craft_locales` (`locale`) ON DELETE CASCADE ON UPDATE CASCADE,
	ADD CONSTRAINT `craft_entrydrafts_sectionId_fk` FOREIGN KEY (`sectionId`) REFERENCES `craft_sections` (`id`) ON DELETE CASCADE;

--
-- Constraints for table `craft_entrytypes`
--
ALTER TABLE `craft_entrytypes`
	ADD CONSTRAINT `craft_entrytypes_fieldLayoutId_fk` FOREIGN KEY (`fieldLayoutId`) REFERENCES `craft_fieldlayouts` (`id`) ON DELETE SET NULL,
	ADD CONSTRAINT `craft_entrytypes_sectionId_fk` FOREIGN KEY (`sectionId`) REFERENCES `craft_sections` (`id`) ON DELETE CASCADE;

--
-- Constraints for table `craft_entryversions`
--
ALTER TABLE `craft_entryversions`
	ADD CONSTRAINT `craft_entryversions_creatorId_fk` FOREIGN KEY (`creatorId`) REFERENCES `craft_users` (`id`) ON DELETE SET NULL,
	ADD CONSTRAINT `craft_entryversions_entryId_fk` FOREIGN KEY (`entryId`) REFERENCES `craft_entries` (`id`) ON DELETE CASCADE,
	ADD CONSTRAINT `craft_entryversions_locale_fk` FOREIGN KEY (`locale`) REFERENCES `craft_locales` (`locale`) ON DELETE CASCADE ON UPDATE CASCADE,
	ADD CONSTRAINT `craft_entryversions_sectionId_fk` FOREIGN KEY (`sectionId`) REFERENCES `craft_sections` (`id`) ON DELETE CASCADE;

--
-- Constraints for table `craft_fieldlayoutfields`
--
ALTER TABLE `craft_fieldlayoutfields`
	ADD CONSTRAINT `craft_fieldlayoutfields_fieldId_fk` FOREIGN KEY (`fieldId`) REFERENCES `craft_fields` (`id`) ON DELETE CASCADE,
	ADD CONSTRAINT `craft_fieldlayoutfields_layoutId_fk` FOREIGN KEY (`layoutId`) REFERENCES `craft_fieldlayouts` (`id`) ON DELETE CASCADE,
	ADD CONSTRAINT `craft_fieldlayoutfields_tabId_fk` FOREIGN KEY (`tabId`) REFERENCES `craft_fieldlayouttabs` (`id`) ON DELETE CASCADE;

--
-- Constraints for table `craft_fieldlayouttabs`
--
ALTER TABLE `craft_fieldlayouttabs`
	ADD CONSTRAINT `craft_fieldlayouttabs_layoutId_fk` FOREIGN KEY (`layoutId`) REFERENCES `craft_fieldlayouts` (`id`) ON DELETE CASCADE;

--
-- Constraints for table `craft_fields`
--
ALTER TABLE `craft_fields`
	ADD CONSTRAINT `craft_fields_groupId_fk` FOREIGN KEY (`groupId`) REFERENCES `craft_fieldgroups` (`id`) ON DELETE CASCADE;

--
-- Constraints for table `craft_globalsets`
--
ALTER TABLE `craft_globalsets`
	ADD CONSTRAINT `craft_globalsets_fieldLayoutId_fk` FOREIGN KEY (`fieldLayoutId`) REFERENCES `craft_fieldlayouts` (`id`) ON DELETE SET NULL,
	ADD CONSTRAINT `craft_globalsets_id_fk` FOREIGN KEY (`id`) REFERENCES `craft_elements` (`id`) ON DELETE CASCADE;

--
-- Constraints for table `craft_matrixblocks`
--
ALTER TABLE `craft_matrixblocks`
	ADD CONSTRAINT `craft_matrixblocks_fieldId_fk` FOREIGN KEY (`fieldId`) REFERENCES `craft_fields` (`id`) ON DELETE CASCADE,
	ADD CONSTRAINT `craft_matrixblocks_id_fk` FOREIGN KEY (`id`) REFERENCES `craft_elements` (`id`) ON DELETE CASCADE,
	ADD CONSTRAINT `craft_matrixblocks_ownerId_fk` FOREIGN KEY (`ownerId`) REFERENCES `craft_elements` (`id`) ON DELETE CASCADE,
	ADD CONSTRAINT `craft_matrixblocks_ownerLocale_fk` FOREIGN KEY (`ownerLocale`) REFERENCES `craft_locales` (`locale`) ON DELETE CASCADE ON UPDATE CASCADE,
	ADD CONSTRAINT `craft_matrixblocks_typeId_fk` FOREIGN KEY (`typeId`) REFERENCES `craft_matrixblocktypes` (`id`) ON DELETE CASCADE;

--
-- Constraints for table `craft_matrixblocktypes`
--
ALTER TABLE `craft_matrixblocktypes`
	ADD CONSTRAINT `craft_matrixblocktypes_fieldId_fk` FOREIGN KEY (`fieldId`) REFERENCES `craft_fields` (`id`) ON DELETE CASCADE,
	ADD CONSTRAINT `craft_matrixblocktypes_fieldLayoutId_fk` FOREIGN KEY (`fieldLayoutId`) REFERENCES `craft_fieldlayouts` (`id`) ON DELETE SET NULL;

--
-- Constraints for table `craft_matrixcontent_blogarticlematrix`
--
ALTER TABLE `craft_matrixcontent_blogarticlematrix`
	ADD CONSTRAINT `craft_matrixcontent_blogarticlematrix_elementId_fk` FOREIGN KEY (`elementId`) REFERENCES `craft_elements` (`id`) ON DELETE CASCADE,
	ADD CONSTRAINT `craft_matrixcontent_blogarticlematrix_locale_fk` FOREIGN KEY (`locale`) REFERENCES `craft_locales` (`locale`) ON DELETE CASCADE ON UPDATE CASCADE;

--
-- Constraints for table `craft_matrixcontent_contentmatrix`
--
ALTER TABLE `craft_matrixcontent_contentmatrix`
	ADD CONSTRAINT `craft_matrixcontent_contentmatrix_elementId_fk` FOREIGN KEY (`elementId`) REFERENCES `craft_elements` (`id`) ON DELETE CASCADE,
	ADD CONSTRAINT `craft_matrixcontent_contentmatrix_locale_fk` FOREIGN KEY (`locale`) REFERENCES `craft_locales` (`locale`) ON DELETE CASCADE ON UPDATE CASCADE;

--
-- Constraints for table `craft_migrations`
--
ALTER TABLE `craft_migrations`
	ADD CONSTRAINT `craft_migrations_pluginId_fk` FOREIGN KEY (`pluginId`) REFERENCES `craft_plugins` (`id`) ON DELETE CASCADE;

--
-- Constraints for table `craft_relations`
--
ALTER TABLE `craft_relations`
	ADD CONSTRAINT `craft_relations_fieldId_fk` FOREIGN KEY (`fieldId`) REFERENCES `craft_fields` (`id`) ON DELETE CASCADE,
	ADD CONSTRAINT `craft_relations_sourceId_fk` FOREIGN KEY (`sourceId`) REFERENCES `craft_elements` (`id`) ON DELETE CASCADE,
	ADD CONSTRAINT `craft_relations_sourceLocale_fk` FOREIGN KEY (`sourceLocale`) REFERENCES `craft_locales` (`locale`) ON DELETE CASCADE ON UPDATE CASCADE,
	ADD CONSTRAINT `craft_relations_targetId_fk` FOREIGN KEY (`targetId`) REFERENCES `craft_elements` (`id`) ON DELETE CASCADE;

--
-- Constraints for table `craft_routes`
--
ALTER TABLE `craft_routes`
	ADD CONSTRAINT `craft_routes_locale_fk` FOREIGN KEY (`locale`) REFERENCES `craft_locales` (`locale`) ON DELETE CASCADE ON UPDATE CASCADE;

--
-- Constraints for table `craft_sections`
--
ALTER TABLE `craft_sections`
	ADD CONSTRAINT `craft_sections_structureId_fk` FOREIGN KEY (`structureId`) REFERENCES `craft_structures` (`id`) ON DELETE SET NULL;

--
-- Constraints for table `craft_sections_i18n`
--
ALTER TABLE `craft_sections_i18n`
	ADD CONSTRAINT `craft_sections_i18n_locale_fk` FOREIGN KEY (`locale`) REFERENCES `craft_locales` (`locale`) ON DELETE CASCADE ON UPDATE CASCADE,
	ADD CONSTRAINT `craft_sections_i18n_sectionId_fk` FOREIGN KEY (`sectionId`) REFERENCES `craft_sections` (`id`) ON DELETE CASCADE;

--
-- Constraints for table `craft_sessions`
--
ALTER TABLE `craft_sessions`
	ADD CONSTRAINT `craft_sessions_userId_fk` FOREIGN KEY (`userId`) REFERENCES `craft_users` (`id`) ON DELETE CASCADE;

--
-- Constraints for table `craft_shunnedmessages`
--
ALTER TABLE `craft_shunnedmessages`
	ADD CONSTRAINT `craft_shunnedmessages_userId_fk` FOREIGN KEY (`userId`) REFERENCES `craft_users` (`id`) ON DELETE CASCADE;

--
-- Constraints for table `craft_structureelements`
--
ALTER TABLE `craft_structureelements`
	ADD CONSTRAINT `craft_structureelements_elementId_fk` FOREIGN KEY (`elementId`) REFERENCES `craft_elements` (`id`) ON DELETE CASCADE,
	ADD CONSTRAINT `craft_structureelements_structureId_fk` FOREIGN KEY (`structureId`) REFERENCES `craft_structures` (`id`) ON DELETE CASCADE;

--
-- Constraints for table `craft_taggroups`
--
ALTER TABLE `craft_taggroups`
	ADD CONSTRAINT `craft_taggroups_fieldLayoutId_fk` FOREIGN KEY (`fieldLayoutId`) REFERENCES `craft_fieldlayouts` (`id`) ON DELETE SET NULL;

--
-- Constraints for table `craft_tags`
--
ALTER TABLE `craft_tags`
	ADD CONSTRAINT `craft_tags_groupId_fk` FOREIGN KEY (`groupId`) REFERENCES `craft_taggroups` (`id`) ON DELETE CASCADE,
	ADD CONSTRAINT `craft_tags_id_fk` FOREIGN KEY (`id`) REFERENCES `craft_elements` (`id`) ON DELETE CASCADE;

--
-- Constraints for table `craft_templatecachecriteria`
--
ALTER TABLE `craft_templatecachecriteria`
	ADD CONSTRAINT `craft_templatecachecriteria_cacheId_fk` FOREIGN KEY (`cacheId`) REFERENCES `craft_templatecaches` (`id`) ON DELETE CASCADE;

--
-- Constraints for table `craft_templatecacheelements`
--
ALTER TABLE `craft_templatecacheelements`
	ADD CONSTRAINT `craft_templatecacheelements_cacheId_fk` FOREIGN KEY (`cacheId`) REFERENCES `craft_templatecaches` (`id`) ON DELETE CASCADE,
	ADD CONSTRAINT `craft_templatecacheelements_elementId_fk` FOREIGN KEY (`elementId`) REFERENCES `craft_elements` (`id`) ON DELETE CASCADE;

--
-- Constraints for table `craft_templatecaches`
--
ALTER TABLE `craft_templatecaches`
	ADD CONSTRAINT `craft_templatecaches_locale_fk` FOREIGN KEY (`locale`) REFERENCES `craft_locales` (`locale`) ON DELETE CASCADE ON UPDATE CASCADE;

--
-- Constraints for table `craft_usergroups_users`
--
ALTER TABLE `craft_usergroups_users`
	ADD CONSTRAINT `craft_usergroups_users_groupId_fk` FOREIGN KEY (`groupId`) REFERENCES `craft_usergroups` (`id`) ON DELETE CASCADE,
	ADD CONSTRAINT `craft_usergroups_users_userId_fk` FOREIGN KEY (`userId`) REFERENCES `craft_users` (`id`) ON DELETE CASCADE;

--
-- Constraints for table `craft_userpermissions_usergroups`
--
ALTER TABLE `craft_userpermissions_usergroups`
	ADD CONSTRAINT `craft_userpermissions_usergroups_groupId_fk` FOREIGN KEY (`groupId`) REFERENCES `craft_usergroups` (`id`) ON DELETE CASCADE,
	ADD CONSTRAINT `craft_userpermissions_usergroups_permissionId_fk` FOREIGN KEY (`permissionId`) REFERENCES `craft_userpermissions` (`id`) ON DELETE CASCADE;

--
-- Constraints for table `craft_userpermissions_users`
--
ALTER TABLE `craft_userpermissions_users`
	ADD CONSTRAINT `craft_userpermissions_users_permissionId_fk` FOREIGN KEY (`permissionId`) REFERENCES `craft_userpermissions` (`id`) ON DELETE CASCADE,
	ADD CONSTRAINT `craft_userpermissions_users_userId_fk` FOREIGN KEY (`userId`) REFERENCES `craft_users` (`id`) ON DELETE CASCADE;

--
-- Constraints for table `craft_users`
--
ALTER TABLE `craft_users`
	ADD CONSTRAINT `craft_users_id_fk` FOREIGN KEY (`id`) REFERENCES `craft_elements` (`id`) ON DELETE CASCADE,
	ADD CONSTRAINT `craft_users_preferredLocale_fk` FOREIGN KEY (`preferredLocale`) REFERENCES `craft_locales` (`locale`) ON DELETE SET NULL ON UPDATE CASCADE;

--
-- Constraints for table `craft_venti_events`
--
ALTER TABLE `craft_venti_events`
	ADD CONSTRAINT `craft_venti_events_elementId_fk` FOREIGN KEY (`elementId`) REFERENCES `craft_elements` (`id`) ON DELETE CASCADE,
	ADD CONSTRAINT `craft_venti_events_groupId_fk` FOREIGN KEY (`groupId`) REFERENCES `craft_venti_groups` (`id`) ON DELETE CASCADE;

--
-- Constraints for table `craft_venti_groups`
--
ALTER TABLE `craft_venti_groups`
	ADD CONSTRAINT `craft_venti_groups_fieldLayoutId_fk` FOREIGN KEY (`fieldLayoutId`) REFERENCES `craft_fieldlayouts` (`id`) ON DELETE SET NULL;

--
-- Constraints for table `craft_venti_groups_i18n`
--
ALTER TABLE `craft_venti_groups_i18n`
	ADD CONSTRAINT `craft_venti_groups_i18n_groupId_fk` FOREIGN KEY (`groupId`) REFERENCES `craft_venti_groups` (`id`) ON DELETE CASCADE,
	ADD CONSTRAINT `craft_venti_groups_i18n_locale_fk` FOREIGN KEY (`locale`) REFERENCES `craft_locales` (`locale`) ON DELETE CASCADE ON UPDATE CASCADE;

--
-- Constraints for table `craft_venti_locations`
--
ALTER TABLE `craft_venti_locations`
	ADD CONSTRAINT `craft_venti_locations_id_fk` FOREIGN KEY (`id`) REFERENCES `craft_elements` (`id`) ON DELETE CASCADE;

--
-- Constraints for table `craft_venti_recurr`
--
ALTER TABLE `craft_venti_recurr`
	ADD CONSTRAINT `craft_venti_recurr_cid_fk` FOREIGN KEY (`cid`) REFERENCES `craft_venti_events` (`id`) ON DELETE CASCADE;

--
-- Constraints for table `craft_widgets`
--
ALTER TABLE `craft_widgets`
	ADD CONSTRAINT `craft_widgets_userId_fk` FOREIGN KEY (`userId`) REFERENCES `craft_users` (`id`) ON DELETE CASCADE;

SET FOREIGN_KEY_CHECKS = 1;
