-- Generated by Craft v2.6.2990 on Sep 17, 2017, 2:03:46 PM.

--
-- Disable foreign key checks and autocommit.
--

SET FOREIGN_KEY_CHECKS = 0;
SET SQL_MODE = "NO_AUTO_VALUE_ON_ZERO";
SET AUTOCOMMIT = 0;
SET NAMES utf8;


DROP TABLE IF EXISTS `craft_assetfiles`;


--
-- Schema for table `craft_assetfiles`
--
CREATE TABLE `craft_assetfiles` (
  `id` int(11) NOT NULL,
  `sourceId` int(11) DEFAULT NULL,
  `folderId` int(11) NOT NULL,
  `filename` varchar(255) COLLATE utf8_unicode_ci NOT NULL,
  `kind` varchar(50) COLLATE utf8_unicode_ci NOT NULL DEFAULT 'unknown',
  `width` int(11) unsigned DEFAULT NULL,
  `height` int(11) unsigned DEFAULT NULL,
  `size` bigint(20) unsigned DEFAULT NULL,
  `dateModified` datetime DEFAULT NULL,
  `dateCreated` datetime NOT NULL,
  `dateUpdated` datetime NOT NULL,
  `uid` char(36) COLLATE utf8_unicode_ci NOT NULL DEFAULT '0',
  PRIMARY KEY (`id`),
  UNIQUE KEY `craft_assetfiles_filename_folderId_unq_idx` (`filename`,`folderId`),
  KEY `craft_assetfiles_sourceId_fk` (`sourceId`),
  KEY `craft_assetfiles_folderId_fk` (`folderId`)
) ENGINE=InnoDB DEFAULT CHARSET=utf8 COLLATE=utf8_unicode_ci;

--
-- Data for table `craft_assetfiles`
--

INSERT INTO `craft_assetfiles` (`id`, `sourceId`, `folderId`, `filename`, `kind`, `width`, `height`, `size`, `dateModified`, `dateCreated`, `dateUpdated`, `uid`) VALUES
 ('131', '2', '2', 'marquee-01.jpg', 'image', '1600', '864', '781569', '2017-08-31 11:24:49', '2017-08-31 11:24:59', '2017-09-17 09:41:49', 'df7e50f0-ef46-4bfe-ab13-b756166dd551'),
 ('132', '2', '2', 'marquee-02.jpg', 'image', '1600', '864', '1038027', '2017-08-31 11:24:51', '2017-08-31 11:24:59', '2017-09-17 09:41:49', '7d699293-8eef-455a-b64b-a44a4c683879'),
 ('133', '2', '2', 'marquee-03.jpg', 'image', '1600', '864', '611493', '2017-08-31 11:24:54', '2017-08-31 11:25:00', '2017-09-17 09:41:50', '2f57c2f2-f729-46c0-828f-ac9a6aecc79a'),
 ('138', '8', '19', 'liturgy.jpg', 'image', '1000', '584', '159399', '2017-08-31 11:35:05', '2017-08-31 11:35:10', '2017-09-17 09:41:53', '875761a2-a3be-4f3e-90aa-dfcb19130c66'),
 ('139', '8', '19', 'music.jpg', 'image', '1000', '584', '196274', '2017-08-31 11:35:05', '2017-08-31 11:35:10', '2017-09-17 09:41:54', 'a93bb92d-cd8c-4f7f-8c2b-22ed2165d652'),
 ('140', '8', '19', 'parish-life.jpg', 'image', '1000', '584', '381908', '2017-09-04 13:29:29', '2017-08-31 11:35:11', '2017-09-17 09:41:54', 'fc2e20a4-37e3-48fd-8f9d-8a53f97040d5'),
 ('141', '8', '19', 'who-we-are.jpg', 'image', '1000', '584', '376942', '2017-09-04 13:26:08', '2017-08-31 11:35:11', '2017-09-17 09:41:54', '1b50b4a0-9510-4775-854b-f71d259c6694'),
 ('142', '1', '16', 'bio-ian-betts.jpg', 'image', '562', '561', '232739', '2017-08-28 16:55:19', '2017-08-31 11:39:21', '2017-09-17 14:03:39', '690bf437-9be4-4896-b0a2-5260463c2391'),
 ('144', '1', '12', 'edwin-booth-window-verticle.jpg', 'image', '714', '1000', '439091', '2017-08-30 14:10:38', '2017-08-31 11:39:22', '2017-09-17 14:03:40', 'f40dfe15-45fb-4688-8bf7-00e6ef81f576'),
 ('145', '1', '16', 'bio-john-david-van-dooren.jpg', 'image', '800', '800', '127903', '2017-09-13 14:37:42', '2017-08-31 11:39:22', '2017-09-17 14:03:40', '92a784c4-5946-4643-b172-a8def52c00ed'),
 ('146', '1', '13', 'fr-patrick-and-dog.jpg', 'image', '1200', '756', '360899', '2017-08-30 15:28:56', '2017-08-31 11:39:22', '2017-09-17 14:03:40', 'f09ad4f8-e415-4558-969e-316ff9e781b0'),
 ('147', '1', '12', 'fr-patrick-and-dog.jpg', 'image', '1200', '756', '360901', '2017-08-30 15:27:34', '2017-08-31 11:39:22', '2017-09-17 14:03:41', '9ac45314-dbc8-49e0-8a6e-3ef6f9ad5397'),
 ('148', '1', '12', 'placeholder.jpg', 'image', '1200', '756', '141517', '2017-08-31 18:32:20', '2017-08-31 11:39:23', '2017-09-17 14:03:41', 'd168914c-7369-41c6-afbb-79e9fb304767'),
 ('149', '1', '12', 'richard-upjohn-brass-filigree-pulpit.jpg', 'image', '1200', '857', '481415', '2017-08-30 23:14:53', '2017-08-31 11:39:23', '2017-09-17 14:03:41', 'e206b423-5f5d-4137-ac2a-eadc0f5f611b'),
 ('150', '1', '1', 'blog-01.jpg', 'image', '492', '312', '50392', '2017-08-11 14:44:01', '2017-08-31 11:39:23', '2017-09-17 14:03:42', 'fa4f26d2-3f88-40b4-96c2-e6fbd287b109'),
 ('151', '1', '1', 'btn-facebook.png', 'image', '48', '48', '680', '2017-08-23 19:42:57', '2017-08-31 11:39:23', '2017-09-17 14:03:42', 'e0e4aa98-2e73-47fd-a314-5f81eb23e38b'),
 ('152', '1', '1', 'btn-facebook.svg', 'image', '48', '48', '504', '2017-08-23 19:42:58', '2017-08-31 11:39:24', '2017-09-17 14:03:42', '04f9f0ae-b3e6-461a-ba12-be226c039a98'),
 ('153', '1', '1', 'btn-instagram.png', 'image', '48', '48', '846', '2017-08-23 19:42:57', '2017-08-31 11:39:24', '2017-09-17 14:03:42', '5ffbea33-ff54-4683-8ee7-d56c59e6aff2'),
 ('154', '1', '1', 'btn-instagram.svg', 'image', '48', '48', '767', '2017-08-23 19:42:59', '2017-08-31 11:39:24', '2017-09-17 14:03:42', '89e98a07-2477-4b17-84f2-a23116456b62'),
 ('155', '1', '1', 'btn-share-email.png', 'image', '36', '36', '732', '2017-08-23 19:42:57', '2017-08-31 11:39:24', '2017-09-17 14:03:42', '75ea59c7-3479-4b66-81cc-a04f8e65e548'),
 ('156', '1', '1', 'btn-share-email.svg', 'image', '36', '36', '446', '2017-08-23 19:43:01', '2017-08-31 11:39:24', '2017-09-17 14:03:43', '8e2fa94b-cecc-4a33-a103-6833ee6f9d1d'),
 ('157', '1', '1', 'btn-share-facebook.png', 'image', '36', '36', '655', '2017-08-23 19:42:57', '2017-08-31 11:39:25', '2017-09-17 14:03:43', '9f35659d-431f-4b65-a360-f6bf7222a81e'),
 ('158', '1', '1', 'btn-share-facebook.svg', 'image', '36', '36', '526', '2017-08-23 19:43:00', '2017-08-31 11:39:25', '2017-09-17 14:03:43', '0b6f13f3-ba79-4c7e-82f1-ae6c5d6ce5a2'),
 ('159', '1', '1', 'btn-share-google-plus.png', 'image', '36', '36', '973', '2017-08-23 19:42:57', '2017-08-31 11:39:25', '2017-09-17 14:03:43', 'c800cef2-de42-4326-8405-b407a7351fb2'),
 ('160', '1', '1', 'btn-share-google-plus.svg', 'image', '36', '36', '2007', '2017-08-23 19:43:01', '2017-08-31 11:39:25', '2017-09-17 14:03:43', '9f4ae5a8-f1a3-4576-9dcc-79b73607f89a'),
 ('161', '1', '1', 'btn-share-twitter.png', 'image', '36', '36', '797', '2017-08-23 19:42:57', '2017-08-31 11:39:25', '2017-09-17 14:03:43', '123fb144-f023-4785-af33-d52365b4a333'),
 ('162', '1', '1', 'btn-share-twitter.svg', 'image', '36', '36', '813', '2017-08-23 19:43:00', '2017-08-31 11:39:26', '2017-09-17 14:03:44', '32aa63dd-f38d-41b9-ab4b-6c806e96d02e'),
 ('163', '1', '1', 'btn-toggle-menu.png', 'image', '24', '96', '298', '2017-08-23 19:42:57', '2017-08-31 11:39:26', '2017-09-17 14:03:44', '93737262-3b02-4bc2-8c97-83b989358249'),
 ('164', '1', '1', 'btn-toggle-menu.svg', 'image', '24', '96', '582', '2017-08-23 19:42:58', '2017-08-31 11:39:26', '2017-09-17 14:03:44', '7bab8002-f6df-43c5-a715-a0bfd5c7bff4'),
 ('165', '1', '1', 'btn-twiiter.png', 'image', '48', '48', '933', '2017-08-23 19:42:57', '2017-08-31 11:39:26', '2017-09-17 14:03:44', 'ea539e14-62c5-4535-a5b7-0f14ed7d624e'),
 ('166', '1', '1', 'btn-twiiter.svg', 'image', '48', '48', '800', '2017-08-23 19:42:59', '2017-08-31 11:39:26', '2017-09-17 14:03:44', 'd484ffa2-c92a-488e-95c0-a36407905c75'),
 ('167', '1', '1', 'btn-twitter.png', 'image', '48', '48', '1237', '2017-08-09 14:22:39', '2017-08-31 11:39:27', '2017-09-17 14:03:44', '93381241-2693-483e-be12-f434f5dbf528'),
 ('168', '1', '1', 'btn-twitter.svg', 'image', '48', '48', '732', '2017-08-09 14:22:40', '2017-08-31 11:39:27', '2017-09-17 14:03:45', 'cc0653d3-be10-4ee4-8bf8-7b001ba52bd4'),
 ('169', '1', '1', 'btn-youtube.png', 'image', '48', '48', '727', '2017-08-23 19:42:57', '2017-08-31 11:39:27', '2017-09-17 14:03:45', '02b79d61-72f7-4d54-a028-5d1b7d339af4'),
 ('170', '1', '1', 'btn-youtube.svg', 'image', '48', '48', '960', '2017-08-23 19:42:59', '2017-08-31 11:39:27', '2017-09-17 14:03:45', '2cde213f-675d-48e1-8b2c-806cdadd3933'),
 ('171', '1', '1', 'episcopal-badge.png', 'image', '72', '60', '3204', '2017-08-23 19:42:57', '2017-08-31 11:39:27', '2017-09-17 14:03:45', '264f68e7-a5a5-4d6d-b02b-87bc3a17dee2'),
 ('172', '1', '1', 'episcopal-badge.svg', 'image', '72', '60', '18948', '2017-08-23 19:43:00', '2017-08-31 11:39:28', '2017-09-17 14:03:45', '8ec0145f-8fbc-4f5d-bf34-4a9e61f12561'),
 ('173', '1', '1', 'feature-little-church.jpg', 'image', '1000', '900', '580671', '2017-08-11 16:08:56', '2017-08-31 11:39:28', '2017-09-17 09:41:31', 'edf2f118-0482-4767-ab76-b24634e09d31'),
 ('174', '1', '10', 'figure-window.jpg', 'image', '1400', '984', '507375', '2017-09-14 18:26:04', '2017-08-31 11:39:28', '2017-09-17 09:41:32', '86fc65b4-a6fc-4b49-85b4-3b34d50c6c7a'),
 ('175', '1', '1', 'figure-window.jpg', 'image', '1400', '984', '420341', '2017-08-13 11:49:18', '2017-08-31 11:39:28', '2017-09-17 09:41:32', 'b746f7af-afd5-41bd-9934-6e8a3aaeb533'),
 ('176', '1', '14', 'hero-welcome.jpg', 'image', '1200', '756', '363230', '2017-09-06 16:51:49', '2017-08-31 11:39:29', '2017-09-17 09:41:35', 'b2598fc8-dc43-4089-8ad9-3e631b71579c'),
 ('177', '1', '14', 'hero-who-we-are.jpg', 'image', '1200', '756', '506842', '2017-08-28 19:40:08', '2017-08-31 11:39:29', '2017-09-17 09:41:35', '816ca3f8-bd5c-4003-b88a-5cb55cafa42f'),
 ('178', '1', '1', 'hero-our-history.jpg', 'image', '1200', '756', '1249660', '2017-08-12 10:21:08', '2017-08-31 11:39:29', '2017-09-17 09:41:36', '9083b6f9-b1d8-4184-a8ed-0352ad19cec8'),
 ('180', '1', '1', 'hero-welcome.jpg', 'image', '1200', '756', '477393', '2017-08-16 16:32:14', '2017-08-31 11:39:30', '2017-09-17 09:41:36', 'dcd5daac-2523-44d3-ae23-cfc8426a505c'),
 ('181', '1', '1', 'hero-who-we-are.jpg', 'image', '1200', '756', '476125', '2017-08-24 13:35:25', '2017-08-31 11:39:30', '2017-09-17 09:41:36', 'cc7db4ed-96d7-4c77-be9d-a328ea9a5c5e'),
 ('182', '1', '1', 'hero-worship-schedule.jpg', 'image', '1200', '756', '496325', '2017-08-16 16:26:19', '2017-08-31 11:39:30', '2017-09-17 09:41:36', '44f760f3-fd1a-4b80-8703-ace0ee8b0c9d'),
 ('183', '1', '1', 'little-church-logo.png', 'image', '324', '120', '18248', '2017-09-16 16:57:10', '2017-08-31 11:39:31', '2017-09-17 09:41:37', '22b43643-a993-407a-912e-a1b7d33c1b66'),
 ('184', '1', '1', 'little-church-logo.svg', 'image', '324', '120', '49772', '2017-09-16 16:57:11', '2017-08-31 11:39:31', '2017-09-17 09:41:37', '7018bc45-7488-4d9e-965b-c0d3103cddda'),
 ('185', '1', '15', 'marquee-01.jpg', 'image', '1600', '864', '781569', '2017-08-31 11:24:49', '2017-08-31 11:39:31', '2017-09-17 09:41:37', '894f2868-f039-44b9-9309-0cbbceb54968'),
 ('186', '1', '15', 'marquee-02.jpg', 'image', '1600', '864', '1038027', '2017-08-31 11:24:51', '2017-08-31 11:39:31', '2017-09-17 09:41:37', '09b73919-e355-4329-a717-3c4034954345'),
 ('187', '1', '15', 'marquee-03.jpg', 'image', '1600', '864', '611493', '2017-08-31 11:24:54', '2017-08-31 11:39:32', '2017-09-17 09:41:38', '51ac4f4e-7b43-49f2-ab86-1f01f70ebd35'),
 ('188', '1', '1', 'marquee-01.jpg', 'image', '1600', '864', '713599', '2017-08-30 11:38:24', '2017-08-31 11:39:32', '2017-09-17 09:41:38', 'f8e24e23-c318-4d34-aed0-cdd64a155da0'),
 ('189', '1', '1', 'marquee-02.jpg', 'image', '1600', '864', '1070856', '2017-08-13 15:10:36', '2017-08-31 11:39:32', '2017-09-17 09:41:38', '381a64c6-4c5f-4b33-ad9b-64d47c6e0a5b'),
 ('190', '1', '1', 'marquee-03.jpg', 'image', '1600', '864', '621028', '2017-08-24 12:43:12', '2017-08-31 11:39:33', '2017-09-17 09:41:39', '62545dfd-40d7-4b8f-a6dc-cde7da7b4102'),
 ('191', '1', '20', 'liturgy.jpg', 'image', '1000', '584', '159399', '2017-08-31 11:35:05', '2017-08-31 11:39:33', '2017-09-17 09:41:39', 'b2a10cef-4192-4a1f-a34d-7c04096aaca3'),
 ('192', '1', '20', 'music.jpg', 'image', '1000', '584', '196274', '2017-08-31 11:35:05', '2017-08-31 11:39:33', '2017-09-17 09:41:39', 'bf4c5e5a-5724-41c2-9ace-533a87203869'),
 ('193', '1', '20', 'parish-life.jpg', 'image', '1000', '584', '381908', '2017-09-04 13:29:29', '2017-08-31 11:39:33', '2017-09-17 09:41:39', '020d8312-09b1-40d0-b866-18aae431fbf8'),
 ('194', '1', '20', 'who-we-are.jpg', 'image', '1000', '584', '376942', '2017-09-04 13:26:08', '2017-08-31 11:39:34', '2017-09-17 09:41:40', '259420a1-8d30-4e2e-ae6c-3f2b9500454a'),
 ('195', '1', '4', '01.jpg', 'image', '1600', '1143', '617951', '2017-09-01 11:44:51', '2017-08-31 11:39:34', '2017-09-17 09:41:40', '9e2a90eb-876f-48d7-9805-bd81146f8465'),
 ('196', '1', '4', '02.jpg', 'image', '1600', '1143', '497200', '2017-09-01 11:45:58', '2017-08-31 11:39:34', '2017-09-17 09:41:40', 'c5842ff0-38f0-43c1-9e70-341ebbc75e91'),
 ('197', '1', '4', '03.jpg', 'image', '1600', '1143', '234547', '2017-09-01 11:45:58', '2017-08-31 11:39:35', '2017-09-17 09:41:41', '81fd7fba-06b0-4588-8f5a-78370f0653e5'),
 ('198', '1', '4', '04.jpg', 'image', '1600', '1143', '322573', '2017-09-01 11:45:59', '2017-08-31 11:39:35', '2017-09-17 09:41:41', '8cb41438-d1af-4104-a216-905166903d3c'),
 ('199', '1', '4', '05.jpg', 'image', '1600', '1143', '936114', '2017-09-01 11:46:00', '2017-08-31 11:39:35', '2017-09-17 09:41:41', 'bb13d2c7-5c30-43ed-b366-08d401b9b415'),
 ('200', '1', '4', '06.jpg', 'image', '1600', '1143', '883202', '2017-09-01 11:46:01', '2017-08-31 11:39:36', '2017-09-17 09:41:42', '76661dc2-df24-498b-ab33-da8727497161'),
 ('201', '1', '4', '07.jpg', 'image', '1600', '1143', '579599', '2017-09-01 11:46:02', '2017-08-31 11:39:36', '2017-09-17 09:41:42', '828ef97d-2d5e-467b-83e6-9fa174d573ab'),
 ('202', '1', '1', 'wheelchair-access.png', 'image', '60', '60', '1209', '2017-08-23 19:42:57', '2017-08-31 11:39:36', '2017-09-17 09:41:42', '415d5d4e-62db-4cb4-8a19-5c5888bcdaa9'),
 ('203', '1', '1', 'wheelchair-access.svg', 'image', '60', '60', '627', '2017-08-23 19:42:59', '2017-08-31 11:39:37', '2017-09-17 09:41:42', '30065e8a-6299-4eca-9d2c-5fbec2c233d8'),
 ('204', '4', '7', 'figure-window.jpg', 'image', '1400', '984', '507375', '2017-09-14 18:26:04', '2017-08-31 11:39:37', '2017-09-17 09:41:43', '72eca0c2-27f6-44eb-8cad-57abcf6f7498'),
 ('205', '6', '11', 'ralph-adams-cram-madonna-shrine.jpg', 'image', '1200', '756', '443669', '2017-08-31 11:41:16', '2017-08-31 11:39:37', '2017-09-17 09:41:44', 'f49e13ec-a185-4220-a151-c2bb858ed316'),
 ('206', '6', '11', 'fr-patrick-and-dog.jpg', 'image', '1200', '756', '360899', '2017-08-30 15:28:56', '2017-08-31 11:39:38', '2017-09-17 09:41:43', 'f475f39f-e393-483b-8f39-38706776ab31'),
 ('207', '3', '5', 'hero-welcome.jpg', 'image', '1200', '756', '363230', '2017-09-06 16:51:49', '2017-08-31 11:39:38', '2017-09-17 09:41:48', 'db830e4d-e8bb-4dfa-a6ab-584785c049a1'),
 ('208', '3', '5', 'hero-who-we-are.jpg', 'image', '1200', '756', '506842', '2017-08-28 19:40:08', '2017-08-31 11:39:39', '2017-09-17 09:41:48', 'f8e7efa1-726d-4883-a8ed-9a918abba9b2'),
 ('209', '5', '8', 'bio-ian-betts.jpg', 'image', '562', '561', '232739', '2017-08-28 16:55:19', '2017-08-31 11:39:40', '2017-09-17 09:41:50', '40292125-e3d9-464a-b649-dc10da9fbedf'),
 ('210', '5', '8', 'bio-john-david-van-dooren.jpg', 'image', '800', '800', '127903', '2017-09-13 14:37:42', '2017-08-31 11:39:41', '2017-09-17 09:41:51', 'cffc6413-0fb2-4da7-b313-c31cbdedadbc'),
 ('211', '7', '17', 'edwin-booth-window-verticle.jpg', 'image', '714', '1000', '439091', '2017-08-30 14:10:38', '2017-08-31 11:39:41', '2017-09-17 09:41:51', '8503fa34-8bbe-4039-a78a-78295714db1c'),
 ('213', '7', '18', 'fr-patrick-and-dog.jpg', 'image', '1200', '756', '360899', '2017-08-30 15:28:56', '2017-08-31 11:39:42', '2017-09-17 09:41:52', '30c07c33-06d0-44da-83f1-f8cb829caca5'),
 ('214', '7', '17', 'fr-patrick-and-dog.jpg', 'image', '1200', '756', '360901', '2017-08-30 15:27:34', '2017-08-31 11:39:42', '2017-09-17 09:41:52', 'aadca575-f4af-4adb-a082-91227d1b8568'),
 ('215', '7', '17', 'placeholder.jpg', 'image', '1200', '756', '141517', '2017-08-31 18:32:20', '2017-08-31 11:39:42', '2017-09-17 09:41:53', '21963d0a-8f2d-49d5-b8ad-f47f398f3e00'),
 ('216', '7', '17', 'richard-upjohn-brass-filigree-pulpit.jpg', 'image', '1200', '857', '481415', '2017-08-30 23:14:53', '2017-08-31 11:39:43', '2017-09-17 09:41:53', '13f3486e-adc0-4738-be06-3376f63642f5'),
 ('219', '1', '13', 'ralph-adams-cram-madonna-shrine.jpg', 'image', '1200', '756', '443669', '2017-08-31 11:41:16', '2017-08-31 13:41:24', '2017-09-17 14:03:41', '5487ef0c-5ec2-48fa-bbeb-bcc1033b8fa0'),
 ('220', '7', '18', 'ralph-adams-cram-madonna-shrine.jpg', 'image', '1200', '756', '443669', '2017-08-31 11:41:16', '2017-08-31 13:41:41', '2017-09-17 09:41:52', 'ba7bd0d4-bc4f-444a-a498-8c6dfca812ef'),
 ('223', '6', '11', 'the-garden.jpg', 'image', '1200', '756', '309975', '2017-09-15 13:13:40', '2017-08-31 14:20:29', '2017-09-17 09:41:43', 'a9b55756-0fed-44e0-acc2-054c79b15463'),
 ('225', '1', '13', 'the-garden.jpg', 'image', '1200', '756', '309975', '2017-09-15 13:13:40', '2017-08-31 17:47:59', '2017-09-17 14:03:41', '251e9bb7-0e1e-43de-b57b-a19596dbee53'),
 ('226', '7', '18', 'the-garden.jpg', 'image', '1200', '756', '309975', '2017-09-15 13:13:40', '2017-08-31 17:48:24', '2017-09-17 09:41:52', '18aafebc-ca7a-48d0-9e5f-e0cbe99a151b'),
 ('227', '9', '21', 'feature-little-church.jpg', 'image', '1000', '900', '548202', '2017-08-31 18:50:04', '2017-08-31 18:50:03', '2017-09-17 09:41:54', 'e46215ad-aae6-43b8-8b0d-2d35736747bd'),
 ('228', '1', '22', 'feature-little-church.jpg', 'image', '1000', '900', '548202', '2017-08-31 18:50:04', '2017-08-31 19:05:48', '2017-09-17 09:41:32', '0e864c56-90b8-4ac8-801e-bfbadebe404d'),
 ('231', '3', '5', 'hero-our-mission.jpg', 'image', '1200', '756', '312394', '2017-08-31 20:22:38', '2017-08-31 20:22:40', '2017-09-17 09:41:47', 'd05ad49d-3b09-47cf-a410-7ef38a82bcd1'),
 ('235', '3', '5', 'hero-our-history.jpg', 'image', '1200', '756', '1249658', '2017-08-31 20:28:29', '2017-08-31 20:28:29', '2017-09-17 09:41:47', '31528263-fa56-4972-8295-4b1a0cb818d0'),
 ('238', '3', '5', 'hero-parish-life.jpg', 'image', '1200', '756', '519514', '2017-08-31 20:54:38', '2017-08-31 20:33:51', '2017-09-17 09:41:47', 'd2cccf41-a36d-44d1-b38e-9b0450a49402'),
 ('243', '3', '5', 'hero-worship-schedule.jpg', 'image', '1200', '756', '488412', '2017-09-01 10:10:20', '2017-09-01 10:10:20', '2017-09-17 09:41:48', 'd46713dc-58d9-449c-9ae5-370a23cced8e'),
 ('246', '1', '14', 'hero-liturgy.jpg', 'image', '1200', '756', '228750', '2017-09-14 19:18:55', '2017-09-01 11:19:33', '2017-09-17 09:41:33', '41235aae-ab2b-4921-8b88-425ad9d3b58a'),
 ('247', '1', '14', 'hero-our-history.jpg', 'image', '1200', '756', '1249658', '2017-08-31 20:28:29', '2017-09-01 11:19:33', '2017-09-17 09:41:34', 'e89bd942-a92f-4189-b0ab-e26b64624201'),
 ('248', '1', '14', 'hero-our-mission.jpg', 'image', '1200', '756', '312394', '2017-08-31 20:22:38', '2017-09-01 11:19:33', '2017-09-17 09:41:34', '1e07abea-f81d-4037-ab65-bf3592bd1913'),
 ('249', '1', '14', 'hero-parish-life.jpg', 'image', '1200', '756', '519514', '2017-08-31 20:54:38', '2017-09-01 11:19:34', '2017-09-17 09:41:34', '8b4372ae-039b-40e6-ae0a-0119a965302c'),
 ('250', '1', '14', 'hero-worship-schedule.jpg', 'image', '1200', '756', '488412', '2017-09-01 10:10:20', '2017-09-01 11:19:34', '2017-09-17 09:41:35', '3c6e54bd-bffb-4bbd-9d34-1c62fad79c62'),
 ('251', '3', '5', 'hero-liturgy.jpg', 'image', '1200', '756', '228750', '2017-09-14 19:18:55', '2017-09-01 11:19:43', '2017-09-17 09:41:44', 'b1e915fe-4376-4829-9155-c5d2288eb126'),
 ('253', '10', '23', '01.jpg', 'image', '1600', '1143', '617951', '2017-09-01 11:44:51', '2017-09-01 11:44:52', '2017-09-17 09:41:55', '826e02a4-c409-4f2f-9bd9-35e74b8780c2'),
 ('261', '10', '23', '02.jpg', 'image', '1600', '1143', '497200', '2017-09-01 11:45:58', '2017-09-01 11:46:08', '2017-09-17 09:41:56', '49a8842c-bdc5-4bfb-a64e-56a9f44141b4'),
 ('262', '10', '23', '03.jpg', 'image', '1600', '1143', '234547', '2017-09-01 11:45:58', '2017-09-01 11:46:09', '2017-09-17 09:41:55', 'c3c2dc8a-cf63-43e7-b360-e78f4ac7e35b'),
 ('263', '10', '23', '04.jpg', 'image', '1600', '1143', '322573', '2017-09-01 11:45:59', '2017-09-01 11:46:09', '2017-09-17 09:41:55', '609c5c91-dee6-4739-822c-14be7ca5604d');
INSERT INTO `craft_assetfiles` (`id`, `sourceId`, `folderId`, `filename`, `kind`, `width`, `height`, `size`, `dateModified`, `dateCreated`, `dateUpdated`, `uid`) VALUES
 ('264', '10', '23', '05.jpg', 'image', '1600', '1143', '936114', '2017-09-01 11:46:00', '2017-09-01 11:46:09', '2017-09-17 09:41:56', 'ebf3b946-e047-46f8-8914-00e9714dfa0f'),
 ('265', '10', '23', '06.jpg', 'image', '1600', '1143', '883202', '2017-09-01 11:46:01', '2017-09-01 11:46:10', '2017-09-17 09:41:56', '2aa4cd8f-ef83-42dd-b749-d49ef0439bbe'),
 ('266', '10', '23', '07.jpg', 'image', '1600', '1143', '579599', '2017-09-01 11:46:02', '2017-09-01 11:46:10', '2017-09-17 09:41:56', '6ddd1a25-dc72-4605-b45c-20c17b2af802'),
 ('273', '1', '1', 'hero-visit.jpg', 'image', '800', '571', '206000', '2017-09-05 11:00:23', '2017-09-06 16:31:55', '2017-09-17 09:41:36', '96641c22-858e-48bd-bd24-ac38b9dad804'),
 ('274', '1', '1', 'select-arrows.png', 'image', '60', '24', '219', '2017-09-05 13:18:12', '2017-09-06 16:31:59', '2017-09-17 09:41:40', '8c350bd2-71c2-4e9d-b19a-74af4976b97f'),
 ('275', '1', '1', 'select-arrows.svg', 'image', '60', '24', '336', '2017-09-05 13:18:13', '2017-09-06 16:31:59', '2017-09-17 09:41:40', '8c1c37d0-5551-4043-adf3-c01d4e36d365'),
 ('295', '11', '24', '08.06.17.mp3', 'audio', NULL, NULL, '11618660', '2017-09-12 16:30:54', '2017-09-12 16:46:27', '2017-09-17 09:41:57', '276a304d-1abc-41af-80b4-afafffa551da'),
 ('296', '11', '24', '08.27.17.mp3', 'audio', NULL, NULL, '10834562', '2017-09-12 16:30:36', '2017-09-12 16:46:28', '2017-09-17 09:41:57', 'a40d7982-be81-4d93-aec5-fb0935553daf'),
 ('297', '11', '24', '08.20.17.mp3', 'audio', NULL, NULL, '14629221', '2017-09-12 16:30:43', '2017-09-12 16:46:28', '2017-09-17 09:41:57', '0843a280-966c-4bc3-b4a7-b9d8c0dd3bea'),
 ('298', '11', '24', '08.13.17.mp3', 'audio', NULL, NULL, '9570610', '2017-09-12 16:30:33', '2017-09-12 16:46:28', '2017-09-17 09:41:57', 'e6e1ebc7-18d2-4edb-8b29-cd0098d0f999'),
 ('299', '11', '24', '09.03.17.mp3', 'audio', NULL, NULL, '11682612', '2017-09-12 16:30:38', '2017-09-12 16:46:28', '2017-09-17 09:41:58', '30dac7c3-3ff1-4eb5-bf09-e513e637cabf'),
 ('301', '11', '24', '09.10.17.mp3', 'audio', NULL, NULL, '10312952', '2017-09-12 16:49:41', '2017-09-12 16:49:43', '2017-09-17 09:41:58', '4930e851-694e-48bd-8301-b9c2e7578d11'),
 ('309', '5', '8', 'bio-patrick-cheng.jpg', 'image', '800', '800', '166611', '2017-09-13 07:16:24', '2017-09-13 07:16:26', '2017-09-17 09:41:51', 'f4757fcd-a888-454e-931e-3723d240503f'),
 ('311', '5', '8', 'bio-warren-c-platt.jpg', 'image', '800', '800', '140235', '2017-09-13 07:17:44', '2017-09-13 07:17:45', '2017-09-17 09:41:51', '3fb2408e-9bca-4194-a004-329806112f79'),
 ('313', '5', '8', 'bio-grace-kobryn.jpg', 'image', '800', '800', '150112', '2017-09-13 07:19:37', '2017-09-13 07:19:39', '2017-09-17 09:41:50', '7a717569-7c53-4240-924f-46f69a62fb91'),
 ('315', '5', '8', 'bio-claudia-dumschat.jpg', 'image', '800', '800', '144036', '2017-09-13 07:27:11', '2017-09-13 07:27:13', '2017-09-17 09:41:50', '5fc634e3-c2e8-4dc0-8efa-25ea2600f504'),
 ('316', '1', '16', 'bio-claudia-dumschat.jpg', 'image', '800', '800', '144036', '2017-09-13 07:27:11', '2017-09-13 07:27:29', '2017-09-17 14:03:39', '53dd8c5f-ab1e-4603-8bfc-f38747439802'),
 ('317', '1', '16', 'bio-grace-kobryn.jpg', 'image', '800', '800', '150112', '2017-09-13 07:19:37', '2017-09-13 07:27:29', '2017-09-17 14:03:39', 'aa49fe9d-971d-4d90-a40d-b04180fe2f2a'),
 ('318', '1', '16', 'bio-patrick-cheng.jpg', 'image', '800', '800', '166611', '2017-09-13 07:16:24', '2017-09-13 07:27:30', '2017-09-17 14:03:40', 'bbbb99a3-ae73-44d6-8606-20ebf1258fbc'),
 ('319', '1', '16', 'bio-warren-c-platt.jpg', 'image', '800', '800', '140235', '2017-09-13 07:17:44', '2017-09-13 07:27:30', '2017-09-17 14:03:40', '310f3e68-f6ec-4179-bc40-88b6d39bc2c9'),
 ('326', '3', '5', 'hero-music-at-transfiguration.jpg', 'image', '1200', '756', '239731', '2017-09-13 09:26:36', '2017-09-13 09:26:39', '2017-09-17 09:41:46', '87267761-c2e5-45c7-b77a-5df07629412e'),
 ('328', '3', '5', 'hero-organist-and-choirmaster.jpg', 'image', '1200', '756', '360553', '2017-09-13 09:40:26', '2017-09-13 09:40:28', '2017-09-17 09:41:46', '4fdc6ffe-1ad4-4a5f-b496-9b593fa6c83d'),
 ('331', '1', '14', 'hero-music-at-transfiguration.jpg', 'image', '1200', '756', '239731', '2017-09-13 09:26:36', '2017-09-13 10:21:08', '2017-09-17 09:41:33', '77e67f8d-05f8-40dd-bc49-63ca3033fa69'),
 ('332', '1', '14', 'hero-organist-and-choirmaster.jpg', 'image', '1200', '756', '360553', '2017-09-13 09:40:26', '2017-09-13 10:21:08', '2017-09-17 09:41:34', '3f9127ef-b73e-451e-a319-1f114043eaed'),
 ('335', '4', '7', 'figure-organ.jpg', 'image', '1400', '984', '447391', '2017-09-13 10:40:08', '2017-09-13 10:40:09', '2017-09-17 09:41:43', '586b4177-7350-4f63-a2e1-b336246f4171'),
 ('339', '3', '5', 'hero-concert-series.jpg', 'image', '1200', '756', '325464', '2017-09-13 10:56:09', '2017-09-13 10:56:17', '2017-09-17 09:41:45', '28b76d9e-3888-4988-b5ba-3cecdb9fb519'),
 ('342', '1', '10', 'figure-organ.jpg', 'image', '1400', '984', '447391', '2017-09-13 10:40:08', '2017-09-13 14:39:28', '2017-09-17 09:41:32', '152b2456-d00b-4843-9352-8d682c80d1aa'),
 ('343', '1', '14', 'hero-concert-series.jpg', 'image', '1200', '756', '325464', '2017-09-13 10:56:09', '2017-09-13 14:39:29', '2017-09-17 09:41:33', '96e9a430-a93b-49b3-9a29-393d2ee0cc51'),
 ('351', '2', '2', 'marquee-04.jpg', 'image', '1600', '864', '592643', '2017-09-14 17:21:34', '2017-09-14 17:21:36', '2017-09-17 09:41:49', '88633838-5897-4b57-983b-82c610697c68'),
 ('358', '3', '5', 'hero-bible-study.jpg', 'image', '1200', '756', '460924', '2017-09-16 15:58:53', '2017-09-14 19:32:53', '2017-09-17 09:41:45', 'b8c91e74-c5a1-40af-9255-78613c48bace'),
 ('362', '3', '5', 'hero-weddings.jpg', 'image', '1200', '756', '223900', '2017-09-14 21:12:45', '2017-09-14 21:12:46', '2017-09-17 09:41:48', '97b38cfa-a543-4ad6-afe0-8538bf16a50f'),
 ('366', '1', '26', 'featured-fpo.jpg', 'image', '600', '378', '42002', '2017-09-16 19:39:33', '2017-09-15 13:14:06', '2017-09-17 09:41:31', 'b7b03c20-aede-410f-acc1-898fc54bb6db'),
 ('367', '1', '14', 'hero-bible-study.jpg', 'image', '1200', '756', '460924', '2017-09-16 15:58:53', '2017-09-15 13:14:08', '2017-09-17 09:41:33', '9a7d61f4-451c-40f3-8e46-58696c9cc146'),
 ('368', '1', '14', 'hero-weddings.jpg', 'image', '1200', '756', '223900', '2017-09-14 21:12:45', '2017-09-15 13:14:09', '2017-09-17 09:41:35', '7356f707-e137-4208-80a1-759c04b711af'),
 ('369', '1', '15', 'marquee-04.jpg', 'image', '1600', '864', '592643', '2017-09-14 17:21:34', '2017-09-15 13:14:14', '2017-09-17 09:41:38', 'c9196690-9724-4f33-b8bc-239ee82e656e'),
 ('370', '12', '25', 'featured-fpo.jpg', 'image', '600', '378', '42002', '2017-09-16 19:39:33', '2017-09-15 13:14:32', '2017-09-17 09:41:59', '24213c20-e9c4-4ee0-b08a-fdb8360b2297'),
 ('374', '3', '5', 'hero-adult-education.jpg', 'image', '1200', '756', '252299', '2017-09-16 16:20:34', '2017-09-16 16:20:36', '2017-09-17 09:41:44', '741a5291-24c0-4cb3-9e8a-1ef3726906e0'),
 ('378', '1', '14', 'hero-adult-education.jpg', 'image', '1200', '756', '252299', '2017-09-16 16:20:34', '2017-09-16 18:10:26', '2017-09-17 09:41:33', 'ba6c89b4-270f-47a2-a425-088075377129'),
 ('379', '1', '26', 'featured-01.jpg', 'image', '1200', '756', '110360', '2017-09-17 13:55:20', '2017-09-16 19:46:03', '2017-09-17 14:03:46', '62c082a2-1447-4b52-8aad-c0c97c98fac9'),
 ('380', '1', '26', 'featured-fpo-01.jpg', 'image', '600', '378', '42147', '2017-09-16 19:40:25', '2017-09-16 19:46:04', '2017-09-17 09:41:31', '665294f7-62ae-487e-98f0-ebd4598e8c14'),
 ('381', '12', '25', 'featured-01.jpg', 'image', '600', '378', '45430', '2017-09-16 21:49:57', '2017-09-16 19:46:36', '2017-09-17 09:41:58', 'b92de795-07c1-473e-befe-d7f01497e99d'),
 ('382', '12', '25', 'featured-fpo-01.jpg', 'image', '600', '378', '42147', '2017-09-16 19:40:25', '2017-09-16 19:46:37', '2017-09-17 09:41:59', '3304ba3b-5c8f-43dc-aee7-1c4f785f928c'),
 ('386', '12', '25', 'featured-02.jpg', 'image', '600', '378', '110492', '2017-09-16 22:30:30', '2017-09-16 22:30:32', '2017-09-17 09:41:59', 'c8a82d21-9a25-41f9-b2d9-bdb6fadfea59'),
 ('390', '12', '25', 'featured-03.jpg', 'image', '600', '378', '146284', '2017-09-16 22:38:02', '2017-09-16 22:38:03', '2017-09-17 09:41:58', '87cd3d4a-9efb-4b95-9a95-b121d6787e94'),
 ('391', '1', '26', 'featured-02.jpg', 'image', '1200', '756', '307819', '2017-09-17 13:57:47', '2017-09-17 09:41:30', '2017-09-17 14:03:46', 'd4652057-33db-4b3c-a038-39d7b9bfddee'),
 ('392', '1', '26', 'featured-03.jpg', 'image', '1200', '756', '619961', '2017-09-17 13:57:57', '2017-09-17 09:41:31', '2017-09-17 14:03:46', 'd9e6682c-f826-45c1-8a65-525eb83ff6c3'),
 ('393', '1', '26', 'featured-01_170916_214957.jpg', 'image', '1200', '756', '109371', '2017-09-17 13:55:21', '2017-09-17 14:03:46', '2017-09-17 14:03:46', 'd9402f89-c30b-44b4-9647-77fcf705c786');



DROP TABLE IF EXISTS `craft_assetfolders`;


--
-- Schema for table `craft_assetfolders`
--
CREATE TABLE `craft_assetfolders` (
  `id` int(11) NOT NULL AUTO_INCREMENT,
  `parentId` int(11) DEFAULT NULL,
  `sourceId` int(11) DEFAULT NULL,
  `name` varchar(255) COLLATE utf8_unicode_ci NOT NULL,
  `path` varchar(255) COLLATE utf8_unicode_ci DEFAULT NULL,
  `dateCreated` datetime NOT NULL,
  `dateUpdated` datetime NOT NULL,
  `uid` char(36) COLLATE utf8_unicode_ci NOT NULL DEFAULT '0',
  PRIMARY KEY (`id`),
  UNIQUE KEY `craft_assetfolders_name_parentId_sourceId_unq_idx` (`name`,`parentId`,`sourceId`),
  KEY `craft_assetfolders_parentId_fk` (`parentId`),
  KEY `craft_assetfolders_sourceId_fk` (`sourceId`)
) ENGINE=InnoDB AUTO_INCREMENT=27 DEFAULT CHARSET=utf8 COLLATE=utf8_unicode_ci;

--
-- Data for table `craft_assetfolders`
--

INSERT INTO `craft_assetfolders` (`id`, `parentId`, `sourceId`, `name`, `path`, `dateCreated`, `dateUpdated`, `uid`) VALUES
 ('1', NULL, '1', 'Global Images', '', '2017-08-25 13:18:29', '2017-08-25 13:18:29', '6c5fdd87-33a3-44e7-8e06-5a8de3ce65d9'),
 ('2', NULL, '2', 'Marquee', '', '2017-08-25 13:27:45', '2017-08-30 11:39:40', '2c0a9208-0ac8-458e-b831-395180a9f287'),
 ('4', '1', '1', 'virtual-tour', 'virtual-tour/', '2017-08-25 14:10:44', '2017-08-25 14:10:44', '2c32f292-c6a6-4feb-be88-337516406f56'),
 ('5', NULL, '3', 'About Hero', '', '2017-08-26 11:13:29', '2017-08-30 11:31:05', 'aa69633a-2de0-4e26-939b-67b78565ce84'),
 ('7', NULL, '4', 'Figure', '', '2017-08-28 12:11:29', '2017-08-28 12:31:18', '21e8456f-f516-4f5c-86ec-22c798dc5107'),
 ('8', NULL, '5', 'Bio', '', '2017-08-28 15:09:19', '2017-08-30 11:51:19', '2bf6bf44-6e16-436f-a74c-947758cb172e'),
 ('10', '1', '1', 'figure', 'figure/', '2017-08-28 18:49:07', '2017-08-28 18:49:07', 'eed1e145-a768-4c0d-991c-7fb48487d316'),
 ('11', NULL, '6', 'Blog Feature', '', '2017-08-30 08:54:41', '2017-08-30 09:01:33', '445a522f-eddf-413b-b7e4-dd4dd1aadb20'),
 ('12', '1', '1', 'blog', 'blog/', '2017-08-30 11:32:21', '2017-08-30 11:32:21', '102e4aeb-56c1-4966-a9b0-df2fbea335eb'),
 ('13', '12', '1', 'feature', 'blog/feature/', '2017-08-30 11:32:21', '2017-08-30 11:32:21', 'b8faf5a9-a3f6-4810-8243-04ea320167eb'),
 ('14', '1', '1', 'hero', 'hero/', '2017-08-30 11:32:21', '2017-08-30 11:32:21', '0a1d0277-6bd0-4f9b-96f7-e24e3c09297e'),
 ('15', '1', '1', 'marquee', 'marquee/', '2017-08-30 11:42:01', '2017-08-30 11:42:01', '4606776d-5bd7-47b5-bad5-7b8023c1b69c'),
 ('16', '1', '1', 'bio', 'bio/', '2017-08-30 11:51:30', '2017-08-30 11:51:30', '81cbffea-afcf-4785-bcc3-04c0ce45e7e6'),
 ('17', NULL, '7', 'Blog Article', '', '2017-08-30 14:06:23', '2017-08-30 14:06:23', '2091714e-cc7f-4a79-b0a0-5d5fa8407ef2'),
 ('18', '17', '7', 'feature', 'feature/', '2017-08-30 14:23:09', '2017-08-30 14:23:09', 'bcf7ed5c-c31a-454f-b469-05d7641feebb'),
 ('19', NULL, '8', 'Quadrant', '', '2017-08-31 11:28:24', '2017-08-31 11:31:06', '680b99b5-61c6-4cc0-9d3d-44b8e09c372b'),
 ('20', '1', '1', 'quadrant', 'quadrant/', '2017-08-31 11:39:21', '2017-08-31 11:39:21', 'b792bad6-9811-494e-8341-94fe2c2a4ed7'),
 ('21', NULL, '9', 'Graphic Feature', '', '2017-08-31 18:42:51', '2017-08-31 18:42:51', 'aded3b7b-52c8-4d60-b94b-1866892903cd'),
 ('22', '1', '1', 'graphic-feature', 'graphic-feature/', '2017-08-31 19:05:40', '2017-08-31 19:05:40', '0e0f7592-07e0-4873-9090-2065e5d89a32'),
 ('23', NULL, '10', 'Virtual Tour', '', '2017-09-01 11:34:41', '2017-09-01 11:34:41', 'b61d3b8e-3009-404b-9441-578873a76e28'),
 ('24', NULL, '11', 'Audio', '', '2017-09-12 09:38:43', '2017-09-12 09:39:45', '34c51f79-54f2-49f6-aea6-de6fc8c0b496'),
 ('25', NULL, '12', 'Events', '', '2017-09-14 08:14:20', '2017-09-14 08:14:20', 'b794a0ce-a136-46db-b7d1-193b525bc25d'),
 ('26', '1', '1', 'events', 'events/', '2017-09-14 13:54:51', '2017-09-14 13:54:51', '9d289aa0-19d7-42a4-b6ec-a676334708f6');



DROP TABLE IF EXISTS `craft_assetindexdata`;


--
-- Schema for table `craft_assetindexdata`
--
CREATE TABLE `craft_assetindexdata` (
  `id` int(11) NOT NULL AUTO_INCREMENT,
  `sessionId` varchar(36) COLLATE utf8_unicode_ci NOT NULL DEFAULT '',
  `sourceId` int(10) NOT NULL,
  `offset` int(10) NOT NULL,
  `uri` varchar(255) COLLATE utf8_unicode_ci DEFAULT NULL,
  `size` varchar(255) COLLATE utf8_unicode_ci DEFAULT NULL,
  `recordId` int(10) DEFAULT NULL,
  `dateCreated` datetime NOT NULL,
  `dateUpdated` datetime NOT NULL,
  `uid` char(36) COLLATE utf8_unicode_ci NOT NULL DEFAULT '0',
  PRIMARY KEY (`id`),
  UNIQUE KEY `craft_assetindexdata_sessionId_sourceId_offset_unq_idx` (`sessionId`,`sourceId`,`offset`),
  KEY `craft_assetindexdata_sourceId_fk` (`sourceId`)
) ENGINE=InnoDB AUTO_INCREMENT=149 DEFAULT CHARSET=utf8 COLLATE=utf8_unicode_ci;

DROP TABLE IF EXISTS `craft_assetsources`;


--
-- Schema for table `craft_assetsources`
--
CREATE TABLE `craft_assetsources` (
  `id` int(11) NOT NULL AUTO_INCREMENT,
  `name` varchar(255) COLLATE utf8_unicode_ci NOT NULL,
  `handle` varchar(255) COLLATE utf8_unicode_ci NOT NULL,
  `type` varchar(150) COLLATE utf8_unicode_ci NOT NULL,
  `settings` text COLLATE utf8_unicode_ci,
  `sortOrder` smallint(6) unsigned DEFAULT NULL,
  `fieldLayoutId` int(10) DEFAULT NULL,
  `dateCreated` datetime NOT NULL,
  `dateUpdated` datetime NOT NULL,
  `uid` char(36) COLLATE utf8_unicode_ci NOT NULL DEFAULT '0',
  PRIMARY KEY (`id`),
  UNIQUE KEY `craft_assetsources_name_unq_idx` (`name`),
  UNIQUE KEY `craft_assetsources_handle_unq_idx` (`handle`),
  KEY `craft_assetsources_fieldLayoutId_fk` (`fieldLayoutId`)
) ENGINE=InnoDB AUTO_INCREMENT=13 DEFAULT CHARSET=utf8 COLLATE=utf8_unicode_ci;

--
-- Data for table `craft_assetsources`
--

INSERT INTO `craft_assetsources` (`id`, `name`, `handle`, `type`, `settings`, `sortOrder`, `fieldLayoutId`, `dateCreated`, `dateUpdated`, `uid`) VALUES
 ('1', 'Global Images', 'globalImages', 'Local', '{\"path\":\"images\\/\",\"publicURLs\":\"1\",\"url\":\"{baseUrl}images\\/\"}', '1', '6', '2017-08-25 13:18:29', '2017-08-25 13:18:29', '626af5cb-d5f4-4c95-9780-d5f658c9ceb7'),
 ('2', 'Marquee', 'marquee', 'Local', '{\"path\":\"images\\/marquee\\/\",\"publicURLs\":\"1\",\"url\":\"{baseUrl}images\\/marquee\\/\"}', '2', '98', '2017-08-25 13:27:45', '2017-08-30 11:39:40', '5d9b1bbc-1ebc-4618-9948-8e1df05a2409'),
 ('3', 'About Hero', 'aboutHero', 'Local', '{\"path\":\"images\\/hero\\/\",\"publicURLs\":\"1\",\"url\":\"{baseUrl}images\\/hero\\/\"}', '3', '97', '2017-08-26 11:13:29', '2017-08-30 11:31:05', '93dc7f79-e37e-4582-b829-4f37205a273c'),
 ('4', 'Figure', 'figure', 'Local', '{\"path\":\"images\\/figure\\/\",\"publicURLs\":\"1\",\"url\":\"{baseUrl}images\\/figure\\/\"}', '4', '54', '2017-08-28 12:11:29', '2017-08-28 12:31:18', '47d91de8-1130-4ce3-9f39-08cefbb1d2ac'),
 ('5', 'Bio', 'bios', 'Local', '{\"path\":\"images\\/bio\\/\",\"publicURLs\":\"1\",\"url\":\"{baseUrl}images\\/bio\\/\"}', '5', '99', '2017-08-28 15:09:19', '2017-08-30 11:51:19', 'a340479e-f789-4051-a65e-1970fc7d9ae7'),
 ('6', 'Blog Feature', 'blogFeature', 'Local', '{\"path\":\"images\\/blog\\/feature\\/\",\"publicURLs\":\"1\",\"url\":\"{baseUrl}images\\/blog\\/feature\\/\"}', '6', '93', '2017-08-30 08:54:41', '2017-08-30 09:01:33', '9dabe8ee-a9b1-46fa-98aa-8f1d852d945e'),
 ('7', 'Blog Article', 'blogArticle', 'Local', '{\"path\":\"images\\/blog\\/\",\"publicURLs\":\"1\",\"url\":\"{baseUrl}images\\/blog\\/\"}', '7', '112', '2017-08-30 14:06:23', '2017-08-30 14:06:23', 'bf2d139f-afd0-4a3d-869c-de6ffb16d6e2'),
 ('8', 'Quadrant', 'quadrants', 'Local', '{\"path\":\"images\\/quadrant\\/\",\"publicURLs\":\"1\",\"url\":\"{baseUrl}images\\/quadrant\\/\"}', '8', '140', '2017-08-31 11:28:24', '2017-08-31 11:31:06', '20d8af83-78f0-47d9-9c61-20e6d40df7a3'),
 ('9', 'Graphic Feature', 'graphicFeature', 'Local', '{\"path\":\"images\\/graphic-feature\\/\",\"publicURLs\":\"1\",\"url\":\"{baseUrl}images\\/graphic-feature\\/\"}', '9', '148', '2017-08-31 18:42:51', '2017-08-31 18:49:23', '00363569-797d-4bf6-b387-e437c5b58f16'),
 ('10', 'Virtual Tour', 'virtualTour', 'Local', '{\"path\":\"images\\/virtual-tour\\/\",\"publicURLs\":\"1\",\"url\":\"{baseUrl}images\\/virtual-tour\\/\"}', '10', '155', '2017-09-01 11:34:41', '2017-09-01 11:34:41', '8cc8939d-da19-4fc3-9913-dd57cb4120cc'),
 ('11', 'Audio', 'audio', 'Local', '{\"path\":\"media\\/audio\\/\",\"publicURLs\":\"1\",\"url\":\"{baseUrl}\\/media\\/audio\\/\"}', '11', '169', '2017-09-12 09:38:43', '2017-09-12 09:39:45', '9ed14970-7a11-417c-bf59-2db4f5831b6f'),
 ('12', 'Events', 'events', 'Local', '{\"path\":\"images\\/events\\/\",\"publicURLs\":\"1\",\"url\":\"{baseUrl}images\\/events\\/\"}', '12', '217', '2017-09-14 08:14:20', '2017-09-14 08:14:20', 'b077dbd8-bb33-4bd5-9458-f8c7349bbc35');



DROP TABLE IF EXISTS `craft_assettransformindex`;


--
-- Schema for table `craft_assettransformindex`
--
CREATE TABLE `craft_assettransformindex` (
  `id` int(11) NOT NULL AUTO_INCREMENT,
  `fileId` int(11) NOT NULL,
  `filename` varchar(255) COLLATE utf8_unicode_ci DEFAULT NULL,
  `format` varchar(255) COLLATE utf8_unicode_ci DEFAULT NULL,
  `location` varchar(255) COLLATE utf8_unicode_ci NOT NULL,
  `sourceId` int(11) DEFAULT NULL,
  `fileExists` tinyint(1) DEFAULT NULL,
  `inProgress` tinyint(1) DEFAULT NULL,
  `dateIndexed` datetime DEFAULT NULL,
  `dateCreated` datetime NOT NULL,
  `dateUpdated` datetime NOT NULL,
  `uid` char(36) COLLATE utf8_unicode_ci NOT NULL DEFAULT '0',
  PRIMARY KEY (`id`),
  KEY `craft_assettransformindex_sourceId_fileId_location_idx` (`sourceId`,`fileId`,`location`)
) ENGINE=InnoDB DEFAULT CHARSET=utf8 COLLATE=utf8_unicode_ci;

DROP TABLE IF EXISTS `craft_assettransforms`;


--
-- Schema for table `craft_assettransforms`
--
CREATE TABLE `craft_assettransforms` (
  `id` int(11) NOT NULL AUTO_INCREMENT,
  `name` varchar(255) COLLATE utf8_unicode_ci NOT NULL,
  `handle` varchar(255) COLLATE utf8_unicode_ci NOT NULL,
  `mode` enum('stretch','fit','crop') COLLATE utf8_unicode_ci NOT NULL DEFAULT 'crop',
  `position` enum('top-left','top-center','top-right','center-left','center-center','center-right','bottom-left','bottom-center','bottom-right') COLLATE utf8_unicode_ci NOT NULL DEFAULT 'center-center',
  `height` int(10) DEFAULT NULL,
  `width` int(10) DEFAULT NULL,
  `format` varchar(255) COLLATE utf8_unicode_ci DEFAULT NULL,
  `quality` int(10) DEFAULT NULL,
  `dimensionChangeTime` datetime DEFAULT NULL,
  `dateCreated` datetime NOT NULL,
  `dateUpdated` datetime NOT NULL,
  `uid` char(36) COLLATE utf8_unicode_ci NOT NULL DEFAULT '0',
  PRIMARY KEY (`id`),
  UNIQUE KEY `craft_assettransforms_name_unq_idx` (`name`),
  UNIQUE KEY `craft_assettransforms_handle_unq_idx` (`handle`)
) ENGINE=InnoDB DEFAULT CHARSET=utf8 COLLATE=utf8_unicode_ci;

DROP TABLE IF EXISTS `craft_categories`;


--
-- Schema for table `craft_categories`
--
CREATE TABLE `craft_categories` (
  `id` int(11) NOT NULL,
  `groupId` int(11) NOT NULL,
  `dateCreated` datetime NOT NULL,
  `dateUpdated` datetime NOT NULL,
  `uid` char(36) COLLATE utf8_unicode_ci NOT NULL DEFAULT '0',
  PRIMARY KEY (`id`),
  KEY `craft_categories_groupId_fk` (`groupId`)
) ENGINE=InnoDB DEFAULT CHARSET=utf8 COLLATE=utf8_unicode_ci;

DROP TABLE IF EXISTS `craft_categorygroups`;


--
-- Schema for table `craft_categorygroups`
--
CREATE TABLE `craft_categorygroups` (
  `id` int(11) NOT NULL AUTO_INCREMENT,
  `structureId` int(11) NOT NULL,
  `fieldLayoutId` int(11) DEFAULT NULL,
  `name` varchar(255) COLLATE utf8_unicode_ci NOT NULL,
  `handle` varchar(255) COLLATE utf8_unicode_ci NOT NULL,
  `hasUrls` tinyint(1) unsigned NOT NULL DEFAULT '1',
  `template` varchar(500) COLLATE utf8_unicode_ci DEFAULT NULL,
  `dateCreated` datetime NOT NULL,
  `dateUpdated` datetime NOT NULL,
  `uid` char(36) COLLATE utf8_unicode_ci NOT NULL DEFAULT '0',
  PRIMARY KEY (`id`),
  UNIQUE KEY `craft_categorygroups_name_unq_idx` (`name`),
  UNIQUE KEY `craft_categorygroups_handle_unq_idx` (`handle`),
  KEY `craft_categorygroups_structureId_fk` (`structureId`),
  KEY `craft_categorygroups_fieldLayoutId_fk` (`fieldLayoutId`)
) ENGINE=InnoDB DEFAULT CHARSET=utf8 COLLATE=utf8_unicode_ci;

DROP TABLE IF EXISTS `craft_categorygroups_i18n`;


--
-- Schema for table `craft_categorygroups_i18n`
--
CREATE TABLE `craft_categorygroups_i18n` (
  `id` int(11) NOT NULL AUTO_INCREMENT,
  `groupId` int(11) NOT NULL,
  `locale` char(12) COLLATE utf8_unicode_ci NOT NULL,
  `urlFormat` text COLLATE utf8_unicode_ci,
  `nestedUrlFormat` text COLLATE utf8_unicode_ci,
  `dateCreated` datetime NOT NULL,
  `dateUpdated` datetime NOT NULL,
  `uid` char(36) COLLATE utf8_unicode_ci NOT NULL DEFAULT '0',
  PRIMARY KEY (`id`),
  UNIQUE KEY `craft_categorygroups_i18n_groupId_locale_unq_idx` (`groupId`,`locale`),
  KEY `craft_categorygroups_i18n_locale_fk` (`locale`)
) ENGINE=InnoDB DEFAULT CHARSET=utf8 COLLATE=utf8_unicode_ci;

DROP TABLE IF EXISTS `craft_content`;


--
-- Schema for table `craft_content`
--
CREATE TABLE `craft_content` (
  `id` int(11) NOT NULL AUTO_INCREMENT,
  `elementId` int(11) NOT NULL,
  `locale` char(12) COLLATE utf8_unicode_ci NOT NULL,
  `title` varchar(255) COLLATE utf8_unicode_ci DEFAULT NULL,
  `field_body` text COLLATE utf8_unicode_ci,
  `field_altAttribute` text COLLATE utf8_unicode_ci,
  `field_linkText` text COLLATE utf8_unicode_ci,
  `field_linkUrl` text COLLATE utf8_unicode_ci,
  `field_headlineA` text COLLATE utf8_unicode_ci,
  `field_headlineB` text COLLATE utf8_unicode_ci,
  `field_introduction` text COLLATE utf8_unicode_ci,
  `field_fullName` text COLLATE utf8_unicode_ci,
  `field_professionalTitle` text COLLATE utf8_unicode_ci,
  `field_byLine` text COLLATE utf8_unicode_ci,
  `field_photoCredit` text COLLATE utf8_unicode_ci,
  `field_graphicFeatureHeadline` text COLLATE utf8_unicode_ci,
  `field_graphicFeatureText` text COLLATE utf8_unicode_ci,
  `field_headline` text COLLATE utf8_unicode_ci,
  `field_tourDescription` text COLLATE utf8_unicode_ci,
  `field_date` text COLLATE utf8_unicode_ci,
  `field_detailPage` tinyint(1) unsigned NOT NULL DEFAULT '0',
  `field_eventDescription` text COLLATE utf8_unicode_ci,
  `field_eventSpotlight` tinyint(1) unsigned NOT NULL DEFAULT '0',
  `field_eventTeaser` text COLLATE utf8_unicode_ci,
  `dateCreated` datetime NOT NULL,
  `dateUpdated` datetime NOT NULL,
  `uid` char(36) COLLATE utf8_unicode_ci NOT NULL DEFAULT '0',
  PRIMARY KEY (`id`),
  UNIQUE KEY `craft_content_elementId_locale_unq_idx` (`elementId`,`locale`),
  KEY `craft_content_title_idx` (`title`),
  KEY `craft_content_locale_fk` (`locale`)
) ENGINE=InnoDB AUTO_INCREMENT=360 DEFAULT CHARSET=utf8 COLLATE=utf8_unicode_ci;

--
-- Data for table `craft_content`
--

INSERT INTO `craft_content` (`id`, `elementId`, `locale`, `title`, `field_body`, `field_altAttribute`, `field_linkText`, `field_linkUrl`, `field_headlineA`, `field_headlineB`, `field_introduction`, `field_fullName`, `field_professionalTitle`, `field_byLine`, `field_photoCredit`, `field_graphicFeatureHeadline`, `field_graphicFeatureText`, `field_headline`, `field_tourDescription`, `field_date`, `field_detailPage`, `field_eventDescription`, `field_eventSpotlight`, `field_eventTeaser`, `dateCreated`, `dateUpdated`, `uid`) VALUES
 ('1', '1', 'en_us', NULL, NULL, NULL, NULL, NULL, NULL, NULL, NULL, NULL, NULL, NULL, NULL, NULL, NULL, NULL, NULL, NULL, '0', NULL, '0', NULL, '2017-08-24 19:10:37', '2017-08-24 22:29:09', '18f11dd6-e5b4-4e90-b6a3-d2d1b9ee233e'),
 ('7', '7', 'en_us', 'An Anglo-Catholic parish in Manhattan’s NoMad neighborhood', NULL, '', 'Worship Schedule', '/worship/worship-schedule', 'An Anglo-Catholic parish in Manhattan’s', 'NoMad neighborhood', NULL, NULL, NULL, NULL, NULL, NULL, NULL, NULL, NULL, NULL, '0', NULL, '0', NULL, '2017-08-25 13:52:11', '2017-09-01 11:23:11', 'cb995ed8-f46b-4a01-9f4d-d67dd4d03d27'),
 ('59', '59', 'en_us', 'Your next quiet moment is right around the corner', NULL, '', 'Visit', '/visit', 'Your next quiet moment is', 'right around the corner', NULL, NULL, NULL, NULL, NULL, NULL, NULL, NULL, NULL, NULL, '0', NULL, '0', NULL, '2017-08-25 14:26:30', '2017-09-14 21:06:47', 'eb450c02-bc3e-4a92-b682-f857e4bfed97'),
 ('60', '60', 'en_us', 'Discover the art and architecture of our church and grounds', NULL, '', 'Virtual Tour', '/virtual-tour', 'Discover the art and architecture', 'of our church and grounds', NULL, NULL, NULL, NULL, NULL, NULL, NULL, NULL, NULL, NULL, '0', NULL, '0', NULL, '2017-08-25 14:47:49', '2017-09-14 17:23:46', 'ffbaa4a7-3053-4316-9fa9-980736a41b66'),
 ('61', '61', 'en_us', 'Home', '<h2>How we became the little church around the corner</h2>\n<p>Ad ullamcorper cursus vestibulum suspendisse parturient accumsan dignissim parturient accumsan adipiscing eget lectus condimentum aliquet lectus ullamcorper.</p>', 'the little church around the corner', 'A Brief History', '/about/our-history', 'We embrace all who seek', 'God’s inclusive love', NULL, NULL, NULL, NULL, NULL, '<p>How we became <em>the little church around the corner</em></p>', '<p>From our founding in 1848 to the Civil War, and our longstanding ties to the theater, discover the vibrant history of our little church.&nbsp;</p>', NULL, NULL, NULL, '0', NULL, '0', NULL, '2017-08-25 16:28:45', '2017-09-14 21:36:54', '5b218861-31e8-4cba-82b7-c397bffb5bb2'),
 ('62', '62', 'en_us', 'Who We Are', NULL, 'Who We Are', '', '/about/who-we-are', NULL, NULL, NULL, NULL, NULL, NULL, NULL, NULL, NULL, NULL, NULL, NULL, '0', NULL, '0', NULL, '2017-08-25 18:25:38', '2017-09-14 21:02:54', 'db289a3a-85bf-45d9-b8b3-bf7cfee19c3b'),
 ('63', '63', 'en_us', 'Liturgy', NULL, 'Liturgy', NULL, '/worship/liturgy', NULL, NULL, NULL, NULL, NULL, NULL, NULL, NULL, NULL, NULL, NULL, NULL, '0', NULL, '0', NULL, '2017-08-25 18:49:23', '2017-09-14 21:01:53', '1849d36b-4fca-40e5-a292-6032227edee9'),
 ('64', '64', 'en_us', 'Music', NULL, 'Music', NULL, '/music/music-at-transfiguration', NULL, NULL, NULL, NULL, NULL, NULL, NULL, NULL, NULL, NULL, NULL, NULL, '0', NULL, '0', NULL, '2017-08-25 18:50:18', '2017-09-15 12:53:51', 'b4c152d6-b844-4879-92c5-f1aa8cb34687'),
 ('65', '65', 'en_us', 'Parish Life', NULL, 'Parish Life', NULL, '/about/parish-life', NULL, NULL, NULL, NULL, NULL, NULL, NULL, NULL, NULL, NULL, NULL, NULL, '0', NULL, '0', NULL, '2017-08-25 18:50:41', '2017-09-14 21:04:15', 'cbb0f7f7-88df-4445-b2ad-32af5bf6e206'),
 ('69', '69', 'en_us', 'Welcome', '<p>Mi aptent suspendisse sociis augue pretium eleifend ante suspendisse ad condimentum a a scelerisque a sem tempor tristique vestibulum ultrices lectus consectetur potenti fusce ipsum parturient fermentum.Tincidunt aliquet tellus urna pretium a mus quis adipiscing a a porta eget aliquet ullamcorper mollis leo. Natoque class a a tellus condimentum purus curabitur a fusce arcu congue conubia mus natoque at.</p>', 'Welcome to our little church', NULL, NULL, NULL, NULL, '<p>Greetings and welcome to the Church of the Transfiguration, also known affectionately as the “Little Church Around the Corner”. Our parish combines the beauty and depth of the Anglo-Catholic tradition with the warmth of a dear community of people seeking the presence of Christ in the center of the NoMad neighborhood in Manhattan.</p>', NULL, NULL, NULL, '', NULL, NULL, NULL, NULL, NULL, '0', NULL, '0', NULL, '2017-08-26 11:22:17', '2017-09-14 19:49:02', 'eb269d89-72b0-4fc3-adcc-78b124fcade3'),
 ('72', '76', 'en_us', 'Rev’d Ian Betts', '<p>Dictum sit sed venenatis magnis nulla per parturient a dictumst urna a parturient velit scelerisque ullamcorper nec orci eu himenaeos mus amet adipiscing metus ut duis. Vitae parturient a sit ut quisque accumsan scelerisque in a a hac mattis a felis scelerisque blandit suspendisse mus montes a at adipiscing. </p>\n<p>Ullamcorper ipsum lobortis facilisi scelerisque a vestibulum nascetur id mattis tincidunt dictum netus dictumst pulvinar risus sagittis consectetur leo dolor cras. Laoreet facilisis leo ullamcorper a cursus interdum proin ad habitasse diam ridiculus a parturient mi parturient parturient scelerisque parturient suspendisse vestibulum.</p>', NULL, NULL, NULL, NULL, NULL, NULL, NULL, 'Deacon', NULL, NULL, NULL, NULL, NULL, NULL, NULL, '0', NULL, '0', NULL, '2017-08-28 15:15:46', '2017-09-17 09:28:21', '94ed6965-27de-4909-b641-a1de6d1885ae'),
 ('73', '78', 'en_us', 'Rev’d John David van Dooren', '<p>Fr. John David van Dooren is a native of North Carolina, and was graduated from the University of North Carolina (1982) and the Virginia Theological Seminary (1987). His first field assignment was to an Anglo-Catholic parish, one of the only few in the the area. There Fr. van Dooren was introduced to a spirituality that would define his eventual priesthood and lead him to a lifelong commitment to urban ministry.</p>\n<p>After beginning his ordained life as chaplain and track and field coach at St. Stephen’s Episcopal School in Alexandria, VA (a happy period of life other than wrecking two school busses), Fr. van Dooren served as curate of All Souls Episcopal Church in Washington, DC. He then served as an assistant priest at St. Martin’s in the Field, Severna Park, MD, before being called back to All Souls as their sixth Rector.  After 14 years as Rector, Fr. van Dooren accepted the call to the Church of the Atonement in Chicago, where he served as Rector for eleven and half years. Fr. van Dooren was elected the eighth rector of Transfiguration in early 2017. He has shared the past 30 years of life with Gary Norcross.</p>', NULL, NULL, NULL, NULL, NULL, NULL, NULL, 'Rector', NULL, NULL, NULL, NULL, NULL, NULL, NULL, '0', NULL, '0', NULL, '2017-08-28 15:42:05', '2017-09-17 09:28:56', '6dc7c368-debc-4200-aef6-4db119142c16'),
 ('82', '87', 'en_us', 'Who We Are', NULL, 'Who We Are', NULL, NULL, NULL, NULL, '<p>Meet the Little Church Staff.</p>', NULL, NULL, NULL, '', NULL, NULL, NULL, NULL, NULL, '0', NULL, '0', NULL, '2017-08-28 19:40:55', '2017-09-17 09:23:33', '8e734be0-22cc-4917-a219-630c84b1b2bc'),
 ('88', '94', 'en_us', 'Good Things Come In Threes', NULL, NULL, NULL, NULL, NULL, NULL, NULL, NULL, NULL, 'Mary Jane Gocher', 'Corey Schneider', NULL, NULL, NULL, NULL, NULL, '0', NULL, '0', NULL, '2017-08-30 09:08:48', '2017-08-31 17:46:16', '1a28a69e-ec70-441d-8a62-6428a63d552b'),
 ('106', '115', 'en_us', 'Do All Dogs Go To Heaven?', NULL, NULL, NULL, NULL, NULL, NULL, NULL, NULL, NULL, 'Mary Jane Gocher', '', NULL, NULL, NULL, NULL, NULL, '0', NULL, '0', NULL, '2017-08-30 15:21:41', '2017-08-31 14:04:54', '8f370595-140a-44bb-af32-bf7c6166960a'),
 ('117', '131', 'en_us', 'Marquee 01', NULL, NULL, NULL, NULL, NULL, NULL, NULL, NULL, NULL, NULL, NULL, NULL, NULL, NULL, NULL, NULL, '0', NULL, '0', NULL, '2017-08-31 11:24:59', '2017-09-17 09:41:49', 'faec7d41-c726-49ef-86f2-59bba991caf7'),
 ('118', '132', 'en_us', 'Marquee 02', NULL, NULL, NULL, NULL, NULL, NULL, NULL, NULL, NULL, NULL, NULL, NULL, NULL, NULL, NULL, NULL, '0', NULL, '0', NULL, '2017-08-31 11:24:59', '2017-09-17 09:41:49', 'c659d434-020d-44be-b11c-38f701715248'),
 ('119', '133', 'en_us', 'Marquee 03', NULL, NULL, NULL, NULL, NULL, NULL, NULL, NULL, NULL, NULL, NULL, NULL, NULL, NULL, NULL, NULL, '0', NULL, '0', NULL, '2017-08-31 11:25:00', '2017-09-17 09:41:50', '1b0ef71c-fea2-49bc-9ecd-1c2d09d28e6d'),
 ('124', '138', 'en_us', 'Liturgy', NULL, NULL, NULL, NULL, NULL, NULL, NULL, NULL, NULL, NULL, NULL, NULL, NULL, NULL, NULL, NULL, '0', NULL, '0', NULL, '2017-08-31 11:35:10', '2017-09-17 09:41:53', '64c655bf-e1dd-43f0-9416-64e069989888'),
 ('125', '139', 'en_us', 'Music', NULL, NULL, NULL, NULL, NULL, NULL, NULL, NULL, NULL, NULL, NULL, NULL, NULL, NULL, NULL, NULL, '0', NULL, '0', NULL, '2017-08-31 11:35:10', '2017-09-17 09:41:54', '8775584c-fc12-4f52-913e-6d8816013d96'),
 ('126', '140', 'en_us', 'Parish Life', NULL, NULL, NULL, NULL, NULL, NULL, NULL, NULL, NULL, NULL, NULL, NULL, NULL, NULL, NULL, NULL, '0', NULL, '0', NULL, '2017-08-31 11:35:11', '2017-09-17 09:41:54', 'a737e125-65c3-45e5-93c2-e74911286293'),
 ('127', '141', 'en_us', 'Who We Are', NULL, NULL, NULL, NULL, NULL, NULL, NULL, NULL, NULL, NULL, NULL, NULL, NULL, NULL, NULL, NULL, '0', NULL, '0', NULL, '2017-08-31 11:35:11', '2017-09-17 09:41:54', '49ade3f3-4910-42a0-803d-48478cd5d94a'),
 ('128', '142', 'en_us', 'Bio Ian Betts', NULL, NULL, NULL, NULL, NULL, NULL, NULL, NULL, NULL, NULL, NULL, NULL, NULL, NULL, NULL, NULL, '0', NULL, '0', NULL, '2017-08-31 11:39:21', '2017-09-17 14:03:39', '316ba05f-cd8a-4ff3-9506-0d1b862f4ac5'),
 ('130', '144', 'en_us', 'Edwin Booth Window Verticle', NULL, NULL, NULL, NULL, NULL, NULL, NULL, NULL, NULL, NULL, NULL, NULL, NULL, NULL, NULL, NULL, '0', NULL, '0', NULL, '2017-08-31 11:39:22', '2017-09-17 14:03:40', 'b8fe2b4e-8fd8-4bca-b1c5-d77b94774b7d'),
 ('131', '145', 'en_us', 'Bio John David Van Dooren', NULL, NULL, NULL, NULL, NULL, NULL, NULL, NULL, NULL, NULL, NULL, NULL, NULL, NULL, NULL, NULL, '0', NULL, '0', NULL, '2017-08-31 11:39:22', '2017-09-17 14:03:40', '6e6fdf52-420a-4565-8281-cd1aa317e611'),
 ('132', '146', 'en_us', 'Fr Patrick And Dog', NULL, NULL, NULL, NULL, NULL, NULL, NULL, NULL, NULL, NULL, NULL, NULL, NULL, NULL, NULL, NULL, '0', NULL, '0', NULL, '2017-08-31 11:39:22', '2017-09-17 14:03:40', '2f521e38-63d9-4597-9a81-6d1ae39a4256'),
 ('133', '147', 'en_us', 'Fr Patrick And Dog', NULL, NULL, NULL, NULL, NULL, NULL, NULL, NULL, NULL, NULL, NULL, NULL, NULL, NULL, NULL, NULL, '0', NULL, '0', NULL, '2017-08-31 11:39:22', '2017-09-17 14:03:41', '5a41d58f-8379-409c-84bb-85068dc9dd73'),
 ('134', '148', 'en_us', 'Placeholder', NULL, NULL, NULL, NULL, NULL, NULL, NULL, NULL, NULL, NULL, NULL, NULL, NULL, NULL, NULL, NULL, '0', NULL, '0', NULL, '2017-08-31 11:39:23', '2017-09-17 14:03:41', '52c6ab85-f262-40fd-beaa-503e130dcf19'),
 ('135', '149', 'en_us', 'Richard Upjohn Brass Filigree Pulpit', NULL, NULL, NULL, NULL, NULL, NULL, NULL, NULL, NULL, NULL, NULL, NULL, NULL, NULL, NULL, NULL, '0', NULL, '0', NULL, '2017-08-31 11:39:23', '2017-09-17 14:03:41', '86a46f49-9b1e-48ad-b33e-8989eb389d45'),
 ('136', '150', 'en_us', 'Blog 01', NULL, NULL, NULL, NULL, NULL, NULL, NULL, NULL, NULL, NULL, NULL, NULL, NULL, NULL, NULL, NULL, '0', NULL, '0', NULL, '2017-08-31 11:39:23', '2017-09-17 14:03:42', 'b85287fa-09a5-4116-b562-c00bed8dac18'),
 ('137', '151', 'en_us', 'Btn Facebook', NULL, NULL, NULL, NULL, NULL, NULL, NULL, NULL, NULL, NULL, NULL, NULL, NULL, NULL, NULL, NULL, '0', NULL, '0', NULL, '2017-08-31 11:39:23', '2017-09-17 14:03:42', '490eeead-0042-49fe-bddf-1a0aa49ccfd3'),
 ('138', '152', 'en_us', 'Btn Facebook', NULL, NULL, NULL, NULL, NULL, NULL, NULL, NULL, NULL, NULL, NULL, NULL, NULL, NULL, NULL, NULL, '0', NULL, '0', NULL, '2017-08-31 11:39:24', '2017-09-17 14:03:42', '21a4d113-5186-484e-b7b5-b672d8e1e099'),
 ('139', '153', 'en_us', 'Btn Instagram', NULL, NULL, NULL, NULL, NULL, NULL, NULL, NULL, NULL, NULL, NULL, NULL, NULL, NULL, NULL, NULL, '0', NULL, '0', NULL, '2017-08-31 11:39:24', '2017-09-17 14:03:42', '7e555ef1-67a5-43bc-9629-bc9d3ffee80d'),
 ('140', '154', 'en_us', 'Btn Instagram', NULL, NULL, NULL, NULL, NULL, NULL, NULL, NULL, NULL, NULL, NULL, NULL, NULL, NULL, NULL, NULL, '0', NULL, '0', NULL, '2017-08-31 11:39:24', '2017-09-17 14:03:42', '7792134c-8bc2-44e0-b8e0-a7f7978c60eb'),
 ('141', '155', 'en_us', 'Btn Share Email', NULL, NULL, NULL, NULL, NULL, NULL, NULL, NULL, NULL, NULL, NULL, NULL, NULL, NULL, NULL, NULL, '0', NULL, '0', NULL, '2017-08-31 11:39:24', '2017-09-17 14:03:42', '9610d5b9-37fa-485c-961f-f27fba921721'),
 ('142', '156', 'en_us', 'Btn Share Email', NULL, NULL, NULL, NULL, NULL, NULL, NULL, NULL, NULL, NULL, NULL, NULL, NULL, NULL, NULL, NULL, '0', NULL, '0', NULL, '2017-08-31 11:39:24', '2017-09-17 14:03:43', '4bc6dd30-b287-4b87-96bb-966e9901fbe7'),
 ('143', '157', 'en_us', 'Btn Share Facebook', NULL, NULL, NULL, NULL, NULL, NULL, NULL, NULL, NULL, NULL, NULL, NULL, NULL, NULL, NULL, NULL, '0', NULL, '0', NULL, '2017-08-31 11:39:25', '2017-09-17 14:03:43', '5f488a77-5685-47ac-a471-0a6489d9c2b4'),
 ('144', '158', 'en_us', 'Btn Share Facebook', NULL, NULL, NULL, NULL, NULL, NULL, NULL, NULL, NULL, NULL, NULL, NULL, NULL, NULL, NULL, NULL, '0', NULL, '0', NULL, '2017-08-31 11:39:25', '2017-09-17 14:03:43', '2c5c08c2-5579-45f6-9226-2f94a7d4c119'),
 ('145', '159', 'en_us', 'Btn Share Google Plus', NULL, NULL, NULL, NULL, NULL, NULL, NULL, NULL, NULL, NULL, NULL, NULL, NULL, NULL, NULL, NULL, '0', NULL, '0', NULL, '2017-08-31 11:39:25', '2017-09-17 14:03:43', '9e687050-9df6-4690-9e59-4b14cc04c85c'),
 ('146', '160', 'en_us', 'Btn Share Google Plus', NULL, NULL, NULL, NULL, NULL, NULL, NULL, NULL, NULL, NULL, NULL, NULL, NULL, NULL, NULL, NULL, '0', NULL, '0', NULL, '2017-08-31 11:39:25', '2017-09-17 14:03:43', '2c4cee87-457e-4831-9403-f55c46686515'),
 ('147', '161', 'en_us', 'Btn Share Twitter', NULL, NULL, NULL, NULL, NULL, NULL, NULL, NULL, NULL, NULL, NULL, NULL, NULL, NULL, NULL, NULL, '0', NULL, '0', NULL, '2017-08-31 11:39:25', '2017-09-17 14:03:43', '7e125950-a796-48bb-aa8e-1944f0058e75'),
 ('148', '162', 'en_us', 'Btn Share Twitter', NULL, NULL, NULL, NULL, NULL, NULL, NULL, NULL, NULL, NULL, NULL, NULL, NULL, NULL, NULL, NULL, '0', NULL, '0', NULL, '2017-08-31 11:39:26', '2017-09-17 14:03:44', '9e5e59a2-1cf2-4051-a983-1bb4fc64d1c9'),
 ('149', '163', 'en_us', 'Btn Toggle Menu', NULL, NULL, NULL, NULL, NULL, NULL, NULL, NULL, NULL, NULL, NULL, NULL, NULL, NULL, NULL, NULL, '0', NULL, '0', NULL, '2017-08-31 11:39:26', '2017-09-17 14:03:44', 'e0f8d089-f72a-43cf-8abc-9b415b2a862e'),
 ('150', '164', 'en_us', 'Btn Toggle Menu', NULL, NULL, NULL, NULL, NULL, NULL, NULL, NULL, NULL, NULL, NULL, NULL, NULL, NULL, NULL, NULL, '0', NULL, '0', NULL, '2017-08-31 11:39:26', '2017-09-17 14:03:44', 'f8f24e03-903b-4d38-9cde-76d125dedf0d'),
 ('151', '165', 'en_us', 'Btn Twiiter', NULL, NULL, NULL, NULL, NULL, NULL, NULL, NULL, NULL, NULL, NULL, NULL, NULL, NULL, NULL, NULL, '0', NULL, '0', NULL, '2017-08-31 11:39:26', '2017-09-17 14:03:44', '52c447a9-649c-4f5f-be6f-4dda1c53795a'),
 ('152', '166', 'en_us', 'Btn Twiiter', NULL, NULL, NULL, NULL, NULL, NULL, NULL, NULL, NULL, NULL, NULL, NULL, NULL, NULL, NULL, NULL, '0', NULL, '0', NULL, '2017-08-31 11:39:26', '2017-09-17 14:03:44', '73f48fa5-4b3b-4814-97a4-051f2b6f567b'),
 ('153', '167', 'en_us', 'Btn Twitter', NULL, NULL, NULL, NULL, NULL, NULL, NULL, NULL, NULL, NULL, NULL, NULL, NULL, NULL, NULL, NULL, '0', NULL, '0', NULL, '2017-08-31 11:39:27', '2017-09-17 14:03:44', 'df9d2291-9bfa-45e4-8ccf-a0a9a4e7e57e'),
 ('154', '168', 'en_us', 'Btn Twitter', NULL, NULL, NULL, NULL, NULL, NULL, NULL, NULL, NULL, NULL, NULL, NULL, NULL, NULL, NULL, NULL, '0', NULL, '0', NULL, '2017-08-31 11:39:27', '2017-09-17 14:03:45', '88ef2479-bfc0-4c23-870a-a480b86d1612'),
 ('155', '169', 'en_us', 'Btn Youtube', NULL, NULL, NULL, NULL, NULL, NULL, NULL, NULL, NULL, NULL, NULL, NULL, NULL, NULL, NULL, NULL, '0', NULL, '0', NULL, '2017-08-31 11:39:27', '2017-09-17 14:03:45', '2bb3a758-81ee-42d5-b745-7a3d209ef2a8'),
 ('156', '170', 'en_us', 'Btn Youtube', NULL, NULL, NULL, NULL, NULL, NULL, NULL, NULL, NULL, NULL, NULL, NULL, NULL, NULL, NULL, NULL, '0', NULL, '0', NULL, '2017-08-31 11:39:27', '2017-09-17 14:03:45', '63c63195-7508-4356-a30f-27da443d238a'),
 ('157', '171', 'en_us', 'Episcopal Badge', NULL, NULL, NULL, NULL, NULL, NULL, NULL, NULL, NULL, NULL, NULL, NULL, NULL, NULL, NULL, NULL, '0', NULL, '0', NULL, '2017-08-31 11:39:27', '2017-09-17 14:03:45', '3447f2e4-55f7-4ae7-bf04-a38718310788'),
 ('158', '172', 'en_us', 'Episcopal Badge', NULL, NULL, NULL, NULL, NULL, NULL, NULL, NULL, NULL, NULL, NULL, NULL, NULL, NULL, NULL, NULL, '0', NULL, '0', NULL, '2017-08-31 11:39:28', '2017-09-17 14:03:45', '68f44f1a-8a7a-4c0c-8de2-04bae1997e89'),
 ('159', '173', 'en_us', 'Feature Little Church', NULL, NULL, NULL, NULL, NULL, NULL, NULL, NULL, NULL, NULL, NULL, NULL, NULL, NULL, NULL, NULL, '0', NULL, '0', NULL, '2017-08-31 11:39:28', '2017-09-17 09:41:31', '59cfadd5-5b24-453a-9220-dd78cc09d9ae'),
 ('160', '174', 'en_us', 'Figure Window', NULL, NULL, NULL, NULL, NULL, NULL, NULL, NULL, NULL, NULL, NULL, NULL, NULL, NULL, NULL, NULL, '0', NULL, '0', NULL, '2017-08-31 11:39:28', '2017-09-17 09:41:32', '5fd7deb4-fd90-4a2a-8d3c-729787a52a65'),
 ('161', '175', 'en_us', 'Figure Window', NULL, NULL, NULL, NULL, NULL, NULL, NULL, NULL, NULL, NULL, NULL, NULL, NULL, NULL, NULL, NULL, '0', NULL, '0', NULL, '2017-08-31 11:39:28', '2017-09-17 09:41:32', 'e0ac7d45-64fd-4214-8427-590451d79bf3'),
 ('162', '176', 'en_us', 'Hero Welcome', NULL, NULL, NULL, NULL, NULL, NULL, NULL, NULL, NULL, NULL, NULL, NULL, NULL, NULL, NULL, NULL, '0', NULL, '0', NULL, '2017-08-31 11:39:29', '2017-09-17 09:41:35', 'fa923199-8f87-4d6d-a493-d53b3d243419'),
 ('163', '177', 'en_us', 'Hero Who We Are', NULL, NULL, NULL, NULL, NULL, NULL, NULL, NULL, NULL, NULL, NULL, NULL, NULL, NULL, NULL, NULL, '0', NULL, '0', NULL, '2017-08-31 11:39:29', '2017-09-17 09:41:35', 'd42c843b-959f-4eb3-95a6-11c4015d8146'),
 ('164', '178', 'en_us', 'Hero Our History', NULL, NULL, NULL, NULL, NULL, NULL, NULL, NULL, NULL, NULL, NULL, NULL, NULL, NULL, NULL, NULL, '0', NULL, '0', NULL, '2017-08-31 11:39:29', '2017-09-17 09:41:36', 'bb5ff3d2-0132-46a3-b1ca-999160ba51b4'),
 ('166', '180', 'en_us', 'Hero Welcome', NULL, NULL, NULL, NULL, NULL, NULL, NULL, NULL, NULL, NULL, NULL, NULL, NULL, NULL, NULL, NULL, '0', NULL, '0', NULL, '2017-08-31 11:39:30', '2017-09-17 09:41:36', 'b5f62d11-a946-4e6e-8c38-d20ce37efd7f'),
 ('167', '181', 'en_us', 'Hero Who We Are', NULL, NULL, NULL, NULL, NULL, NULL, NULL, NULL, NULL, NULL, NULL, NULL, NULL, NULL, NULL, NULL, '0', NULL, '0', NULL, '2017-08-31 11:39:30', '2017-09-17 09:41:36', 'e8797d74-f2a8-4aed-8ae9-3a7b2f2f1f11'),
 ('168', '182', 'en_us', 'Hero Worship Schedule', NULL, NULL, NULL, NULL, NULL, NULL, NULL, NULL, NULL, NULL, NULL, NULL, NULL, NULL, NULL, NULL, '0', NULL, '0', NULL, '2017-08-31 11:39:30', '2017-09-17 09:41:36', '89ffaf85-c60a-4747-be15-fb941f7a4e66'),
 ('169', '183', 'en_us', 'Little Church Logo', NULL, NULL, NULL, NULL, NULL, NULL, NULL, NULL, NULL, NULL, NULL, NULL, NULL, NULL, NULL, NULL, '0', NULL, '0', NULL, '2017-08-31 11:39:31', '2017-09-17 09:41:37', '0da12d36-1496-4f32-ac16-31075341a936'),
 ('170', '184', 'en_us', 'Little Church Logo', NULL, NULL, NULL, NULL, NULL, NULL, NULL, NULL, NULL, NULL, NULL, NULL, NULL, NULL, NULL, NULL, '0', NULL, '0', NULL, '2017-08-31 11:39:31', '2017-09-17 09:41:37', 'aeb407bf-8a65-465b-ae34-5c6fdb58f4f9'),
 ('171', '185', 'en_us', 'Marquee 01', NULL, NULL, NULL, NULL, NULL, NULL, NULL, NULL, NULL, NULL, NULL, NULL, NULL, NULL, NULL, NULL, '0', NULL, '0', NULL, '2017-08-31 11:39:31', '2017-09-17 09:41:37', '312217ec-5f2e-43d4-a37e-16532759f11f'),
 ('172', '186', 'en_us', 'Marquee 02', NULL, NULL, NULL, NULL, NULL, NULL, NULL, NULL, NULL, NULL, NULL, NULL, NULL, NULL, NULL, NULL, '0', NULL, '0', NULL, '2017-08-31 11:39:31', '2017-09-17 09:41:37', '348e4341-f152-474a-83a0-f3368e1386fc'),
 ('173', '187', 'en_us', 'Marquee 03', NULL, NULL, NULL, NULL, NULL, NULL, NULL, NULL, NULL, NULL, NULL, NULL, NULL, NULL, NULL, NULL, '0', NULL, '0', NULL, '2017-08-31 11:39:32', '2017-09-17 09:41:38', '834de026-bcdb-4bb0-ad41-5da0756189a5'),
 ('174', '188', 'en_us', 'Marquee 01', NULL, NULL, NULL, NULL, NULL, NULL, NULL, NULL, NULL, NULL, NULL, NULL, NULL, NULL, NULL, NULL, '0', NULL, '0', NULL, '2017-08-31 11:39:32', '2017-09-17 09:41:38', '9dad727f-f890-4d46-adf3-98df010769d3'),
 ('175', '189', 'en_us', 'Marquee 02', NULL, NULL, NULL, NULL, NULL, NULL, NULL, NULL, NULL, NULL, NULL, NULL, NULL, NULL, NULL, NULL, '0', NULL, '0', NULL, '2017-08-31 11:39:32', '2017-09-17 09:41:38', '55e31adf-8dfd-4a4e-9cf8-62815f6b1940'),
 ('176', '190', 'en_us', 'Marquee 03', NULL, NULL, NULL, NULL, NULL, NULL, NULL, NULL, NULL, NULL, NULL, NULL, NULL, NULL, NULL, NULL, '0', NULL, '0', NULL, '2017-08-31 11:39:32', '2017-09-17 09:41:39', '00eab1d5-ef32-4b42-8f05-f7f106642397'),
 ('177', '191', 'en_us', 'Liturgy', NULL, NULL, NULL, NULL, NULL, NULL, NULL, NULL, NULL, NULL, NULL, NULL, NULL, NULL, NULL, NULL, '0', NULL, '0', NULL, '2017-08-31 11:39:33', '2017-09-17 09:41:39', 'e9aa0321-558c-4aef-8459-2eed66c69274'),
 ('178', '192', 'en_us', 'Music', NULL, NULL, NULL, NULL, NULL, NULL, NULL, NULL, NULL, NULL, NULL, NULL, NULL, NULL, NULL, NULL, '0', NULL, '0', NULL, '2017-08-31 11:39:33', '2017-09-17 09:41:39', 'f50f399a-3d50-45ef-a293-14bcc681f146'),
 ('179', '193', 'en_us', 'Parish Life', NULL, NULL, NULL, NULL, NULL, NULL, NULL, NULL, NULL, NULL, NULL, NULL, NULL, NULL, NULL, NULL, '0', NULL, '0', NULL, '2017-08-31 11:39:33', '2017-09-17 09:41:39', '6dcea262-d900-449e-b2cd-bd5751f1c41d'),
 ('180', '194', 'en_us', 'Who We Are', NULL, NULL, NULL, NULL, NULL, NULL, NULL, NULL, NULL, NULL, NULL, NULL, NULL, NULL, NULL, NULL, '0', NULL, '0', NULL, '2017-08-31 11:39:34', '2017-09-17 09:41:40', '2e084091-8496-4535-89a0-fd0f7026bc92'),
 ('181', '195', 'en_us', '01', NULL, NULL, NULL, NULL, NULL, NULL, NULL, NULL, NULL, NULL, NULL, NULL, NULL, NULL, NULL, NULL, '0', NULL, '0', NULL, '2017-08-31 11:39:34', '2017-09-17 09:41:40', '958e1d1e-25c5-486f-8b09-54453b7ff5e9'),
 ('182', '196', 'en_us', '02', NULL, NULL, NULL, NULL, NULL, NULL, NULL, NULL, NULL, NULL, NULL, NULL, NULL, NULL, NULL, NULL, '0', NULL, '0', NULL, '2017-08-31 11:39:34', '2017-09-17 09:41:40', '19a83d46-5266-44d3-af84-22597af2ff61'),
 ('183', '197', 'en_us', '03', NULL, NULL, NULL, NULL, NULL, NULL, NULL, NULL, NULL, NULL, NULL, NULL, NULL, NULL, NULL, NULL, '0', NULL, '0', NULL, '2017-08-31 11:39:35', '2017-09-17 09:41:41', '85d87942-09b7-43a5-96b3-95dbe0adb3cd'),
 ('184', '198', 'en_us', '04', NULL, NULL, NULL, NULL, NULL, NULL, NULL, NULL, NULL, NULL, NULL, NULL, NULL, NULL, NULL, NULL, '0', NULL, '0', NULL, '2017-08-31 11:39:35', '2017-09-17 09:41:41', '12a7e6bf-2f39-4edb-af91-79d634a45697'),
 ('185', '199', 'en_us', '05', NULL, NULL, NULL, NULL, NULL, NULL, NULL, NULL, NULL, NULL, NULL, NULL, NULL, NULL, NULL, NULL, '0', NULL, '0', NULL, '2017-08-31 11:39:35', '2017-09-17 09:41:41', 'c432d326-5d46-4666-bc24-25a4c3e63c8b'),
 ('186', '200', 'en_us', '06', NULL, NULL, NULL, NULL, NULL, NULL, NULL, NULL, NULL, NULL, NULL, NULL, NULL, NULL, NULL, NULL, '0', NULL, '0', NULL, '2017-08-31 11:39:36', '2017-09-17 09:41:42', '6f1ef5f9-0f78-4ab0-8700-f93c33aff4a1'),
 ('187', '201', 'en_us', '07', NULL, NULL, NULL, NULL, NULL, NULL, NULL, NULL, NULL, NULL, NULL, NULL, NULL, NULL, NULL, NULL, '0', NULL, '0', NULL, '2017-08-31 11:39:36', '2017-09-17 09:41:42', '14c5bf89-d3c1-43c4-b2c9-e9dd8ca9aeb0'),
 ('188', '202', 'en_us', 'Wheelchair Access', NULL, NULL, NULL, NULL, NULL, NULL, NULL, NULL, NULL, NULL, NULL, NULL, NULL, NULL, NULL, NULL, '0', NULL, '0', NULL, '2017-08-31 11:39:36', '2017-09-17 09:41:42', '9bdcfc00-c90b-4cb1-b3dc-afcf558737f2'),
 ('189', '203', 'en_us', 'Wheelchair Access', NULL, NULL, NULL, NULL, NULL, NULL, NULL, NULL, NULL, NULL, NULL, NULL, NULL, NULL, NULL, NULL, '0', NULL, '0', NULL, '2017-08-31 11:39:37', '2017-09-17 09:41:42', '8ef15106-aeeb-47f8-a720-2167a2e36992'),
 ('190', '204', 'en_us', 'Figure Window', NULL, NULL, NULL, NULL, NULL, NULL, NULL, NULL, NULL, NULL, NULL, NULL, NULL, NULL, NULL, NULL, '0', NULL, '0', NULL, '2017-08-31 11:39:37', '2017-09-17 09:41:43', 'b2fa83a1-be8c-44a0-9673-0bf1211063db'),
 ('191', '205', 'en_us', 'Ralph Adams Cram Madonna Shrine', NULL, NULL, NULL, NULL, NULL, NULL, NULL, NULL, NULL, NULL, NULL, NULL, NULL, NULL, NULL, NULL, '0', NULL, '0', NULL, '2017-08-31 11:39:37', '2017-09-17 09:41:44', '2315c86e-34a7-4521-ab6d-e88cff29ba1d'),
 ('192', '206', 'en_us', 'Fr Patrick And Dog', NULL, NULL, NULL, NULL, NULL, NULL, NULL, NULL, NULL, NULL, NULL, NULL, NULL, NULL, NULL, NULL, '0', NULL, '0', NULL, '2017-08-31 11:39:38', '2017-09-17 09:41:43', 'fcfc9021-3a21-4710-a726-db4df19d28ea'),
 ('193', '207', 'en_us', 'Hero Welcome', NULL, NULL, NULL, NULL, NULL, NULL, NULL, NULL, NULL, NULL, NULL, NULL, NULL, NULL, NULL, NULL, '0', NULL, '0', NULL, '2017-08-31 11:39:38', '2017-09-17 09:41:48', 'd0ad41a5-8922-4ea5-be30-0dc1d7b7d9f0'),
 ('194', '208', 'en_us', 'Hero Who We Are', NULL, NULL, NULL, NULL, NULL, NULL, NULL, NULL, NULL, NULL, NULL, NULL, NULL, NULL, NULL, NULL, '0', NULL, '0', NULL, '2017-08-31 11:39:38', '2017-09-17 09:41:48', '0ab48fb5-e01a-4311-bca9-1b4fd8ee7174'),
 ('195', '209', 'en_us', 'Bio Ian Betts', NULL, NULL, NULL, NULL, NULL, NULL, NULL, NULL, NULL, NULL, NULL, NULL, NULL, NULL, NULL, NULL, '0', NULL, '0', NULL, '2017-08-31 11:39:40', '2017-09-17 09:41:50', '447baf67-d2d1-4276-b548-5133fbb1e8ad'),
 ('196', '210', 'en_us', 'Bio John David Van Dooren', NULL, NULL, NULL, NULL, NULL, NULL, NULL, NULL, NULL, NULL, NULL, NULL, NULL, NULL, NULL, NULL, '0', NULL, '0', NULL, '2017-08-31 11:39:41', '2017-09-17 09:41:51', 'fcd5b321-5faa-4c28-9924-2ee3e04c9cc8'),
 ('197', '211', 'en_us', 'Edwin Booth Window Verticle', NULL, NULL, NULL, NULL, NULL, NULL, NULL, NULL, NULL, NULL, NULL, NULL, NULL, NULL, NULL, NULL, '0', NULL, '0', NULL, '2017-08-31 11:39:41', '2017-09-17 09:41:51', 'af99793f-633c-495f-a5a0-89bdbf8487b0'),
 ('199', '213', 'en_us', 'Fr Patrick And Dog', NULL, NULL, NULL, NULL, NULL, NULL, NULL, NULL, NULL, NULL, NULL, NULL, NULL, NULL, NULL, NULL, '0', NULL, '0', NULL, '2017-08-31 11:39:42', '2017-09-17 09:41:52', '1a395db1-2142-4f6c-a714-79bae24c9730'),
 ('200', '214', 'en_us', 'Fr Patrick And Dog', NULL, NULL, NULL, NULL, NULL, NULL, NULL, NULL, NULL, NULL, NULL, NULL, NULL, NULL, NULL, NULL, '0', NULL, '0', NULL, '2017-08-31 11:39:42', '2017-09-17 09:41:52', 'a9f4a907-f2d2-43db-8b8c-653196b0f81a'),
 ('201', '215', 'en_us', 'Placeholder', NULL, NULL, NULL, NULL, NULL, NULL, NULL, NULL, NULL, NULL, NULL, NULL, NULL, NULL, NULL, NULL, '0', NULL, '0', NULL, '2017-08-31 11:39:42', '2017-09-17 09:41:53', '34ada837-3ce6-43b9-a214-c9c21cd2596c'),
 ('202', '216', 'en_us', 'Richard Upjohn Brass Filigree Pulpit', NULL, NULL, NULL, NULL, NULL, NULL, NULL, NULL, NULL, NULL, NULL, NULL, NULL, NULL, NULL, NULL, '0', NULL, '0', NULL, '2017-08-31 11:39:43', '2017-09-17 09:41:53', '706ae15e-61b9-47e2-bb0f-03c03792260d'),
 ('204', '219', 'en_us', 'Ralph Adams Cram Madonna Shrine', NULL, NULL, NULL, NULL, NULL, NULL, NULL, NULL, NULL, NULL, NULL, NULL, NULL, NULL, NULL, NULL, '0', NULL, '0', NULL, '2017-08-31 13:41:24', '2017-09-17 14:03:41', 'aacf9129-421e-485e-8789-a81cd5b7de63'),
 ('205', '220', 'en_us', 'Ralph Adams Cram Madonna Shrine', NULL, NULL, NULL, NULL, NULL, NULL, NULL, NULL, NULL, NULL, NULL, NULL, NULL, NULL, NULL, NULL, '0', NULL, '0', NULL, '2017-08-31 13:41:41', '2017-09-17 09:41:52', '7c701347-b654-4c69-b705-76b169eddb70'),
 ('206', '221', 'en_us', 'The Garden', NULL, NULL, NULL, NULL, NULL, NULL, NULL, NULL, NULL, 'Mary Jane Gocher', '', NULL, NULL, NULL, NULL, NULL, '0', NULL, '0', NULL, '2017-08-31 14:07:29', '2017-08-31 14:24:08', 'eaff5b45-a906-45f7-aa0c-0b53cadb6582'),
 ('208', '223', 'en_us', 'The Garden', NULL, NULL, NULL, NULL, NULL, NULL, NULL, NULL, NULL, NULL, NULL, NULL, NULL, NULL, NULL, NULL, '0', NULL, '0', NULL, '2017-08-31 14:20:29', '2017-09-17 09:41:43', '4af44b0b-b3ca-40da-9ba2-f95b52282d0f'),
 ('209', '225', 'en_us', 'The Garden', NULL, NULL, NULL, NULL, NULL, NULL, NULL, NULL, NULL, NULL, NULL, NULL, NULL, NULL, NULL, NULL, '0', NULL, '0', NULL, '2017-08-31 17:47:59', '2017-09-17 14:03:41', '22dc3690-b525-46b3-8522-0b9228fd9c6f'),
 ('210', '226', 'en_us', 'The Garden', NULL, NULL, NULL, NULL, NULL, NULL, NULL, NULL, NULL, NULL, NULL, NULL, NULL, NULL, NULL, NULL, '0', NULL, '0', NULL, '2017-08-31 17:48:24', '2017-09-17 09:41:52', 'ea80b2e1-f0c3-4a50-9a73-df60706ffbf7');
INSERT INTO `craft_content` (`id`, `elementId`, `locale`, `title`, `field_body`, `field_altAttribute`, `field_linkText`, `field_linkUrl`, `field_headlineA`, `field_headlineB`, `field_introduction`, `field_fullName`, `field_professionalTitle`, `field_byLine`, `field_photoCredit`, `field_graphicFeatureHeadline`, `field_graphicFeatureText`, `field_headline`, `field_tourDescription`, `field_date`, `field_detailPage`, `field_eventDescription`, `field_eventSpotlight`, `field_eventTeaser`, `dateCreated`, `dateUpdated`, `uid`) VALUES
 ('211', '227', 'en_us', 'Feature Little Church', NULL, NULL, NULL, NULL, NULL, NULL, NULL, NULL, NULL, NULL, NULL, NULL, NULL, NULL, NULL, NULL, '0', NULL, '0', NULL, '2017-08-31 18:50:03', '2017-09-17 09:41:54', 'a9ca272e-d71a-4b09-8e0e-f9f73d126ae4'),
 ('212', '228', 'en_us', 'Feature Little Church', NULL, NULL, NULL, NULL, NULL, NULL, NULL, NULL, NULL, NULL, NULL, NULL, NULL, NULL, NULL, NULL, '0', NULL, '0', NULL, '2017-08-31 19:05:48', '2017-09-17 09:41:32', '8f6d2095-2b51-41f5-93d5-15beff20a3c9'),
 ('213', '229', 'en_us', 'Rev’d Dr. Patrick S. Cheng', '<p>Fr. Patrick Cheng has served on the staff of The Church of the Transfiguration since 2015, first as an associate priest and currently as the associate rector.  Prior to his arrival at the Little Church, Fr. Cheng taught historical and systematic theology at the Episcopal Divinity School in Cambridge, Massachusetts, and served as the pastoral assistant at Emmanuel Church in the City of Boston.</p>\n<p>In addition to his ministry at Transfiguration, Fr. Cheng works for a national agency of the Episcopal Church, and he serves on the board of trustees of the Anglican Theological Review.  He holds degrees from Yale College, Harvard Law School, and Union Theological Seminary in the City of New York.  For more information about Fr. Cheng, please see his website at <a href=\"http://www.patrickcheng.net/\" target=\"_blank\" rel=\"noreferrer noopener\">www.patrickcheng.net</a>.</p>', NULL, NULL, NULL, NULL, NULL, NULL, NULL, 'Associate Rector', NULL, NULL, NULL, NULL, NULL, NULL, NULL, '0', NULL, '0', NULL, '2017-08-31 19:57:03', '2017-09-17 09:28:41', '8d86a48b-2580-4935-bb75-6ab2c36b034c'),
 ('215', '231', 'en_us', 'Hero Our Mission', NULL, NULL, NULL, NULL, NULL, NULL, NULL, NULL, NULL, NULL, NULL, NULL, NULL, NULL, NULL, NULL, '0', NULL, '0', NULL, '2017-08-31 20:22:40', '2017-09-17 09:41:47', 'b3906941-fe1f-4c14-be07-4b10655611db'),
 ('217', '234', 'en_us', 'A Brief History', NULL, '', NULL, NULL, NULL, NULL, '<p>Church of the Transfiguration parish was founded in 1848. The building itself dates from 1850; it was made a national landmark in 1973. The founder, the Rev. Dr. George Hendric Houghton wanted to build a church that would serve the needs of the poor and marginalized, and would welcome all regardless of race, class or background.</p>', NULL, NULL, NULL, '', NULL, NULL, NULL, NULL, NULL, '0', NULL, '0', NULL, '2017-08-31 20:27:54', '2017-09-13 09:18:42', 'f971cb62-d5db-406e-956e-86f9f8f5cff4'),
 ('218', '235', 'en_us', 'Hero Our History', NULL, NULL, NULL, NULL, NULL, NULL, NULL, NULL, NULL, NULL, NULL, NULL, NULL, NULL, NULL, NULL, '0', NULL, '0', NULL, '2017-08-31 20:28:29', '2017-09-17 09:41:47', '12ea934f-07c1-4c66-9113-7a41cd3eab94'),
 ('220', '238', 'en_us', 'Hero Parish Life', NULL, NULL, NULL, NULL, NULL, NULL, NULL, NULL, NULL, NULL, NULL, NULL, NULL, NULL, NULL, NULL, '0', NULL, '0', NULL, '2017-08-31 20:33:51', '2017-09-17 09:41:47', '5873f20d-140a-431b-a303-683ecfc120fa'),
 ('221', '239', 'en_us', 'Parish Life', NULL, '', NULL, NULL, NULL, NULL, '<p>Building community is an important part of Church of the Transfiguration both spiritually and socially. Many of our parishioners gather each week on Thursday to participate in worship and Bible Study, while others enjoy going to a local restaurant after Sunday mass to enjoy brunch and social fellowship.</p>', NULL, NULL, NULL, '', NULL, NULL, NULL, NULL, NULL, '0', NULL, '0', NULL, '2017-08-31 20:36:16', '2017-09-16 23:19:26', 'c280ba7b-b46b-4106-991b-8f85d01e64ed'),
 ('224', '243', 'en_us', 'Hero Worship Schedule', NULL, NULL, NULL, NULL, NULL, NULL, NULL, NULL, NULL, NULL, NULL, NULL, NULL, NULL, NULL, NULL, '0', NULL, '0', NULL, '2017-09-01 10:10:20', '2017-09-17 09:41:48', '893eb1b8-dfd5-4bd7-94ae-bfeadaff31d9'),
 ('225', '244', 'en_us', 'Worship Schedule', NULL, '', NULL, NULL, NULL, NULL, '<p>The cornerstone of Transfiguration’s spirituality is how we express and demonstrate God’s inclusive love through liturgy, music and worship. As an Anglo-Catholic parish, Transfiguration honors traditional liturgy with a full complement of meaningful preaching and music.</p>', NULL, NULL, NULL, '', NULL, NULL, NULL, NULL, NULL, '0', NULL, '0', NULL, '2017-09-01 10:13:15', '2017-09-14 19:22:55', 'ed70f2e8-662a-4f6a-a3e9-c4fcbe403c0e'),
 ('226', '246', 'en_us', 'Hero Liturgy', NULL, NULL, NULL, NULL, NULL, NULL, NULL, NULL, NULL, NULL, NULL, NULL, NULL, NULL, NULL, NULL, '0', NULL, '0', NULL, '2017-09-01 11:19:33', '2017-09-17 09:41:33', '3c431052-6787-4ada-a8e0-44bfb8ec37fb'),
 ('227', '247', 'en_us', 'Hero Our History', NULL, NULL, NULL, NULL, NULL, NULL, NULL, NULL, NULL, NULL, NULL, NULL, NULL, NULL, NULL, NULL, '0', NULL, '0', NULL, '2017-09-01 11:19:33', '2017-09-17 09:41:34', 'e7e9c51d-3049-471e-b4d0-545208a6a603'),
 ('228', '248', 'en_us', 'Hero Our Mission', NULL, NULL, NULL, NULL, NULL, NULL, NULL, NULL, NULL, NULL, NULL, NULL, NULL, NULL, NULL, NULL, '0', NULL, '0', NULL, '2017-09-01 11:19:33', '2017-09-17 09:41:34', '26afdd7d-4d86-4b6a-83d2-31cda9ddd01b'),
 ('229', '249', 'en_us', 'Hero Parish Life', NULL, NULL, NULL, NULL, NULL, NULL, NULL, NULL, NULL, NULL, NULL, NULL, NULL, NULL, NULL, NULL, '0', NULL, '0', NULL, '2017-09-01 11:19:34', '2017-09-17 09:41:34', '502ee9c8-ba8b-4c8d-a86a-3a1db2805a05'),
 ('230', '250', 'en_us', 'Hero Worship Schedule', NULL, NULL, NULL, NULL, NULL, NULL, NULL, NULL, NULL, NULL, NULL, NULL, NULL, NULL, NULL, NULL, '0', NULL, '0', NULL, '2017-09-01 11:19:34', '2017-09-17 09:41:35', 'aae7ea38-b534-41e8-8c76-ba17751d3af9'),
 ('231', '251', 'en_us', 'Hero Liturgy', NULL, NULL, NULL, NULL, NULL, NULL, NULL, NULL, NULL, NULL, NULL, NULL, NULL, NULL, NULL, NULL, '0', NULL, '0', NULL, '2017-09-01 11:19:42', '2017-09-17 09:41:44', 'd73c833d-bb23-4aca-a7a1-f6ac87e3856f'),
 ('233', '253', 'en_us', '01', NULL, NULL, NULL, NULL, NULL, NULL, NULL, NULL, NULL, NULL, NULL, NULL, NULL, NULL, NULL, NULL, '0', NULL, '0', NULL, '2017-09-01 11:44:52', '2017-09-17 09:41:55', '40d14b59-1354-4ef0-a639-5f65fbf9d60c'),
 ('234', '254', 'en_us', 'Lynchgate', NULL, 'Lynchgate at The Church of the Transfiguration', NULL, NULL, NULL, NULL, NULL, NULL, NULL, NULL, '', NULL, NULL, NULL, '<p>A Lychgate is a type of medieval portal, covered by a roof. Lychgates are rare In the United States, but are still found in England, mostly in rural areas. In days past, it was a place where preliminary prayers were offered for the deceased before the coffin was carried into the church. Our lychgate was built in 1896. It was designed by Frederick Clark Withers and was the gift of Mrs. Franklin Delano. It was restored and re-dedicated on May 5, 2013.</p>', NULL, '0', NULL, '0', NULL, '2017-09-01 11:45:08', '2017-09-14 18:15:16', 'e67a4d34-10fb-4eda-8132-f426fe97b072'),
 ('241', '261', 'en_us', '02', NULL, NULL, NULL, NULL, NULL, NULL, NULL, NULL, NULL, NULL, NULL, NULL, NULL, NULL, NULL, NULL, '0', NULL, '0', NULL, '2017-09-01 11:46:08', '2017-09-17 09:41:56', '8bc07034-7465-4858-b838-b439a20beb11'),
 ('242', '262', 'en_us', '03', NULL, NULL, NULL, NULL, NULL, NULL, NULL, NULL, NULL, NULL, NULL, NULL, NULL, NULL, NULL, NULL, '0', NULL, '0', NULL, '2017-09-01 11:46:09', '2017-09-17 09:41:55', '3bce94a7-fc9c-47e3-bdc0-fcc37c118d63'),
 ('243', '263', 'en_us', '04', NULL, NULL, NULL, NULL, NULL, NULL, NULL, NULL, NULL, NULL, NULL, NULL, NULL, NULL, NULL, NULL, '0', NULL, '0', NULL, '2017-09-01 11:46:09', '2017-09-17 09:41:55', '4256e048-1730-4bac-9664-e2e6a295bf1d'),
 ('244', '264', 'en_us', '05', NULL, NULL, NULL, NULL, NULL, NULL, NULL, NULL, NULL, NULL, NULL, NULL, NULL, NULL, NULL, NULL, '0', NULL, '0', NULL, '2017-09-01 11:46:09', '2017-09-17 09:41:56', '935b1c1d-8036-4e7c-8fc7-6f6723cec232'),
 ('245', '265', 'en_us', '06', NULL, NULL, NULL, NULL, NULL, NULL, NULL, NULL, NULL, NULL, NULL, NULL, NULL, NULL, NULL, NULL, '0', NULL, '0', NULL, '2017-09-01 11:46:10', '2017-09-17 09:41:56', '1993da74-634b-4f0a-8ba3-0a3543a51c13'),
 ('246', '266', 'en_us', '07', NULL, NULL, NULL, NULL, NULL, NULL, NULL, NULL, NULL, NULL, NULL, NULL, NULL, NULL, NULL, NULL, '0', NULL, '0', NULL, '2017-09-01 11:46:10', '2017-09-17 09:41:56', 'a93f7307-537a-4bcc-8609-33cf2028580c'),
 ('247', '267', 'en_us', 'Holy Family Chapel', NULL, 'Holy Family Chapel at The Church of the Transfiguration', NULL, NULL, NULL, NULL, NULL, NULL, NULL, NULL, '', NULL, NULL, NULL, '<p>The Holy Family Chapel is open Monday through Friday. Every day, it receives a steady stream of visitors who come in for a quiet moment, to light a candle, or to attend the daily Mass or prayer services. Its most memorable feature is the Brides’ Altar, which was installed in 1926. The painting above the altar is the Betrothal of the Blessed Virgin and St. Joseph. Tens of thousands of marriages have taken place before this altar.</p>', NULL, '0', NULL, '0', NULL, '2017-09-01 11:46:35', '2017-09-14 18:17:34', '4f9bd6fd-6df9-4f7c-be71-586e78cbeb9b'),
 ('248', '268', 'en_us', 'The Westmacott Madonna', NULL, 'The Westmacott Madonna at The Church of the Transfiguration', NULL, NULL, NULL, NULL, NULL, NULL, NULL, NULL, '', NULL, NULL, NULL, '<p>The Westmacott Madonna is located in the southwest corner of the chapel. This beautiful marble statue of the Madonna and Child is by Sir Richard Westmacott. R.A., who also did the portico sculptures at Buckingham Palace celebrating the battles of Trafalgar and Waterloo.</p>', NULL, '0', NULL, '0', NULL, '2017-09-01 11:47:05', '2017-09-14 18:18:52', 'aef6a7ba-905e-47bf-a08d-a75d5f7f437a'),
 ('249', '271', 'en_us', 'Outreach', NULL, '', NULL, NULL, NULL, NULL, '<p>Our parish was founded to serve the needs of the poor and marginalized, and this tradition continues today through several programs. Perhaps our most important outreach, however, is the Holy Family Chapel which is open and welcoming to all who are in search of spiritual refreshment.</p>', NULL, NULL, NULL, '', NULL, NULL, NULL, NULL, NULL, '0', NULL, '0', NULL, '2017-09-05 14:56:51', '2017-09-16 16:19:52', '5c70889d-551a-43df-8db2-9b65f697daa8'),
 ('250', '273', 'en_us', 'Hero Visit', NULL, NULL, NULL, NULL, NULL, NULL, NULL, NULL, NULL, NULL, NULL, NULL, NULL, NULL, NULL, NULL, '0', NULL, '0', NULL, '2017-09-06 16:31:55', '2017-09-17 09:41:36', '6ba41510-769b-4cb1-93fb-eca71d8bc798'),
 ('251', '274', 'en_us', 'Select Arrows', NULL, NULL, NULL, NULL, NULL, NULL, NULL, NULL, NULL, NULL, NULL, NULL, NULL, NULL, NULL, NULL, '0', NULL, '0', NULL, '2017-09-06 16:31:59', '2017-09-17 09:41:40', '23975fbf-6227-4d2d-a6e9-c881bebc5f11'),
 ('252', '275', 'en_us', 'Select Arrows', NULL, NULL, NULL, NULL, NULL, NULL, NULL, NULL, NULL, NULL, NULL, NULL, NULL, NULL, NULL, NULL, '0', NULL, '0', NULL, '2017-09-06 16:31:59', '2017-09-17 09:41:40', '2949d117-e980-4d98-ab82-bd5b87a1ccb0'),
 ('255', '278', 'en_us', 'Events Landing', NULL, NULL, NULL, NULL, NULL, NULL, NULL, NULL, NULL, NULL, NULL, NULL, NULL, NULL, NULL, NULL, '0', NULL, '0', NULL, '2017-09-06 18:06:16', '2017-09-06 18:06:16', 'd265cd3a-fe1b-4789-8325-56e0e8f1ecac'),
 ('263', '287', 'en_us', 'Audio Sermons', NULL, '', NULL, NULL, NULL, NULL, '<p>Never miss the message. Play our sermons directly in your browser or download them for listening on-the-go. Already heard the message? Refresh your memory and listen again.</p>', NULL, NULL, NULL, '', NULL, NULL, NULL, NULL, NULL, '0', NULL, '0', NULL, '2017-09-12 09:46:39', '2017-09-12 19:11:02', 'a95f08a0-f83b-4bcf-aa3c-5d1775c140dc'),
 ('264', '289', 'en_us', 'The Fourteenth Sunday after Pentecost', NULL, NULL, NULL, NULL, NULL, NULL, NULL, 'Father Patrick Cheng', NULL, NULL, NULL, NULL, NULL, NULL, NULL, 'September, 10 2017', '0', NULL, '0', NULL, '2017-09-12 10:24:17', '2017-09-12 16:50:56', '7e2becb3-adcb-4c8d-87d3-a57add8e1a4e'),
 ('270', '295', 'en_us', '08 06 17', NULL, NULL, NULL, NULL, NULL, NULL, NULL, NULL, NULL, NULL, NULL, NULL, NULL, NULL, NULL, NULL, '0', NULL, '0', NULL, '2017-09-12 16:46:27', '2017-09-17 09:41:57', 'de126d32-c2b3-4802-86ff-27eebbfcc909'),
 ('271', '296', 'en_us', '08 27 17', NULL, NULL, NULL, NULL, NULL, NULL, NULL, NULL, NULL, NULL, NULL, NULL, NULL, NULL, NULL, NULL, '0', NULL, '0', NULL, '2017-09-12 16:46:28', '2017-09-17 09:41:57', '5dab2a64-dd38-40b7-8636-50225d9e1071'),
 ('272', '297', 'en_us', '08 20 17', NULL, NULL, NULL, NULL, NULL, NULL, NULL, NULL, NULL, NULL, NULL, NULL, NULL, NULL, NULL, NULL, '0', NULL, '0', NULL, '2017-09-12 16:46:28', '2017-09-17 09:41:57', 'ff0fef87-02b1-4873-a5b5-43a984a8f6f0'),
 ('273', '298', 'en_us', '08 13 17', NULL, NULL, NULL, NULL, NULL, NULL, NULL, NULL, NULL, NULL, NULL, NULL, NULL, NULL, NULL, NULL, '0', NULL, '0', NULL, '2017-09-12 16:46:28', '2017-09-17 09:41:57', 'c120f37c-5b17-4915-963c-9e6553515977'),
 ('274', '299', 'en_us', '09 03 17', NULL, NULL, NULL, NULL, NULL, NULL, NULL, NULL, NULL, NULL, NULL, NULL, NULL, NULL, NULL, NULL, '0', NULL, '0', NULL, '2017-09-12 16:46:28', '2017-09-17 09:41:58', '76a24ccd-cba4-4daf-b3ef-122fea6ab9d2'),
 ('276', '301', 'en_us', '09 10 17', NULL, NULL, NULL, NULL, NULL, NULL, NULL, NULL, NULL, NULL, NULL, NULL, NULL, NULL, NULL, NULL, '0', NULL, '0', NULL, '2017-09-12 16:49:43', '2017-09-17 09:41:58', '725825e2-bf6c-4bbe-b9c9-1618474dfffe'),
 ('277', '302', 'en_us', 'The Thirteenth Sunday after Pentecost', NULL, NULL, NULL, NULL, NULL, NULL, NULL, 'Father John David van Dooren', NULL, NULL, NULL, NULL, NULL, NULL, NULL, NULL, '0', NULL, '0', NULL, '2017-09-12 16:50:42', '2017-09-12 16:53:13', '1606021c-91bd-402d-902c-fbaa3dc987d7'),
 ('278', '303', 'en_us', 'The Twelfth Sunday after Pentecost', NULL, NULL, NULL, NULL, NULL, NULL, NULL, 'Father Patrick Cheng', NULL, NULL, NULL, NULL, NULL, NULL, NULL, NULL, '0', NULL, '0', NULL, '2017-09-12 16:54:31', '2017-09-12 16:54:31', '34e35212-a74b-49c2-9530-174496dbbc10'),
 ('279', '304', 'en_us', 'The Eleventh Sunday after Pentecost', NULL, NULL, NULL, NULL, NULL, NULL, NULL, 'Father John David van Dooren', NULL, NULL, NULL, NULL, NULL, NULL, NULL, NULL, '0', NULL, '0', NULL, '2017-09-12 16:58:27', '2017-09-12 17:00:22', '5325257c-c5a1-4f81-a7ae-d0168fc303f3'),
 ('284', '309', 'en_us', 'Bio Patrick Cheng', NULL, NULL, NULL, NULL, NULL, NULL, NULL, NULL, NULL, NULL, NULL, NULL, NULL, NULL, NULL, NULL, '0', NULL, '0', NULL, '2017-09-13 07:16:26', '2017-09-17 09:41:51', 'ba2687a8-cc5c-4df7-9acb-88f70beaabf4'),
 ('286', '311', 'en_us', 'Bio Warren C Platt', NULL, NULL, NULL, NULL, NULL, NULL, NULL, NULL, NULL, NULL, NULL, NULL, NULL, NULL, NULL, NULL, '0', NULL, '0', NULL, '2017-09-13 07:17:45', '2017-09-17 09:41:51', 'cc1263e6-4ca8-45a5-808f-027862b58771'),
 ('288', '313', 'en_us', 'Bio Grace Kobryn', NULL, NULL, NULL, NULL, NULL, NULL, NULL, NULL, NULL, NULL, NULL, NULL, NULL, NULL, NULL, NULL, '0', NULL, '0', NULL, '2017-09-13 07:19:39', '2017-09-17 09:41:50', '656d22b8-2622-42db-bd3b-a0f20a121557'),
 ('290', '315', 'en_us', 'Bio Claudia Dumschat', NULL, NULL, NULL, NULL, NULL, NULL, NULL, NULL, NULL, NULL, NULL, NULL, NULL, NULL, NULL, NULL, '0', NULL, '0', NULL, '2017-09-13 07:27:13', '2017-09-17 09:41:50', '54cd93ac-1940-405c-bb49-bed4cc19d851'),
 ('291', '316', 'en_us', 'Bio Claudia Dumschat', NULL, NULL, NULL, NULL, NULL, NULL, NULL, NULL, NULL, NULL, NULL, NULL, NULL, NULL, NULL, NULL, '0', NULL, '0', NULL, '2017-09-13 07:27:29', '2017-09-17 14:03:39', 'b64bafde-5199-477f-a20c-3ace3ffae5fc'),
 ('292', '317', 'en_us', 'Bio Grace Kobryn', NULL, NULL, NULL, NULL, NULL, NULL, NULL, NULL, NULL, NULL, NULL, NULL, NULL, NULL, NULL, NULL, '0', NULL, '0', NULL, '2017-09-13 07:27:29', '2017-09-17 14:03:39', 'e337efbd-49c4-41fa-986e-3a6348e733dd'),
 ('293', '318', 'en_us', 'Bio Patrick Cheng', NULL, NULL, NULL, NULL, NULL, NULL, NULL, NULL, NULL, NULL, NULL, NULL, NULL, NULL, NULL, NULL, '0', NULL, '0', NULL, '2017-09-13 07:27:29', '2017-09-17 14:03:40', '8945742b-6f27-42d3-a463-cea7cd2ac5c9'),
 ('294', '319', 'en_us', 'Bio Warren C Platt', NULL, NULL, NULL, NULL, NULL, NULL, NULL, NULL, NULL, NULL, NULL, NULL, NULL, NULL, NULL, NULL, '0', NULL, '0', NULL, '2017-09-13 07:27:30', '2017-09-17 14:03:40', '35f31ee3-f442-4c13-ace7-20484f385d99'),
 ('296', '321', 'en_us', 'Rev’d Dr. Warren C. Platt', '<p>Dictum sit sed venenatis magnis nulla per parturient a dictumst urna a parturient velit scelerisque ullamcorper nec orci eu himenaeos mus amet adipiscing metus ut duis. Vitae parturient a sit ut quisque accumsan scelerisque in a a hac mattis a felis scelerisque blandit suspendisse mus montes a at adipiscing. \nUllamcorper ipsum lobortis facilisi scelerisque a vestibulum nascetur id mattis tincidunt dictum netus dictumst pulvinar risus sagittis consectetur leo dolor cras. Laoreet facilisis leo ullamcorper a cursus interdum proin ad habitasse diam ridiculus a parturient mi parturient parturient scelerisque parturient suspendisse vestibulum.</p>\n<p>Ullamcorper ipsum lobortis facilisi scelerisque a vestibulum nascetur id mattis tincidunt dictum netus dictumst pulvinar risus sagittis consectetur leo dolor cras. Laoreet facilisis leo ullamcorper a cursus interdum proin ad habitasse diam ridiculus a parturient mi parturient parturient scelerisque parturient suspendisse vestibulum.<br /></p>', NULL, NULL, NULL, NULL, NULL, NULL, NULL, 'Associate Priest', NULL, NULL, NULL, NULL, NULL, NULL, NULL, '0', NULL, '0', NULL, '2017-09-13 08:49:10', '2017-09-17 09:28:01', '93dc7433-0f97-4d84-952a-e4c8e6654809'),
 ('297', '322', 'en_us', 'Grace Kobryn', '<p>Ullamcorper ipsum lobortis facilisi scelerisque a vestibulum nascetur id mattis tincidunt dictum netus dictumst pulvinar risus sagittis consectetur leo dolor cras. Laoreet facilisis leo ullamcorper a cursus interdum proin ad habitasse diam ridiculus a parturient mi parturient parturient scelerisque parturient suspendisse vestibulum.</p>', NULL, NULL, NULL, NULL, NULL, NULL, NULL, 'Parish Administrator', NULL, NULL, NULL, NULL, NULL, NULL, NULL, '0', NULL, '0', NULL, '2017-09-13 08:53:46', '2017-09-17 09:35:08', '11522716-13bf-4f1b-91a2-eb73555e943a'),
 ('298', '324', 'en_us', 'Music at Transfiguration', NULL, '', NULL, NULL, NULL, NULL, '<p>Music has always been a vital element of the church’s Anglo-Catholic worship style. Soon after the church was founded, The Rev. George Houghton established the Choir of Men and Boys , the oldest such choir in America. The choir sings a vast repertoire of liturgical music appropriate to the day. In recent years, the church established a Girls Choir and a Cherub Choir.</p>', NULL, NULL, NULL, 'Benjamin Chasteen/Epoch Times', NULL, NULL, NULL, NULL, NULL, '0', NULL, '0', NULL, '2017-09-13 09:19:39', '2017-09-13 10:52:00', 'a38964e3-9eda-497b-bd1a-634639ac0840'),
 ('300', '326', 'en_us', 'Hero Music At Transfiguration', NULL, NULL, NULL, NULL, NULL, NULL, NULL, NULL, NULL, NULL, NULL, NULL, NULL, NULL, NULL, NULL, '0', NULL, '0', NULL, '2017-09-13 09:26:39', '2017-09-17 09:41:46', 'd8665318-a82b-4bf5-985a-a58c0a1aefe7'),
 ('302', '328', 'en_us', 'Hero Organist And Choirmaster', NULL, NULL, NULL, NULL, NULL, NULL, NULL, NULL, NULL, NULL, NULL, NULL, NULL, NULL, NULL, NULL, '0', NULL, '0', NULL, '2017-09-13 09:40:28', '2017-09-17 09:41:46', '992b9810-0358-49de-ad42-71da6fc4921b'),
 ('303', '329', 'en_us', 'Organist & Choirmaster', NULL, '', NULL, NULL, NULL, NULL, '<p>Dr. Claudia Dumschat brings over forty years of experience to her position as Organist and Choirmaster at Transfiguration, where she has served since 1999. She administers and conducts the Choir of Men and Boys, Girls Choir, Cherub Choir and Camerata. She is also the Artistic Director and Conductor of the church’s Concert Series, which has produced over fifty concerts, music dramas, and operas, as well as the Midday Music and Summer Concerts series.</p>', NULL, NULL, NULL, '', NULL, NULL, NULL, NULL, NULL, '0', NULL, '0', NULL, '2017-09-13 09:42:08', '2017-09-13 10:47:26', '76b8cc33-356b-42da-8b0d-cb074fbac45d'),
 ('304', '331', 'en_us', 'Hero Music At Transfiguration', NULL, NULL, NULL, NULL, NULL, NULL, NULL, NULL, NULL, NULL, NULL, NULL, NULL, NULL, NULL, NULL, '0', NULL, '0', NULL, '2017-09-13 10:21:08', '2017-09-17 09:41:33', 'ddb94899-7f79-4628-8888-251281792bac'),
 ('305', '332', 'en_us', 'Hero Organist And Choirmaster', NULL, NULL, NULL, NULL, NULL, NULL, NULL, NULL, NULL, NULL, NULL, NULL, NULL, NULL, NULL, NULL, '0', NULL, '0', NULL, '2017-09-13 10:21:08', '2017-09-17 09:41:34', '514ea9f2-f1a8-4c27-96c1-b0254cdaa0ba'),
 ('306', '333', 'en_us', 'Concert Series', NULL, '', NULL, NULL, NULL, NULL, '<p>Suspendisse fames dolor a ac diam aenean condimentum aliquet a a nam mattis vestibulum a at dictumst id eros consectetur sed quis sem vestibulum.</p>', NULL, NULL, NULL, 'Benjamin Chasteen/Epoch Times', NULL, NULL, NULL, NULL, NULL, '0', NULL, '0', NULL, '2017-09-13 10:34:14', '2017-09-13 11:50:57', '5462a475-e3ba-4d2e-8d64-1049798c9edf'),
 ('308', '335', 'en_us', 'Figure Organ', NULL, NULL, NULL, NULL, NULL, NULL, NULL, NULL, NULL, NULL, NULL, NULL, NULL, NULL, NULL, NULL, '0', NULL, '0', NULL, '2017-09-13 10:40:09', '2017-09-17 09:41:43', '2d49cd5e-421a-4b64-92c9-4c7ab6fcfaa3'),
 ('310', '339', 'en_us', 'Hero Concert Series', NULL, NULL, NULL, NULL, NULL, NULL, NULL, NULL, NULL, NULL, NULL, NULL, NULL, NULL, NULL, NULL, '0', NULL, '0', NULL, '2017-09-13 10:56:17', '2017-09-17 09:41:45', 'e5127c31-2f36-4fa5-bb36-1ffd638d833e'),
 ('312', '342', 'en_us', 'Figure Organ', NULL, NULL, NULL, NULL, NULL, NULL, NULL, NULL, NULL, NULL, NULL, NULL, NULL, NULL, NULL, NULL, '0', NULL, '0', NULL, '2017-09-13 14:39:28', '2017-09-17 09:41:32', '79c1d088-e2b3-452b-9c67-474e2b3d1650'),
 ('313', '343', 'en_us', 'Hero Concert Series', NULL, NULL, NULL, NULL, NULL, NULL, NULL, NULL, NULL, NULL, NULL, NULL, NULL, NULL, NULL, NULL, '0', NULL, '0', NULL, '2017-09-13 14:39:29', '2017-09-17 09:41:33', '1b77d154-4a2f-47d5-9224-a9b63907fbe9'),
 ('314', '344', 'en_us', 'Midday Music', NULL, '', '', '', NULL, NULL, NULL, NULL, NULL, NULL, NULL, NULL, NULL, NULL, NULL, NULL, '0', '<p><strong>Claudia Dumschat, organ </strong>All Glory be to God on High: Settings of the hymn by J.S. Bach</p>', '0', NULL, '2017-09-14 08:25:26', '2017-09-17 12:07:50', 'c410ba18-4137-410e-b65d-850b30da35b5'),
 ('315', '345', 'en_us', 'Midday Music', NULL, '', '', '', NULL, NULL, NULL, NULL, NULL, NULL, NULL, NULL, NULL, NULL, NULL, NULL, '0', '<p><strong>Bill Gross, baritone; Cristina Madero, mezzo; and Claudia Dumschat, piano </strong>Broadway Show Tunes</p>', '0', NULL, '2017-09-14 08:41:25', '2017-09-17 12:07:50', 'eb9bcd20-6560-4611-81a9-19efdabe8cd7'),
 ('316', '346', 'en_us', 'Midday Music', NULL, '', '', '', NULL, NULL, NULL, NULL, NULL, NULL, NULL, NULL, NULL, NULL, NULL, NULL, '0', '<p><strong>Audrey Flores, french horn </strong>Liturgical Horn: Music inspired by Gregorian Chant and Biblical themes.</p>', '0', NULL, '2017-09-14 08:44:20', '2017-09-17 12:07:50', 'a425e76f-a645-4f68-8fc4-52e96ba62b78'),
 ('317', '347', 'en_us', 'Midday Music', NULL, '', '', '', NULL, NULL, NULL, NULL, NULL, NULL, NULL, NULL, NULL, NULL, NULL, NULL, '0', '<p><strong>Yen Yu Chen, soprano, and Henry Lee, organ; </strong>Music of Faure, The Boulanger Sisters, and Vierne</p>', '0', NULL, '2017-09-14 08:47:28', '2017-09-17 12:07:50', '25b2ad12-26da-4d81-b4e6-542ad38d657e'),
 ('318', '348', 'en_us', 'Solemn Mass', NULL, NULL, NULL, NULL, NULL, NULL, NULL, NULL, NULL, NULL, NULL, NULL, NULL, NULL, NULL, NULL, '0', NULL, '0', NULL, '2017-09-14 08:55:46', '2017-09-17 12:08:43', '93cfcb47-1ad5-49bf-ad08-c27fd221fdf3'),
 ('319', '349', 'en_us', 'Morning Prayer', NULL, NULL, NULL, NULL, NULL, NULL, NULL, NULL, NULL, NULL, NULL, NULL, NULL, NULL, NULL, NULL, '0', NULL, '0', NULL, '2017-09-14 08:58:26', '2017-09-17 12:09:08', '80929324-a918-4f57-9f56-f3443cf84f24'),
 ('321', '351', 'en_us', 'Marquee 04', NULL, NULL, NULL, NULL, NULL, NULL, NULL, NULL, NULL, NULL, NULL, NULL, NULL, NULL, NULL, NULL, '0', NULL, '0', NULL, '2017-09-14 17:21:36', '2017-09-17 09:41:49', 'f9c9829c-1477-4962-87eb-64b416e95147'),
 ('322', '352', 'en_us', 'Weddings at Transfiguration', NULL, NULL, 'Weddings', '/worship/weddings', 'Cubilia Yolutpat Dictum Felis', 'Inceptos Vestibulum Lectus', NULL, NULL, NULL, NULL, NULL, NULL, NULL, NULL, NULL, NULL, '0', NULL, '0', NULL, '2017-09-14 17:23:28', '2017-09-14 17:24:57', '76005764-a4b7-43bc-be54-db85a8b58603'),
 ('323', '353', 'en_us', 'The Joseph Jefferson Window', NULL, 'The Joseph Jefferson Window at The Church of the Transfiguration', NULL, NULL, NULL, NULL, NULL, NULL, NULL, NULL, '', NULL, NULL, NULL, '<p>The Joseph Jefferson window on the South wall of the main church building, memorializes the renowned actor who gave the Church of the Transfiguration its nickname, “The Little Church Around the Corner”. Jefferson is seen costumed as Rip Van Winkle, a role he was famous for. He is accompanying his deceased friend, George Holland to the church, where they are met by Jesus standing at the lychgate. The window is a gift of the Episcopal Actors Guild, and was installed in 1925.</p>\r\n<p></p>', NULL, '0', NULL, '0', NULL, '2017-09-14 18:20:39', '2017-09-14 18:21:01', '40fdc139-426f-47f4-8c7c-0ac30984678b'),
 ('325', '355', 'en_us', 'Liturgy', NULL, '', NULL, NULL, NULL, NULL, '<p>Aenean ac velit phasellus vivamus condimentum habitant vestibulum nibh parturient tincidunt mi malesuada cursus nunc risus parturient a condimentum augue gravida metus. Ut at a a turpis facilisi parturient ac non quisque a parturient habitasse cubilia adipiscing imperdiet.</p>', NULL, NULL, NULL, '', NULL, NULL, NULL, NULL, NULL, '0', NULL, '0', NULL, '2017-09-14 19:20:28', '2017-09-14 19:24:45', 'b74233dc-36fd-46fb-9dbe-f711c3e24e09'),
 ('327', '358', 'en_us', 'Hero Bible Study', NULL, NULL, NULL, NULL, NULL, NULL, NULL, NULL, NULL, NULL, NULL, NULL, NULL, NULL, NULL, NULL, '0', NULL, '0', NULL, '2017-09-14 19:32:53', '2017-09-17 09:41:45', '6a9eb95f-a99a-4288-ae24-78b5ae376244'),
 ('328', '359', 'en_us', 'Bible Study', NULL, '', NULL, NULL, NULL, NULL, '<p>The Thursday night study, which resumed on September 21st, continues throughout October. The evening begins with a mass in the chapel at 6:30 pm. Following the mass, the study will begin at 7:00 pm in the common room. <strong>Newcomers Welcome</strong>.</p>', NULL, NULL, NULL, '', NULL, NULL, NULL, NULL, NULL, '0', NULL, '0', NULL, '2017-09-14 19:36:40', '2017-09-16 16:17:13', '5a2e74a8-13e1-4b63-a1bc-27a43f81492c'),
 ('330', '362', 'en_us', 'Hero Weddings', NULL, NULL, NULL, NULL, NULL, NULL, NULL, NULL, NULL, NULL, NULL, NULL, NULL, NULL, NULL, NULL, '0', NULL, '0', NULL, '2017-09-14 21:12:46', '2017-09-17 09:41:48', '4eb2dc8f-e0d7-487d-bd29-46453425375b'),
 ('331', '363', 'en_us', 'Weddings', NULL, '', NULL, NULL, NULL, NULL, '<p>Congratulations on your engagement, and thanks for your interest in becoming married at The Church of the Transfiguration. Our church is a beautiful place with a century-old reputation for marrying couples from all over the world. At one time, Transfiguration solemnized more marriages than any other church! We welcome you to join our \"little family\", and we hope to become a part of yours.</p>', NULL, NULL, NULL, 'Jesse Anders /On Point Images ', NULL, NULL, NULL, NULL, NULL, '0', NULL, '0', NULL, '2017-09-14 21:14:41', '2017-09-14 21:40:46', '56df98e0-0755-41b0-bf3e-ebc7ba535488'),
 ('333', '366', 'en_us', 'Featured Fpo', NULL, NULL, NULL, NULL, NULL, NULL, NULL, NULL, NULL, NULL, NULL, NULL, NULL, NULL, NULL, NULL, '0', NULL, '0', NULL, '2017-09-15 13:14:06', '2017-09-17 09:41:31', 'dace0d27-127a-41b8-af86-7324000a0734'),
 ('334', '367', 'en_us', 'Hero Bible Study', NULL, NULL, NULL, NULL, NULL, NULL, NULL, NULL, NULL, NULL, NULL, NULL, NULL, NULL, NULL, NULL, '0', NULL, '0', NULL, '2017-09-15 13:14:08', '2017-09-17 09:41:33', '27a2402e-c373-4812-ae27-973b6a3439a3'),
 ('335', '368', 'en_us', 'Hero Weddings', NULL, NULL, NULL, NULL, NULL, NULL, NULL, NULL, NULL, NULL, NULL, NULL, NULL, NULL, NULL, NULL, '0', NULL, '0', NULL, '2017-09-15 13:14:09', '2017-09-17 09:41:35', '68fe68a4-b9ba-4255-a830-1dac9c7c9061'),
 ('336', '369', 'en_us', 'Marquee 04', NULL, NULL, NULL, NULL, NULL, NULL, NULL, NULL, NULL, NULL, NULL, NULL, NULL, NULL, NULL, NULL, '0', NULL, '0', NULL, '2017-09-15 13:14:14', '2017-09-17 09:41:38', '88e3f4dd-2198-41e6-9f24-c1215437f331'),
 ('337', '370', 'en_us', 'Featured Fpo', NULL, NULL, NULL, NULL, NULL, NULL, NULL, NULL, NULL, NULL, NULL, NULL, NULL, NULL, NULL, NULL, '0', NULL, '0', NULL, '2017-09-15 13:14:32', '2017-09-17 09:41:59', '32999ddd-654f-4636-ad6b-be5f2f65d75e'),
 ('341', '374', 'en_us', 'Hero Adult Education', NULL, NULL, NULL, NULL, NULL, NULL, NULL, NULL, NULL, NULL, NULL, NULL, NULL, NULL, NULL, NULL, '0', NULL, '0', NULL, '2017-09-16 16:20:36', '2017-09-17 09:41:44', '75677dc6-a2d6-4ec1-ac7e-cc51c0a3b180'),
 ('342', '375', 'en_us', 'Adult Education', NULL, '', NULL, NULL, NULL, NULL, '<p>Our Adult Education forums cover a wide variety of spiritual topics both within the Church and elsewhere. The series hosts a number of guest speakers and facilitators and promises an hour of entertaining and informational learning and discussion.<br /></p>', NULL, NULL, NULL, '', NULL, NULL, NULL, NULL, NULL, '0', NULL, '0', NULL, '2017-09-16 16:25:03', '2017-09-16 16:25:03', 'e5fa0777-fe97-4ed0-bbb9-ad4e4ca92186'),
 ('343', '377', 'en_us', 'Adult Education', NULL, '', '', '', NULL, NULL, NULL, NULL, NULL, NULL, NULL, NULL, NULL, NULL, NULL, NULL, '0', '<p>Sexuality and Patriarchy in the Old Testament\" with <strong>Karina Martin Hogan</strong></p>', '0', '', '2017-09-16 17:11:37', '2017-09-17 14:01:34', '2604b984-f72c-4b62-b86b-965a568c6c67'),
 ('344', '378', 'en_us', 'Hero Adult Education', NULL, NULL, NULL, NULL, NULL, NULL, NULL, NULL, NULL, NULL, NULL, NULL, NULL, NULL, NULL, NULL, '0', NULL, '0', NULL, '2017-09-16 18:10:26', '2017-09-17 09:41:32', 'bd95fb8a-9911-4234-908d-17e181e343cc'),
 ('345', '379', 'en_us', 'Featured 01', NULL, NULL, NULL, NULL, NULL, NULL, NULL, NULL, NULL, NULL, NULL, NULL, NULL, NULL, NULL, NULL, '0', NULL, '0', NULL, '2017-09-16 19:46:03', '2017-09-17 14:03:46', 'f74e719a-6433-4b85-833d-08abbe5af447'),
 ('346', '380', 'en_us', 'Featured Fpo 01', NULL, NULL, NULL, NULL, NULL, NULL, NULL, NULL, NULL, NULL, NULL, NULL, NULL, NULL, NULL, NULL, '0', NULL, '0', NULL, '2017-09-16 19:46:04', '2017-09-17 09:41:31', '6010ac2f-2281-45ef-8ebf-17ebb1a1f054'),
 ('347', '381', 'en_us', 'Featured 01', NULL, NULL, NULL, NULL, NULL, NULL, NULL, NULL, NULL, NULL, NULL, NULL, NULL, NULL, NULL, NULL, '0', NULL, '0', NULL, '2017-09-16 19:46:36', '2017-09-17 09:41:58', 'c271941c-12f8-4468-8069-04bee82a46d9'),
 ('348', '382', 'en_us', 'Featured Fpo 01', NULL, NULL, NULL, NULL, NULL, NULL, NULL, NULL, NULL, NULL, NULL, NULL, NULL, NULL, NULL, NULL, '0', NULL, '0', NULL, '2017-09-16 19:46:37', '2017-09-17 09:41:59', '151d49f7-25cc-4cb8-b706-5a08b31b1d8f'),
 ('350', '384', 'en_us', 'Founder’s Day', NULL, '', NULL, '', NULL, NULL, NULL, NULL, NULL, NULL, NULL, NULL, NULL, NULL, NULL, NULL, '1', '<p>On the first Sunday in October 1848, George Hendric Houghton gathered a band of twenty-four followers for a celebration of Holy Communion in the parlor of the home of the Rev. Dr. Lawson Carter, an elderly priest, on East 24th Street.  None of those first worshipers could have imagined that they had just attended the first service of the Church of the Transfiguration, later to be celebrated as ‘The Little Church Around the Corner’. The twenty-eight year-old priest who called this small congregation into being, however, had a clear vision in mind:  to establish a parish that would minister to the poor and needy of New York City. The first service in the new church was held on Sunday, March 28th, 1850.” <em>(excerpted from A Parish Guide to The Church of the Transfiguration by Zulette M. Catir)</em>    </p>\n<p>His motto was <em>Fides Opera</em>  (Faith and Works) \n</p>', '1', '<p>Vivamus parturient per facilisis vitae himenaeos adipiscing lacus nulla mattis a ridiculus condimentum.</p>', '2017-09-16 21:50:54', '2017-09-17 12:31:27', '2fe11b9b-78b6-48c0-990b-4a04a1af117a'),
 ('352', '386', 'en_us', 'Featured 02', NULL, NULL, NULL, NULL, NULL, NULL, NULL, NULL, NULL, NULL, NULL, NULL, NULL, NULL, NULL, NULL, '0', NULL, '0', NULL, '2017-09-16 22:30:32', '2017-09-17 09:41:59', '1926714b-0d8a-4c84-b83b-eee366cfeea1'),
 ('353', '387', 'en_us', 'Blessing of the Animals', NULL, '', NULL, '', NULL, NULL, NULL, NULL, NULL, NULL, NULL, NULL, NULL, NULL, NULL, NULL, '0', '<p>Vivamus parturient per facilisis vitae himenaeos adipiscing lacus nulla mattis a ridiculus condimentum.</p>', '1', '<p>Vivamus parturient per facilisis vitae himenaeos adipiscing lacus nulla mattis a ridiculus condimentum.</p>', '2017-09-16 22:31:41', '2017-09-17 12:07:57', '74a69c4b-63d7-4f44-8cda-6fc8f3f5eaae'),
 ('354', '388', 'en_us', 'Open House New York', NULL, '', NULL, '', NULL, NULL, NULL, NULL, NULL, NULL, NULL, NULL, NULL, NULL, NULL, NULL, '0', '<p>Vivamus parturient per facilisis vitae himenaeos adipiscing lacus nulla mattis a ridiculus condimentum.</p>', '1', '<p>Vivamus parturient per facilisis vitae himenaeos adipiscing lacus nulla mattis a ridiculus condimentum.</p>', '2017-09-16 22:37:49', '2017-09-17 12:07:57', 'a973c6bd-c811-423e-a2ad-f02ab265088f'),
 ('356', '390', 'en_us', 'Featured 03', NULL, NULL, NULL, NULL, NULL, NULL, NULL, NULL, NULL, NULL, NULL, NULL, NULL, NULL, NULL, NULL, '0', NULL, '0', NULL, '2017-09-16 22:38:03', '2017-09-17 09:41:58', 'a52a996e-1c94-44fc-9db1-0badf87def38'),
 ('357', '391', 'en_us', 'Featured 02', NULL, NULL, NULL, NULL, NULL, NULL, NULL, NULL, NULL, NULL, NULL, NULL, NULL, NULL, NULL, NULL, '0', NULL, '0', NULL, '2017-09-17 09:41:30', '2017-09-17 14:03:46', '88d65300-fe14-4e9b-8669-c8029acbc8f2'),
 ('358', '392', 'en_us', 'Featured 03', NULL, NULL, NULL, NULL, NULL, NULL, NULL, NULL, NULL, NULL, NULL, NULL, NULL, NULL, NULL, NULL, '0', NULL, '0', NULL, '2017-09-17 09:41:31', '2017-09-17 14:03:46', '2f9675cc-1dea-4303-b3b8-f7248b090a13'),
 ('359', '393', 'en_us', 'Featured 01 170916 214957', NULL, NULL, NULL, NULL, NULL, NULL, NULL, NULL, NULL, NULL, NULL, NULL, NULL, NULL, NULL, NULL, '0', NULL, '0', NULL, '2017-09-17 14:03:46', '2017-09-17 14:03:46', '3266f93d-155a-4ce4-abf0-a2e5cd85c42f');



DROP TABLE IF EXISTS `craft_deprecationerrors`;


--
-- Schema for table `craft_deprecationerrors`
--
CREATE TABLE `craft_deprecationerrors` (
  `id` int(11) NOT NULL AUTO_INCREMENT,
  `key` varchar(255) COLLATE utf8_unicode_ci NOT NULL,
  `fingerprint` varchar(255) COLLATE utf8_unicode_ci NOT NULL,
  `lastOccurrence` datetime NOT NULL,
  `file` varchar(255) COLLATE utf8_unicode_ci NOT NULL,
  `line` smallint(6) unsigned NOT NULL,
  `class` varchar(255) COLLATE utf8_unicode_ci DEFAULT NULL,
  `method` varchar(255) COLLATE utf8_unicode_ci DEFAULT NULL,
  `template` varchar(255) COLLATE utf8_unicode_ci DEFAULT NULL,
  `templateLine` smallint(6) unsigned DEFAULT NULL,
  `message` varchar(255) COLLATE utf8_unicode_ci DEFAULT NULL,
  `traces` text COLLATE utf8_unicode_ci,
  `dateCreated` datetime NOT NULL,
  `dateUpdated` datetime NOT NULL,
  `uid` char(36) COLLATE utf8_unicode_ci NOT NULL DEFAULT '0',
  PRIMARY KEY (`id`),
  UNIQUE KEY `craft_deprecationerrors_key_fingerprint_unq_idx` (`key`,`fingerprint`)
) ENGINE=InnoDB DEFAULT CHARSET=utf8 COLLATE=utf8_unicode_ci;

DROP TABLE IF EXISTS `craft_elementindexsettings`;


--
-- Schema for table `craft_elementindexsettings`
--
CREATE TABLE `craft_elementindexsettings` (
  `id` int(11) NOT NULL AUTO_INCREMENT,
  `type` varchar(150) COLLATE utf8_unicode_ci NOT NULL,
  `settings` text COLLATE utf8_unicode_ci,
  `dateCreated` datetime NOT NULL,
  `dateUpdated` datetime NOT NULL,
  `uid` char(36) COLLATE utf8_unicode_ci NOT NULL DEFAULT '0',
  PRIMARY KEY (`id`),
  UNIQUE KEY `craft_elementindexsettings_type_unq_idx` (`type`)
) ENGINE=InnoDB AUTO_INCREMENT=3 DEFAULT CHARSET=utf8 COLLATE=utf8_unicode_ci;

--
-- Data for table `craft_elementindexsettings`
--

INSERT INTO `craft_elementindexsettings` (`id`, `type`, `settings`, `dateCreated`, `dateUpdated`, `uid`) VALUES
 ('1', 'Entry', '{\"sources\":{\"section:3\":{\"tableAttributes\":{\"1\":\"postDate\",\"2\":\"expiryDate\",\"3\":\"link\"}},\"*\":{\"tableAttributes\":{\"1\":\"section\",\"2\":\"postDate\",\"3\":\"expiryDate\",\"4\":\"link\"}},\"singles\":{\"tableAttributes\":{\"1\":\"link\"}},\"section:10\":{\"tableAttributes\":{\"1\":\"postDate\",\"2\":\"expiryDate\",\"3\":\"link\"}},\"section:11\":{\"tableAttributes\":{\"1\":\"postDate\",\"2\":\"expiryDate\",\"3\":\"link\"}},\"section:13\":{\"tableAttributes\":{\"1\":\"postDate\",\"2\":\"expiryDate\",\"3\":\"link\"}},\"section:7\":{\"tableAttributes\":{\"1\":\"postDate\",\"2\":\"expiryDate\",\"3\":\"link\"}}},\"sourceOrder\":[[\"key\",\"*\"],[\"key\",\"singles\"],[\"heading\",\"Channels\"],[\"key\",\"section:9\"],[\"heading\",\"Structures\"],[\"key\",\"section:3\"],[\"key\",\"section:5\"],[\"key\",\"section:7\"],[\"key\",\"section:10\"],[\"key\",\"section:14\"],[\"key\",\"section:8\"],[\"key\",\"section:11\"],[\"heading\",\"Media\"],[\"key\",\"section:13\"]]}', '2017-08-25 14:24:58', '2017-09-14 21:08:40', '5ac003d2-b1be-418e-b9f4-f62fcc2c3fd6'),
 ('2', 'Venti_Event', '{\"sources\":{\"*\":{\"tableAttributes\":{\"1\":\"startDate\",\"2\":\"endDate\",\"3\":\"allDay\",\"4\":\"group\",\"5\":\"summary\"}},\"group:2\":{\"tableAttributes\":{\"1\":\"startDate\",\"2\":\"endDate\",\"3\":\"allDay\",\"4\":\"group\",\"5\":\"summary\"}},\"group:5\":{\"tableAttributes\":{\"1\":\"startDate\",\"2\":\"endDate\",\"3\":\"allDay\",\"4\":\"group\",\"5\":\"summary\"}}},\"sourceOrder\":[[\"key\",\"*\"],[\"key\",\"group:5\"],[\"key\",\"group:4\"],[\"key\",\"group:1\"],[\"key\",\"group:2\"]]}', '2017-09-14 08:43:22', '2017-09-16 22:35:34', '02510f1d-39de-47bb-b1e0-446daf885a4f');



DROP TABLE IF EXISTS `craft_elements`;


--
-- Schema for table `craft_elements`
--
CREATE TABLE `craft_elements` (
  `id` int(11) NOT NULL AUTO_INCREMENT,
  `type` varchar(150) COLLATE utf8_unicode_ci NOT NULL,
  `enabled` tinyint(1) unsigned NOT NULL DEFAULT '1',
  `archived` tinyint(1) unsigned NOT NULL DEFAULT '0',
  `dateCreated` datetime NOT NULL,
  `dateUpdated` datetime NOT NULL,
  `uid` char(36) COLLATE utf8_unicode_ci NOT NULL DEFAULT '0',
  PRIMARY KEY (`id`),
  KEY `craft_elements_type_idx` (`type`),
  KEY `craft_elements_enabled_idx` (`enabled`),
  KEY `craft_elements_archived_dateCreated_idx` (`archived`,`dateCreated`)
) ENGINE=InnoDB AUTO_INCREMENT=394 DEFAULT CHARSET=utf8 COLLATE=utf8_unicode_ci;

--
-- Data for table `craft_elements`
--

INSERT INTO `craft_elements` (`id`, `type`, `enabled`, `archived`, `dateCreated`, `dateUpdated`, `uid`) VALUES
 ('1', 'User', '1', '0', '2017-08-24 19:10:37', '2017-08-24 22:29:09', '260e2576-c383-4e2f-bdfb-852c2a019b4e'),
 ('7', 'Entry', '1', '0', '2017-08-25 13:52:11', '2017-09-01 11:23:11', '5a0398f4-bbb2-4633-84d1-2d91b4428c50'),
 ('59', 'Entry', '1', '0', '2017-08-25 14:26:30', '2017-09-14 21:06:47', '95d91ac1-be26-47aa-9299-a8c5965542ae'),
 ('60', 'Entry', '0', '0', '2017-08-25 14:47:49', '2017-09-14 17:23:46', '9743a085-4fb5-4bc8-917d-cae39eb9a130'),
 ('61', 'Entry', '1', '0', '2017-08-25 16:28:45', '2017-09-14 21:36:54', 'b8c1fde5-10e0-4a4a-b633-cd48b09c8710'),
 ('62', 'Entry', '1', '0', '2017-08-25 18:25:38', '2017-09-14 21:02:54', '10cac18b-47a5-4d0c-9a51-6f3ea15c2813'),
 ('63', 'Entry', '1', '0', '2017-08-25 18:49:23', '2017-09-14 21:01:53', '8a5fdec4-a99f-48ef-af94-627efea41e97'),
 ('64', 'Entry', '1', '0', '2017-08-25 18:50:18', '2017-09-15 12:53:51', '2d02c51c-6763-49db-ba47-927f7044d82a'),
 ('65', 'Entry', '1', '0', '2017-08-25 18:50:41', '2017-09-14 21:04:15', '9dc78c1d-a4ae-4fab-8369-5f0d82fd8889'),
 ('69', 'Entry', '1', '0', '2017-08-26 11:22:17', '2017-09-14 19:49:02', 'bd1db48c-e9c1-47ec-98f4-bb87f947c144'),
 ('71', 'MatrixBlock', '1', '0', '2017-08-28 12:21:29', '2017-09-14 19:49:02', '1674f8d3-2195-4f4d-80cb-ace6b9704eb3'),
 ('76', 'Entry', '1', '0', '2017-08-28 15:15:46', '2017-09-17 09:28:21', '865e678b-e06f-4af4-a865-719d924b230a'),
 ('78', 'Entry', '1', '0', '2017-08-28 15:42:05', '2017-09-17 09:28:56', '954d526c-d889-4d88-862f-459c20a320b0'),
 ('87', 'Entry', '1', '0', '2017-08-28 19:40:55', '2017-09-17 09:23:33', '02954fdd-f210-4d5c-af25-8722d30f8b26'),
 ('88', 'MatrixBlock', '1', '0', '2017-08-28 19:41:48', '2017-09-17 09:23:33', '112dedfc-3a80-4b9e-b0b6-70b98438607e'),
 ('94', 'Entry', '1', '0', '2017-08-30 09:08:48', '2017-08-31 17:46:16', 'cb92a41e-03a2-49f0-98d4-4deeb6c84538'),
 ('107', 'MatrixBlock', '1', '0', '2017-08-30 13:55:36', '2017-08-31 17:46:16', '729ef3a0-4e89-4d30-914e-c87d8a957fcf'),
 ('108', 'MatrixBlock', '1', '0', '2017-08-30 14:03:42', '2017-08-31 17:46:16', '12ffffa1-8638-46cc-906e-310dea18f351'),
 ('111', 'MatrixBlock', '1', '0', '2017-08-30 14:11:22', '2017-08-31 17:46:16', '94db9169-223d-4d2a-942a-1b6d32cb9ebc'),
 ('115', 'Entry', '1', '0', '2017-08-30 15:21:41', '2017-08-31 14:04:54', 'b409e78b-f10c-42c7-b3f2-5f5602e14707'),
 ('116', 'MatrixBlock', '1', '0', '2017-08-30 15:21:41', '2017-08-31 14:04:55', '23517700-76cf-4d65-876f-357a3e7a48a6'),
 ('122', 'MatrixBlock', '1', '0', '2017-08-30 23:13:51', '2017-08-31 17:46:16', 'cc34b89e-6e1d-417c-8883-b9e8aa5017cf'),
 ('123', 'MatrixBlock', '1', '0', '2017-08-30 23:13:51', '2017-08-31 17:46:16', '60c1ce86-8ab8-48a1-85b0-cd412f43a588'),
 ('126', 'MatrixBlock', '1', '0', '2017-08-30 23:20:46', '2017-08-31 17:46:16', 'e1080327-56d0-47ab-8ae5-d71daf9540b6'),
 ('131', 'Asset', '1', '0', '2017-08-31 11:24:59', '2017-09-17 09:41:49', '57937d71-645b-4a62-a32b-c11b1448704c'),
 ('132', 'Asset', '1', '0', '2017-08-31 11:24:59', '2017-09-17 09:41:49', 'deb67f65-ff46-4553-b1e2-b7c2cfe5ecd1'),
 ('133', 'Asset', '1', '0', '2017-08-31 11:25:00', '2017-09-17 09:41:50', 'c1dde285-d7c0-42f8-a6bb-4b19af3fd90b'),
 ('138', 'Asset', '1', '0', '2017-08-31 11:35:10', '2017-09-17 09:41:53', '25ce85eb-f8ba-4375-bbdc-fa69edf37732'),
 ('139', 'Asset', '1', '0', '2017-08-31 11:35:10', '2017-09-17 09:41:54', 'ea094bd6-7239-46b0-bdca-11851a56ce9e'),
 ('140', 'Asset', '1', '0', '2017-08-31 11:35:11', '2017-09-17 09:41:54', 'c8a33f50-cfc5-4c71-8771-656dd6423fd5'),
 ('141', 'Asset', '1', '0', '2017-08-31 11:35:11', '2017-09-17 09:41:54', '583c2791-50e0-4688-9927-8a60390aae0e'),
 ('142', 'Asset', '1', '0', '2017-08-31 11:39:21', '2017-09-17 14:03:39', '4bff3a85-2ecf-4717-b0b2-3d48d39ff0cf'),
 ('144', 'Asset', '1', '0', '2017-08-31 11:39:22', '2017-09-17 14:03:40', '204ec510-976d-4933-b747-5235078db50d'),
 ('145', 'Asset', '1', '0', '2017-08-31 11:39:22', '2017-09-17 14:03:40', '64791f5e-a945-4b7f-ab1c-cc25e05ab897'),
 ('146', 'Asset', '1', '0', '2017-08-31 11:39:22', '2017-09-17 14:03:40', '245f3ecc-48e6-46d7-a03e-b9985ab6c55d'),
 ('147', 'Asset', '1', '0', '2017-08-31 11:39:22', '2017-09-17 14:03:41', 'ccad5b0d-d009-4512-9860-909f660d88b2'),
 ('148', 'Asset', '1', '0', '2017-08-31 11:39:23', '2017-09-17 14:03:41', '7204c32a-8f68-4d64-80a6-ebe84bc1a31b'),
 ('149', 'Asset', '1', '0', '2017-08-31 11:39:23', '2017-09-17 14:03:41', '90ea680b-e3aa-418f-b683-2b954ec2c03b'),
 ('150', 'Asset', '1', '0', '2017-08-31 11:39:23', '2017-09-17 14:03:42', '01a8a755-b8e3-47eb-a317-609b90fd45b4'),
 ('151', 'Asset', '1', '0', '2017-08-31 11:39:23', '2017-09-17 14:03:42', 'c6c6fba2-94f2-4a7b-b86e-59fd8a4e46b0'),
 ('152', 'Asset', '1', '0', '2017-08-31 11:39:24', '2017-09-17 14:03:42', '9c9ccbb4-4aba-4d90-b58d-ea14c5a28f04'),
 ('153', 'Asset', '1', '0', '2017-08-31 11:39:24', '2017-09-17 14:03:42', 'cd02a866-3316-4098-8273-60242b4d8d37'),
 ('154', 'Asset', '1', '0', '2017-08-31 11:39:24', '2017-09-17 14:03:42', 'aa65e726-2a9c-4626-9908-9b1a4e9b345e'),
 ('155', 'Asset', '1', '0', '2017-08-31 11:39:24', '2017-09-17 14:03:42', 'b9a80524-ca28-4290-9aae-e37e853408d9'),
 ('156', 'Asset', '1', '0', '2017-08-31 11:39:24', '2017-09-17 14:03:43', 'fd365af4-4fc0-4804-af45-502d034001ed'),
 ('157', 'Asset', '1', '0', '2017-08-31 11:39:25', '2017-09-17 14:03:43', '91b310c5-785a-4ff6-9c46-9a14819f4d0f'),
 ('158', 'Asset', '1', '0', '2017-08-31 11:39:25', '2017-09-17 14:03:43', 'dbf96b85-8ddc-4c26-85f9-7c0c80893de4'),
 ('159', 'Asset', '1', '0', '2017-08-31 11:39:25', '2017-09-17 14:03:43', 'a5a65880-71c9-4956-8b7d-b53fad4916b4'),
 ('160', 'Asset', '1', '0', '2017-08-31 11:39:25', '2017-09-17 14:03:43', '7fc2351b-0be4-4493-9bbc-7b333324ea59'),
 ('161', 'Asset', '1', '0', '2017-08-31 11:39:25', '2017-09-17 14:03:43', '7c38c015-2741-4ffa-b192-6a98ee0a8206'),
 ('162', 'Asset', '1', '0', '2017-08-31 11:39:26', '2017-09-17 14:03:44', '00351390-1539-4b56-9fed-dc6729fe3161'),
 ('163', 'Asset', '1', '0', '2017-08-31 11:39:26', '2017-09-17 14:03:44', 'ca0fcfaa-863a-4f79-937e-90bb85101dc9'),
 ('164', 'Asset', '1', '0', '2017-08-31 11:39:26', '2017-09-17 14:03:44', 'f1ab72a8-c087-4daf-8d8b-9582c6babb46'),
 ('165', 'Asset', '1', '0', '2017-08-31 11:39:26', '2017-09-17 14:03:44', '06c72e80-8d0d-4669-a18d-9383880542b7'),
 ('166', 'Asset', '1', '0', '2017-08-31 11:39:26', '2017-09-17 14:03:44', '46fb953a-7866-4591-b1b4-3806ff953809'),
 ('167', 'Asset', '1', '0', '2017-08-31 11:39:27', '2017-09-17 14:03:44', 'f7468241-424f-4a82-a497-0851f638925d'),
 ('168', 'Asset', '1', '0', '2017-08-31 11:39:27', '2017-09-17 14:03:45', '4e3900b6-a990-4a91-9db1-fce1160e9638'),
 ('169', 'Asset', '1', '0', '2017-08-31 11:39:27', '2017-09-17 14:03:45', 'ae9dd00f-e393-42c0-a8d1-ca500a7ee073'),
 ('170', 'Asset', '1', '0', '2017-08-31 11:39:27', '2017-09-17 14:03:45', '8cc16715-92c3-41d7-87e6-d67393c406cb'),
 ('171', 'Asset', '1', '0', '2017-08-31 11:39:27', '2017-09-17 14:03:45', '519854f3-2d6c-4ae4-b501-27f64e3ae24c'),
 ('172', 'Asset', '1', '0', '2017-08-31 11:39:28', '2017-09-17 14:03:45', 'b6635d44-d108-4832-8e10-97a142e8163e'),
 ('173', 'Asset', '1', '0', '2017-08-31 11:39:28', '2017-09-17 09:41:31', '939e86ab-941c-4c12-858c-47e4fe588cdf'),
 ('174', 'Asset', '1', '0', '2017-08-31 11:39:28', '2017-09-17 09:41:32', 'bea12671-ebe4-41e3-8e68-3b23c0f73a38'),
 ('175', 'Asset', '1', '0', '2017-08-31 11:39:28', '2017-09-17 09:41:32', '93896dfe-a76b-456e-8514-3fcad32d6748'),
 ('176', 'Asset', '1', '0', '2017-08-31 11:39:29', '2017-09-17 09:41:35', 'a9c24e3e-57e3-493b-b7f3-2339669ccd7f'),
 ('177', 'Asset', '1', '0', '2017-08-31 11:39:29', '2017-09-17 09:41:35', '84e07a4f-be0f-4656-b98c-d2c64b8dfdfc'),
 ('178', 'Asset', '1', '0', '2017-08-31 11:39:29', '2017-09-17 09:41:36', '3761cc5b-ab3c-4f11-849a-7dc056e40959'),
 ('180', 'Asset', '1', '0', '2017-08-31 11:39:30', '2017-09-17 09:41:36', 'c27b1995-aacd-42c8-a10d-5c3ddd5368bc'),
 ('181', 'Asset', '1', '0', '2017-08-31 11:39:30', '2017-09-17 09:41:36', '1d109301-95d7-447f-8e79-e0149559b258'),
 ('182', 'Asset', '1', '0', '2017-08-31 11:39:30', '2017-09-17 09:41:36', '19879afc-ae41-4ab3-a627-7cdde2ffa65f'),
 ('183', 'Asset', '1', '0', '2017-08-31 11:39:31', '2017-09-17 09:41:37', '9a39c170-dd6c-4905-8d90-faa116512d7d'),
 ('184', 'Asset', '1', '0', '2017-08-31 11:39:31', '2017-09-17 09:41:37', '5192299b-9191-4e3b-bfaa-abd08deacdcd'),
 ('185', 'Asset', '1', '0', '2017-08-31 11:39:31', '2017-09-17 09:41:37', '91ee02e4-0963-4b40-90fc-e96fd290762c'),
 ('186', 'Asset', '1', '0', '2017-08-31 11:39:31', '2017-09-17 09:41:37', 'bcc45821-beff-4fe4-adc4-86c16d098004'),
 ('187', 'Asset', '1', '0', '2017-08-31 11:39:32', '2017-09-17 09:41:38', 'd5167317-5236-46b9-8b3a-4c89c7e47966'),
 ('188', 'Asset', '1', '0', '2017-08-31 11:39:32', '2017-09-17 09:41:38', '34c6312a-d09d-4ef7-bf63-19a9ce7611e9'),
 ('189', 'Asset', '1', '0', '2017-08-31 11:39:32', '2017-09-17 09:41:38', '1ba73dd2-1930-4083-8302-aa21d38a19d5'),
 ('190', 'Asset', '1', '0', '2017-08-31 11:39:32', '2017-09-17 09:41:39', '32d68518-aafd-4139-b379-b49df83fa5bf'),
 ('191', 'Asset', '1', '0', '2017-08-31 11:39:33', '2017-09-17 09:41:39', 'fb2a5d62-1cc3-45a0-aff9-7d81542932e4'),
 ('192', 'Asset', '1', '0', '2017-08-31 11:39:33', '2017-09-17 09:41:39', '9808bbd1-365c-4a46-a6fb-0a33a96c8776'),
 ('193', 'Asset', '1', '0', '2017-08-31 11:39:33', '2017-09-17 09:41:39', '4503a710-b6b0-4d8e-8a59-bd339113e3ce'),
 ('194', 'Asset', '1', '0', '2017-08-31 11:39:34', '2017-09-17 09:41:40', 'd73a2d49-c1c0-4bf4-8e4f-bceb1fe6ee73'),
 ('195', 'Asset', '1', '0', '2017-08-31 11:39:34', '2017-09-17 09:41:40', '83bb17cf-af9d-472c-b352-fdb470cb79ef'),
 ('196', 'Asset', '1', '0', '2017-08-31 11:39:34', '2017-09-17 09:41:40', 'd72bbd9c-8c5d-43df-81a5-dedde1abbff2'),
 ('197', 'Asset', '1', '0', '2017-08-31 11:39:35', '2017-09-17 09:41:41', '39b81276-304b-46e9-8800-0b13c1fbb1e4'),
 ('198', 'Asset', '1', '0', '2017-08-31 11:39:35', '2017-09-17 09:41:41', '27e278b2-3f48-40f3-a62d-553677b5c4e2'),
 ('199', 'Asset', '1', '0', '2017-08-31 11:39:35', '2017-09-17 09:41:41', '2f4b39ee-8600-477d-8a4c-646c4b5dc008'),
 ('200', 'Asset', '1', '0', '2017-08-31 11:39:36', '2017-09-17 09:41:42', '5c26f595-0a87-4c7c-a30d-686aab2958d7'),
 ('201', 'Asset', '1', '0', '2017-08-31 11:39:36', '2017-09-17 09:41:42', '3431696b-4e91-4d95-bf59-85d21ab67d13'),
 ('202', 'Asset', '1', '0', '2017-08-31 11:39:36', '2017-09-17 09:41:42', 'd8435c0b-2ddb-42bb-9de8-0c0a1fa46141'),
 ('203', 'Asset', '1', '0', '2017-08-31 11:39:37', '2017-09-17 09:41:42', '8884a9cf-a248-4e26-aad4-4887cacc74be'),
 ('204', 'Asset', '1', '0', '2017-08-31 11:39:37', '2017-09-17 09:41:43', '51549f8b-2065-4cf4-bd3b-d09e38bba5a7'),
 ('205', 'Asset', '1', '0', '2017-08-31 11:39:37', '2017-09-17 09:41:44', '15da2e2a-072f-4024-9b46-672db26985e3'),
 ('206', 'Asset', '1', '0', '2017-08-31 11:39:38', '2017-09-17 09:41:43', '88e3ed85-a2c5-4222-9d59-a7aaa0d64b66'),
 ('207', 'Asset', '1', '0', '2017-08-31 11:39:38', '2017-09-17 09:41:48', 'a4be8884-bfbc-4d2f-b025-0916d4b5fbc7'),
 ('208', 'Asset', '1', '0', '2017-08-31 11:39:38', '2017-09-17 09:41:48', '0f91e881-594b-4fee-90d4-7f30a488d246'),
 ('209', 'Asset', '1', '0', '2017-08-31 11:39:40', '2017-09-17 09:41:50', 'fe5f7ea9-d85a-4467-8e26-da7f52d856b4'),
 ('210', 'Asset', '1', '0', '2017-08-31 11:39:41', '2017-09-17 09:41:51', 'a889e8ca-2401-4ec8-8c62-d248f96d2c82'),
 ('211', 'Asset', '1', '0', '2017-08-31 11:39:41', '2017-09-17 09:41:51', '64eccaac-46be-4159-aced-5d876afd00b4'),
 ('213', 'Asset', '1', '0', '2017-08-31 11:39:42', '2017-09-17 09:41:52', 'ecf519b2-9d3a-46de-b252-dbb2d7111b41');
INSERT INTO `craft_elements` (`id`, `type`, `enabled`, `archived`, `dateCreated`, `dateUpdated`, `uid`) VALUES
 ('214', 'Asset', '1', '0', '2017-08-31 11:39:42', '2017-09-17 09:41:52', '5d12cdd3-ebdd-4c1b-bce9-16b2046b499a'),
 ('215', 'Asset', '1', '0', '2017-08-31 11:39:42', '2017-09-17 09:41:53', '0f3324ab-773a-444c-9eee-03f69b885fa8'),
 ('216', 'Asset', '1', '0', '2017-08-31 11:39:43', '2017-09-17 09:41:53', '507e9168-7866-4004-b401-1361e7db29af'),
 ('218', 'MatrixBlock', '1', '0', '2017-08-31 11:49:46', '2017-08-31 17:46:16', 'd408835e-9ff3-49da-8d51-d911c8788c5e'),
 ('219', 'Asset', '1', '0', '2017-08-31 13:41:24', '2017-09-17 14:03:41', '143f3927-f31a-4b30-bba8-44452a5ef966'),
 ('220', 'Asset', '1', '0', '2017-08-31 13:41:41', '2017-09-17 09:41:52', '03e0a38e-907a-4f14-946a-32be058d6546'),
 ('221', 'Entry', '1', '0', '2017-08-31 14:07:29', '2017-08-31 14:24:08', 'bac824f2-c033-4945-a6ec-abb3f1a4e567'),
 ('223', 'Asset', '1', '0', '2017-08-31 14:20:29', '2017-09-17 09:41:43', '0b5075ce-31fa-41d9-9756-4b84f551a819'),
 ('224', 'MatrixBlock', '1', '0', '2017-08-31 14:22:23', '2017-08-31 14:24:08', '5ad7dcae-4d99-4b2f-824d-3587e2c246a2'),
 ('225', 'Asset', '1', '0', '2017-08-31 17:47:59', '2017-09-17 14:03:41', '5cac38a6-dac2-4ac6-990b-65a01e4a0a99'),
 ('226', 'Asset', '1', '0', '2017-08-31 17:48:24', '2017-09-17 09:41:52', 'e8b21b4e-fc92-45e2-97fa-8100a1fc112a'),
 ('227', 'Asset', '1', '0', '2017-08-31 18:50:03', '2017-09-17 09:41:54', '02a934dc-c729-4da1-ba6a-cfdc5900839f'),
 ('228', 'Asset', '1', '0', '2017-08-31 19:05:48', '2017-09-17 09:41:32', 'bb0f11a8-648d-4d89-8c38-f1bcf813d4a3'),
 ('229', 'Entry', '1', '0', '2017-08-31 19:57:03', '2017-09-17 09:28:41', '670583e1-5c8f-4f81-8f2d-5c8e3e92fab1'),
 ('231', 'Asset', '1', '0', '2017-08-31 20:22:40', '2017-09-17 09:41:47', '29e5cfe8-ba51-458f-9fca-e6b391351cf1'),
 ('234', 'Entry', '1', '0', '2017-08-31 20:27:54', '2017-09-13 09:18:42', 'd8f6dc6d-9657-4d8e-a59e-2a7130d04f85'),
 ('235', 'Asset', '1', '0', '2017-08-31 20:28:29', '2017-09-17 09:41:47', '3dee689c-0800-412f-b8c2-ddd57209160b'),
 ('236', 'MatrixBlock', '1', '0', '2017-08-31 20:29:51', '2017-09-04 20:58:26', '7790f31d-6e08-4f6c-98cb-481f1d4e0e56'),
 ('238', 'Asset', '1', '0', '2017-08-31 20:33:51', '2017-09-17 09:41:47', 'aa1304a1-c222-43f1-b925-efcdfac5490b'),
 ('239', 'Entry', '1', '0', '2017-08-31 20:36:16', '2017-09-16 23:19:26', '77e179dc-fd2c-4c2a-9ae6-6099dc49c4db'),
 ('240', 'MatrixBlock', '1', '0', '2017-08-31 20:36:16', '2017-09-16 23:19:26', 'f4ccddec-49fc-421b-a439-109c76cbbef1'),
 ('243', 'Asset', '1', '0', '2017-09-01 10:10:20', '2017-09-17 09:41:48', 'ecfc30c5-a478-47e0-ba9d-c3db65691aba'),
 ('244', 'Entry', '1', '0', '2017-09-01 10:13:15', '2017-09-14 19:22:55', '3e86fca3-bf0f-49d7-b413-fa505e252e23'),
 ('245', 'MatrixBlock', '1', '0', '2017-09-01 10:13:16', '2017-09-14 19:22:55', '640631dd-a64e-4225-8687-e173a0cad740'),
 ('246', 'Asset', '1', '0', '2017-09-01 11:19:33', '2017-09-17 09:41:33', '4766b8bc-deef-4844-8188-3cb54774bac1'),
 ('247', 'Asset', '1', '0', '2017-09-01 11:19:33', '2017-09-17 09:41:34', '5a9ff47f-f8e3-414c-86ca-78615e25b885'),
 ('248', 'Asset', '1', '0', '2017-09-01 11:19:33', '2017-09-17 09:41:34', 'a3c4b6ad-841b-4ac1-afe5-fda219464949'),
 ('249', 'Asset', '1', '0', '2017-09-01 11:19:34', '2017-09-17 09:41:34', '8c4e5b50-1cd0-426c-ae82-6c1471b18734'),
 ('250', 'Asset', '1', '0', '2017-09-01 11:19:34', '2017-09-17 09:41:35', '042f03ea-af4d-4ee2-b425-b769e008ce10'),
 ('251', 'Asset', '1', '0', '2017-09-01 11:19:42', '2017-09-17 09:41:44', '6efe3a07-8fef-4910-a34e-2139e2d9b55c'),
 ('253', 'Asset', '1', '0', '2017-09-01 11:44:52', '2017-09-17 09:41:55', '1662bf27-8c37-4765-bebd-449847921f4a'),
 ('254', 'Entry', '1', '0', '2017-09-01 11:45:08', '2017-09-14 18:15:16', '9d03386d-7556-43b2-91f9-a1fb1197abae'),
 ('261', 'Asset', '1', '0', '2017-09-01 11:46:08', '2017-09-17 09:41:56', 'e8e2e01a-9b46-4f6b-8b76-7588a611d6fc'),
 ('262', 'Asset', '1', '0', '2017-09-01 11:46:09', '2017-09-17 09:41:55', '2b9b25d8-0fa1-493b-aabf-8295f8fe6cde'),
 ('263', 'Asset', '1', '0', '2017-09-01 11:46:09', '2017-09-17 09:41:55', '8707119b-1cd3-4756-983c-711284312c65'),
 ('264', 'Asset', '1', '0', '2017-09-01 11:46:09', '2017-09-17 09:41:56', '840590c4-6791-44c3-a97e-ce20d4035870'),
 ('265', 'Asset', '1', '0', '2017-09-01 11:46:10', '2017-09-17 09:41:56', '8dcb9d62-f4e2-4cc7-8d44-ec63bc30c45b'),
 ('266', 'Asset', '1', '0', '2017-09-01 11:46:10', '2017-09-17 09:41:56', '45bd8bed-fca0-4083-8a06-1506988576dc'),
 ('267', 'Entry', '1', '0', '2017-09-01 11:46:35', '2017-09-14 18:17:34', 'c9a0cf9a-d9ae-4f23-8a60-2d93df1cabbc'),
 ('268', 'Entry', '1', '0', '2017-09-01 11:47:05', '2017-09-14 18:18:52', 'bd627462-8697-4790-8b00-4e20705beb4e'),
 ('269', 'MatrixBlock', '1', '0', '2017-09-04 20:55:33', '2017-09-04 20:58:26', 'dc10ecef-5525-4ad9-8147-6de3daab2f68'),
 ('270', 'MatrixBlock', '1', '0', '2017-09-04 20:56:38', '2017-09-04 20:58:26', 'be55e937-547a-4de4-bccf-bbc7e2096ef4'),
 ('271', 'Entry', '1', '0', '2017-09-05 14:56:51', '2017-09-16 16:19:52', 'f9a842fc-86f7-4f0c-9f74-e1c9fedd5c99'),
 ('272', 'MatrixBlock', '1', '0', '2017-09-05 15:02:17', '2017-09-16 16:19:52', 'a48901c1-4b3d-42bb-b113-01ed9dec75b3'),
 ('273', 'Asset', '1', '0', '2017-09-06 16:31:55', '2017-09-17 09:41:36', 'b46104c3-0fd3-4556-926a-a773a0ef5c87'),
 ('274', 'Asset', '1', '0', '2017-09-06 16:31:59', '2017-09-17 09:41:40', 'df5d2e02-ab1c-4a31-8923-1907612ce52c'),
 ('275', 'Asset', '1', '0', '2017-09-06 16:31:59', '2017-09-17 09:41:40', '501b409d-c802-43e5-a450-474d7e440856'),
 ('278', 'Entry', '1', '0', '2017-09-06 18:06:16', '2017-09-06 18:06:16', '5ba5f9b1-85f9-4540-89b9-d99646828356'),
 ('287', 'Entry', '1', '0', '2017-09-12 09:46:39', '2017-09-12 19:11:02', '605f50e9-6faa-4aed-9c71-08eeb70c5f39'),
 ('288', 'MatrixBlock', '1', '0', '2017-09-12 09:46:39', '2017-09-12 19:11:02', '8161833b-f5af-4b0d-a599-60f4cea3cb29'),
 ('289', 'Entry', '1', '0', '2017-09-12 10:24:17', '2017-09-12 16:50:56', '9ea8b121-c7e0-4582-910b-1b6365280257'),
 ('295', 'Asset', '1', '0', '2017-09-12 16:46:27', '2017-09-17 09:41:57', '08d64393-2357-4cc3-a4d7-0712a1302faf'),
 ('296', 'Asset', '1', '0', '2017-09-12 16:46:28', '2017-09-17 09:41:57', '1dabe3b0-a05f-427b-a5f5-d65afb42cad3'),
 ('297', 'Asset', '1', '0', '2017-09-12 16:46:28', '2017-09-17 09:41:57', 'd9681d03-838a-44c1-aab5-612dd4600f50'),
 ('298', 'Asset', '1', '0', '2017-09-12 16:46:28', '2017-09-17 09:41:57', '18bf47d3-0e45-4dc7-b4ea-f5180b090a0a'),
 ('299', 'Asset', '1', '0', '2017-09-12 16:46:28', '2017-09-17 09:41:58', '6bc1eb05-deb5-44e2-80cf-87fe845be703'),
 ('301', 'Asset', '1', '0', '2017-09-12 16:49:43', '2017-09-17 09:41:58', '885c43ff-bbda-4a2d-8ee0-758f2ced97df'),
 ('302', 'Entry', '1', '0', '2017-09-12 16:50:42', '2017-09-12 16:53:13', '60db24b5-ea15-4d3e-9ab4-da539fd3d661'),
 ('303', 'Entry', '1', '0', '2017-09-12 16:54:31', '2017-09-12 16:54:31', '5223ddf0-32a9-4909-972f-8ec5dffa7a15'),
 ('304', 'Entry', '1', '0', '2017-09-12 16:58:27', '2017-09-12 17:00:22', '53b69e7e-b11b-40ea-b0eb-36118e7829d8'),
 ('309', 'Asset', '1', '0', '2017-09-13 07:16:26', '2017-09-17 09:41:51', 'fe376e94-cd22-43f4-ba46-5a108b24b16d'),
 ('311', 'Asset', '1', '0', '2017-09-13 07:17:45', '2017-09-17 09:41:51', '6d272d92-4be0-40cc-920b-a08018e98dd0'),
 ('313', 'Asset', '1', '0', '2017-09-13 07:19:39', '2017-09-17 09:41:50', '8e757ce5-90ff-4022-867e-fb2709201692'),
 ('315', 'Asset', '1', '0', '2017-09-13 07:27:13', '2017-09-17 09:41:50', 'ecdffc52-8e8f-40dd-bb0d-a801d842f1a2'),
 ('316', 'Asset', '1', '0', '2017-09-13 07:27:29', '2017-09-17 14:03:39', '7adbe70e-3205-42d9-b1ed-f9cdb98e13fa'),
 ('317', 'Asset', '1', '0', '2017-09-13 07:27:29', '2017-09-17 14:03:39', '4ee9da76-1509-47fa-83bb-3f885f6bf97d'),
 ('318', 'Asset', '1', '0', '2017-09-13 07:27:29', '2017-09-17 14:03:40', 'be248167-9009-4546-b9cd-644461cef632'),
 ('319', 'Asset', '1', '0', '2017-09-13 07:27:30', '2017-09-17 14:03:40', '002371bd-9fa2-4bb2-9354-d014f8f5dce6'),
 ('321', 'Entry', '1', '0', '2017-09-13 08:49:10', '2017-09-17 09:28:01', 'd0091f08-4347-491f-8647-8fe2705cbd74'),
 ('322', 'Entry', '1', '0', '2017-09-13 08:53:46', '2017-09-17 09:35:08', '0471381d-c24f-4a56-b336-02a570489480'),
 ('323', 'MatrixBlock', '1', '0', '2017-09-13 08:53:56', '2017-09-17 09:23:33', 'cce37958-575d-4415-bbf6-38bd3b4c0bd0'),
 ('324', 'Entry', '1', '0', '2017-09-13 09:19:39', '2017-09-13 10:52:00', '32e1831a-e92b-4f3e-ab3c-d1cecb0336b6'),
 ('326', 'Asset', '1', '0', '2017-09-13 09:26:39', '2017-09-17 09:41:46', 'ee721d76-2b09-46ef-b783-feac57c2a62c'),
 ('328', 'Asset', '1', '0', '2017-09-13 09:40:28', '2017-09-17 09:41:46', 'c5c048b4-d90b-4b7c-baf0-e9128ad45a64'),
 ('329', 'Entry', '1', '0', '2017-09-13 09:42:08', '2017-09-13 10:47:26', '9a0cf21f-10a4-434c-bbc4-cc4bd478cb84'),
 ('330', 'MatrixBlock', '1', '0', '2017-09-13 09:42:53', '2017-09-13 10:47:26', 'edbf7ac7-992d-4610-b17e-f4c54e94ff10'),
 ('331', 'Asset', '1', '0', '2017-09-13 10:21:08', '2017-09-17 09:41:33', 'ec59e5a6-0f47-4e96-8008-b19f11dca16f'),
 ('332', 'Asset', '1', '0', '2017-09-13 10:21:08', '2017-09-17 09:41:34', '5dbc615f-517b-402c-a0ec-cbd9e79e22e6'),
 ('333', 'Entry', '1', '0', '2017-09-13 10:34:14', '2017-09-13 11:50:57', '113f8a72-af3e-4529-9ea3-3ad9edd8a023'),
 ('335', 'Asset', '1', '0', '2017-09-13 10:40:09', '2017-09-17 09:41:43', 'ad5e6392-ba10-460f-afae-4d71860330cf'),
 ('336', 'MatrixBlock', '1', '0', '2017-09-13 10:42:19', '2017-09-13 10:47:26', '8619091e-1571-4b64-971e-3b9e5663c9f8'),
 ('337', 'MatrixBlock', '1', '0', '2017-09-13 10:45:04', '2017-09-13 10:47:26', '1950507d-99f4-4b73-9b47-192e259570bb'),
 ('339', 'Asset', '1', '0', '2017-09-13 10:56:17', '2017-09-17 09:41:45', '806edda4-2375-4d28-af25-57a4b1f6ab45'),
 ('340', 'MatrixBlock', '1', '0', '2017-09-13 11:04:37', '2017-09-13 11:50:57', '855fc70f-ebcf-4df0-8e6f-6c4a6dd0fe9d'),
 ('342', 'Asset', '1', '0', '2017-09-13 14:39:28', '2017-09-17 09:41:32', '0327c703-ca53-499e-9a63-f29db40f20c5'),
 ('343', 'Asset', '1', '0', '2017-09-13 14:39:29', '2017-09-17 09:41:33', '29a7c176-ef2e-4b2b-9047-807da5160e38'),
 ('344', 'Venti_Event', '1', '0', '2017-09-14 08:25:26', '2017-09-17 12:07:50', '842310c9-0ea0-4f76-888d-99daf4ffe9c1'),
 ('345', 'Venti_Event', '1', '0', '2017-09-14 08:41:25', '2017-09-17 12:07:50', '30dacc89-6de0-49b6-8427-7790e04fc885'),
 ('346', 'Venti_Event', '1', '0', '2017-09-14 08:44:20', '2017-09-17 12:07:50', '856756f5-61c4-4712-af11-4860886e6a04'),
 ('347', 'Venti_Event', '1', '0', '2017-09-14 08:47:28', '2017-09-17 12:07:50', '3b8e5c2b-753d-4c99-b376-10dac223aae9'),
 ('348', 'Venti_Event', '1', '0', '2017-09-14 08:55:46', '2017-09-17 12:08:43', 'b9587b2c-b9a9-48cf-9fca-cde750ee6436'),
 ('349', 'Venti_Event', '1', '0', '2017-09-14 08:58:26', '2017-09-17 12:09:08', 'c43fc15e-8459-4713-ba63-7cde7ed1a344'),
 ('351', 'Asset', '1', '0', '2017-09-14 17:21:36', '2017-09-17 09:41:49', '46591a25-7a3a-43b0-9be7-5ab8214a6e79'),
 ('352', 'Entry', '1', '0', '2017-09-14 17:23:28', '2017-09-14 17:24:57', '90887d0c-76f1-4a13-8635-4fd1127450bb'),
 ('353', 'Entry', '1', '0', '2017-09-14 18:20:39', '2017-09-14 18:21:01', '4b8c68b0-b499-4c9b-afec-381f0ea86e60'),
 ('355', 'Entry', '1', '0', '2017-09-14 19:20:28', '2017-09-14 19:24:45', '14d518e4-e139-4d5b-8592-8037bfa417ea'),
 ('356', 'MatrixBlock', '1', '0', '2017-09-14 19:23:56', '2017-09-14 19:24:45', '025104a4-eb39-438b-b354-c4eedc5d0f3f'),
 ('358', 'Asset', '1', '0', '2017-09-14 19:32:53', '2017-09-17 09:41:45', '2f469b80-c831-44f1-879e-0dd2dba3427f'),
 ('359', 'Entry', '1', '0', '2017-09-14 19:36:40', '2017-09-16 16:17:13', 'f6b773e4-02f8-4236-8b24-a5e0f845a0d5'),
 ('360', 'MatrixBlock', '1', '0', '2017-09-14 19:36:40', '2017-09-16 16:17:13', 'f3be5232-5694-40be-af04-7fa079f5f64e');
INSERT INTO `craft_elements` (`id`, `type`, `enabled`, `archived`, `dateCreated`, `dateUpdated`, `uid`) VALUES
 ('362', 'Asset', '1', '0', '2017-09-14 21:12:46', '2017-09-17 09:41:48', 'd1806fd7-e58d-434a-b17c-0e3d037982bd'),
 ('363', 'Entry', '1', '0', '2017-09-14 21:14:41', '2017-09-14 21:40:46', 'c2a76e62-8efb-4288-96ca-c97c0a53d53e'),
 ('364', 'MatrixBlock', '1', '0', '2017-09-14 21:32:47', '2017-09-14 21:40:46', 'cf14455f-908f-4470-90ca-acf6835fec42'),
 ('366', 'Asset', '1', '0', '2017-09-15 13:14:06', '2017-09-17 09:41:31', '26dbdfd6-1ef2-40a8-88c6-0f7a8c443cae'),
 ('367', 'Asset', '1', '0', '2017-09-15 13:14:08', '2017-09-17 09:41:33', '04babb71-c2c7-4ec5-bed7-7eeb358bcb24'),
 ('368', 'Asset', '1', '0', '2017-09-15 13:14:09', '2017-09-17 09:41:35', 'd6052401-b55a-4486-bafa-c842295a4da5'),
 ('369', 'Asset', '1', '0', '2017-09-15 13:14:14', '2017-09-17 09:41:38', 'a52ac7f9-206a-41df-8d3d-4d2bf8e2f885'),
 ('370', 'Asset', '1', '0', '2017-09-15 13:14:32', '2017-09-17 09:41:59', 'f5c71a92-51e9-40d1-b3b6-3b9ea51ea322'),
 ('374', 'Asset', '1', '0', '2017-09-16 16:20:36', '2017-09-17 09:41:44', '4978cacf-4d25-4456-8a19-e604e4f6140d'),
 ('375', 'Entry', '1', '0', '2017-09-16 16:25:03', '2017-09-16 16:25:03', '62debbe9-cb81-4f84-b541-4b0f5e2cf045'),
 ('376', 'MatrixBlock', '1', '0', '2017-09-16 16:25:03', '2017-09-16 16:25:03', '36047538-75e2-403a-a778-4e50da0202ba'),
 ('377', 'Venti_Event', '1', '0', '2017-09-16 17:11:37', '2017-09-17 14:01:34', '0f8e9261-c0fa-4765-947e-d7eeb2c779c5'),
 ('378', 'Asset', '1', '0', '2017-09-16 18:10:26', '2017-09-17 09:41:32', 'c7adad97-a71b-4bc9-98b5-ccf8b52b97a2'),
 ('379', 'Asset', '1', '0', '2017-09-16 19:46:03', '2017-09-17 14:03:46', '2178d422-faa8-450e-8e19-a23d42822817'),
 ('380', 'Asset', '1', '0', '2017-09-16 19:46:04', '2017-09-17 09:41:31', '6889a6ce-69ec-4fc8-949a-e083187dce9d'),
 ('381', 'Asset', '1', '0', '2017-09-16 19:46:36', '2017-09-17 09:41:58', '9047da1f-38ae-40cb-9b5f-eae2f8f121e0'),
 ('382', 'Asset', '1', '0', '2017-09-16 19:46:37', '2017-09-17 09:41:58', '3ff207f1-a4e0-4558-9cd7-66b4b444142a'),
 ('384', 'Venti_Event', '1', '0', '2017-09-16 21:50:54', '2017-09-17 12:31:27', 'cb860a79-080d-40bc-a41b-d7445dc1960b'),
 ('386', 'Asset', '1', '0', '2017-09-16 22:30:32', '2017-09-17 09:41:59', '988c69ef-2ccc-41c5-b8a8-e01263bf0584'),
 ('387', 'Venti_Event', '1', '0', '2017-09-16 22:31:41', '2017-09-17 12:07:57', 'e6aa37b6-581d-400e-94d9-1bb7b20f0789'),
 ('388', 'Venti_Event', '1', '0', '2017-09-16 22:37:49', '2017-09-17 12:07:57', 'd51a14b8-81ae-4f90-bf5e-e7794a0e2da2'),
 ('390', 'Asset', '1', '0', '2017-09-16 22:38:03', '2017-09-17 09:41:58', '1efe4411-e2a0-4478-812e-05ffc800e88a'),
 ('391', 'Asset', '1', '0', '2017-09-17 09:41:30', '2017-09-17 14:03:46', 'a0ee718e-70aa-4ef9-9e75-06d5137447cc'),
 ('392', 'Asset', '1', '0', '2017-09-17 09:41:31', '2017-09-17 14:03:46', '0615a1de-fa34-41f0-b42b-6bf744d60eb1'),
 ('393', 'Asset', '1', '0', '2017-09-17 14:03:46', '2017-09-17 14:03:46', '4f2e7d4a-1c26-4565-9f80-ce1b49552038');



DROP TABLE IF EXISTS `craft_elements_i18n`;


--
-- Schema for table `craft_elements_i18n`
--
CREATE TABLE `craft_elements_i18n` (
  `id` int(11) NOT NULL AUTO_INCREMENT,
  `elementId` int(11) NOT NULL,
  `locale` char(12) COLLATE utf8_unicode_ci NOT NULL,
  `slug` varchar(255) COLLATE utf8_unicode_ci DEFAULT NULL,
  `uri` varchar(255) COLLATE utf8_unicode_ci DEFAULT NULL,
  `enabled` tinyint(1) unsigned NOT NULL DEFAULT '1',
  `dateCreated` datetime NOT NULL,
  `dateUpdated` datetime NOT NULL,
  `uid` char(36) COLLATE utf8_unicode_ci NOT NULL DEFAULT '0',
  PRIMARY KEY (`id`),
  UNIQUE KEY `craft_elements_i18n_elementId_locale_unq_idx` (`elementId`,`locale`),
  UNIQUE KEY `craft_elements_i18n_uri_locale_unq_idx` (`uri`,`locale`),
  KEY `craft_elements_i18n_slug_locale_idx` (`slug`,`locale`),
  KEY `craft_elements_i18n_enabled_idx` (`enabled`),
  KEY `craft_elements_i18n_locale_fk` (`locale`)
) ENGINE=InnoDB AUTO_INCREMENT=394 DEFAULT CHARSET=utf8 COLLATE=utf8_unicode_ci;

--
-- Data for table `craft_elements_i18n`
--

INSERT INTO `craft_elements_i18n` (`id`, `elementId`, `locale`, `slug`, `uri`, `enabled`, `dateCreated`, `dateUpdated`, `uid`) VALUES
 ('1', '1', 'en_us', '', NULL, '1', '2017-08-24 19:10:37', '2017-08-24 22:29:09', 'fb02d71c-d7e4-40bd-a2ee-39d708c3bfb0'),
 ('7', '7', 'en_us', 'an-anglo-catholic-parish-in-manhattans-nomad-neighborhood', NULL, '1', '2017-08-25 13:52:11', '2017-09-01 11:23:11', '1ae4e492-1f51-4864-a114-95526dd2f5a5'),
 ('59', '59', 'en_us', 'your-quiet-moment-is-right-around-the-corner', NULL, '1', '2017-08-25 14:26:30', '2017-09-14 21:06:47', '62c42ca3-c65f-4a97-864e-be8eb96f970e'),
 ('60', '60', 'en_us', 'our-churchs-art-and-architecture-at-a-glance', NULL, '1', '2017-08-25 14:47:49', '2017-09-14 17:23:46', '4b042a3d-ee94-4ead-80f4-a130b58bb79d'),
 ('61', '61', 'en_us', 'introduction', '__home__', '1', '2017-08-25 16:28:45', '2017-09-14 21:36:54', 'ab8ec172-c231-49df-97ca-d831a4a1505a'),
 ('62', '62', 'en_us', 'who-we-are', NULL, '1', '2017-08-25 18:25:38', '2017-09-14 21:02:54', '67cd9c67-600b-4d51-80e5-b851b1d6cda7'),
 ('63', '63', 'en_us', 'liturgy', NULL, '1', '2017-08-25 18:49:23', '2017-09-14 21:01:53', '1feefbbe-b028-4d08-9bf8-714ff35e0ed7'),
 ('64', '64', 'en_us', 'music', NULL, '1', '2017-08-25 18:50:18', '2017-09-15 12:53:51', '9fb7cd4f-1e92-4c60-8c3d-f7bc28edb7c7'),
 ('65', '65', 'en_us', 'parish-life', NULL, '1', '2017-08-25 18:50:41', '2017-09-14 21:04:15', '297c082c-da93-435f-ac53-7035c540d216'),
 ('69', '69', 'en_us', 'welcome', 'about/welcome', '1', '2017-08-26 11:22:17', '2017-09-14 19:49:02', '8b3e08c8-80a2-4ac5-9684-967d4e95dfcd'),
 ('71', '71', 'en_us', '', NULL, '1', '2017-08-28 12:21:29', '2017-09-14 19:49:02', '77367a24-9a08-4e2d-b816-f9eaba471890'),
 ('76', '76', 'en_us', 'ian-betts', NULL, '1', '2017-08-28 15:15:47', '2017-09-17 09:28:21', '7f146255-5b7c-4cfa-aa14-2fd895169e8d'),
 ('78', '78', 'en_us', 'carl-avidano', NULL, '1', '2017-08-28 15:42:06', '2017-09-17 09:28:56', '1dcb8b89-0dd6-4525-9ffa-668b92f3ea95'),
 ('87', '87', 'en_us', 'who-we-are', 'about/who-we-are', '1', '2017-08-28 19:40:55', '2017-09-17 09:23:33', 'f3514a5f-1307-4afb-ab10-51a010cc9fbb'),
 ('88', '88', 'en_us', '', NULL, '1', '2017-08-28 19:41:48', '2017-09-17 09:23:33', '857bee37-3f4b-4b94-886f-015121a90433'),
 ('94', '94', 'en_us', 'good-things-come-in-threes', 'blog/2017/good-things-come-in-threes', '1', '2017-08-30 09:08:48', '2017-08-31 17:46:16', '410d93fa-4d01-4514-8a3d-b70a4e6e5e70'),
 ('107', '107', 'en_us', '', NULL, '1', '2017-08-30 13:55:36', '2017-08-31 17:46:16', '39c90646-c363-45e8-b985-8b922487a306'),
 ('108', '108', 'en_us', '', NULL, '1', '2017-08-30 14:03:42', '2017-08-31 17:46:16', 'b5b00bd9-b906-443d-bbfd-726f48545ca7'),
 ('111', '111', 'en_us', '', NULL, '1', '2017-08-30 14:11:22', '2017-08-31 17:46:16', 'f9231e46-7a6c-4d3a-9bfa-afc81ec28a95'),
 ('115', '115', 'en_us', 'this-is-another-article', 'blog/2017/this-is-another-article', '1', '2017-08-30 15:21:41', '2017-08-31 14:04:55', 'dddc901f-670a-42fb-9869-5c1bc8569e77'),
 ('116', '116', 'en_us', '', NULL, '1', '2017-08-30 15:21:41', '2017-08-31 14:04:55', 'd9e02b64-8702-48cc-bf61-0260e788bb37'),
 ('122', '122', 'en_us', '', NULL, '1', '2017-08-30 23:13:51', '2017-08-31 17:46:16', '2a2572f0-bbf3-443d-b8c1-c88c725695b6'),
 ('123', '123', 'en_us', '', NULL, '1', '2017-08-30 23:13:51', '2017-08-31 17:46:16', '3efd9a84-9d0e-453a-8fa9-1cdf0bf727e1'),
 ('126', '126', 'en_us', '', NULL, '1', '2017-08-30 23:20:46', '2017-08-31 17:46:16', '5f241253-7e9a-4f42-a81e-7d9748c59a84'),
 ('131', '131', 'en_us', 'marquee-01', NULL, '1', '2017-08-31 11:24:59', '2017-09-17 09:41:49', '8bbd8cd8-3873-4c27-b378-eac089f81ab6'),
 ('132', '132', 'en_us', 'marquee-02', NULL, '1', '2017-08-31 11:24:59', '2017-09-17 09:41:49', '8894fc7c-ebc5-4119-b203-51dace810515'),
 ('133', '133', 'en_us', 'marquee-03', NULL, '1', '2017-08-31 11:25:00', '2017-09-17 09:41:50', '71dc4fb5-e906-4742-9c28-0567be3c3265'),
 ('138', '138', 'en_us', 'liturgy', NULL, '1', '2017-08-31 11:35:10', '2017-09-17 09:41:53', '9d2f234a-af0e-4db7-812d-6ad088154bf7'),
 ('139', '139', 'en_us', 'music', NULL, '1', '2017-08-31 11:35:10', '2017-09-17 09:41:54', '4bebc8f7-3ae6-4369-9378-3b6abf4c79e6'),
 ('140', '140', 'en_us', 'parish-life', NULL, '1', '2017-08-31 11:35:11', '2017-09-17 09:41:54', 'c8cc56c3-bdae-43ef-bbf2-8952f6d1c8e2'),
 ('141', '141', 'en_us', 'who-we-are', NULL, '1', '2017-08-31 11:35:11', '2017-09-17 09:41:54', 'f151c4b5-8e8e-414b-8839-bd2d86153d0b'),
 ('142', '142', 'en_us', 'bio-ian-betts', NULL, '1', '2017-08-31 11:39:21', '2017-09-17 14:03:39', 'ee5cb440-bfd6-4ec8-8b47-77f63b7938cb'),
 ('144', '144', 'en_us', 'edwin-booth-window-verticle', NULL, '1', '2017-08-31 11:39:22', '2017-09-17 14:03:40', 'b2e9e241-8b82-4762-9b84-2fd0745f5cd3'),
 ('145', '145', 'en_us', 'bio-john-david-van-dooren', NULL, '1', '2017-08-31 11:39:22', '2017-09-17 14:03:40', '105f88eb-217c-47ec-a0d2-cc8fb4818f55'),
 ('146', '146', 'en_us', 'fr-patrick-and-dog', NULL, '1', '2017-08-31 11:39:22', '2017-09-17 14:03:40', 'cc3af603-2be8-4082-aab3-1e2505c08f47'),
 ('147', '147', 'en_us', 'fr-patrick-and-dog', NULL, '1', '2017-08-31 11:39:22', '2017-09-17 14:03:41', '668ac40d-733e-4535-b998-68c7dccd95f3'),
 ('148', '148', 'en_us', 'placeholder', NULL, '1', '2017-08-31 11:39:23', '2017-09-17 14:03:41', '88b610ee-d3de-427f-ab43-7e03ff91e269'),
 ('149', '149', 'en_us', 'richard-upjohn-brass-filigree-pulpit', NULL, '1', '2017-08-31 11:39:23', '2017-09-17 14:03:41', 'cf0c93aa-f3eb-4242-94ae-52cffc265287'),
 ('150', '150', 'en_us', 'blog-01', NULL, '1', '2017-08-31 11:39:23', '2017-09-17 14:03:42', '4a2117f3-078a-4e6d-bf7f-3251b0d1422d'),
 ('151', '151', 'en_us', 'btn-facebook', NULL, '1', '2017-08-31 11:39:23', '2017-09-17 14:03:42', 'd9b3b081-2b3a-4681-9d3d-f18d8fad071c'),
 ('152', '152', 'en_us', 'btn-facebook', NULL, '1', '2017-08-31 11:39:24', '2017-09-17 14:03:42', 'eb7eb3b5-d30d-40fc-8639-6a8942d6485d'),
 ('153', '153', 'en_us', 'btn-instagram', NULL, '1', '2017-08-31 11:39:24', '2017-09-17 14:03:42', '34fcb234-9564-4caa-856c-8a9fbec51ca3'),
 ('154', '154', 'en_us', 'btn-instagram', NULL, '1', '2017-08-31 11:39:24', '2017-09-17 14:03:42', '31ee5337-5e6d-455a-9349-a47cf15847b3'),
 ('155', '155', 'en_us', 'btn-share-email', NULL, '1', '2017-08-31 11:39:24', '2017-09-17 14:03:42', '67d3ec50-aeee-471e-b65e-c29d607b060d'),
 ('156', '156', 'en_us', 'btn-share-email', NULL, '1', '2017-08-31 11:39:24', '2017-09-17 14:03:43', '3a130677-54b9-4928-9faf-b72691238e32'),
 ('157', '157', 'en_us', 'btn-share-facebook', NULL, '1', '2017-08-31 11:39:25', '2017-09-17 14:03:43', '65268af2-a79d-430b-abb8-f6414a6bbaaf'),
 ('158', '158', 'en_us', 'btn-share-facebook', NULL, '1', '2017-08-31 11:39:25', '2017-09-17 14:03:43', 'ebe786e8-04fb-45a7-8644-d2faa8b08f15'),
 ('159', '159', 'en_us', 'btn-share-google-plus', NULL, '1', '2017-08-31 11:39:25', '2017-09-17 14:03:43', '95250e20-75b4-4cc2-aece-67518a0ccde7'),
 ('160', '160', 'en_us', 'btn-share-google-plus', NULL, '1', '2017-08-31 11:39:25', '2017-09-17 14:03:43', '1dbb4e7e-6d61-4102-9ccd-90419ff9a5f8'),
 ('161', '161', 'en_us', 'btn-share-twitter', NULL, '1', '2017-08-31 11:39:25', '2017-09-17 14:03:43', '72d75a89-a2a1-4134-8102-9f7aab680579'),
 ('162', '162', 'en_us', 'btn-share-twitter', NULL, '1', '2017-08-31 11:39:26', '2017-09-17 14:03:44', '8e702a7e-d191-4570-b312-0b9b59ba98eb'),
 ('163', '163', 'en_us', 'btn-toggle-menu', NULL, '1', '2017-08-31 11:39:26', '2017-09-17 14:03:44', '504560ca-6b83-4aef-aa2c-df93349ef228'),
 ('164', '164', 'en_us', 'btn-toggle-menu', NULL, '1', '2017-08-31 11:39:26', '2017-09-17 14:03:44', '2393419d-fb4a-43b1-9452-c1924905aba2'),
 ('165', '165', 'en_us', 'btn-twiiter', NULL, '1', '2017-08-31 11:39:26', '2017-09-17 14:03:44', 'a3420aa1-deec-4cb5-944e-a2d99415b69c'),
 ('166', '166', 'en_us', 'btn-twiiter', NULL, '1', '2017-08-31 11:39:26', '2017-09-17 14:03:44', '726f48b3-9ed2-43ee-9dda-8244de701ca4'),
 ('167', '167', 'en_us', 'btn-twitter', NULL, '1', '2017-08-31 11:39:27', '2017-09-17 14:03:44', 'd94a9478-bc61-4087-ab6f-679d850d57ee'),
 ('168', '168', 'en_us', 'btn-twitter', NULL, '1', '2017-08-31 11:39:27', '2017-09-17 14:03:45', 'a85d3e8a-cdea-4d19-80ba-c1df130fd867'),
 ('169', '169', 'en_us', 'btn-youtube', NULL, '1', '2017-08-31 11:39:27', '2017-09-17 14:03:45', '487bb9b4-b0af-4361-9034-aa06de5c1052'),
 ('170', '170', 'en_us', 'btn-youtube', NULL, '1', '2017-08-31 11:39:27', '2017-09-17 14:03:45', '9e7d63ff-6ecb-4a84-815e-88a993b9bbe5'),
 ('171', '171', 'en_us', 'episcopal-badge', NULL, '1', '2017-08-31 11:39:27', '2017-09-17 14:03:45', '4babb2bb-5c01-4382-9ec4-d72d25a3bd47'),
 ('172', '172', 'en_us', 'episcopal-badge', NULL, '1', '2017-08-31 11:39:28', '2017-09-17 14:03:45', 'a9d7dfbf-7943-4b38-80d2-3a1aae3a6c21'),
 ('173', '173', 'en_us', 'feature-little-church', NULL, '1', '2017-08-31 11:39:28', '2017-09-17 09:41:31', '7b6b2e09-24be-4196-a2a7-32aee85fb391'),
 ('174', '174', 'en_us', 'figure-window', NULL, '1', '2017-08-31 11:39:28', '2017-09-17 09:41:32', '44dd5ce0-a351-4284-bbe8-b071a6ca822f'),
 ('175', '175', 'en_us', 'figure-window', NULL, '1', '2017-08-31 11:39:28', '2017-09-17 09:41:32', 'dd98d640-ab30-4fe4-a5a0-5a5692a14e51'),
 ('176', '176', 'en_us', 'hero-welcome', NULL, '1', '2017-08-31 11:39:29', '2017-09-17 09:41:35', '28f33d86-8ce8-48d8-8dc3-b4db2d9585ad'),
 ('177', '177', 'en_us', 'hero-who-we-are', NULL, '1', '2017-08-31 11:39:29', '2017-09-17 09:41:35', 'f6a29c69-cb87-46f6-901d-fd7ef4dbbe59'),
 ('178', '178', 'en_us', 'hero-our-history', NULL, '1', '2017-08-31 11:39:29', '2017-09-17 09:41:36', '7d3daa3a-2496-4dcf-9407-5d50e05ff7cf'),
 ('180', '180', 'en_us', 'hero-welcome', NULL, '1', '2017-08-31 11:39:30', '2017-09-17 09:41:36', '5e23a9f9-185e-4360-832c-d196fb77ffd9'),
 ('181', '181', 'en_us', 'hero-who-we-are', NULL, '1', '2017-08-31 11:39:30', '2017-09-17 09:41:36', 'bac6e7b5-d90e-4498-b5e6-d47744be96a9'),
 ('182', '182', 'en_us', 'hero-worship-schedule', NULL, '1', '2017-08-31 11:39:30', '2017-09-17 09:41:36', 'd41c0b3b-5002-484e-b643-271ecb8edb60'),
 ('183', '183', 'en_us', 'little-church-logo', NULL, '1', '2017-08-31 11:39:31', '2017-09-17 09:41:37', 'e5cbb376-497e-422e-91c4-7fe8d2a06775'),
 ('184', '184', 'en_us', 'little-church-logo', NULL, '1', '2017-08-31 11:39:31', '2017-09-17 09:41:37', '0c8ae91e-6a2c-45bb-97ff-e9a56516aeaf'),
 ('185', '185', 'en_us', 'marquee-01', NULL, '1', '2017-08-31 11:39:31', '2017-09-17 09:41:37', '3285a098-a303-40ac-ae75-a2ec619d6d7e'),
 ('186', '186', 'en_us', 'marquee-02', NULL, '1', '2017-08-31 11:39:31', '2017-09-17 09:41:37', 'a8ae5e2a-6c09-4f93-a7d6-47db322dea52'),
 ('187', '187', 'en_us', 'marquee-03', NULL, '1', '2017-08-31 11:39:32', '2017-09-17 09:41:38', 'b943fb99-6c19-4d03-b2bb-cbf52e831ec8'),
 ('188', '188', 'en_us', 'marquee-01', NULL, '1', '2017-08-31 11:39:32', '2017-09-17 09:41:38', '1162fd90-4a3f-4bc3-960c-e54778b101b0'),
 ('189', '189', 'en_us', 'marquee-02', NULL, '1', '2017-08-31 11:39:32', '2017-09-17 09:41:38', 'd758ee01-6246-4d1b-b5dc-67a85cedf9aa'),
 ('190', '190', 'en_us', 'marquee-03', NULL, '1', '2017-08-31 11:39:33', '2017-09-17 09:41:39', '685dd516-2b1e-4101-a77b-207ca442eece'),
 ('191', '191', 'en_us', 'liturgy', NULL, '1', '2017-08-31 11:39:33', '2017-09-17 09:41:39', '5ccffbbc-e55b-4e80-b8d7-7fdb0f67c865'),
 ('192', '192', 'en_us', 'music', NULL, '1', '2017-08-31 11:39:33', '2017-09-17 09:41:39', '986a1a19-2f26-40dc-8923-dc56c9b15dbf'),
 ('193', '193', 'en_us', 'parish-life', NULL, '1', '2017-08-31 11:39:33', '2017-09-17 09:41:39', 'a30c74b3-9cde-4bfc-b1d5-6dc25edc4493'),
 ('194', '194', 'en_us', 'who-we-are', NULL, '1', '2017-08-31 11:39:34', '2017-09-17 09:41:40', '40375aac-a000-483a-8946-bd323a6116d5'),
 ('195', '195', 'en_us', '01', NULL, '1', '2017-08-31 11:39:34', '2017-09-17 09:41:40', '047cb6c2-00d9-4814-ad09-914cb918245a'),
 ('196', '196', 'en_us', '02', NULL, '1', '2017-08-31 11:39:34', '2017-09-17 09:41:40', 'a652bb09-1636-4fc6-8499-7f350c533215'),
 ('197', '197', 'en_us', '03', NULL, '1', '2017-08-31 11:39:35', '2017-09-17 09:41:41', 'a75c8b42-2019-4100-a6da-dac23b4c1ca2'),
 ('198', '198', 'en_us', '04', NULL, '1', '2017-08-31 11:39:35', '2017-09-17 09:41:41', '56d41741-6cd3-49df-befa-15f107058545'),
 ('199', '199', 'en_us', '05', NULL, '1', '2017-08-31 11:39:35', '2017-09-17 09:41:41', 'b8843065-a035-4549-b0e3-242a9a1e2d9a'),
 ('200', '200', 'en_us', '06', NULL, '1', '2017-08-31 11:39:36', '2017-09-17 09:41:42', '33621415-0b76-4763-b710-703a72a27a6a'),
 ('201', '201', 'en_us', '07', NULL, '1', '2017-08-31 11:39:36', '2017-09-17 09:41:42', '0275babf-93f0-4f61-a233-5ea46d3919c2'),
 ('202', '202', 'en_us', 'wheelchair-access', NULL, '1', '2017-08-31 11:39:36', '2017-09-17 09:41:42', '7ff35f0a-55e4-4043-abf7-f89ba1ae4101'),
 ('203', '203', 'en_us', 'wheelchair-access', NULL, '1', '2017-08-31 11:39:37', '2017-09-17 09:41:42', '1f4e58ce-8e2a-41f1-8165-adb4784ef35f'),
 ('204', '204', 'en_us', 'figure-window', NULL, '1', '2017-08-31 11:39:37', '2017-09-17 09:41:43', '6417ae0f-0434-467d-9cf4-1f8b46e2a7aa'),
 ('205', '205', 'en_us', 'blog-01', NULL, '1', '2017-08-31 11:39:37', '2017-09-17 09:41:44', '236f49d5-88a7-4ae4-96e9-8e2dccc75d9b'),
 ('206', '206', 'en_us', 'fr-patrick-and-dog', NULL, '1', '2017-08-31 11:39:38', '2017-09-17 09:41:43', 'fe019bbe-1c5d-4553-83ee-946399746c5b'),
 ('207', '207', 'en_us', 'hero-welcome', NULL, '1', '2017-08-31 11:39:38', '2017-09-17 09:41:48', '64031298-bf3f-41a4-8020-bfe439dd7b58'),
 ('208', '208', 'en_us', 'hero-who-we-are', NULL, '1', '2017-08-31 11:39:39', '2017-09-17 09:41:48', '4a2a0998-48e3-4820-b4b2-09655647d64d'),
 ('209', '209', 'en_us', 'bio-ian-betts', NULL, '1', '2017-08-31 11:39:40', '2017-09-17 09:41:50', 'a9a219fb-54ce-44df-9e6d-da901581cbd1'),
 ('210', '210', 'en_us', 'bio-john-david-van-dooren', NULL, '1', '2017-08-31 11:39:41', '2017-09-17 09:41:51', '19af0b06-0352-4d91-be09-e19e41d618fc'),
 ('211', '211', 'en_us', 'edwin-booth-window-verticle', NULL, '1', '2017-08-31 11:39:41', '2017-09-17 09:41:51', 'f9433e6d-9d4a-4042-982e-e3cb8be26d9b'),
 ('213', '213', 'en_us', 'fr-patrick-and-dog', NULL, '1', '2017-08-31 11:39:42', '2017-09-17 09:41:52', '2a7adcaf-ea97-4c72-9999-97ebda9aa12c');
INSERT INTO `craft_elements_i18n` (`id`, `elementId`, `locale`, `slug`, `uri`, `enabled`, `dateCreated`, `dateUpdated`, `uid`) VALUES
 ('214', '214', 'en_us', 'fr-patrick-and-dog', NULL, '1', '2017-08-31 11:39:42', '2017-09-17 09:41:52', 'f1fb601f-df6b-463e-a0f8-666b05dcac3e'),
 ('215', '215', 'en_us', 'placeholder', NULL, '1', '2017-08-31 11:39:42', '2017-09-17 09:41:53', '38c3c435-1e8a-469c-8e8e-d67b702711d4'),
 ('216', '216', 'en_us', 'richard-upjohn-brass-filigree-pulpit', NULL, '1', '2017-08-31 11:39:43', '2017-09-17 09:41:53', '894b3257-07ca-49d8-8bc3-3d548a1cdbbe'),
 ('218', '218', 'en_us', '', NULL, '1', '2017-08-31 11:49:46', '2017-08-31 17:46:16', '6cd87004-33ff-4e5c-988c-291763674064'),
 ('219', '219', 'en_us', 'ralph-adams-cram-madonna-shrine', NULL, '1', '2017-08-31 13:41:24', '2017-09-17 14:03:41', '1d9a5199-dafc-4fef-8c51-dba92f6c1e9b'),
 ('220', '220', 'en_us', 'ralph-adams-cram-madonna-shrine', NULL, '1', '2017-08-31 13:41:41', '2017-09-17 09:41:52', 'ae75c78b-abf0-43ab-9ee8-a172b329429d'),
 ('221', '221', 'en_us', 'the-garden', 'blog/2017/the-garden', '1', '2017-08-31 14:07:29', '2017-08-31 14:24:08', 'e96e23de-73d4-45a5-ace1-6dcf60024d55'),
 ('223', '223', 'en_us', 'the-garden', NULL, '1', '2017-08-31 14:20:29', '2017-09-17 09:41:43', 'e5a41704-3a7e-493e-a01f-ec610147f8aa'),
 ('224', '224', 'en_us', '', NULL, '1', '2017-08-31 14:22:23', '2017-08-31 14:24:08', '3e90e5aa-def5-4b11-90d2-7b0a011a3c60'),
 ('225', '225', 'en_us', 'the-garden', NULL, '1', '2017-08-31 17:47:59', '2017-09-17 14:03:41', '7eb5b75a-8772-414b-93b3-6527bf3aad3f'),
 ('226', '226', 'en_us', 'the-garden', NULL, '1', '2017-08-31 17:48:24', '2017-09-17 09:41:52', '66739f44-7800-4eca-8cd8-34102ca1bd12'),
 ('227', '227', 'en_us', 'feature-little-church', NULL, '1', '2017-08-31 18:50:03', '2017-09-17 09:41:54', '627fcba7-259e-42a4-8fd6-f02c8637148e'),
 ('228', '228', 'en_us', 'feature-little-church', NULL, '1', '2017-08-31 19:05:48', '2017-09-17 09:41:32', '4ec16380-87f2-4ca8-98f6-a45a5aed681f'),
 ('229', '229', 'en_us', 'fr-patrick-cheng', NULL, '1', '2017-08-31 19:57:03', '2017-09-17 09:28:41', '06dfad5c-e9e6-42a1-83fa-d32a076436b3'),
 ('231', '231', 'en_us', 'hero-our-mission', NULL, '1', '2017-08-31 20:22:40', '2017-09-17 09:41:47', '07948d84-c11d-4da0-9b76-349109d35353'),
 ('234', '234', 'en_us', 'our-history', 'about/our-history', '1', '2017-08-31 20:27:54', '2017-09-13 09:18:42', '0a949f16-3580-4ca1-a313-b0bf36c10aec'),
 ('235', '235', 'en_us', 'hero-our-history', NULL, '1', '2017-08-31 20:28:29', '2017-09-17 09:41:47', '490807fe-7c7f-4d0c-a677-8272c68ddc6b'),
 ('236', '236', 'en_us', '', NULL, '1', '2017-08-31 20:29:51', '2017-09-04 20:58:26', 'ed43fb2c-163b-4ed8-a06e-2e410177468f'),
 ('238', '238', 'en_us', 'hero-parish-life', NULL, '1', '2017-08-31 20:33:51', '2017-09-17 09:41:47', 'fd4873d1-d0a3-46a0-ab4d-0f6b8b61676e'),
 ('239', '239', 'en_us', 'parish-life', 'about/parish-life', '1', '2017-08-31 20:36:16', '2017-09-16 23:19:26', 'bb6253c7-2b88-4c16-9be3-bdb5f47b0516'),
 ('240', '240', 'en_us', '', NULL, '1', '2017-08-31 20:36:16', '2017-09-16 23:19:26', '01693aeb-4173-42b4-8a9c-14cbbc5f68d5'),
 ('243', '243', 'en_us', 'hero-worship-schedule', NULL, '1', '2017-09-01 10:10:20', '2017-09-17 09:41:48', '9ffec3e1-12b1-409d-a05a-bcca3960232e'),
 ('244', '244', 'en_us', 'worship-schedule', 'worship/worship-schedule', '1', '2017-09-01 10:13:15', '2017-09-14 19:22:55', '22895e0f-d545-432e-bc92-a131d001ba17'),
 ('245', '245', 'en_us', '', NULL, '1', '2017-09-01 10:13:16', '2017-09-14 19:22:55', 'c53d20b7-549e-4fe2-884d-d1b1afca7fa7'),
 ('246', '246', 'en_us', 'hero-liturgy', NULL, '1', '2017-09-01 11:19:33', '2017-09-17 09:41:33', 'dabee434-e068-4142-aa7e-491983e017cb'),
 ('247', '247', 'en_us', 'hero-our-history', NULL, '1', '2017-09-01 11:19:33', '2017-09-17 09:41:34', '1c1ce54d-2e71-48e2-b173-05e7453fb187'),
 ('248', '248', 'en_us', 'hero-our-mission', NULL, '1', '2017-09-01 11:19:33', '2017-09-17 09:41:34', '08e0a0a2-e3b7-4a42-a7ea-00b34cc0eb1d'),
 ('249', '249', 'en_us', 'hero-parish-life', NULL, '1', '2017-09-01 11:19:34', '2017-09-17 09:41:34', 'bd09b3b5-f051-4b4e-9e23-72557bedd515'),
 ('250', '250', 'en_us', 'hero-worship-schedule', NULL, '1', '2017-09-01 11:19:34', '2017-09-17 09:41:35', '882fef2c-e05f-4f78-91cf-8a2ac0bdcd3a'),
 ('251', '251', 'en_us', 'hero-liturgy', NULL, '1', '2017-09-01 11:19:43', '2017-09-17 09:41:44', 'ee8ed719-cb1e-47ba-b6b7-1839d04cac43'),
 ('253', '253', 'en_us', '01', NULL, '1', '2017-09-01 11:44:52', '2017-09-17 09:41:55', '5d74fb60-52e6-446a-8d88-815d63c0cc83'),
 ('254', '254', 'en_us', 'lich-gate', 'virtual-tour/lich-gate', '1', '2017-09-01 11:45:08', '2017-09-14 18:15:16', '16a45de9-ff29-4f6b-993d-627e68d74302'),
 ('261', '261', 'en_us', '02', NULL, '1', '2017-09-01 11:46:08', '2017-09-17 09:41:56', 'df5138da-18c7-4b7c-98dd-54626cb2fb50'),
 ('262', '262', 'en_us', '03', NULL, '1', '2017-09-01 11:46:09', '2017-09-17 09:41:55', 'b355f3ee-07af-4439-a4a3-cfed161589c5'),
 ('263', '263', 'en_us', '04', NULL, '1', '2017-09-01 11:46:09', '2017-09-17 09:41:55', 'f537b19f-dcf2-4a8b-bf1a-b5c7301bf344'),
 ('264', '264', 'en_us', '05', NULL, '1', '2017-09-01 11:46:09', '2017-09-17 09:41:56', '6cea5025-8e50-4c52-8d2a-fe08827a6734'),
 ('265', '265', 'en_us', '06', NULL, '1', '2017-09-01 11:46:10', '2017-09-17 09:41:56', '00412719-2313-4f4a-9d8e-d0e0c1bfc30d'),
 ('266', '266', 'en_us', '07', NULL, '1', '2017-09-01 11:46:10', '2017-09-17 09:41:56', '3d56b82f-f256-468e-97a9-70d6fc11f33a'),
 ('267', '267', 'en_us', 'holy-family-chapel', 'virtual-tour/holy-family-chapel', '1', '2017-09-01 11:46:35', '2017-09-14 18:17:34', 'ad7e8a66-ef0d-4d28-882c-e418ef1db4c6'),
 ('268', '268', 'en_us', 'sir-richard-westmacott-madonna', 'virtual-tour/sir-richard-westmacott-madonna', '1', '2017-09-01 11:47:05', '2017-09-14 18:18:52', '8db9df57-db4b-41c9-a6a0-51d5c16d7c65'),
 ('269', '269', 'en_us', '', NULL, '1', '2017-09-04 20:55:33', '2017-09-04 20:58:26', 'f7a2f222-dea6-49f5-9abe-0c24d1fcd2af'),
 ('270', '270', 'en_us', '', NULL, '1', '2017-09-04 20:56:38', '2017-09-04 20:58:26', 'd1ffbfcc-3200-4ce8-a7a5-38fec8466b3c'),
 ('271', '271', 'en_us', 'outreach', 'about/outreach', '1', '2017-09-05 14:56:51', '2017-09-16 16:19:52', '58d0516d-d03f-45e4-912b-a2700912ceee'),
 ('272', '272', 'en_us', '', NULL, '1', '2017-09-05 15:02:17', '2017-09-16 16:19:52', '120f575a-0602-473b-9df0-4b397bfa3e5c'),
 ('273', '273', 'en_us', 'hero-visit', NULL, '1', '2017-09-06 16:31:55', '2017-09-17 09:41:36', '652975cc-79e8-4df6-bf19-f952ead35a2c'),
 ('274', '274', 'en_us', 'select-arrows', NULL, '1', '2017-09-06 16:31:59', '2017-09-17 09:41:40', '65fca0da-bbc7-4d70-9b8e-3d79f4568799'),
 ('275', '275', 'en_us', 'select-arrows', NULL, '1', '2017-09-06 16:31:59', '2017-09-17 09:41:40', 'ba577e62-a5fc-4b4e-a764-8751da89ea9c'),
 ('278', '278', 'en_us', 'events-landing', 'events', '1', '2017-09-06 18:06:17', '2017-09-06 18:06:17', '1d89a6bb-a9f2-48bb-81e7-10f58032b611'),
 ('287', '287', 'en_us', 'audio-sermons', 'worship/audio-sermons', '1', '2017-09-12 09:46:39', '2017-09-12 19:11:02', '74d5c419-f239-4268-bec9-7d14045d0a95'),
 ('288', '288', 'en_us', '', NULL, '1', '2017-09-12 09:46:39', '2017-09-12 19:11:02', '682bba2f-793d-406e-b188-6ceede3a7413'),
 ('289', '289', 'en_us', 'the-fourteenth-sunday-after-pentecost', NULL, '1', '2017-09-12 10:24:17', '2017-09-12 16:50:56', '16f14a93-637d-4df4-8429-607d595a5cfc'),
 ('295', '295', 'en_us', '08-06-17', NULL, '1', '2017-09-12 16:46:27', '2017-09-17 09:41:57', '708b9b64-d462-418f-8178-644ba99175a1'),
 ('296', '296', 'en_us', '08-27-17', NULL, '1', '2017-09-12 16:46:28', '2017-09-17 09:41:57', '1a076fbb-529b-49fa-beac-13f90c70f84b'),
 ('297', '297', 'en_us', '08-20-17', NULL, '1', '2017-09-12 16:46:28', '2017-09-17 09:41:57', '977f8777-978b-4e86-88a1-01f2244fc024'),
 ('298', '298', 'en_us', '08-13-17', NULL, '1', '2017-09-12 16:46:28', '2017-09-17 09:41:57', 'e5151827-c2d2-4677-9683-3c5ec44289f9'),
 ('299', '299', 'en_us', '09-03-17', NULL, '1', '2017-09-12 16:46:28', '2017-09-17 09:41:58', 'dc208453-6463-4129-88c4-8a07fe307120'),
 ('301', '301', 'en_us', '09-10-17', NULL, '1', '2017-09-12 16:49:43', '2017-09-17 09:41:58', 'c59c7b74-9d4d-43c5-9e54-e1cd1b5b0700'),
 ('302', '302', 'en_us', 'the-thirteenth-sunday-after-pentecost', NULL, '1', '2017-09-12 16:50:42', '2017-09-12 16:53:13', '6c20d767-bd6c-4cc4-91ec-57276e30ff17'),
 ('303', '303', 'en_us', 'the-twelfth-sunday-after-pentecost', NULL, '1', '2017-09-12 16:54:31', '2017-09-12 16:54:31', 'c2a83bb0-d8bc-47a7-bb5e-ff50b7ed3e9c'),
 ('304', '304', 'en_us', 'the-eleventh-sunday-after-pentecost', NULL, '1', '2017-09-12 16:58:27', '2017-09-12 17:00:22', '8028922b-dc5f-484d-b763-cbf4fa05bd36'),
 ('309', '309', 'en_us', 'bio-patrick-cheng', NULL, '1', '2017-09-13 07:16:26', '2017-09-17 09:41:51', 'b4e8eb57-35d1-45e7-8cfc-8b74fb3aef45'),
 ('311', '311', 'en_us', 'bio-warren-c-platt', NULL, '1', '2017-09-13 07:17:45', '2017-09-17 09:41:51', '4a09a6be-09fe-47e4-b470-ad2c58956399'),
 ('313', '313', 'en_us', 'bio-grace-kobryn', NULL, '1', '2017-09-13 07:19:39', '2017-09-17 09:41:50', '837fcc1a-37d3-47be-8099-f88740914271'),
 ('315', '315', 'en_us', 'bio-claudia-dumschat', NULL, '1', '2017-09-13 07:27:13', '2017-09-17 09:41:50', '817250da-548f-40f6-a608-aae5e75da0bc'),
 ('316', '316', 'en_us', 'bio-claudia-dumschat', NULL, '1', '2017-09-13 07:27:29', '2017-09-17 14:03:39', 'ce1442eb-b23d-447d-85a4-335a23de80d9'),
 ('317', '317', 'en_us', 'bio-grace-kobryn', NULL, '1', '2017-09-13 07:27:29', '2017-09-17 14:03:39', 'ab37dbf8-133a-4ea2-abe9-a8b9b9d355a2'),
 ('318', '318', 'en_us', 'bio-patrick-cheng', NULL, '1', '2017-09-13 07:27:30', '2017-09-17 14:03:40', '88a7c811-5048-4767-88ee-63ab591ce8d1'),
 ('319', '319', 'en_us', 'bio-warren-c-platt', NULL, '1', '2017-09-13 07:27:30', '2017-09-17 14:03:40', '3ba2097c-6ea3-4bb9-9db3-84cfec5285c3'),
 ('321', '321', 'en_us', 'fr-warren-c-platt', NULL, '1', '2017-09-13 08:49:10', '2017-09-17 09:28:01', '525b4e7c-4848-49df-8528-9efa7176e4a3'),
 ('322', '322', 'en_us', 'grace-kobryn', NULL, '1', '2017-09-13 08:53:46', '2017-09-17 09:35:08', '72feb191-b01b-40b4-a573-daff52ec8adb'),
 ('323', '323', 'en_us', '', NULL, '1', '2017-09-13 08:53:56', '2017-09-17 09:23:33', '20526f78-b507-4d22-ab9c-c912fa6af074'),
 ('324', '324', 'en_us', 'music-at-transfiguration', 'music/music-at-transfiguration', '1', '2017-09-13 09:19:39', '2017-09-13 10:52:00', '9444b492-a570-4ab1-906c-5cb0d8c907fe'),
 ('326', '326', 'en_us', 'hero-music-at-transfiguration', NULL, '1', '2017-09-13 09:26:39', '2017-09-17 09:41:46', '9b1ba3bb-3d1f-4ede-ad4a-9b271ab7d9ab'),
 ('328', '328', 'en_us', 'hero-organist-and-choirmaster', NULL, '1', '2017-09-13 09:40:28', '2017-09-17 09:41:46', 'ba245a14-8982-411e-b19b-f847c43bde59'),
 ('329', '329', 'en_us', 'organist-and-choirmaster', 'music/organist-and-choirmaster', '1', '2017-09-13 09:42:08', '2017-09-13 10:47:26', '8fa3e953-20ac-4463-929d-b9ed13f0899a'),
 ('330', '330', 'en_us', '', NULL, '1', '2017-09-13 09:42:53', '2017-09-13 10:47:26', '9ebb03e9-fa6a-4c08-a923-4ad573f9cf17'),
 ('331', '331', 'en_us', 'hero-music-at-transfiguration', NULL, '1', '2017-09-13 10:21:08', '2017-09-17 09:41:33', 'afae1b05-6a18-4259-a169-62bb897d6972'),
 ('332', '332', 'en_us', 'hero-organist-and-choirmaster', NULL, '1', '2017-09-13 10:21:08', '2017-09-17 09:41:34', 'e9e14787-e09b-4f77-9605-b1e021c51fe8'),
 ('333', '333', 'en_us', 'concert-series', 'music/concert-series', '1', '2017-09-13 10:34:14', '2017-09-13 11:50:57', '56d9a369-4aac-413e-a17d-c1e33b91c27e'),
 ('335', '335', 'en_us', 'figure-organ', NULL, '1', '2017-09-13 10:40:09', '2017-09-17 09:41:43', 'bcc348e4-4217-4878-8d1d-41905f7efe52'),
 ('336', '336', 'en_us', '', NULL, '1', '2017-09-13 10:42:19', '2017-09-13 10:47:26', '25789d78-7e97-45ea-a28e-70843ad2492a'),
 ('337', '337', 'en_us', '', NULL, '1', '2017-09-13 10:45:04', '2017-09-13 10:47:26', '575ffe90-78f7-4276-9b0f-3bc53cbe8561'),
 ('339', '339', 'en_us', 'hero-concert-series', NULL, '1', '2017-09-13 10:56:17', '2017-09-17 09:41:45', 'f5903153-a8ce-49f4-abbc-85c6aa6e5f93'),
 ('340', '340', 'en_us', '', NULL, '1', '2017-09-13 11:04:37', '2017-09-13 11:50:57', '855677e2-9af2-43ca-bce6-44ee3b7caf33'),
 ('342', '342', 'en_us', 'figure-organ', NULL, '1', '2017-09-13 14:39:28', '2017-09-17 09:41:32', '51ff0305-6f03-4b99-9fec-c39e30bc48e5'),
 ('343', '343', 'en_us', 'hero-concert-series', NULL, '1', '2017-09-13 14:39:29', '2017-09-17 09:41:33', 'f3ec5f4f-8dbd-433f-a54c-1eb41d1dc917'),
 ('344', '344', 'en_us', 'midday-music', 'event/midday-music/2017-09-12', '1', '2017-09-14 08:25:26', '2017-09-17 12:07:50', 'fd977a84-3d88-4416-acff-3ae895b88e4c'),
 ('345', '345', 'en_us', 'midday-music', 'event/midday-music/2017-09-19', '1', '2017-09-14 08:41:25', '2017-09-17 12:07:50', '46a5a618-3aaf-47e6-96ef-f5b49f35cb81'),
 ('346', '346', 'en_us', 'new-venti-event', 'event/new-venti-event/2017-09-26', '1', '2017-09-14 08:44:20', '2017-09-17 12:07:50', '7593338b-77a7-4a3e-96ed-685ee2dfff10'),
 ('347', '347', 'en_us', 'midday-music', 'event/midday-music/2017-10-03', '1', '2017-09-14 08:47:28', '2017-09-17 12:07:50', '0c20622d-faf7-4464-9d85-b08ac4fc8c46'),
 ('348', '348', 'en_us', 'solemn-mass', 'event/solemn-mass/2017-08-27', '1', '2017-09-14 08:55:46', '2017-09-17 12:08:43', '5581bd3c-258b-4736-9ee8-d0db5377fc9f'),
 ('349', '349', 'en_us', 'morning-prayer', 'event/morning-prayer/2017-09-01', '1', '2017-09-14 08:58:26', '2017-09-17 12:09:08', 'e8a9d6ff-2d93-4e96-9353-54c3866b4e4b'),
 ('351', '351', 'en_us', 'marquee-04', NULL, '1', '2017-09-14 17:21:36', '2017-09-17 09:41:49', 'd8ce99b4-be0a-4c97-a416-b5a5e36b5cd1'),
 ('352', '352', 'en_us', 'placeholder', NULL, '1', '2017-09-14 17:23:28', '2017-09-14 17:24:57', '17a2925a-0646-4e46-9080-a81f6a50e4ac'),
 ('353', '353', 'en_us', 'the-joseph-jefferson-window', 'virtual-tour/the-joseph-jefferson-window', '1', '2017-09-14 18:20:39', '2017-09-14 18:21:01', '5ec81b03-6689-4c31-a2e3-326fd070edfd'),
 ('355', '355', 'en_us', 'liturgy', 'worship/liturgy', '1', '2017-09-14 19:20:28', '2017-09-14 19:24:45', '98fe13c8-bd3c-4caf-ae3d-558defd10d2b'),
 ('356', '356', 'en_us', '', NULL, '1', '2017-09-14 19:23:56', '2017-09-14 19:24:45', '7df23607-9d0b-4780-8d28-10f208b24467'),
 ('358', '358', 'en_us', 'hero-bible-study', NULL, '1', '2017-09-14 19:32:53', '2017-09-17 09:41:45', 'd384058b-652c-40a7-a78d-5930c035427e'),
 ('359', '359', 'en_us', 'bible-study', 'worship/bible-study', '1', '2017-09-14 19:36:40', '2017-09-16 16:17:13', 'd314fbce-b1f3-44a8-bedc-abc56d5c7c36'),
 ('360', '360', 'en_us', '', NULL, '1', '2017-09-14 19:36:40', '2017-09-16 16:17:13', 'edf62753-a9af-495f-8249-e1a67b11cee7');
INSERT INTO `craft_elements_i18n` (`id`, `elementId`, `locale`, `slug`, `uri`, `enabled`, `dateCreated`, `dateUpdated`, `uid`) VALUES
 ('362', '362', 'en_us', 'hero-weddings', NULL, '1', '2017-09-14 21:12:46', '2017-09-17 09:41:48', 'c9f416df-42bc-4dea-8f50-c4ae92cd2df3'),
 ('363', '363', 'en_us', 'weddings', 'worship/weddings', '1', '2017-09-14 21:14:41', '2017-09-14 21:40:46', '89681536-abf0-4e96-9a6c-8ab897d84a29'),
 ('364', '364', 'en_us', '', NULL, '1', '2017-09-14 21:32:47', '2017-09-14 21:40:46', 'cccef01f-ef51-4373-a3c4-ec324f512c27'),
 ('366', '366', 'en_us', 'featured-fpo', NULL, '1', '2017-09-15 13:14:06', '2017-09-17 09:41:31', '6723666d-5453-4436-aaec-749543167254'),
 ('367', '367', 'en_us', 'hero-bible-study', NULL, '1', '2017-09-15 13:14:08', '2017-09-17 09:41:33', '7e56e310-867d-40ce-b0d6-499ca40b1827'),
 ('368', '368', 'en_us', 'hero-weddings', NULL, '1', '2017-09-15 13:14:09', '2017-09-17 09:41:35', 'c4f91624-662b-4f6a-b11a-2ad96f1b6263'),
 ('369', '369', 'en_us', 'marquee-04', NULL, '1', '2017-09-15 13:14:14', '2017-09-17 09:41:38', '5e0f59c0-6c2c-4190-8bb0-a953a63d29a5'),
 ('370', '370', 'en_us', 'featured-fpo', NULL, '1', '2017-09-15 13:14:32', '2017-09-17 09:41:59', '1611322e-f900-456d-bb11-f795e66ddf3b'),
 ('374', '374', 'en_us', 'hero-adult-education', NULL, '1', '2017-09-16 16:20:36', '2017-09-17 09:41:44', 'f1a79f86-8e26-452e-a374-6f0b05449d48'),
 ('375', '375', 'en_us', 'adult-education', 'worship/adult-education', '1', '2017-09-16 16:25:03', '2017-09-16 16:25:05', '1d2f8e48-dc6b-447f-aafd-c0325cdc6fad'),
 ('376', '376', 'en_us', '', NULL, '1', '2017-09-16 16:25:03', '2017-09-16 16:25:03', 'b0a9bf86-2f28-4e68-82a0-614a0d2c8b00'),
 ('377', '377', 'en_us', 'adult-education', 'event/adult-education/2017-10-01', '1', '2017-09-16 17:11:37', '2017-09-17 14:01:34', 'ee9a79e8-284b-4f8e-8dfe-768d8a8509e3'),
 ('378', '378', 'en_us', 'hero-adult-education', NULL, '1', '2017-09-16 18:10:26', '2017-09-17 09:41:33', '8e8c8df5-80e5-4b5c-afa1-3fb1a2bcc471'),
 ('379', '379', 'en_us', 'featured-01', NULL, '1', '2017-09-16 19:46:03', '2017-09-17 14:03:46', '8d5eedeb-6f29-4b7a-b846-1c66971ab495'),
 ('380', '380', 'en_us', 'featured-fpo-01', NULL, '1', '2017-09-16 19:46:04', '2017-09-17 09:41:31', '26a71aa1-b122-4ecf-a45b-1b6018529336'),
 ('381', '381', 'en_us', 'featured-01', NULL, '1', '2017-09-16 19:46:36', '2017-09-17 09:41:58', 'f773b235-7a36-484a-80f7-a53b504e6782'),
 ('382', '382', 'en_us', 'featured-fpo-01', NULL, '1', '2017-09-16 19:46:37', '2017-09-17 09:41:59', '65ae44a7-1c2a-4de6-830c-c4aba751eebb'),
 ('384', '384', 'en_us', 'founders-day', 'event/founders-day/2017-10-01', '1', '2017-09-16 21:50:54', '2017-09-17 12:31:27', '23e94310-594b-4974-a773-42082f9a5603'),
 ('386', '386', 'en_us', 'featured-02', NULL, '1', '2017-09-16 22:30:32', '2017-09-17 09:41:59', '77ec0e52-166e-46ae-9068-e749857526de'),
 ('387', '387', 'en_us', 'blessing-of-the-animals', 'event/blessing-of-the-animals/2017-10-08', '1', '2017-09-16 22:31:41', '2017-09-17 12:07:57', '090068e9-0912-45c8-a273-637852f4d31f'),
 ('388', '388', 'en_us', 'open-house-new-york', 'event/open-house-new-york/2017-10-14', '1', '2017-09-16 22:37:49', '2017-09-17 12:07:57', '72ccd8a7-f302-4bb5-b66e-0eb1b420ba27'),
 ('390', '390', 'en_us', 'featured-03', NULL, '1', '2017-09-16 22:38:03', '2017-09-17 09:41:58', '35bd6be5-983c-47d7-8ab0-c5029ba83e79'),
 ('391', '391', 'en_us', 'featured-02', NULL, '1', '2017-09-17 09:41:30', '2017-09-17 14:03:46', '0951f666-edff-45f1-b417-938398697b6b'),
 ('392', '392', 'en_us', 'featured-03', NULL, '1', '2017-09-17 09:41:31', '2017-09-17 14:03:46', '2ae5e670-d79c-49db-a683-83976d0dd03c'),
 ('393', '393', 'en_us', 'featured-01-170916-214957', NULL, '1', '2017-09-17 14:03:46', '2017-09-17 14:03:46', 'db538c55-fa94-42df-8852-55caf6027144');



DROP TABLE IF EXISTS `craft_emailmessages`;


--
-- Schema for table `craft_emailmessages`
--
CREATE TABLE `craft_emailmessages` (
  `id` int(11) NOT NULL AUTO_INCREMENT,
  `key` char(150) COLLATE utf8_unicode_ci NOT NULL,
  `locale` char(12) COLLATE utf8_unicode_ci NOT NULL,
  `subject` varchar(1000) COLLATE utf8_unicode_ci NOT NULL,
  `body` text COLLATE utf8_unicode_ci NOT NULL,
  `dateCreated` datetime NOT NULL,
  `dateUpdated` datetime NOT NULL,
  `uid` char(36) COLLATE utf8_unicode_ci NOT NULL DEFAULT '0',
  PRIMARY KEY (`id`),
  UNIQUE KEY `craft_emailmessages_key_locale_unq_idx` (`key`,`locale`),
  KEY `craft_emailmessages_locale_fk` (`locale`)
) ENGINE=InnoDB DEFAULT CHARSET=utf8 COLLATE=utf8_unicode_ci;

DROP TABLE IF EXISTS `craft_entries`;


--
-- Schema for table `craft_entries`
--
CREATE TABLE `craft_entries` (
  `id` int(11) NOT NULL,
  `sectionId` int(11) NOT NULL,
  `typeId` int(11) DEFAULT NULL,
  `authorId` int(11) DEFAULT NULL,
  `postDate` datetime DEFAULT NULL,
  `expiryDate` datetime DEFAULT NULL,
  `dateCreated` datetime NOT NULL,
  `dateUpdated` datetime NOT NULL,
  `uid` char(36) COLLATE utf8_unicode_ci NOT NULL DEFAULT '0',
  PRIMARY KEY (`id`),
  KEY `craft_entries_sectionId_idx` (`sectionId`),
  KEY `craft_entries_typeId_idx` (`typeId`),
  KEY `craft_entries_postDate_idx` (`postDate`),
  KEY `craft_entries_expiryDate_idx` (`expiryDate`),
  KEY `craft_entries_authorId_fk` (`authorId`)
) ENGINE=InnoDB DEFAULT CHARSET=utf8 COLLATE=utf8_unicode_ci;

--
-- Data for table `craft_entries`
--

INSERT INTO `craft_entries` (`id`, `sectionId`, `typeId`, `authorId`, `postDate`, `expiryDate`, `dateCreated`, `dateUpdated`, `uid`) VALUES
 ('7', '3', '3', '1', '2017-08-25 13:52:00', NULL, '2017-08-25 13:52:11', '2017-09-01 11:23:12', 'c5a6a404-1aca-4ac4-a085-bc72ba05682a'),
 ('59', '3', '3', '1', '2017-08-25 14:26:00', NULL, '2017-08-25 14:26:30', '2017-09-14 21:06:47', '097c9a0c-f42a-42e7-bdfa-f015c19eff80'),
 ('60', '3', '3', '1', '2017-08-25 14:47:00', NULL, '2017-08-25 14:47:50', '2017-09-14 17:23:46', 'dec766de-a6cf-403a-bf60-708451670789'),
 ('61', '4', '4', NULL, '2017-08-25 16:56:41', NULL, '2017-08-25 16:28:45', '2017-09-14 21:36:54', '15a9ad4e-b185-4bfa-b528-18f2ee4036e4'),
 ('62', '5', '5', '1', '2017-08-25 18:25:00', NULL, '2017-08-25 18:25:38', '2017-09-14 21:02:54', 'f4fbd87b-2d27-45b7-9d2a-34cda92f5a3e'),
 ('63', '5', '5', '1', '2017-08-25 18:49:00', NULL, '2017-08-25 18:49:23', '2017-09-14 21:01:53', '5ad4c4a1-1025-4cbd-b1fc-55c1ede5899a'),
 ('64', '5', '5', '1', '2017-08-25 18:50:00', NULL, '2017-08-25 18:50:18', '2017-09-15 12:53:51', '815d5e2c-389a-4cae-8715-51575be74729'),
 ('65', '5', '5', '1', '2017-08-25 18:50:00', NULL, '2017-08-25 18:50:41', '2017-09-14 21:04:15', '82846dbd-bb33-48d3-a891-5a42b4b12a59'),
 ('69', '7', '7', '1', '2017-08-26 11:22:00', NULL, '2017-08-26 11:22:17', '2017-09-14 19:49:02', '7ce62de5-7ce7-49ab-8393-ee873e6afcdd'),
 ('76', '8', '8', '1', '2017-08-28 15:15:00', NULL, '2017-08-28 15:15:47', '2017-09-17 09:28:21', 'd0edbdf2-fc29-4609-a90d-3ed07473fe25'),
 ('78', '8', '8', '1', '2017-08-28 15:42:00', NULL, '2017-08-28 15:42:06', '2017-09-17 09:28:56', 'e1707ee9-3a1f-4dec-af1a-e470db1fad2f'),
 ('87', '7', '7', '1', '2017-08-28 19:40:00', NULL, '2017-08-28 19:40:55', '2017-09-17 09:23:33', '2ec46838-e70c-4ddf-8a97-009e20c29e46'),
 ('94', '9', '9', '1', '2017-08-30 09:08:00', NULL, '2017-08-30 09:08:48', '2017-08-31 17:46:16', '006cfe2b-2847-4f58-b889-f903a8c31cb1'),
 ('115', '9', '9', '1', '2017-08-31 00:00:00', NULL, '2017-08-30 15:21:41', '2017-08-31 14:04:55', '2fba3d65-43a5-488a-b864-c673f81b4199'),
 ('221', '9', '9', '1', '2017-08-28 14:22:00', NULL, '2017-08-31 14:07:29', '2017-08-31 14:24:08', '0f028f94-77ec-483a-add7-10939ea1b361'),
 ('229', '8', '8', '1', '2017-08-31 19:57:00', NULL, '2017-08-31 19:57:03', '2017-09-17 09:28:41', '0e572605-1590-44e5-be2c-ec08e37678ea'),
 ('234', '7', '7', '1', '2017-08-31 20:27:00', NULL, '2017-08-31 20:27:54', '2017-09-04 20:58:26', 'e4719a44-30e0-4277-8f88-c6af9a841e3d'),
 ('239', '7', '7', '1', '2017-08-31 20:36:00', NULL, '2017-08-31 20:36:16', '2017-09-16 23:19:26', '3f3e352e-799f-46f4-888a-8d11d667943c'),
 ('244', '10', '10', '1', '2017-09-01 10:13:00', NULL, '2017-09-01 10:13:16', '2017-09-14 19:22:55', 'c74934a7-a2fa-40c3-b566-1f6c008176f2'),
 ('254', '11', '11', '1', '2017-09-01 11:45:00', NULL, '2017-09-01 11:45:08', '2017-09-14 18:15:16', '8092d57f-3bbf-48c4-96b9-8a6a6c606434'),
 ('267', '11', '11', '1', '2017-09-01 11:46:00', NULL, '2017-09-01 11:46:35', '2017-09-14 18:17:34', 'abbd93e9-8bca-4716-8d7c-38f297d9d832'),
 ('268', '11', '11', '1', '2017-09-01 11:47:00', NULL, '2017-09-01 11:47:05', '2017-09-14 18:18:52', '998a724c-96e0-4f11-b1dd-abcf4cdf7d6e'),
 ('271', '7', '7', '1', '2017-09-05 14:56:00', NULL, '2017-09-05 14:56:51', '2017-09-16 16:19:52', '57081b52-6b4a-4f80-8b43-e8790802dd47'),
 ('278', '12', NULL, NULL, '2017-09-06 18:06:16', NULL, '2017-09-06 18:06:17', '2017-09-06 18:06:17', 'f082f433-2ff6-4590-bda8-f06fdc912659'),
 ('287', '10', '10', '1', '2017-09-12 09:46:00', NULL, '2017-09-12 09:46:39', '2017-09-12 19:11:02', '81ee762d-0c6f-481a-bd00-968ddc68400f'),
 ('289', '13', '13', '1', '2017-09-10 10:24:00', NULL, '2017-09-12 10:24:17', '2017-09-12 16:50:56', '451dda3f-eaec-472d-8b47-3dc8411d4da0'),
 ('302', '13', '13', '1', '2017-09-03 00:00:00', NULL, '2017-09-12 16:50:42', '2017-09-12 16:53:13', '12826aa1-94c2-4e04-8cbc-d52b1826f8ed'),
 ('303', '13', '13', '1', '2017-09-12 16:54:31', NULL, '2017-09-12 16:54:31', '2017-09-12 16:54:31', '2946529a-5a07-41f7-ac52-0ca850404094'),
 ('304', '13', '13', '1', '2017-09-12 16:58:00', NULL, '2017-09-12 16:58:27', '2017-09-12 17:00:23', '3d1f01bb-fd4d-4f9b-b753-0e9b8416bfbc'),
 ('321', '8', '8', '1', '2017-09-13 08:49:00', NULL, '2017-09-13 08:49:10', '2017-09-17 09:28:01', '96c362fd-60d1-4c63-b541-444e841be4e1'),
 ('322', '8', '8', '1', '2017-09-13 08:53:00', NULL, '2017-09-13 08:53:46', '2017-09-17 09:35:08', '9e703009-d80f-4d8d-acb5-8a9c56fd8e70'),
 ('324', '14', '14', '1', '2017-09-13 09:19:00', NULL, '2017-09-13 09:19:39', '2017-09-13 10:52:00', 'df16d2bb-c75e-450b-b644-be86e9442387'),
 ('329', '14', '14', '1', '2017-09-13 09:42:00', NULL, '2017-09-13 09:42:08', '2017-09-13 10:47:26', 'ed541953-86d5-42a8-bec0-7dc952e3f90d'),
 ('333', '14', '14', '1', '2017-09-13 10:34:00', NULL, '2017-09-13 10:34:14', '2017-09-13 11:50:57', '500629aa-3623-4296-90d2-1d56e0dea37c'),
 ('352', '3', '3', '1', '2017-09-14 17:23:00', NULL, '2017-09-14 17:23:28', '2017-09-14 17:24:57', '6302ab31-d829-453e-a7c6-95f649ceaef5'),
 ('353', '11', '11', '1', '2017-09-14 18:20:00', NULL, '2017-09-14 18:20:39', '2017-09-14 18:21:01', '48d33a2a-dd2c-4347-a1c9-ed063fbffdd1'),
 ('355', '10', '10', '1', '2017-09-14 19:20:00', NULL, '2017-09-14 19:20:28', '2017-09-14 19:24:45', '4c4769cd-e425-4501-bd83-dca43cdc441b'),
 ('359', '10', '10', '1', '2017-09-14 19:36:00', NULL, '2017-09-14 19:36:40', '2017-09-16 16:17:13', 'f586dde3-5145-44ae-a4dd-1702c6657fc6'),
 ('363', '10', '10', '1', '2017-09-14 21:14:00', NULL, '2017-09-14 21:14:41', '2017-09-14 21:40:46', 'ca063122-6b3e-4bb3-863d-ad696199a8c8'),
 ('375', '10', '10', '1', '2017-09-16 16:25:03', NULL, '2017-09-16 16:25:03', '2017-09-16 16:25:03', 'd50d68e0-7a3b-4c0c-b80d-d243beb071a3');



DROP TABLE IF EXISTS `craft_entrydrafts`;


--
-- Schema for table `craft_entrydrafts`
--
CREATE TABLE `craft_entrydrafts` (
  `id` int(11) NOT NULL AUTO_INCREMENT,
  `entryId` int(11) NOT NULL,
  `sectionId` int(11) NOT NULL,
  `creatorId` int(11) NOT NULL,
  `locale` char(12) COLLATE utf8_unicode_ci NOT NULL,
  `name` varchar(255) COLLATE utf8_unicode_ci NOT NULL,
  `notes` tinytext COLLATE utf8_unicode_ci,
  `data` mediumtext COLLATE utf8_unicode_ci NOT NULL,
  `dateCreated` datetime NOT NULL,
  `dateUpdated` datetime NOT NULL,
  `uid` char(36) COLLATE utf8_unicode_ci NOT NULL DEFAULT '0',
  PRIMARY KEY (`id`),
  KEY `craft_entrydrafts_entryId_locale_idx` (`entryId`,`locale`),
  KEY `craft_entrydrafts_sectionId_fk` (`sectionId`),
  KEY `craft_entrydrafts_creatorId_fk` (`creatorId`),
  KEY `craft_entrydrafts_locale_fk` (`locale`)
) ENGINE=InnoDB DEFAULT CHARSET=utf8 COLLATE=utf8_unicode_ci;

DROP TABLE IF EXISTS `craft_entrytypes`;


--
-- Schema for table `craft_entrytypes`
--
CREATE TABLE `craft_entrytypes` (
  `id` int(11) NOT NULL AUTO_INCREMENT,
  `sectionId` int(11) NOT NULL,
  `fieldLayoutId` int(11) DEFAULT NULL,
  `name` varchar(255) COLLATE utf8_unicode_ci NOT NULL,
  `handle` varchar(255) COLLATE utf8_unicode_ci NOT NULL,
  `hasTitleField` tinyint(1) unsigned NOT NULL DEFAULT '1',
  `titleLabel` varchar(255) COLLATE utf8_unicode_ci DEFAULT 'Title',
  `titleFormat` varchar(255) COLLATE utf8_unicode_ci DEFAULT NULL,
  `sortOrder` smallint(6) unsigned DEFAULT NULL,
  `dateCreated` datetime NOT NULL,
  `dateUpdated` datetime NOT NULL,
  `uid` char(36) COLLATE utf8_unicode_ci NOT NULL DEFAULT '0',
  PRIMARY KEY (`id`),
  UNIQUE KEY `craft_entrytypes_name_sectionId_unq_idx` (`name`,`sectionId`),
  UNIQUE KEY `craft_entrytypes_handle_sectionId_unq_idx` (`handle`,`sectionId`),
  KEY `craft_entrytypes_sectionId_fk` (`sectionId`),
  KEY `craft_entrytypes_fieldLayoutId_fk` (`fieldLayoutId`)
) ENGINE=InnoDB AUTO_INCREMENT=15 DEFAULT CHARSET=utf8 COLLATE=utf8_unicode_ci;

--
-- Data for table `craft_entrytypes`
--

INSERT INTO `craft_entrytypes` (`id`, `sectionId`, `fieldLayoutId`, `name`, `handle`, `hasTitleField`, `titleLabel`, `titleFormat`, `sortOrder`, `dateCreated`, `dateUpdated`, `uid`) VALUES
 ('3', '3', '25', 'Marquee Slide', 'marqueeSlide', '1', 'Title', NULL, '1', '2017-08-25 13:20:53', '2017-08-25 18:22:17', 'a8d75fb3-06f9-408a-971e-ac2559718e4e'),
 ('4', '4', '149', 'Home', 'homepage', '0', NULL, '{section.name|raw}', '1', '2017-08-25 16:28:45', '2017-08-31 18:57:51', '356e755d-743b-42fc-9e97-87c127ec6617'),
 ('5', '5', '141', 'Quadrants', 'quadrants', '1', 'Link Title', NULL, '1', '2017-08-25 16:57:57', '2017-08-31 11:33:36', 'ba6893e1-a4c8-4795-8ed3-5eaa8848bfeb'),
 ('7', '7', '106', 'About', 'about', '1', 'Title', NULL, '1', '2017-08-26 11:07:16', '2017-08-30 12:14:39', '5c84bdd7-210d-41f3-8b51-ba982fb70a7d'),
 ('8', '8', '75', 'Church Bio', 'churchBio', '1', 'Full Name', NULL, '1', '2017-08-28 15:07:07', '2017-08-28 15:13:24', '0333d244-3d0b-4a0b-bb15-481d850a3554'),
 ('9', '9', '109', 'Blog', 'blog', '1', 'Title', NULL, '1', '2017-08-30 09:04:27', '2017-08-30 13:54:24', 'd2774d01-198e-4bf1-a271-aa115c3780f3'),
 ('10', '10', '151', 'Worship', 'worship', '1', 'Title', NULL, '1', '2017-09-01 10:04:40', '2017-09-01 10:07:56', '1b6470b4-2a33-405a-bc7d-8d9ae6333a5f'),
 ('11', '11', '158', 'Virtual Tour', 'virtualTour', '1', 'Title', NULL, '1', '2017-09-01 11:25:00', '2017-09-01 11:42:38', 'cb296943-37fb-4abb-ad47-20008af5613c'),
 ('12', '12', '159', 'Events Landing', 'eventsLanding', '0', NULL, '{section.name|raw}', '1', '2017-09-06 18:06:16', '2017-09-06 18:06:16', 'c595d8b1-e839-407e-ac1f-0b4c8fe1a866'),
 ('13', '13', '205', 'Audio Sermons', 'audioSermons', '1', 'Title', NULL, '1', '2017-09-12 10:18:21', '2017-09-12 16:43:47', '6e9bb48d-bf88-4b0a-8dc2-d7351a9914ae'),
 ('14', '14', '211', 'Music', 'music', '1', 'Title', NULL, '1', '2017-09-13 09:18:30', '2017-09-13 09:22:28', '0d874fa5-7e22-4dbd-85a9-d5e136efe65d');



DROP TABLE IF EXISTS `craft_entryversions`;


--
-- Schema for table `craft_entryversions`
--
CREATE TABLE `craft_entryversions` (
  `id` int(11) NOT NULL AUTO_INCREMENT,
  `entryId` int(11) NOT NULL,
  `sectionId` int(11) NOT NULL,
  `creatorId` int(11) DEFAULT NULL,
  `locale` char(12) COLLATE utf8_unicode_ci NOT NULL,
  `num` smallint(6) unsigned NOT NULL,
  `notes` tinytext COLLATE utf8_unicode_ci,
  `data` mediumtext COLLATE utf8_unicode_ci NOT NULL,
  `dateCreated` datetime NOT NULL,
  `dateUpdated` datetime NOT NULL,
  `uid` char(36) COLLATE utf8_unicode_ci NOT NULL DEFAULT '0',
  PRIMARY KEY (`id`),
  KEY `craft_entryversions_entryId_locale_idx` (`entryId`,`locale`),
  KEY `craft_entryversions_sectionId_fk` (`sectionId`),
  KEY `craft_entryversions_creatorId_fk` (`creatorId`),
  KEY `craft_entryversions_locale_fk` (`locale`)
) ENGINE=InnoDB AUTO_INCREMENT=181 DEFAULT CHARSET=utf8 COLLATE=utf8_unicode_ci;

--
-- Data for table `craft_entryversions`
--

INSERT INTO `craft_entryversions` (`id`, `entryId`, `sectionId`, `creatorId`, `locale`, `num`, `notes`, `data`, `dateCreated`, `dateUpdated`, `uid`) VALUES
 ('4', '69', '7', '1', 'en_us', '1', '', '{\"typeId\":null,\"authorId\":\"1\",\"title\":\"Welcome\",\"slug\":\"welcome\",\"postDate\":1503746537,\"expiryDate\":null,\"enabled\":1,\"parentId\":null,\"fields\":{\"11\":[\"68\"],\"3\":\"Welcome to our little church\",\"1\":\"<p>Mi aptent suspendisse sociis augue pretium eleifend ante suspendisse ad condimentum a a scelerisque a sem tempor tristique vestibulum ultrices lectus consectetur potenti fusce ipsum parturient fermentum.Tincidunt aliquet tellus urna pretium a mus quis adipiscing a a porta eget aliquet ullamcorper mollis leo.Natoque class a a tellus condimentum purus curabitur a fusce arcu congue conubia mus natoque at.<\\/p>\"}}', '2017-08-26 11:22:17', '2017-08-26 11:22:17', 'c6ee4100-306f-4b58-b1cc-7f4f8b848ff5'),
 ('5', '69', '7', '1', 'en_us', '2', '', '{\"typeId\":\"7\",\"authorId\":\"1\",\"title\":\"Welcome\",\"slug\":\"welcome\",\"postDate\":1503746520,\"expiryDate\":null,\"enabled\":1,\"parentId\":null,\"fields\":{\"11\":[\"68\"],\"3\":\"Welcome to our little church\",\"1\":\"<p>Mi aptent suspendisse sociis augue pretium eleifend ante suspendisse ad condimentum a a scelerisque a sem tempor tristique vestibulum ultrices lectus consectetur potenti fusce ipsum parturient fermentum.Tincidunt aliquet tellus urna pretium a mus quis adipiscing a a porta eget aliquet ullamcorper mollis leo.Natoque class a a tellus condimentum purus curabitur a fusce arcu congue conubia mus natoque at.<\\/p>\"}}', '2017-08-26 11:24:43', '2017-08-26 11:24:43', '2b7c314c-f48d-451a-bd26-0f2e9551b872'),
 ('6', '69', '7', '1', 'en_us', '3', '', '{\"typeId\":\"7\",\"authorId\":\"1\",\"title\":\"Welcome\",\"slug\":\"welcome\",\"postDate\":1503746520,\"expiryDate\":null,\"enabled\":1,\"parentId\":null,\"fields\":{\"11\":[\"68\"],\"3\":\"Welcome to our little church\",\"1\":\"<p>Mi aptent suspendisse sociis augue pretium eleifend ante suspendisse ad condimentum a a scelerisque a sem tempor tristique vestibulum ultrices lectus consectetur potenti fusce ipsum parturient fermentum.Tincidunt aliquet tellus urna pretium a mus quis adipiscing a a porta eget aliquet ullamcorper mollis leo. Natoque class a a tellus condimentum purus curabitur a fusce arcu congue conubia mus natoque at.<\\/p>\"}}', '2017-08-26 13:59:35', '2017-08-26 13:59:35', '133c5d9b-d172-4a59-a5bd-42fe716d574e'),
 ('7', '69', '7', '1', 'en_us', '4', '', '{\"typeId\":\"7\",\"authorId\":\"1\",\"title\":\"Welcome\",\"slug\":\"welcome\",\"postDate\":1503746520,\"expiryDate\":null,\"enabled\":1,\"parentId\":null,\"fields\":{\"11\":[\"68\"],\"3\":\"Welcome to our little church\",\"1\":\"<p>Mi aptent suspendisse sociis augue pretium eleifend ante suspendisse ad condimentum a a scelerisque a sem tempor tristique vestibulum ultrices lectus consectetur potenti fusce ipsum parturient fermentum.Tincidunt aliquet tellus urna pretium a mus quis adipiscing a a porta eget aliquet ullamcorper mollis leo. Natoque class a a tellus condimentum purus curabitur a fusce arcu congue conubia mus natoque at.<\\/p>\",\"12\":\"<p>Ullamcorper scelerisque a placerat sodales orci aliquet pharetra tempor a etiam parturient id ante arcu elit sem id consectetur mollis euismod conubia a a posuere. Adipiscing eget congue suspendisse conubia ullamcorper parturient lacinia condimentum elementum enim eget per a viverra a ante condimentum parturient adipiscing etiam adipiscing potenti vestibulum pulvinar a. A class ullamcorper per dignissim eget porta mus himenaeos tempor a vitae condimentum a fermentum sed nec nisl nunc dis eget. Purus mus vel eros velit cum non a ac ad sem parturient odio vestibulum nibh porta dapibus parturient duis vitae scelerisque fames a cubilia a posuere nam risus ligula.<\\/p>\"}}', '2017-08-28 11:48:31', '2017-08-28 11:48:31', '5f29a637-7be6-49a2-9234-62d0f2eaf7f8'),
 ('8', '69', '7', '1', 'en_us', '5', '', '{\"typeId\":\"7\",\"authorId\":\"1\",\"title\":\"Welcome\",\"slug\":\"welcome\",\"postDate\":1503746520,\"expiryDate\":null,\"enabled\":1,\"parentId\":null,\"fields\":{\"11\":[\"68\"],\"3\":\"Welcome to our little church\",\"1\":\"<p>Mi aptent suspendisse sociis augue pretium eleifend ante suspendisse ad condimentum a a scelerisque a sem tempor tristique vestibulum ultrices lectus consectetur potenti fusce ipsum parturient fermentum.Tincidunt aliquet tellus urna pretium a mus quis adipiscing a a porta eget aliquet ullamcorper mollis leo. Natoque class a a tellus condimentum purus curabitur a fusce arcu congue conubia mus natoque at.<\\/p>\",\"12\":\"<p>Ullamcorper scelerisque a placerat sodales orci aliquet pharetra tempor a etiam parturient id ante arcu elit sem id consectetur mollis euismod conubia a a posuere. Adipiscing eget congue suspendisse conubia ullamcorper parturient lacinia condimentum elementum enim eget per a viverra a ante condimentum parturient adipiscing etiam adipiscing potenti vestibulum pulvinar a. A class ullamcorper per dignissim eget porta mus himenaeos tempor a vitae condimentum a fermentum sed nec nisl nunc dis eget. Purus mus vel eros velit cum non a ac ad sem parturient odio vestibulum nibh porta dapibus parturient duis vitae scelerisque fames a cubilia a posuere nam risus ligula.<\\/p>\"}}', '2017-08-28 11:55:20', '2017-08-28 11:55:20', 'f73cb57a-626f-40d4-b80a-facc6912d7c9'),
 ('9', '69', '7', '1', 'en_us', '6', '', '{\"typeId\":\"7\",\"authorId\":\"1\",\"title\":\"Welcome\",\"slug\":\"welcome\",\"postDate\":1503746520,\"expiryDate\":null,\"enabled\":1,\"parentId\":null,\"fields\":{\"11\":[\"68\"],\"3\":\"Welcome to our little church\",\"1\":\"<p>Mi aptent suspendisse sociis augue pretium eleifend ante suspendisse ad condimentum a a scelerisque a sem tempor tristique vestibulum ultrices lectus consectetur potenti fusce ipsum parturient fermentum.Tincidunt aliquet tellus urna pretium a mus quis adipiscing a a porta eget aliquet ullamcorper mollis leo. Natoque class a a tellus condimentum purus curabitur a fusce arcu congue conubia mus natoque at.<\\/p>\",\"12\":\"<p>Ullamcorper scelerisque a placerat sodales orci aliquet pharetra tempor a etiam parturient id ante arcu elit sem id consectetur mollis euismod conubia a a posuere. Adipiscing eget congue suspendisse conubia ullamcorper parturient lacinia condimentum elementum enim eget per a viverra a ante condimentum parturient adipiscing etiam adipiscing potenti vestibulum pulvinar a. A class ullamcorper per dignissim eget porta mus himenaeos tempor a vitae condimentum a fermentum sed nec nisl nunc dis eget. Purus mus vel eros velit cum non a ac ad sem parturient odio vestibulum nibh porta dapibus parturient duis vitae scelerisque fames a cubilia a posuere nam risus ligula.<\\/p>\"}}', '2017-08-28 11:57:45', '2017-08-28 11:57:45', 'e779990f-8f2c-45f7-ac88-7aa8da385328'),
 ('10', '69', '7', '1', 'en_us', '7', '', '{\"typeId\":\"7\",\"authorId\":\"1\",\"title\":\"Welcome\",\"slug\":\"welcome\",\"postDate\":1503746520,\"expiryDate\":null,\"enabled\":1,\"parentId\":null,\"fields\":{\"11\":[\"68\"],\"3\":\"Welcome to our little church\",\"1\":\"<p>Mi aptent suspendisse sociis augue pretium eleifend ante suspendisse ad condimentum a a scelerisque a sem tempor tristique vestibulum ultrices lectus consectetur potenti fusce ipsum parturient fermentum.Tincidunt aliquet tellus urna pretium a mus quis adipiscing a a porta eget aliquet ullamcorper mollis leo. Natoque class a a tellus condimentum purus curabitur a fusce arcu congue conubia mus natoque at.<\\/p>\",\"12\":\"<p>Ullamcorper scelerisque a placerat sodales orci aliquet pharetra tempor a etiam parturient id ante arcu elit sem id consectetur mollis euismod conubia a a posuere. Adipiscing eget congue suspendisse conubia ullamcorper parturient lacinia condimentum elementum enim eget per a viverra a ante condimentum parturient adipiscing etiam adipiscing potenti vestibulum pulvinar a. A class ullamcorper per dignissim eget porta mus himenaeos tempor a vitae condimentum a fermentum sed nec nisl nunc dis eget. Purus mus vel eros velit cum non a ac ad sem parturient odio vestibulum nibh porta dapibus parturient duis vitae scelerisque fames a cubilia a posuere nam risus ligula.<\\/p>\"}}', '2017-08-28 11:58:22', '2017-08-28 11:58:22', '0789713a-3687-4bfd-a4cd-9279e8495902'),
 ('11', '69', '7', '1', 'en_us', '8', '', '{\"typeId\":\"7\",\"authorId\":\"1\",\"title\":\"Welcome\",\"slug\":\"welcome\",\"postDate\":1503746520,\"expiryDate\":null,\"enabled\":1,\"parentId\":null,\"fields\":{\"11\":[\"68\"],\"3\":\"Welcome to our little church\",\"1\":\"<p>Mi aptent suspendisse sociis augue pretium eleifend ante suspendisse ad condimentum a a scelerisque a sem tempor tristique vestibulum ultrices lectus consectetur potenti fusce ipsum parturient fermentum.Tincidunt aliquet tellus urna pretium a mus quis adipiscing a a porta eget aliquet ullamcorper mollis leo. Natoque class a a tellus condimentum purus curabitur a fusce arcu congue conubia mus natoque at.<\\/p>\",\"12\":\"<p>Ullamcorper scelerisque a placerat sodales orci aliquet pharetra tempor a etiam parturient id ante arcu elit sem id consectetur mollis euismod conubia a a posuere. Adipiscing eget congue suspendisse conubia ullamcorper parturient lacinia condimentum elementum enim eget per a viverra a ante condimentum parturient adipiscing etiam adipiscing potenti vestibulum pulvinar a. A class ullamcorper per dignissim eget porta mus himenaeos tempor a vitae condimentum a fermentum sed nec nisl nunc dis eget. Purus mus vel eros velit cum non a ac ad sem parturient odio vestibulum nibh porta dapibus parturient duis vitae scelerisque fames a cubilia a posuere nam risus ligula.<\\/p>\"}}', '2017-08-28 12:00:05', '2017-08-28 12:00:05', '6eb63272-1a3a-4408-97d1-d8421db07957'),
 ('12', '69', '7', '1', 'en_us', '9', '', '{\"typeId\":\"7\",\"authorId\":\"1\",\"title\":\"Welcome\",\"slug\":\"welcome\",\"postDate\":1503746520,\"expiryDate\":null,\"enabled\":1,\"parentId\":null,\"fields\":{\"11\":[\"68\"],\"3\":\"Welcome to our little church\",\"1\":\"<p>Mi aptent suspendisse sociis augue pretium eleifend ante suspendisse ad condimentum a a scelerisque a sem tempor tristique vestibulum ultrices lectus consectetur potenti fusce ipsum parturient fermentum.Tincidunt aliquet tellus urna pretium a mus quis adipiscing a a porta eget aliquet ullamcorper mollis leo. Natoque class a a tellus condimentum purus curabitur a fusce arcu congue conubia mus natoque at.<\\/p>\",\"12\":\"<p>Ullamcorper scelerisque a placerat sodales orci aliquet pharetra tempor a etiam parturient id ante arcu elit sem id consectetur mollis euismod conubia a a posuere. Adipiscing eget congue suspendisse conubia ullamcorper parturient lacinia condimentum elementum enim eget per a viverra a ante condimentum parturient adipiscing etiam adipiscing potenti vestibulum pulvinar.<\\/p>\"}}', '2017-08-28 12:02:33', '2017-08-28 12:02:33', '775f0d65-6118-440f-ac92-165388721331'),
 ('13', '69', '7', '1', 'en_us', '10', '', '{\"typeId\":\"7\",\"authorId\":\"1\",\"title\":\"Welcome\",\"slug\":\"welcome\",\"postDate\":1503746520,\"expiryDate\":null,\"enabled\":1,\"parentId\":null,\"fields\":{\"11\":[\"68\"],\"3\":\"Welcome to our little church\",\"1\":\"<p>Mi aptent suspendisse sociis augue pretium eleifend ante suspendisse ad condimentum a a scelerisque a sem tempor tristique vestibulum ultrices lectus consectetur potenti fusce ipsum parturient fermentum.Tincidunt aliquet tellus urna pretium a mus quis adipiscing a a porta eget aliquet ullamcorper mollis leo. Natoque class a a tellus condimentum purus curabitur a fusce arcu congue conubia mus natoque at.<\\/p>\",\"12\":\"<p>Ullamcorper scelerisque a placerat sodales orci aliquet pharetra tempor a etiam parturient id ante arcu elit sem id consectetur mollis euismod conubia a a posuere. Adipiscing eget congue suspendisse conubia ullamcorper parturient lacinia condimentum elementum enim eget per a viverra a ante condimentum parturient adipiscing etiam adipiscing potenti vestibulum pulvinar.<\\/p>\"}}', '2017-08-28 12:04:37', '2017-08-28 12:04:37', 'a0e7b188-b9e5-4be4-9f41-9919fe21b294'),
 ('14', '69', '7', '1', 'en_us', '11', '', '{\"typeId\":\"7\",\"authorId\":\"1\",\"title\":\"Welcome\",\"slug\":\"welcome\",\"postDate\":1503746520,\"expiryDate\":null,\"enabled\":1,\"parentId\":null,\"fields\":{\"11\":[\"68\"],\"3\":\"Welcome to our little church\",\"13\":{\"new1\":{\"type\":\"paragraph\",\"enabled\":\"1\",\"fields\":{\"text\":\"<h2>New here?<\\/h2>\"}}},\"12\":\"<p>Ullamcorper scelerisque a placerat sodales orci aliquet pharetra tempor a etiam parturient id ante arcu elit sem id consectetur mollis euismod conubia a a posuere. Adipiscing eget congue suspendisse conubia ullamcorper parturient lacinia condimentum elementum enim eget per a viverra a ante condimentum parturient adipiscing etiam adipiscing potenti vestibulum pulvinar.<\\/p>\"}}', '2017-08-28 12:21:30', '2017-08-28 12:21:30', '13dd3127-bc0b-48bb-8790-2bd4d881e578'),
 ('15', '69', '7', '1', 'en_us', '12', '', '{\"typeId\":\"7\",\"authorId\":\"1\",\"title\":\"Welcome\",\"slug\":\"welcome\",\"postDate\":1503746520,\"expiryDate\":null,\"enabled\":1,\"parentId\":null,\"fields\":{\"11\":[\"68\"],\"3\":\"Welcome to our little church\",\"13\":{\"71\":{\"type\":\"paragraph\",\"enabled\":\"1\",\"fields\":{\"text\":\"<h2>First time here?<\\/h2><p>I invite you to join us in worship and fellowship at any one of our services, coffee hour, concert series, or a simple contemplative visit to our garden and chapel. I like to think of our parish as a quiet oasis in the heart of this vibrant city. And yet we have so much going on at our Little Church.<\\/p>\"}}},\"12\":\"<p>Ullamcorper scelerisque a placerat sodales orci aliquet pharetra tempor a etiam parturient id ante arcu elit sem id consectetur mollis euismod conubia a a posuere. Adipiscing eget congue suspendisse conubia ullamcorper parturient lacinia condimentum elementum enim eget per a viverra a ante condimentum parturient adipiscing etiam adipiscing potenti vestibulum pulvinar.<\\/p>\"}}', '2017-08-28 12:24:43', '2017-08-28 12:24:43', 'b2ac1054-6eb4-4c1f-b7f2-9b5df126c81f'),
 ('16', '69', '7', '1', 'en_us', '13', '', '{\"typeId\":\"7\",\"authorId\":\"1\",\"title\":\"Welcome\",\"slug\":\"welcome\",\"postDate\":1503746520,\"expiryDate\":null,\"enabled\":1,\"parentId\":null,\"fields\":{\"11\":[\"68\"],\"3\":\"Welcome to our little church\",\"13\":{\"71\":{\"type\":\"paragraph\",\"enabled\":\"1\",\"fields\":{\"text\":\"<h2>First time here?<\\/h2>\\r\\n<p>I invite you to join us in worship and fellowship at any one of our services, coffee hour, concert series, or a simple contemplative visit to our garden and chapel. I like to think of our parish as a quiet oasis in the heart of this vibrant city. And yet we have so much going on at our Little Church.<\\/p>\"}}},\"12\":\"<p>Ullamcorper scelerisque a placerat sodales orci aliquet pharetra tempor a etiam parturient id ante arcu elit sem id consectetur mollis euismod conubia a a posuere. Adipiscing eget congue suspendisse conubia ullamcorper parturient lacinia condimentum elementum enim eget per a viverra a ante condimentum parturient adipiscing etiam adipiscing potenti vestibulum pulvinar.<\\/p>\"}}', '2017-08-28 12:24:54', '2017-08-28 12:24:54', 'a64f1f82-7c79-4f98-ad8a-29e0777320c0'),
 ('17', '69', '7', '1', 'en_us', '14', '', '{\"typeId\":\"7\",\"authorId\":\"1\",\"title\":\"Welcome\",\"slug\":\"welcome\",\"postDate\":1503746520,\"expiryDate\":null,\"enabled\":1,\"parentId\":null,\"fields\":{\"11\":[\"68\"],\"3\":\"Welcome to our little church\",\"13\":{\"71\":{\"type\":\"paragraph\",\"enabled\":\"1\",\"fields\":{\"text\":\"<h2>First time here?<\\/h2>\\r\\n<p>I invite you to join us in worship and fellowship at any one of our services, coffee hour, concert series, or a simple contemplative visit to our garden and chapel. I like to think of our parish as a quiet oasis in the heart of this vibrant city. And yet we have so much going on at our Little Church.<\\/p>\"}}},\"12\":\"<p>Welcome to the Church of the Transfiguration located in Manhattan\'s NoMad district. We are an Episcopal Church and part of the larger, worldwide Anglican Communion, with a&nbsp;<a href=\\\"#\\\">rich musical and liturgical tradition<\\/a>. We host a diverse community embracing all people, across a vast spectrum of cultural, ethnic, racial, gender, sexual orientation, and economic backgrounds, as full members in the body of Christ.<\\/p>\"}}', '2017-08-28 12:28:22', '2017-08-28 12:28:22', '2c5187be-99ec-41b8-af62-c7e9d70db614'),
 ('18', '69', '7', '1', 'en_us', '15', '', '{\"typeId\":\"7\",\"authorId\":\"1\",\"title\":\"Welcome\",\"slug\":\"welcome\",\"postDate\":1503746520,\"expiryDate\":null,\"enabled\":1,\"parentId\":null,\"fields\":{\"11\":[\"68\"],\"3\":\"Welcome to our little church\",\"13\":{\"71\":{\"type\":\"paragraph\",\"enabled\":\"1\",\"fields\":{\"text\":\"<h2>First time here?<\\/h2>\\r\\n<p>I invite you to join us in worship and fellowship at any one of our services, coffee hour, concert series, or a simple contemplative visit to our garden and chapel. I like to think of our parish as a quiet oasis in the heart of this vibrant city. And yet we have so much going on at our Little Church.<\\/p>\"}}},\"12\":\"<p>Welcome to the Church of the Transfiguration located in Manhattan\'s NoMad district. We are an Episcopal Church and part of the larger, worldwide Anglican Communion, with a&nbsp;<a href=\\\"#\\\">rich musical and liturgical tradition<\\/a>. We host a diverse community embracing all people, across a vast spectrum of cultural, ethnic, racial, gender, sexual orientation, and economic backgrounds, as full members in the body of Christ.<\\/p>\"}}', '2017-08-28 12:30:17', '2017-08-28 12:30:17', 'b17fa754-f35a-48be-bf3a-37142ba91ffc'),
 ('19', '69', '7', '1', 'en_us', '16', '', '{\"typeId\":\"7\",\"authorId\":\"1\",\"title\":\"Welcome\",\"slug\":\"welcome\",\"postDate\":1503746520,\"expiryDate\":null,\"enabled\":1,\"parentId\":null,\"fields\":{\"11\":[\"68\"],\"3\":\"Welcome to our little church\",\"13\":{\"71\":{\"type\":\"paragraph\",\"enabled\":\"1\",\"fields\":{\"text\":\"<h2>First time here?<\\/h2>\\r\\n<p>I invite you to join us in worship and fellowship at any one of our services, coffee hour, concert series, or a simple contemplative visit to our garden and chapel. I like to think of our parish as a quiet oasis in the heart of this vibrant city. And yet we have so much going on at our Little Church.<\\/p>\"}},\"new1\":{\"type\":\"figure\",\"enabled\":\"1\",\"fields\":{\"image\":[\"72\"],\"altAttribute\":\"\",\"caption\":\"<p>This is a caption<\\/p>\",\"credit\":\"\"}}},\"12\":\"<p>Welcome to the Church of the Transfiguration located in Manhattan\'s NoMad district. We are an Episcopal Church and part of the larger, worldwide Anglican Communion, with a&nbsp;<a href=\\\"#\\\">rich musical and liturgical tradition<\\/a>. We host a diverse community embracing all people, across a vast spectrum of cultural, ethnic, racial, gender, sexual orientation, and economic backgrounds, as full members in the body of Christ.<\\/p>\"}}', '2017-08-28 12:33:09', '2017-08-28 12:33:09', '5c20c57e-c93d-4556-bd5d-8a0b6bb484ec'),
 ('20', '69', '7', '1', 'en_us', '17', '', '{\"typeId\":\"7\",\"authorId\":\"1\",\"title\":\"Welcome\",\"slug\":\"welcome\",\"postDate\":1503746520,\"expiryDate\":null,\"enabled\":1,\"parentId\":null,\"fields\":{\"11\":[\"68\"],\"3\":\"Welcome to our little church\",\"13\":{\"71\":{\"type\":\"paragraph\",\"enabled\":\"1\",\"fields\":{\"text\":\"<h2>First time here?<\\/h2>\\r\\n<p>I invite you to join us in worship and fellowship at any one of our services, coffee hour, concert series, or a simple contemplative visit to our garden and chapel. I like to think of our parish as a quiet oasis in the heart of this vibrant city. And yet we have so much going on at our Little Church.<\\/p>\"}},\"73\":{\"type\":\"figure\",\"enabled\":\"1\",\"fields\":{\"image\":[\"72\"],\"altAttribute\":\"\",\"caption\":\"<p>This is a caption<\\/p>\",\"credit\":\"\"}},\"new1\":{\"type\":\"paragraph\",\"enabled\":\"1\",\"fields\":{\"text\":\"<blockquote><b>The Church of the Transfiguration is a community committed to faith in action. We embrace all who seek God\\u2019s inclusive love.<\\/b><\\/blockquote>\"}}},\"12\":\"<p>Welcome to the Church of the Transfiguration located in Manhattan\'s NoMad district. We are an Episcopal Church and part of the larger, worldwide Anglican Communion, with a&nbsp;<a href=\\\"#\\\">rich musical and liturgical tradition<\\/a>. We host a diverse community embracing all people, across a vast spectrum of cultural, ethnic, racial, gender, sexual orientation, and economic backgrounds, as full members in the body of Christ.<\\/p>\"}}', '2017-08-28 12:43:05', '2017-08-28 12:43:05', '2ee2ecc3-4b18-4871-8bfe-5b373adcdaa3'),
 ('21', '69', '7', '1', 'en_us', '18', '', '{\"typeId\":\"7\",\"authorId\":\"1\",\"title\":\"Welcome\",\"slug\":\"welcome\",\"postDate\":1503746520,\"expiryDate\":null,\"enabled\":1,\"parentId\":null,\"fields\":{\"11\":[\"68\"],\"3\":\"Welcome to our little church\",\"13\":{\"71\":{\"type\":\"paragraph\",\"enabled\":\"1\",\"fields\":{\"text\":\"<h2>First time here?<\\/h2>\\r\\n<p>I invite you to join us in worship and fellowship at any one of our services, coffee hour, concert series, or a simple contemplative visit to our garden and chapel. I like to think of our parish as a quiet oasis in the heart of this vibrant city. And yet we have so much going on at our Little Church.<\\/p>\"}},\"73\":{\"type\":\"figure\",\"enabled\":\"1\",\"fields\":{\"image\":[\"72\"],\"altAttribute\":\"\",\"caption\":\"<p>This is a caption<\\/p>\",\"credit\":\"\"}},\"74\":{\"type\":\"paragraph\",\"enabled\":\"1\",\"fields\":{\"text\":\"<h2>Sem inceptos sociosqu interdum<\\/h2><p>Consequat orci a cum suspendisse pretium orci dui dapibus ultricies nisi vulputate erat a dui. Ultricies enim a ut per egestas augue dis ad tellus mus a hac ac a scelerisque ullamcorper eupraesent quisque adipiscing. Erat purus ante habitasse mus interdum scelerisque a hac fermentum cum conguesuspendisse scelerisque auctor condimentum eu ipsum varius cursus a tempus aenean consectetur et a. Cubilia scelerisque ligula fusce a consequat vel fames a arcu mi nisl et at ultrices nunc. Sem inceptos sociosqu interdum adipiscing quis aliquam adipiscing vel taciti enim penatibus et ullamcorper venenatis.<\\/p><blockquote><strong>The Church of the Transfiguration is a community committed to faith in action. We embrace all who seek God\\u2019s inclusive love<br><\\/strong><\\/blockquote><p>Consequat orci a cum suspendisse pretium orci dui dapibus ultricies nisi vulputate erat a dui. Ultricies enim a ut per egestas augue dis ad tellus mus a hac ac a scelerisque ullamcorper eupraesent quisque adipiscing. Erat purus ante habitasse mus interdum scelerisque a hac fermentum cum conguesuspendisse scelerisque auctor condimentum eu ipsum varius cursus a tempus aenean consectetur et a. Cubilia scelerisque ligula fusce a consequat vel fames a arcu mi nisl et at ultrices nunc. Sem inceptos sociosqu interdum adipiscing quis aliquam adipiscing vel taciti enim penatibus et ullamcorper venenatis.<\\/p>\"}}},\"12\":\"<p>Welcome to the Church of the Transfiguration located in Manhattan\'s NoMad district. We are an Episcopal Church and part of the larger, worldwide Anglican Communion, with a&nbsp;<a href=\\\"#\\\">rich musical and liturgical tradition<\\/a>. We host a diverse community embracing all people, across a vast spectrum of cultural, ethnic, racial, gender, sexual orientation, and economic backgrounds, as full members in the body of Christ.<\\/p>\"}}', '2017-08-28 12:48:09', '2017-08-28 12:48:09', '344d6de6-efb3-45a0-9650-79beba919762'),
 ('22', '69', '7', '1', 'en_us', '19', '', '{\"typeId\":\"7\",\"authorId\":\"1\",\"title\":\"Welcome\",\"slug\":\"welcome\",\"postDate\":1503746520,\"expiryDate\":null,\"enabled\":1,\"parentId\":null,\"fields\":{\"11\":[\"68\"],\"3\":\"Welcome to our little church\",\"13\":{\"71\":{\"type\":\"paragraph\",\"enabled\":\"1\",\"fields\":{\"text\":\"<h2>First time here?<\\/h2>\\r\\n<p>I invite you to join us in worship and fellowship at any one of our services, coffee hour, concert series, or a simple contemplative visit to our garden and chapel. I like to think of our parish as a quiet oasis in the heart of this vibrant city. And yet we have so much going on at our Little Church.<\\/p>\"}},\"73\":{\"type\":\"figure\",\"enabled\":\"1\",\"fields\":{\"image\":[\"72\"],\"altAttribute\":\"\",\"caption\":\"<p>This is a caption<\\/p>\",\"credit\":\"\"}},\"74\":{\"type\":\"paragraph\",\"enabled\":\"1\",\"fields\":{\"text\":\"<h2>Sem inceptos sociosqu interdum<\\/h2>\\r\\n<p>Consequat orci a cum suspendisse pretium orci dui dapibus ultricies nisi vulputate erat a dui. Ultricies enim a ut per egestas augue dis ad tellus mus a hac ac a scelerisque ullamcorper eupraesent quisque adipiscing. Erat purus ante habitasse mus interdum scelerisque a hac fermentum cum conguesuspendisse scelerisque auctor condimentum eu ipsum varius cursus a tempus aenean consectetur et a. Cubilia scelerisque ligula fusce a consequat vel fames a arcu mi nisl et at ultrices nunc. Sem inceptos sociosqu interdum adipiscing quis aliquam adipiscing vel taciti enim penatibus et ullamcorper venenatis.<\\/p>\\r\\n<blockquote><strong>The Church of the Transfiguration is a community committed to faith in action. We embrace all who seek God\\u2019s inclusive love<br><\\/strong><\\/blockquote>\\r\\n<p>Consequat orci a cum suspendisse pretium orci dui dapibus ultricies nisi vulputate erat a dui. Ultricies enim a ut per egestas augue dis ad tellus mus a hac ac a scelerisque ullamcorper eupraesent quisque adipiscing. Erat purus ante habitasse mus interdum scelerisque a hac fermentum cum conguesuspendisse scelerisque auctor condimentum eu ipsum varius cursus a tempus aenean consectetur et a. Cubilia scelerisque ligula fusce a consequat vel fames a arcu mi nisl et at ultrices nunc. Sem inceptos sociosqu interdum adipiscing quis aliquam adipiscing vel taciti enim penatibus et ullamcorper venenatis.<\\/p>\"}}},\"12\":\"<p>Welcome to the Church of the Transfiguration located in Manhattan\'s NoMad district. We are an Episcopal Church and part of the larger, worldwide Anglican Communion, with a&nbsp;<a href=\\\"#\\\">rich musical and liturgical tradition<\\/a>. We host a diverse community embracing all people, across a vast spectrum of cultural, ethnic, racial, gender, sexual orientation, and economic backgrounds, as full members in the body of Christ.<\\/p>\"}}', '2017-08-28 12:48:54', '2017-08-28 12:48:54', '4de0b987-d760-4f2f-b397-69838f36d49f'),
 ('23', '69', '7', '1', 'en_us', '20', '', '{\"typeId\":\"7\",\"authorId\":\"1\",\"title\":\"Welcome\",\"slug\":\"welcome\",\"postDate\":1503746520,\"expiryDate\":null,\"enabled\":1,\"parentId\":null,\"fields\":{\"11\":[\"68\"],\"3\":\"Welcome to our little church\",\"13\":{\"71\":{\"type\":\"paragraph\",\"enabled\":\"1\",\"fields\":{\"text\":\"<h2>First time here?<\\/h2>\\r\\n<p>I invite you to join us in worship and fellowship at any one of our services, coffee hour, concert series, or a simple contemplative visit to our garden and chapel. I like to think of our parish as a quiet oasis in the heart of this vibrant city. And yet we have so much going on at our Little Church.<\\/p>\"}},\"73\":{\"type\":\"figure\",\"enabled\":\"1\",\"fields\":{\"image\":[\"72\"],\"altAttribute\":\"\",\"caption\":\"<p>This is a caption<\\/p>\",\"credit\":\"\"}},\"74\":{\"type\":\"paragraph\",\"enabled\":\"1\",\"fields\":{\"text\":\"<h2>Sem inceptos sociosqu interdum<\\/h2>\\r\\n<p>Consequat orci a cum suspendisse pretium orci dui dapibus ultricies nisi vulputate erat a dui. Ultricies enim a ut per egestas augue dis ad tellus mus a hac ac a scelerisque ullamcorper eupraesent quisque adipiscing. Erat purus ante habitasse mus interdum scelerisque a hac fermentum cum conguesuspendisse scelerisque auctor condimentum eu ipsum varius cursus a tempus aenean consectetur et a. Cubilia scelerisque ligula fusce a consequat vel fames a arcu mi nisl et at ultrices nunc. Sem inceptos sociosqu interdum adipiscing quis aliquam adipiscing vel taciti enim penatibus et ullamcorper venenatis.<\\/p>\\r\\n<blockquote><strong>The Church of the Transfiguration is a community committed to faith in action. We embrace all who seek God\\u2019s inclusive love<br><\\/strong><\\/blockquote>\\r\\n<p>Consequat orci a cum suspendisse pretium orci dui dapibus ultricies nisi vulputate erat a dui. Ultricies enim a ut per egestas augue dis ad tellus mus a hac ac a scelerisque ullamcorper eupraesent quisque adipiscing. Erat purus ante habitasse mus interdum scelerisque a hac fermentum cum conguesuspendisse scelerisque auctor condimentum eu ipsum varius cursus a tempus aenean consectetur et a. Cubilia scelerisque ligula fusce a consequat vel fames a arcu mi nisl et at ultrices nunc. Sem inceptos sociosqu interdum adipiscing quis aliquam adipiscing vel taciti enim penatibus et ullamcorper venenatis.<\\/p>\"}}},\"12\":\"<p>Welcome to the Church of the Transfiguration located in Manhattan\'s NoMad district. We are an Episcopal Church and part of the larger, worldwide Anglican Communion, with a&nbsp;<a href=\\\"#\\\">rich musical and liturgical tradition<\\/a>. We host a diverse community embracing all people, across a vast spectrum of cultural, ethnic, racial, gender, sexual orientation, and economic backgrounds, as full members in the body of Christ.<\\/p>\"}}', '2017-08-28 12:49:05', '2017-08-28 12:49:05', 'd0f1cf6f-77d9-420e-9676-33269205d97f'),
 ('24', '69', '7', '1', 'en_us', '21', '', '{\"typeId\":\"7\",\"authorId\":\"1\",\"title\":\"Welcome\",\"slug\":\"welcome\",\"postDate\":1503746520,\"expiryDate\":null,\"enabled\":1,\"parentId\":null,\"fields\":{\"11\":[\"68\"],\"3\":\"Welcome to our little church\",\"13\":{\"71\":{\"type\":\"paragraph\",\"enabled\":\"1\",\"fields\":{\"text\":\"<h2>First time here?<\\/h2>\\r\\n<p>I invite you to join us in worship and fellowship at any one of our services, coffee hour, concert series, or a simple contemplative visit to our garden and chapel. I like to think of our parish as a quiet oasis in the heart of this vibrant city. And yet we have so much going on at our Little Church.<\\/p>\"}},\"73\":{\"type\":\"figure\",\"enabled\":\"1\",\"fields\":{\"image\":[\"72\"],\"altAttribute\":\"\",\"caption\":\"<p>This is a caption<\\/p>\",\"credit\":\"\"}},\"74\":{\"type\":\"paragraph\",\"enabled\":\"1\",\"fields\":{\"text\":\"<h2>Sem inceptos sociosqu interdum<\\/h2>\\r\\n<p>Consequat orci a cum suspendisse pretium orci dui dapibus ultricies nisi vulputate erat a dui. Ultricies enim a ut per egestas augue dis ad tellus mus a hac ac a scelerisque ullamcorper eupraesent quisque adipiscing. Erat purus ante habitasse mus interdum scelerisque a hac fermentum cum conguesuspendisse scelerisque auctor condimentum eu ipsum varius cursus a tempus aenean consectetur et a. Cubilia scelerisque ligula fusce a consequat vel fames a arcu mi nisl et at ultrices nunc. Sem inceptos sociosqu interdum adipiscing quis aliquam adipiscing vel taciti enim penatibus et ullamcorper venenatis.<\\/p>\\r\\n<blockquote>The Church of the Transfiguration is a community committed to faith in action. We embrace all who seek God\\u2019s inclusive love<\\/blockquote>\\r\\n<p>Consequat orci a cum suspendisse pretium orci dui dapibus ultricies nisi vulputate erat a dui. Ultricies enim a ut per egestas augue dis ad tellus mus a hac ac a scelerisque ullamcorper eupraesent quisque adipiscing. Erat purus ante habitasse mus interdum scelerisque a hac fermentum cum conguesuspendisse scelerisque auctor condimentum eu ipsum varius cursus a tempus aenean consectetur et a. Cubilia scelerisque ligula fusce a consequat vel fames a arcu mi nisl et at ultrices nunc. Sem inceptos sociosqu interdum adipiscing quis aliquam adipiscing vel taciti enim penatibus et ullamcorper venenatis.<\\/p>\"}}},\"12\":\"<p>Welcome to the Church of the Transfiguration located in Manhattan\'s NoMad district. We are an Episcopal Church and part of the larger, worldwide Anglican Communion, with a&nbsp;<a href=\\\"#\\\">rich musical and liturgical tradition<\\/a>. We host a diverse community embracing all people, across a vast spectrum of cultural, ethnic, racial, gender, sexual orientation, and economic backgrounds, as full members in the body of Christ.<\\/p>\"}}', '2017-08-28 12:54:17', '2017-08-28 12:54:17', 'd00d65f4-f9cf-42e3-b95e-3b1f80323785'),
 ('25', '69', '7', '1', 'en_us', '22', '', '{\"typeId\":\"7\",\"authorId\":\"1\",\"title\":\"Welcome\",\"slug\":\"welcome\",\"postDate\":1503746520,\"expiryDate\":null,\"enabled\":1,\"parentId\":null,\"fields\":{\"11\":[\"68\"],\"3\":\"Welcome to our little church\",\"13\":{\"71\":{\"type\":\"paragraph\",\"enabled\":\"1\",\"fields\":{\"text\":\"<h2>First time here?<\\/h2>\\r\\n<p>I invite you to join us in worship and fellowship at any one of our services, coffee hour, concert series, or a simple contemplative visit to our garden and chapel. I like to think of our parish as a quiet oasis in the heart of this vibrant city. And yet we have so much going on at our Little Church.<\\/p>\"}},\"73\":{\"type\":\"figureFull\",\"enabled\":\"1\",\"fields\":{\"image\":[\"72\"],\"altAttribute\":\"\",\"caption\":\"<p>This is a caption<\\/p>\",\"credit\":\"\"}},\"74\":{\"type\":\"paragraph\",\"enabled\":\"1\",\"fields\":{\"text\":\"<h2>Sem inceptos sociosqu interdum<\\/h2>\\r\\n<p>Consequat orci a cum suspendisse pretium orci dui dapibus ultricies nisi vulputate erat a dui. Ultricies enim a ut per egestas augue dis ad tellus mus a hac ac a scelerisque ullamcorper eupraesent quisque adipiscing. Erat purus ante habitasse mus interdum scelerisque a hac fermentum cum conguesuspendisse scelerisque auctor condimentum eu ipsum varius cursus a tempus aenean consectetur et a. Cubilia scelerisque ligula fusce a consequat vel fames a arcu mi nisl et at ultrices nunc. Sem inceptos sociosqu interdum adipiscing quis aliquam adipiscing vel taciti enim penatibus et ullamcorper venenatis.<\\/p>\\r\\n<blockquote>The Church of the Transfiguration is a community committed to faith in action. We embrace all who seek God\\u2019s inclusive love<\\/blockquote>\\r\\n<p>Consequat orci a cum suspendisse pretium orci dui dapibus ultricies nisi vulputate erat a dui. Ultricies enim a ut per egestas augue dis ad tellus mus a hac ac a scelerisque ullamcorper eupraesent quisque adipiscing. Erat purus ante habitasse mus interdum scelerisque a hac fermentum cum conguesuspendisse scelerisque auctor condimentum eu ipsum varius cursus a tempus aenean consectetur et a. Cubilia scelerisque ligula fusce a consequat vel fames a arcu mi nisl et at ultrices nunc. Sem inceptos sociosqu interdum adipiscing quis aliquam adipiscing vel taciti enim penatibus et ullamcorper venenatis.<\\/p><p><a href=\\\"http:\\/\\/lc-craft\\/images\\/blog-01.jpg#asset:8\\\">Blog 01<\\/a><br><\\/p>\"}}},\"12\":\"<p>Welcome to the Church of the Transfiguration located in Manhattan\'s NoMad district. We are an Episcopal Church and part of the larger, worldwide Anglican Communion, with a&nbsp;<a href=\\\"#\\\">rich musical and liturgical tradition<\\/a>. We host a diverse community embracing all people, across a vast spectrum of cultural, ethnic, racial, gender, sexual orientation, and economic backgrounds, as full members in the body of Christ.<\\/p>\"}}', '2017-08-28 14:30:59', '2017-08-28 14:30:59', 'fd0990db-8534-46ce-b98f-9a6df5c234ad'),
 ('26', '69', '7', '1', 'en_us', '23', '', '{\"typeId\":\"7\",\"authorId\":\"1\",\"title\":\"Welcome\",\"slug\":\"welcome\",\"postDate\":1503746520,\"expiryDate\":null,\"enabled\":1,\"parentId\":null,\"fields\":{\"11\":[\"68\"],\"3\":\"Welcome to our little church\",\"13\":{\"71\":{\"type\":\"paragraph\",\"enabled\":\"1\",\"fields\":{\"text\":\"<h2>First time here?<\\/h2>\\r\\n<p>I invite you to join us in worship and fellowship at any one of our services, coffee hour, concert series, or a simple contemplative visit to our garden and chapel. I like to think of our parish as a quiet oasis in the heart of this vibrant city. And yet we have so much going on at our Little Church.<\\/p>\"}},\"73\":{\"type\":\"figureFull\",\"enabled\":\"1\",\"fields\":{\"image\":[\"72\"],\"altAttribute\":\"\",\"caption\":\"<p>This is a caption<\\/p>\",\"credit\":\"\"}},\"74\":{\"type\":\"paragraph\",\"enabled\":\"1\",\"fields\":{\"text\":\"<h2>Sem inceptos sociosqu interdum<\\/h2>\\r\\n<p>Consequat orci a cum suspendisse pretium orci dui dapibus ultricies nisi vulputate erat a dui. Ultricies enim a ut per egestas augue dis ad tellus mus a hac ac a scelerisque ullamcorper eupraesent quisque adipiscing. Erat purus ante habitasse mus interdum scelerisque a hac fermentum cum conguesuspendisse scelerisque auctor condimentum eu ipsum varius cursus a tempus aenean consectetur et a. Cubilia scelerisque ligula fusce a consequat vel fames a arcu mi nisl et at ultrices nunc. Sem inceptos sociosqu interdum adipiscing quis aliquam adipiscing vel taciti enim penatibus et ullamcorper venenatis.<\\/p>\\r\\n<blockquote>The Church of the Transfiguration is a community committed to faith in action. We embrace all who seek God\\u2019s inclusive love<\\/blockquote>\\r\\n<p>Consequat orci a cum suspendisse pretium orci dui dapibus ultricies nisi vulputate erat a dui. Ultricies enim a ut per egestas augue dis ad tellus mus a hac ac a scelerisque ullamcorper eupraesent quisque adipiscing. Erat purus ante habitasse mus interdum scelerisque a hac fermentum cum conguesuspendisse scelerisque auctor condimentum eu ipsum varius cursus a tempus aenean consectetur et a. Cubilia scelerisque ligula fusce a consequat vel fames a arcu mi nisl et at ultrices nunc. Sem inceptos sociosqu interdum adipiscing quis aliquam adipiscing vel taciti enim penatibus et ullamcorper venenatis.<\\/p>\"}},\"new2\":{\"type\":\"paragraph\",\"enabled\":\"1\",\"fields\":{\"text\":\"<h3>Hello<\\/h3><p>Here is some text.<\\/p>\"}}},\"12\":\"<p>Welcome to the Church of the Transfiguration located in Manhattan\'s NoMad district. We are an Episcopal Church and part of the larger, worldwide Anglican Communion, with a&nbsp;<a href=\\\"#\\\">rich musical and liturgical tradition<\\/a>. We host a diverse community embracing all people, across a vast spectrum of cultural, ethnic, racial, gender, sexual orientation, and economic backgrounds, as full members in the body of Christ.<\\/p>\"}}', '2017-08-28 14:35:18', '2017-08-28 14:35:18', '6fca2b2b-cb37-409c-b1f2-d012efd97f84'),
 ('27', '69', '7', '1', 'en_us', '24', '', '{\"typeId\":\"7\",\"authorId\":\"1\",\"title\":\"Welcome\",\"slug\":\"welcome\",\"postDate\":1503746520,\"expiryDate\":null,\"enabled\":1,\"parentId\":null,\"fields\":{\"11\":[\"68\"],\"3\":\"Welcome to our little church\",\"13\":{\"71\":{\"type\":\"paragraph\",\"enabled\":\"1\",\"fields\":{\"text\":\"<h2>First time here?<\\/h2>\\r\\n<p>I invite you to join us in worship and fellowship at any one of our services, coffee hour, concert series, or a simple contemplative visit to our garden and chapel. I like to think of our parish as a quiet oasis in the heart of this vibrant city. And yet we have so much going on at our Little Church.<\\/p>\"}},\"73\":{\"type\":\"figureFull\",\"enabled\":\"1\",\"fields\":{\"image\":[\"72\"],\"altAttribute\":\"\",\"caption\":\"<p>This is a caption<\\/p>\",\"credit\":\"\"}},\"74\":{\"type\":\"paragraph\",\"enabled\":\"1\",\"fields\":{\"text\":\"<h2>Sem inceptos sociosqu interdum<\\/h2>\\r\\n<p>Consequat orci a cum suspendisse pretium orci dui dapibus ultricies nisi vulputate erat a dui. Ultricies enim a ut per egestas augue dis ad tellus mus a hac ac a scelerisque ullamcorper eupraesent quisque adipiscing. Erat purus ante habitasse mus interdum scelerisque a hac fermentum cum conguesuspendisse scelerisque auctor condimentum eu ipsum varius cursus a tempus aenean consectetur et a. Cubilia scelerisque ligula fusce a consequat vel fames a arcu mi nisl et at ultrices nunc. Sem inceptos sociosqu interdum adipiscing quis aliquam adipiscing vel taciti enim penatibus et ullamcorper venenatis.<\\/p>\\r\\n<blockquote>The Church of the Transfiguration is a community committed to faith in action. We embrace all who seek God\\u2019s inclusive love<\\/blockquote>\\r\\n<p>Consequat orci a cum suspendisse pretium orci dui dapibus ultricies nisi vulputate erat a dui. Ultricies enim a ut per egestas augue dis ad tellus mus a hac ac a scelerisque ullamcorper eupraesent quisque adipiscing. Erat purus ante habitasse mus interdum scelerisque a hac fermentum cum conguesuspendisse scelerisque auctor condimentum eu ipsum varius cursus a tempus aenean consectetur et a. Cubilia scelerisque ligula fusce a consequat vel fames a arcu mi nisl et at ultrices nunc. Sem inceptos sociosqu interdum adipiscing quis aliquam adipiscing vel taciti enim penatibus et ullamcorper venenatis.<\\/p>\"}},\"75\":{\"type\":\"paragraph\",\"enabled\":\"1\",\"fields\":{\"text\":\"<h3>Sem inceptos sociosqu interdum<\\/h3>\\r\\n<p>Consequat orci a cum suspendisse pretium orci dui dapibus ultricies nisi vulputate erat a dui. Ultricies enim a ut per egestas augue dis ad tellus mus a hac ac a scelerisque ullamcorper eupraesent quisque adipiscing. Erat purus ante habitasse mus interdum scelerisque a hac fermentum cum conguesuspendisse scelerisque auctor condimentum eu ipsum varius cursus a tempus aenean consectetur.<\\/p>\"}}},\"12\":\"<p>Welcome to the Church of the Transfiguration located in Manhattan\'s NoMad district. We are an Episcopal Church and part of the larger, worldwide Anglican Communion, with a&nbsp;<a href=\\\"#\\\">rich musical and liturgical tradition<\\/a>. We host a diverse community embracing all people, across a vast spectrum of cultural, ethnic, racial, gender, sexual orientation, and economic backgrounds, as full members in the body of Christ.<\\/p>\"}}', '2017-08-28 14:36:43', '2017-08-28 14:36:43', '3e8154e0-e84d-4132-a1f1-f8b738d91a84'),
 ('28', '76', '8', '1', 'en_us', '1', '', '{\"typeId\":null,\"authorId\":\"1\",\"title\":\"Ian Betts\",\"slug\":\"ian-betts\",\"postDate\":1503933346,\"expiryDate\":null,\"enabled\":1,\"parentId\":null,\"fields\":{\"1\":\"<p>Dictum sit sed venenatis magnis nulla per parturient a dictumst urna a parturient velit scelerisque ullamcorper nec orci eu himenaeos mus amet adipiscing metus ut duis. Vitae parturient a sit ut quisque accumsan scelerisque in a a hac mattis a felis scelerisque blandit suspendisse mus montes a at adipiscing. Ullamcorper ipsum lobortis facilisi scelerisque a vestibulum nascetur id mattis tincidunt dictum netus dictumst pulvinar risus sagittis consectetur leo dolor cras. Laoreet facilisis leo ullamcorper a cursus interdum proin ad habitasse diam ridiculus a parturient mi parturient parturient scelerisque parturient suspendisse vestibulum.<\\/p>\",\"24\":\"Deacon\",\"10\":\"\"}}', '2017-08-28 15:15:47', '2017-08-28 15:15:47', '0f3c13e0-f66e-445f-a38d-85fa9dfe62b0'),
 ('29', '69', '7', '1', 'en_us', '25', '', '{\"typeId\":\"7\",\"authorId\":\"1\",\"title\":\"Welcome\",\"slug\":\"welcome\",\"postDate\":1503746520,\"expiryDate\":null,\"enabled\":1,\"parentId\":null,\"fields\":{\"11\":[\"68\"],\"3\":\"Welcome to our little church\",\"13\":{\"71\":{\"type\":\"generalSection\",\"enabled\":\"1\",\"fields\":{\"text\":\"<h2>First time here?<\\/h2>\\r\\n<p>I invite you to join us in worship and fellowship at any one of our services, coffee hour, concert series, or a simple contemplative visit to our garden and chapel. I like to think of our parish as a quiet oasis in the heart of this vibrant city. And yet we have so much going on at our Little Church.<\\/p>\"}},\"73\":{\"type\":\"figureFull\",\"enabled\":\"1\",\"fields\":{\"image\":[\"72\"],\"altAttribute\":\"\",\"caption\":\"<p>This is a caption<\\/p>\",\"credit\":\"\"}},\"74\":{\"type\":\"generalSection\",\"enabled\":\"1\",\"fields\":{\"text\":\"<h2>Sem inceptos sociosqu interdum<\\/h2>\\r\\n<p>Consequat orci a cum suspendisse pretium orci dui dapibus ultricies nisi vulputate erat a dui. Ultricies enim a ut per egestas augue dis ad tellus mus a hac ac a scelerisque ullamcorper eupraesent quisque adipiscing. Erat purus ante habitasse mus interdum scelerisque a hac fermentum cum conguesuspendisse scelerisque auctor condimentum eu ipsum varius cursus a tempus aenean consectetur et a. Cubilia scelerisque ligula fusce a consequat vel fames a arcu mi nisl et at ultrices nunc. Sem inceptos sociosqu interdum adipiscing quis aliquam adipiscing vel taciti enim penatibus et ullamcorper venenatis.<\\/p>\\r\\n<blockquote>The Church of the Transfiguration is a community committed to faith in action. We embrace all who seek God\\u2019s inclusive love<\\/blockquote>\\r\\n<p>Consequat orci a cum suspendisse pretium orci dui dapibus ultricies nisi vulputate erat a dui. Ultricies enim a ut per egestas augue dis ad tellus mus a hac ac a scelerisque ullamcorper eupraesent quisque adipiscing. Erat purus ante habitasse mus interdum scelerisque a hac fermentum cum conguesuspendisse scelerisque auctor condimentum eu ipsum varius cursus a tempus aenean consectetur et a. Cubilia scelerisque ligula fusce a consequat vel fames a arcu mi nisl et at ultrices nunc. Sem inceptos sociosqu interdum adipiscing quis aliquam adipiscing vel taciti enim penatibus et ullamcorper venenatis.<\\/p>\"}},\"75\":{\"type\":\"generalSection\",\"enabled\":\"1\",\"fields\":{\"text\":\"<h3>Sem inceptos sociosqu interdum<\\/h3>\\r\\n<p>Consequat orci a cum suspendisse pretium orci dui dapibus ultricies nisi vulputate erat a dui. Ultricies enim a ut per egestas augue dis ad tellus mus a hac ac a scelerisque ullamcorper eupraesent quisque adipiscing. Erat purus ante habitasse mus interdum scelerisque a hac fermentum cum conguesuspendisse scelerisque auctor condimentum eu ipsum varius cursus a tempus aenean consectetur.<\\/p>\"}},\"new1\":{\"type\":\"bios\",\"enabled\":\"1\",\"fields\":{\"type\":\"Leadership\",\"individual\":[\"76\"]}}},\"12\":\"<p>Welcome to the Church of the Transfiguration located in Manhattan\'s NoMad district. We are an Episcopal Church and part of the larger, worldwide Anglican Communion, with a&nbsp;<a href=\\\"#\\\">rich musical and liturgical tradition<\\/a>. We host a diverse community embracing all people, across a vast spectrum of cultural, ethnic, racial, gender, sexual orientation, and economic backgrounds, as full members in the body of Christ.<\\/p>\"}}', '2017-08-28 15:16:58', '2017-08-28 15:16:58', 'f2868ecb-7988-45de-9014-565226b803c2'),
 ('30', '69', '7', '1', 'en_us', '26', '', '{\"typeId\":\"7\",\"authorId\":\"1\",\"title\":\"Welcome\",\"slug\":\"welcome\",\"postDate\":1503746520,\"expiryDate\":null,\"enabled\":1,\"parentId\":null,\"fields\":{\"11\":[\"68\"],\"3\":\"Welcome to our little church\",\"13\":{\"71\":{\"type\":\"generalSection\",\"enabled\":\"1\",\"fields\":{\"text\":\"<h2>First time here?<\\/h2>\\r\\n<p>I invite you to join us in worship and fellowship at any one of our services, coffee hour, concert series, or a simple contemplative visit to our garden and chapel. I like to think of our parish as a quiet oasis in the heart of this vibrant city. And yet we have so much going on at our Little Church.<\\/p>\"}},\"73\":{\"type\":\"figureFull\",\"enabled\":\"1\",\"fields\":{\"image\":[\"72\"],\"altAttribute\":\"\",\"caption\":\"<p>This is a caption<\\/p>\",\"credit\":\"\"}},\"74\":{\"type\":\"generalSection\",\"enabled\":\"1\",\"fields\":{\"text\":\"<h2>Sem inceptos sociosqu interdum<\\/h2>\\r\\n<p>Consequat orci a cum suspendisse pretium orci dui dapibus ultricies nisi vulputate erat a dui. Ultricies enim a ut per egestas augue dis ad tellus mus a hac ac a scelerisque ullamcorper eupraesent quisque adipiscing. Erat purus ante habitasse mus interdum scelerisque a hac fermentum cum conguesuspendisse scelerisque auctor condimentum eu ipsum varius cursus a tempus aenean consectetur et a. Cubilia scelerisque ligula fusce a consequat vel fames a arcu mi nisl et at ultrices nunc. Sem inceptos sociosqu interdum adipiscing quis aliquam adipiscing vel taciti enim penatibus et ullamcorper venenatis.<\\/p>\\r\\n<blockquote>The Church of the Transfiguration is a community committed to faith in action. We embrace all who seek God\\u2019s inclusive love<\\/blockquote>\\r\\n<p>Consequat orci a cum suspendisse pretium orci dui dapibus ultricies nisi vulputate erat a dui. Ultricies enim a ut per egestas augue dis ad tellus mus a hac ac a scelerisque ullamcorper eupraesent quisque adipiscing. Erat purus ante habitasse mus interdum scelerisque a hac fermentum cum conguesuspendisse scelerisque auctor condimentum eu ipsum varius cursus a tempus aenean consectetur et a. Cubilia scelerisque ligula fusce a consequat vel fames a arcu mi nisl et at ultrices nunc. Sem inceptos sociosqu interdum adipiscing quis aliquam adipiscing vel taciti enim penatibus et ullamcorper venenatis.<\\/p>\"}},\"75\":{\"type\":\"generalSection\",\"enabled\":\"1\",\"fields\":{\"text\":\"<h3>Sem inceptos sociosqu interdum<\\/h3>\\r\\n<p>Consequat orci a cum suspendisse pretium orci dui dapibus ultricies nisi vulputate erat a dui. Ultricies enim a ut per egestas augue dis ad tellus mus a hac ac a scelerisque ullamcorper eupraesent quisque adipiscing. Erat purus ante habitasse mus interdum scelerisque a hac fermentum cum conguesuspendisse scelerisque auctor condimentum eu ipsum varius cursus a tempus aenean consectetur.<\\/p>\"}},\"77\":{\"type\":\"bios\",\"enabled\":\"1\",\"fields\":{\"type\":\"Leadership\",\"individual\":[\"76\"]}}},\"12\":\"<p>Welcome to the Church of the Transfiguration located in Manhattan\'s NoMad district. We are an Episcopal Church and part of the larger, worldwide Anglican Communion, with a&nbsp;<a href=\\\"#\\\">rich musical and liturgical tradition<\\/a>. We host a diverse community embracing all people, across a vast spectrum of cultural, ethnic, racial, gender, sexual orientation, and economic backgrounds, as full members in the body of Christ.<\\/p>\"}}', '2017-08-28 15:22:00', '2017-08-28 15:22:00', '3ff9b615-a0dd-4568-ab81-a7c639129adc'),
 ('31', '78', '8', '1', 'en_us', '1', '', '{\"typeId\":null,\"authorId\":\"1\",\"title\":\"Carl Avidano\",\"slug\":\"carl-avidano\",\"postDate\":1503934925,\"expiryDate\":null,\"enabled\":1,\"parentId\":null,\"fields\":{\"1\":\"<p>Whoa!<\\/p>\",\"24\":\"Web Designer\",\"10\":\"\"}}', '2017-08-28 15:42:06', '2017-08-28 15:42:06', '348afb57-5166-444d-85b5-c503a84f577c'),
 ('32', '69', '7', '1', 'en_us', '27', '', '{\"typeId\":\"7\",\"authorId\":\"1\",\"title\":\"Welcome\",\"slug\":\"welcome\",\"postDate\":1503746520,\"expiryDate\":null,\"enabled\":1,\"parentId\":null,\"fields\":{\"11\":[\"68\"],\"3\":\"Welcome to our little church\",\"13\":{\"71\":{\"type\":\"generalSection\",\"enabled\":\"1\",\"fields\":{\"text\":\"<h2>First time here?<\\/h2>\\r\\n<p>I invite you to join us in worship and fellowship at any one of our services, coffee hour, concert series, or a simple contemplative visit to our garden and chapel. I like to think of our parish as a quiet oasis in the heart of this vibrant city. And yet we have so much going on at our Little Church.<\\/p>\"}},\"73\":{\"type\":\"figureFull\",\"enabled\":\"1\",\"fields\":{\"image\":[\"72\"],\"altAttribute\":\"\",\"caption\":\"<p>This is a caption<\\/p>\",\"credit\":\"\"}},\"74\":{\"type\":\"generalSection\",\"enabled\":\"1\",\"fields\":{\"text\":\"<h2>Sem inceptos sociosqu interdum<\\/h2>\\r\\n<p>Consequat orci a cum suspendisse pretium orci dui dapibus ultricies nisi vulputate erat a dui. Ultricies enim a ut per egestas augue dis ad tellus mus a hac ac a scelerisque ullamcorper eupraesent quisque adipiscing. Erat purus ante habitasse mus interdum scelerisque a hac fermentum cum conguesuspendisse scelerisque auctor condimentum eu ipsum varius cursus a tempus aenean consectetur et a. Cubilia scelerisque ligula fusce a consequat vel fames a arcu mi nisl et at ultrices nunc. Sem inceptos sociosqu interdum adipiscing quis aliquam adipiscing vel taciti enim penatibus et ullamcorper venenatis.<\\/p>\\r\\n<blockquote>The Church of the Transfiguration is a community committed to faith in action. We embrace all who seek God\\u2019s inclusive love<\\/blockquote>\\r\\n<p>Consequat orci a cum suspendisse pretium orci dui dapibus ultricies nisi vulputate erat a dui. Ultricies enim a ut per egestas augue dis ad tellus mus a hac ac a scelerisque ullamcorper eupraesent quisque adipiscing. Erat purus ante habitasse mus interdum scelerisque a hac fermentum cum conguesuspendisse scelerisque auctor condimentum eu ipsum varius cursus a tempus aenean consectetur et a. Cubilia scelerisque ligula fusce a consequat vel fames a arcu mi nisl et at ultrices nunc. Sem inceptos sociosqu interdum adipiscing quis aliquam adipiscing vel taciti enim penatibus et ullamcorper venenatis.<\\/p>\"}},\"75\":{\"type\":\"generalSection\",\"enabled\":\"1\",\"fields\":{\"text\":\"<h3>Sem inceptos sociosqu interdum<\\/h3>\\r\\n<p>Consequat orci a cum suspendisse pretium orci dui dapibus ultricies nisi vulputate erat a dui. Ultricies enim a ut per egestas augue dis ad tellus mus a hac ac a scelerisque ullamcorper eupraesent quisque adipiscing. Erat purus ante habitasse mus interdum scelerisque a hac fermentum cum conguesuspendisse scelerisque auctor condimentum eu ipsum varius cursus a tempus aenean consectetur.<\\/p>\"}},\"77\":{\"type\":\"bioGroup\",\"enabled\":\"1\",\"fields\":{\"bioType\":\"Leadership\",\"individuals\":[\"78\",\"76\"]}}},\"12\":\"<p>Welcome to the Church of the Transfiguration located in Manhattan\'s NoMad district. We are an Episcopal Church and part of the larger, worldwide Anglican Communion, with a&nbsp;<a href=\\\"#\\\">rich musical and liturgical tradition<\\/a>. We host a diverse community embracing all people, across a vast spectrum of cultural, ethnic, racial, gender, sexual orientation, and economic backgrounds, as full members in the body of Christ.<\\/p>\"}}', '2017-08-28 15:42:35', '2017-08-28 15:42:35', '6db80c76-0af2-4df3-9bb7-388356a48c9b'),
 ('33', '76', '8', '1', 'en_us', '2', '', '{\"typeId\":\"8\",\"authorId\":\"1\",\"title\":\"Ian Betts\",\"slug\":\"ian-betts\",\"postDate\":1503933300,\"expiryDate\":null,\"enabled\":1,\"parentId\":null,\"fields\":{\"1\":\"<p>Dictum sit sed venenatis magnis nulla per parturient a dictumst urna a parturient velit scelerisque ullamcorper nec orci eu himenaeos mus amet adipiscing metus ut duis. Vitae parturient a sit ut quisque accumsan scelerisque in a a hac mattis a felis scelerisque blandit suspendisse mus montes a at adipiscing. Ullamcorper ipsum lobortis facilisi scelerisque a vestibulum nascetur id mattis tincidunt dictum netus dictumst pulvinar risus sagittis consectetur leo dolor cras. Laoreet facilisis leo ullamcorper a cursus interdum proin ad habitasse diam ridiculus a parturient mi parturient parturient scelerisque parturient suspendisse vestibulum.<\\/p>\",\"24\":\"Deacon\",\"10\":[\"80\"]}}', '2017-08-28 16:13:33', '2017-08-28 16:13:33', 'e65560b6-02af-42b8-8779-a801051b2a46'),
 ('34', '69', '7', '1', 'en_us', '28', '', '{\"typeId\":\"7\",\"authorId\":\"1\",\"title\":\"Welcome\",\"slug\":\"welcome\",\"postDate\":1503746520,\"expiryDate\":null,\"enabled\":1,\"parentId\":null,\"fields\":{\"11\":[\"68\"],\"3\":\"Welcome to our little church\",\"13\":{\"71\":{\"type\":\"generalSection\",\"enabled\":\"1\",\"fields\":{\"text\":\"<h2>First time here?<\\/h2>\\r\\n<p>I invite you to join us in worship and fellowship at any one of our services, coffee hour, concert series, or a simple contemplative visit to our garden and chapel. I like to think of our parish as a quiet oasis in the heart of this vibrant city. And yet we have so much going on at our Little Church.<\\/p>\"}},\"73\":{\"type\":\"figureFull\",\"enabled\":\"1\",\"fields\":{\"image\":[\"72\"],\"altAttribute\":\"\",\"caption\":\"<p>This is a caption<\\/p>\",\"credit\":\"\"}},\"74\":{\"type\":\"generalSection\",\"enabled\":\"1\",\"fields\":{\"text\":\"<h2>Sem inceptos sociosqu interdum<\\/h2>\\r\\n<p>Consequat orci a cum suspendisse pretium orci dui dapibus ultricies nisi vulputate erat a dui. Ultricies enim a ut per egestas augue dis ad tellus mus a hac ac a scelerisque ullamcorper eupraesent quisque adipiscing. Erat purus ante habitasse mus interdum scelerisque a hac fermentum cum conguesuspendisse scelerisque auctor condimentum eu ipsum varius cursus a tempus aenean consectetur et a. Cubilia scelerisque ligula fusce a consequat vel fames a arcu mi nisl et at ultrices nunc. Sem inceptos sociosqu interdum adipiscing quis aliquam adipiscing vel taciti enim penatibus et ullamcorper venenatis.<\\/p>\\r\\n<blockquote>The Church of the Transfiguration is a community committed to faith in action. We embrace all who seek God\\u2019s inclusive love<\\/blockquote>\\r\\n<p>Consequat orci a cum suspendisse pretium orci dui dapibus ultricies nisi vulputate erat a dui. Ultricies enim a ut per egestas augue dis ad tellus mus a hac ac a scelerisque ullamcorper eupraesent quisque adipiscing. Erat purus ante habitasse mus interdum scelerisque a hac fermentum cum conguesuspendisse scelerisque auctor condimentum eu ipsum varius cursus a tempus aenean consectetur et a. Cubilia scelerisque ligula fusce a consequat vel fames a arcu mi nisl et at ultrices nunc. Sem inceptos sociosqu interdum adipiscing quis aliquam adipiscing vel taciti enim penatibus et ullamcorper venenatis.<\\/p>\"}},\"75\":{\"type\":\"generalSection\",\"enabled\":\"1\",\"fields\":{\"text\":\"<h3>Sem inceptos sociosqu interdum<\\/h3>\\r\\n<p>Consequat orci a cum suspendisse pretium orci dui dapibus ultricies nisi vulputate erat a dui. Ultricies enim a ut per egestas augue dis ad tellus mus a hac ac a scelerisque ullamcorper eupraesent quisque adipiscing. Erat purus ante habitasse mus interdum scelerisque a hac fermentum cum conguesuspendisse scelerisque auctor condimentum eu ipsum varius cursus a tempus aenean consectetur.<\\/p>\"}},\"77\":{\"type\":\"bioGroup\",\"enabled\":\"1\",\"fields\":{\"bioType\":\"Leadership\",\"individuals\":[\"76\",\"78\"]}}},\"12\":\"<p>Welcome to the Church of the Transfiguration located in Manhattan\'s NoMad district. We are an Episcopal Church and part of the larger, worldwide Anglican Communion, with a&nbsp;<a href=\\\"#\\\">rich musical and liturgical tradition<\\/a>. We host a diverse community embracing all people, across a vast spectrum of cultural, ethnic, racial, gender, sexual orientation, and economic backgrounds, as full members in the body of Christ.<\\/p>\"}}', '2017-08-28 18:10:23', '2017-08-28 18:10:23', '55f6b039-067a-4a49-abdf-c4c3a2602eb6'),
 ('35', '76', '8', '1', 'en_us', '3', '', '{\"typeId\":\"8\",\"authorId\":\"1\",\"title\":\"Ian Betts\",\"slug\":\"ian-betts\",\"postDate\":1503933300,\"expiryDate\":null,\"enabled\":1,\"parentId\":null,\"fields\":{\"1\":\"<p>Dictum sit sed venenatis magnis nulla per parturient a dictumst urna a parturient velit scelerisque ullamcorper nec orci eu himenaeos mus amet adipiscing metus ut duis. Vitae parturient a sit ut quisque accumsan scelerisque in a a hac mattis a felis scelerisque blandit suspendisse mus montes a at adipiscing. Ullamcorper ipsum lobortis facilisi scelerisque a vestibulum nascetur id mattis tincidunt dictum netus dictumst pulvinar risus sagittis consectetur leo dolor cras.&nbsp;<\\/p><p>Laoreet facilisis leo ullamcorper a cursus interdum proin ad habitasse diam ridiculus a parturient mi parturient parturient scelerisque parturient suspendisse vestibulum.<\\/p>\",\"24\":\"Deacon\",\"10\":[\"80\"]}}', '2017-08-28 18:38:28', '2017-08-28 18:38:28', 'c84738f1-bfbf-4aa3-9fef-84a0b898dc91'),
 ('36', '78', '8', '1', 'en_us', '2', '', '{\"typeId\":\"8\",\"authorId\":\"1\",\"title\":\"Father John David van Dooren\",\"slug\":\"carl-avidano\",\"postDate\":1503934920,\"expiryDate\":null,\"enabled\":1,\"parentId\":null,\"fields\":{\"1\":\"<p>Dictum sit sed venenatis magnis nulla per parturient a dictumst urna a parturient velit scelerisque ullamcorper nec orci eu himenaeos mus amet adipiscing metus ut duis. Vitae parturient a sit ut quisque accumsan scelerisque in a a hac mattis a felis scelerisque blandit suspendisse mus montes a at adipiscing. Ullamcorper ipsum lobortis facilisi scelerisque a vestibulum nascetur id mattis tincidunt dictum netus dictumst pulvinar risus sagittis consectetur leo dolor cras.&nbsp;<\\/p>\\r\\n<p>Laoreet facilisis leo ullamcorper a cursus interdum proin ad habitasse diam ridiculus a parturient mi parturient parturient scelerisque parturient suspendisse vestibulum.<\\/p>\",\"24\":\"Dictum Erat Consectetur\",\"10\":\"\"}}', '2017-08-28 18:52:13', '2017-08-28 18:52:13', '6849697d-bc49-40f9-ac7c-c39b7b3f361d'),
 ('37', '78', '8', '1', 'en_us', '3', '', '{\"typeId\":\"8\",\"authorId\":\"1\",\"title\":\"Fr. John David van Dooren\",\"slug\":\"carl-avidano\",\"postDate\":1503934920,\"expiryDate\":null,\"enabled\":1,\"parentId\":null,\"fields\":{\"1\":\"<p>Dictum sit sed venenatis magnis nulla per parturient a dictumst urna a parturient velit scelerisque ullamcorper nec orci eu himenaeos mus amet adipiscing metus ut duis. Vitae parturient a sit ut quisque accumsan scelerisque in a a hac mattis a felis scelerisque blandit suspendisse mus montes a at adipiscing. Ullamcorper ipsum lobortis facilisi scelerisque a vestibulum nascetur id mattis tincidunt dictum netus dictumst pulvinar risus sagittis consectetur leo dolor cras.&nbsp;<\\/p>\\r\\n<p>Laoreet facilisis leo ullamcorper a cursus interdum proin ad habitasse diam ridiculus a parturient mi parturient parturient scelerisque parturient suspendisse vestibulum.<\\/p>\",\"24\":\"Dictum Erat Consectetur\",\"10\":\"\"}}', '2017-08-28 18:52:55', '2017-08-28 18:52:55', 'ee4cd565-183f-48dc-a5cc-0dc4e19281f8'),
 ('38', '69', '7', '1', 'en_us', '29', '', '{\"typeId\":\"7\",\"authorId\":\"1\",\"title\":\"Welcome\",\"slug\":\"welcome\",\"postDate\":1503746520,\"expiryDate\":null,\"enabled\":1,\"parentId\":null,\"fields\":{\"11\":[\"68\"],\"3\":\"Welcome to our little church\",\"13\":{\"71\":{\"type\":\"generalSection\",\"enabled\":\"1\",\"fields\":{\"text\":\"<h2>First time here?<\\/h2>\\r\\n<p>I invite you to join us in worship and fellowship at any one of our services, coffee hour, concert series, or a simple contemplative visit to our garden and chapel. I like to think of our parish as a quiet oasis in the heart of this vibrant city. And yet we have so much going on at our Little Church.<\\/p>\"}},\"73\":{\"type\":\"figureFull\",\"enabled\":\"1\",\"fields\":{\"image\":[\"72\"],\"altAttribute\":\"\",\"caption\":\"<p>This is a caption<\\/p>\",\"credit\":\"\"}},\"74\":{\"type\":\"generalSection\",\"enabled\":\"1\",\"fields\":{\"text\":\"<h2>Sem inceptos sociosqu interdum<\\/h2>\\r\\n<p>Consequat orci a cum suspendisse pretium orci dui dapibus ultricies nisi vulputate erat a dui. Ultricies enim a ut per egestas augue dis ad tellus mus a hac ac a scelerisque ullamcorper eupraesent quisque adipiscing. Erat purus ante habitasse mus interdum scelerisque a hac fermentum cum conguesuspendisse scelerisque auctor condimentum eu ipsum varius cursus a tempus aenean consectetur et a. Cubilia scelerisque ligula fusce a consequat vel fames a arcu mi nisl et at ultrices nunc. Sem inceptos sociosqu interdum adipiscing quis aliquam adipiscing vel taciti enim penatibus et ullamcorper venenatis.<\\/p>\\r\\n<blockquote>The Church of the Transfiguration is a community committed to faith in action. We embrace all who seek God\\u2019s inclusive love<\\/blockquote>\\r\\n<p>Consequat orci a cum suspendisse pretium orci dui dapibus ultricies nisi vulputate erat a dui. Ultricies enim a ut per egestas augue dis ad tellus mus a hac ac a scelerisque ullamcorper eupraesent quisque adipiscing. Erat purus ante habitasse mus interdum scelerisque a hac fermentum cum conguesuspendisse scelerisque auctor condimentum eu ipsum varius cursus a tempus aenean consectetur et a. Cubilia scelerisque ligula fusce a consequat vel fames a arcu mi nisl et at ultrices nunc. Sem inceptos sociosqu interdum adipiscing quis aliquam adipiscing vel taciti enim penatibus et ullamcorper venenatis.<\\/p>\"}},\"75\":{\"type\":\"generalSection\",\"enabled\":\"1\",\"fields\":{\"text\":\"<h3>Sem inceptos sociosqu interdum<\\/h3>\\r\\n<p>Consequat orci a cum suspendisse pretium orci dui dapibus ultricies nisi vulputate erat a dui. Ultricies enim a ut per egestas augue dis ad tellus mus a hac ac a scelerisque ullamcorper eupraesent quisque adipiscing. Erat purus ante habitasse mus interdum scelerisque a hac fermentum cum conguesuspendisse scelerisque auctor condimentum eu ipsum varius cursus a tempus aenean consectetur.<\\/p>\"}},\"77\":{\"type\":\"bioGroup\",\"enabled\":\"1\",\"fields\":{\"bioType\":\"Leadership\",\"individuals\":[\"76\",\"78\"]}}},\"12\":\"<p>Welcome to the Church of the Transfiguration located in Manhattan\'s NoMad district. We are an Episcopal Church and part of the larger, worldwide Anglican Communion, with a&nbsp;<a href=\\\"#\\\">rich musical and liturgical tradition<\\/a>. We host a diverse community embracing all people, across a vast spectrum of cultural, ethnic, racial, gender, sexual orientation, and economic backgrounds, as full members in the body of Christ.<\\/p>\"}}', '2017-08-28 19:05:44', '2017-08-28 19:05:44', 'efbdfbc8-7317-4f32-b71e-b750820d50fa'),
 ('39', '69', '7', '1', 'en_us', '30', '', '{\"typeId\":\"7\",\"authorId\":\"1\",\"title\":\"Welcome\",\"slug\":\"welcome\",\"postDate\":1503746520,\"expiryDate\":null,\"enabled\":1,\"parentId\":null,\"fields\":{\"11\":[\"68\"],\"3\":\"Welcome to our little church\",\"13\":{\"71\":{\"type\":\"generalSection\",\"enabled\":\"1\",\"fields\":{\"text\":\"<h2>First time here?<\\/h2>\\r\\n<p>I invite you to join us in worship and fellowship at any one of our services, coffee hour, concert series, or a simple contemplative visit to our garden and chapel. I like to think of our parish as a quiet oasis in the heart of this vibrant city. And yet we have so much going on at our Little Church.<\\/p>\"}},\"73\":{\"type\":\"figureFull\",\"enabled\":\"1\",\"fields\":{\"image\":[\"72\"],\"altAttribute\":\"\",\"caption\":\"<p>This is a caption<\\/p>\",\"credit\":\"\"}},\"74\":{\"type\":\"generalSection\",\"enabled\":\"1\",\"fields\":{\"text\":\"<h2>Sem inceptos sociosqu interdum<\\/h2>\\r\\n<p>Consequat orci a cum suspendisse pretium orci dui dapibus ultricies nisi vulputate erat a dui. Ultricies enim a ut per egestas augue dis ad tellus mus a hac ac a scelerisque ullamcorper eupraesent quisque adipiscing. Erat purus ante habitasse mus interdum scelerisque a hac fermentum cum conguesuspendisse scelerisque auctor condimentum eu ipsum varius cursus a tempus aenean consectetur et a. Cubilia scelerisque ligula fusce a consequat vel fames a arcu mi nisl et at ultrices nunc. Sem inceptos sociosqu interdum adipiscing quis aliquam adipiscing vel taciti enim penatibus et ullamcorper venenatis.<\\/p>\\r\\n<blockquote>The Church of the Transfiguration is a community committed to faith in action. We embrace all who seek God\\u2019s inclusive love<\\/blockquote>\\r\\n<p>Consequat orci a cum suspendisse pretium orci dui dapibus ultricies nisi vulputate erat a dui. Ultricies enim a ut per egestas augue dis ad tellus mus a hac ac a scelerisque ullamcorper eupraesent quisque adipiscing. Erat purus ante habitasse mus interdum scelerisque a hac fermentum cum conguesuspendisse scelerisque auctor condimentum eu ipsum varius cursus a tempus aenean consectetur et a. Cubilia scelerisque ligula fusce a consequat vel fames a arcu mi nisl et at ultrices nunc. Sem inceptos sociosqu interdum adipiscing quis aliquam adipiscing vel taciti enim penatibus et ullamcorper venenatis.<\\/p>\"}},\"75\":{\"type\":\"generalSection\",\"enabled\":\"1\",\"fields\":{\"text\":\"<h3>Sem inceptos sociosqu interdum<\\/h3>\\r\\n<p>Consequat orci a cum suspendisse pretium orci dui dapibus ultricies nisi vulputate erat a dui. Ultricies enim a ut per egestas augue dis ad tellus mus a hac ac a scelerisque ullamcorper eupraesent quisque adipiscing. Erat purus ante habitasse mus interdum scelerisque a hac fermentum cum conguesuspendisse scelerisque auctor condimentum eu ipsum varius cursus a tempus aenean consectetur.<\\/p>\"}},\"77\":{\"type\":\"bioGroup\",\"enabled\":\"1\",\"fields\":{\"bioType\":\"Leadership\",\"individuals\":[\"78\",\"76\"]}}},\"12\":\"<p>Welcome to the Church of the Transfiguration located in Manhattan\'s NoMad district. We are an Episcopal Church and part of the larger, worldwide Anglican Communion, with a&nbsp;<a href=\\\"#\\\">rich musical and liturgical tradition<\\/a>. We host a diverse community embracing all people, across a vast spectrum of cultural, ethnic, racial, gender, sexual orientation, and economic backgrounds, as full members in the body of Christ.<\\/p>\"}}', '2017-08-28 19:06:28', '2017-08-28 19:06:28', '97eb02fc-42b1-4a71-af10-9c3893e516dd'),
 ('40', '87', '7', '1', 'en_us', '1', '', '{\"typeId\":null,\"authorId\":\"1\",\"title\":\"Who We Are\",\"slug\":\"who-we-are\",\"postDate\":1503949255,\"expiryDate\":null,\"enabled\":1,\"parentId\":null,\"fields\":{\"11\":[\"86\"],\"3\":\"Who We Are\",\"13\":\"\",\"12\":\"<p>Consequat orci a cum suspendisse pretium orci dui dapibus ultricies nisi vulputate erat a dui. Ultricies enim a ut per egestas augue dis ad tellus mus a hac ac a scelerisque ullamcorper eupraesent quisque adipiscing. Erat purus ante habitasse mus interdum scelerisque a hac fermentum cum conguesuspendisse scelerisque auctor condimentum eu ipsum varius cursus a tempus aenean consectetur et a. Cubilia scelerisque ligula fusce a consequat vel fames a arcu mi nisl et at ultrices nunc. Sem inceptos sociosqu interdum adipiscing quis aliquam adipiscing vel taciti enim penatibus et ullamcorper venenatis.<\\/p>\"}}', '2017-08-28 19:40:55', '2017-08-28 19:40:55', '7445c827-c31e-4d92-ae2d-8443ef57458e'),
 ('41', '87', '7', '1', 'en_us', '2', '', '{\"typeId\":\"7\",\"authorId\":\"1\",\"title\":\"Who We Are\",\"slug\":\"who-we-are\",\"postDate\":1503949200,\"expiryDate\":null,\"enabled\":1,\"parentId\":null,\"fields\":{\"11\":[\"86\"],\"3\":\"Who We Are\",\"13\":{\"new1\":{\"type\":\"bioGroup\",\"enabled\":\"1\",\"fields\":{\"bioType\":\"Leadership\",\"individuals\":[\"78\",\"76\"]}}},\"12\":\"<p>Consequat orci a cum suspendisse pretium orci dui dapibus ultricies nisi vulputate erat a dui. Ultricies enim a ut per egestas augue dis ad tellus mus a hac ac a scelerisque ullamcorper eupraesent quisque adipiscing. Erat purus ante habitasse mus interdum scelerisque a hac fermentum cum conguesuspendisse scelerisque auctor condimentum eu ipsum varius cursus a tempus aenean consectetur et a. Cubilia scelerisque ligula fusce a consequat vel fames a arcu mi nisl et at ultrices nunc. Sem inceptos sociosqu interdum adipiscing quis aliquam adipiscing vel taciti enim penatibus et ullamcorper venenatis.<\\/p>\"}}', '2017-08-28 19:41:48', '2017-08-28 19:41:48', '2831987a-26ab-4909-a125-0a51b07cfafb'),
 ('42', '69', '7', '1', 'en_us', '31', '', '{\"typeId\":\"7\",\"authorId\":\"1\",\"title\":\"Welcome\",\"slug\":\"welcome\",\"postDate\":1503746520,\"expiryDate\":null,\"enabled\":1,\"parentId\":null,\"fields\":{\"11\":[\"68\"],\"3\":\"Welcome to our little church\",\"13\":{\"71\":{\"type\":\"generalSection\",\"enabled\":\"1\",\"fields\":{\"text\":\"<h2>First time here?<\\/h2>\\r\\n<p>I invite you to join us in worship and fellowship at any one of our services, coffee hour, concert series, or a simple contemplative visit to our garden and chapel. I like to think of our parish as a quiet oasis in the heart of this vibrant city. And yet we have so much going on at our Little Church.<\\/p>\"}},\"73\":{\"type\":\"figureFull\",\"enabled\":\"\",\"fields\":{\"image\":[\"72\"],\"altAttribute\":\"\",\"caption\":\"<p>This is a caption<\\/p>\",\"credit\":\"\"}},\"74\":{\"type\":\"generalSection\",\"enabled\":\"\",\"fields\":{\"text\":\"<h2>Sem inceptos sociosqu interdum<\\/h2>\\r\\n<p>Consequat orci a cum suspendisse pretium orci dui dapibus ultricies nisi vulputate erat a dui. Ultricies enim a ut per egestas augue dis ad tellus mus a hac ac a scelerisque ullamcorper eupraesent quisque adipiscing. Erat purus ante habitasse mus interdum scelerisque a hac fermentum cum conguesuspendisse scelerisque auctor condimentum eu ipsum varius cursus a tempus aenean consectetur et a. Cubilia scelerisque ligula fusce a consequat vel fames a arcu mi nisl et at ultrices nunc. Sem inceptos sociosqu interdum adipiscing quis aliquam adipiscing vel taciti enim penatibus et ullamcorper venenatis.<\\/p>\\r\\n<blockquote>The Church of the Transfiguration is a community committed to faith in action. We embrace all who seek God\\u2019s inclusive love<\\/blockquote>\\r\\n<p>Consequat orci a cum suspendisse pretium orci dui dapibus ultricies nisi vulputate erat a dui. Ultricies enim a ut per egestas augue dis ad tellus mus a hac ac a scelerisque ullamcorper eupraesent quisque adipiscing. Erat purus ante habitasse mus interdum scelerisque a hac fermentum cum conguesuspendisse scelerisque auctor condimentum eu ipsum varius cursus a tempus aenean consectetur et a. Cubilia scelerisque ligula fusce a consequat vel fames a arcu mi nisl et at ultrices nunc. Sem inceptos sociosqu interdum adipiscing quis aliquam adipiscing vel taciti enim penatibus et ullamcorper venenatis.<\\/p>\"}},\"75\":{\"type\":\"generalSection\",\"enabled\":\"\",\"fields\":{\"text\":\"<h3>Sem inceptos sociosqu interdum<\\/h3>\\r\\n<p>Consequat orci a cum suspendisse pretium orci dui dapibus ultricies nisi vulputate erat a dui. Ultricies enim a ut per egestas augue dis ad tellus mus a hac ac a scelerisque ullamcorper eupraesent quisque adipiscing. Erat purus ante habitasse mus interdum scelerisque a hac fermentum cum conguesuspendisse scelerisque auctor condimentum eu ipsum varius cursus a tempus aenean consectetur.<\\/p>\"}},\"77\":{\"type\":\"bioGroup\",\"enabled\":\"\",\"fields\":{\"bioType\":\"Leadership\",\"individuals\":[\"78\",\"76\"]}}},\"12\":\"<p>Welcome to the Church of the Transfiguration located in Manhattan\'s NoMad district. We are an Episcopal Church and part of the larger, worldwide Anglican Communion, with a&nbsp;<a href=\\\"#\\\">rich musical and liturgical tradition<\\/a>. We host a diverse community embracing all people, across a vast spectrum of cultural, ethnic, racial, gender, sexual orientation, and economic backgrounds, as full members in the body of Christ.<\\/p>\"}}', '2017-08-28 19:42:31', '2017-08-28 19:42:31', '3e7513c5-4954-466c-8bf1-528037402ec7'),
 ('43', '87', '7', '1', 'en_us', '3', '', '{\"typeId\":\"7\",\"authorId\":\"1\",\"title\":\"Who We Are\",\"slug\":\"who-we-are\",\"postDate\":1503949200,\"expiryDate\":null,\"enabled\":1,\"parentId\":null,\"fields\":{\"11\":[\"86\"],\"3\":\"Who We Are\",\"13\":{\"88\":{\"type\":\"bioGroup\",\"enabled\":\"1\",\"fields\":{\"bioType\":\"Leadership\",\"individuals\":[\"78\",\"76\"]}}},\"12\":\"<p>Consequat orci a cum suspendisse pretium orci dui dapibus ultricies nisi vulputate erat a dui. Ultricies enim a ut per egestas augue dis ad tellus mus a hac ac a scelerisque ullamcorper eupraesent quisque adipiscing. Erat purus ante habitasse mus interdum scelerisque a hac fermentum cum conguesuspendisse scelerisque auctor condimentum eu ipsum varius cursus a tempus aenean consectetur et a. Cubilia scelerisque ligula fusce a consequat vel fames a arcu mi nisl et at ultrices nunc. Sem inceptos sociosqu interdum adipiscing quis aliquam adipiscing vel taciti enim penatibus et ullamcorper venenatis.<\\/p>\"}}', '2017-08-28 19:42:40', '2017-08-28 19:42:40', '2bf4c4bc-2b6a-4a4d-b8f9-2d60de2e6205'),
 ('44', '94', '9', '1', 'en_us', '1', '', '{\"typeId\":null,\"authorId\":\"1\",\"title\":\"Good Things Come in Threes\",\"slug\":\"good-things-come-in-threes\",\"postDate\":1504084128,\"expiryDate\":null,\"enabled\":1,\"parentId\":null,\"fields\":{\"25\":[\"93\"],\"26\":\"Mary Jane Gocher\"}}', '2017-08-30 09:08:48', '2017-08-30 09:08:48', '3fbcce34-14ac-44aa-800d-147acef9ce72'),
 ('45', '87', '7', '1', 'en_us', '4', '', '{\"typeId\":\"7\",\"authorId\":\"1\",\"title\":\"Who We Are\",\"slug\":\"who-we-are\",\"postDate\":1503949200,\"expiryDate\":null,\"enabled\":1,\"parentId\":null,\"fields\":{\"3\":\"Who We Are\",\"13\":{\"88\":{\"type\":\"bioGroup\",\"enabled\":\"1\",\"fields\":{\"bioType\":\"Leadership\",\"individuals\":[\"78\",\"76\"]}}},\"11\":[\"86\"],\"12\":\"<p>Consequat orci a cum suspendisse pretium orci dui dapibus ultricies nisi vulputate erat a dui. Ultricies enim a ut per egestas augue dis ad tellus mus a hac ac a scelerisque ullamcorper eupraesent quisque adipiscing. Erat purus ante habitasse mus interdum scelerisque a hac fermentum cum conguesuspendisse scelerisque auctor condimentum eu ipsum varius cursus a tempus aenean consectetur et a. Cubilia scelerisque ligula fusce a consequat vel fames a arcu mi nisl et at ultrices nunc. Sem inceptos sociosqu interdum adipiscing quis aliquam adipiscing vel taciti enim penatibus et ullamcorper venenatis.<\\/p>\"}}', '2017-08-30 11:33:18', '2017-08-30 11:33:18', '568ca577-e58d-433c-8ccf-b871e12250e9'),
 ('46', '69', '7', '1', 'en_us', '32', '', '{\"typeId\":\"7\",\"authorId\":\"1\",\"title\":\"Welcome\",\"slug\":\"welcome\",\"postDate\":1503746520,\"expiryDate\":null,\"enabled\":1,\"parentId\":null,\"fields\":{\"3\":\"Welcome to our little church\",\"13\":{\"71\":{\"type\":\"generalSection\",\"enabled\":\"1\",\"fields\":{\"text\":\"<h2>First time here?<\\/h2>\\r\\n<p>I invite you to join us in worship and fellowship at any one of our services, coffee hour, concert series, or a simple contemplative visit to our garden and chapel. I like to think of our parish as a quiet oasis in the heart of this vibrant city. And yet we have so much going on at our Little Church.<\\/p>\"}},\"73\":{\"type\":\"figureFull\",\"enabled\":\"\",\"fields\":{\"image\":[\"72\"],\"altAttribute\":\"\",\"caption\":\"<p>This is a caption<\\/p>\",\"credit\":\"\"}},\"74\":{\"type\":\"generalSection\",\"enabled\":\"\",\"fields\":{\"text\":\"<h2>Sem inceptos sociosqu interdum<\\/h2>\\r\\n<p>Consequat orci a cum suspendisse pretium orci dui dapibus ultricies nisi vulputate erat a dui. Ultricies enim a ut per egestas augue dis ad tellus mus a hac ac a scelerisque ullamcorper eupraesent quisque adipiscing. Erat purus ante habitasse mus interdum scelerisque a hac fermentum cum conguesuspendisse scelerisque auctor condimentum eu ipsum varius cursus a tempus aenean consectetur et a. Cubilia scelerisque ligula fusce a consequat vel fames a arcu mi nisl et at ultrices nunc. Sem inceptos sociosqu interdum adipiscing quis aliquam adipiscing vel taciti enim penatibus et ullamcorper venenatis.<\\/p>\\r\\n<blockquote>The Church of the Transfiguration is a community committed to faith in action. We embrace all who seek God\\u2019s inclusive love<\\/blockquote>\\r\\n<p>Consequat orci a cum suspendisse pretium orci dui dapibus ultricies nisi vulputate erat a dui. Ultricies enim a ut per egestas augue dis ad tellus mus a hac ac a scelerisque ullamcorper eupraesent quisque adipiscing. Erat purus ante habitasse mus interdum scelerisque a hac fermentum cum conguesuspendisse scelerisque auctor condimentum eu ipsum varius cursus a tempus aenean consectetur et a. Cubilia scelerisque ligula fusce a consequat vel fames a arcu mi nisl et at ultrices nunc. Sem inceptos sociosqu interdum adipiscing quis aliquam adipiscing vel taciti enim penatibus et ullamcorper venenatis.<\\/p>\"}},\"75\":{\"type\":\"generalSection\",\"enabled\":\"\",\"fields\":{\"text\":\"<h3>Sem inceptos sociosqu interdum<\\/h3>\\r\\n<p>Consequat orci a cum suspendisse pretium orci dui dapibus ultricies nisi vulputate erat a dui. Ultricies enim a ut per egestas augue dis ad tellus mus a hac ac a scelerisque ullamcorper eupraesent quisque adipiscing. Erat purus ante habitasse mus interdum scelerisque a hac fermentum cum conguesuspendisse scelerisque auctor condimentum eu ipsum varius cursus a tempus aenean consectetur.<\\/p>\"}},\"77\":{\"type\":\"bioGroup\",\"enabled\":\"\",\"fields\":{\"bioType\":\"Leadership\",\"individuals\":[\"78\",\"76\"]}}},\"11\":[\"68\"],\"12\":\"<p>Welcome to the Church of the Transfiguration located in Manhattan\'s NoMad district. We are an Episcopal Church and part of the larger, worldwide Anglican Communion, with a&nbsp;<a href=\\\"#\\\">rich musical and liturgical tradition<\\/a>. We host a diverse community embracing all people, across a vast spectrum of cultural, ethnic, racial, gender, sexual orientation, and economic backgrounds, as full members in the body of Christ.<\\/p>\"}}', '2017-08-30 11:33:37', '2017-08-30 11:33:37', '57544a55-a6b9-4084-8bef-d9fbb7774831'),
 ('47', '69', '7', '1', 'en_us', '33', '', '{\"typeId\":\"7\",\"authorId\":\"1\",\"title\":\"Welcome\",\"slug\":\"welcome\",\"postDate\":1503746520,\"expiryDate\":null,\"enabled\":1,\"parentId\":null,\"fields\":{\"3\":\"Welcome to our little church\",\"13\":{\"71\":{\"type\":\"generalSection\",\"enabled\":\"1\",\"fields\":{\"text\":\"<h2>First time here?<\\/h2>\\r\\n<p>I invite you to join us in worship and fellowship at any one of our services, coffee hour, concert series, or a simple contemplative visit to our garden and chapel. I like to think of our parish as a quiet oasis in the heart of this vibrant city. And yet we have so much going on at our Little Church.<\\/p>\"}},\"73\":{\"type\":\"figureFull\",\"enabled\":\"\",\"fields\":{\"image\":[\"72\"],\"altAttribute\":\"\",\"caption\":\"<p>This is a caption<\\/p>\",\"credit\":\"\"}},\"74\":{\"type\":\"generalSection\",\"enabled\":\"1\",\"fields\":{\"text\":\"<h2>Sem inceptos sociosqu interdum<\\/h2>\\r\\n<p>Consequat orci a cum suspendisse pretium orci dui dapibus ultricies nisi vulputate erat a dui. Ultricies enim a ut per egestas augue dis ad tellus mus a hac ac a scelerisque ullamcorper eupraesent quisque adipiscing. Erat purus ante habitasse mus interdum scelerisque a hac fermentum cum conguesuspendisse scelerisque auctor condimentum eu ipsum varius cursus a tempus aenean consectetur et a. Cubilia scelerisque ligula fusce a consequat vel fames a arcu mi nisl et at ultrices nunc. Sem inceptos sociosqu interdum adipiscing quis aliquam adipiscing vel taciti enim penatibus et ullamcorper venenatis.<\\/p>\\r\\n<blockquote>The Church of the Transfiguration is a community committed to faith in action. We embrace all who seek God\\u2019s inclusive love<\\/blockquote>\\r\\n<p>Consequat orci a cum suspendisse pretium orci dui dapibus ultricies nisi vulputate erat a dui. Ultricies enim a ut per egestas augue dis ad tellus mus a hac ac a scelerisque ullamcorper eupraesent quisque adipiscing. Erat purus ante habitasse mus interdum scelerisque a hac fermentum cum conguesuspendisse scelerisque auctor condimentum eu ipsum varius cursus a tempus aenean consectetur et a. Cubilia scelerisque ligula fusce a consequat vel fames a arcu mi nisl et at ultrices nunc. Sem inceptos sociosqu interdum adipiscing quis aliquam adipiscing vel taciti enim penatibus et ullamcorper venenatis.<\\/p>\"}},\"75\":{\"type\":\"generalSection\",\"enabled\":\"\",\"fields\":{\"text\":\"<h3>Sem inceptos sociosqu interdum<\\/h3>\\r\\n<p>Consequat orci a cum suspendisse pretium orci dui dapibus ultricies nisi vulputate erat a dui. Ultricies enim a ut per egestas augue dis ad tellus mus a hac ac a scelerisque ullamcorper eupraesent quisque adipiscing. Erat purus ante habitasse mus interdum scelerisque a hac fermentum cum conguesuspendisse scelerisque auctor condimentum eu ipsum varius cursus a tempus aenean consectetur.<\\/p>\"}},\"77\":{\"type\":\"bioGroup\",\"enabled\":\"\",\"fields\":{\"bioType\":\"Leadership\",\"individual\":[\"78\",\"76\"]}}},\"11\":[\"68\"],\"12\":\"<p>Welcome to the Church of the Transfiguration located in Manhattan\'s NoMad district. We are an Episcopal Church and part of the larger, worldwide Anglican Communion, with a&nbsp;<a href=\\\"#\\\">rich musical and liturgical tradition<\\/a>. We host a diverse community embracing all people, across a vast spectrum of cultural, ethnic, racial, gender, sexual orientation, and economic backgrounds, as full members in the body of Christ.<\\/p>\"}}', '2017-08-30 12:06:13', '2017-08-30 12:06:13', 'dc206e91-8b7e-46f4-bac2-62c067f0d0a7'),
 ('48', '69', '7', '1', 'en_us', '34', '', '{\"typeId\":\"7\",\"authorId\":\"1\",\"title\":\"Welcome\",\"slug\":\"welcome\",\"postDate\":1503746520,\"expiryDate\":null,\"enabled\":1,\"parentId\":null,\"fields\":{\"3\":\"Welcome to our little church\",\"13\":{\"71\":{\"type\":\"generalSection\",\"enabled\":\"1\",\"fields\":{\"text\":\"<h2>First time here?<\\/h2>\\r\\n<p>I invite you to join us in worship and fellowship at any one of our services, coffee hour, concert series, or a simple contemplative visit to our garden and chapel. I like to think of our parish as a quiet oasis in the heart of this vibrant city. And yet we have so much going on at our Little Church.<\\/p>\"}},\"73\":{\"type\":\"figureFull\",\"enabled\":\"\",\"fields\":{\"image\":[\"72\"],\"altAttribute\":\"\",\"caption\":\"<p>This is a caption<\\/p>\",\"credit\":\"\"}},\"74\":{\"type\":\"generalSection\",\"enabled\":\"1\",\"fields\":{\"text\":\"<h2>Sem inceptos sociosqu interdum<\\/h2>\\r\\n<p>Consequat orci a cum suspendisse pretium orci dui dapibus ultricies nisi vulputate erat a dui. Ultricies enim a ut per egestas augue dis ad tellus mus a hac ac a scelerisque ullamcorper eupraesent quisque adipiscing. Erat purus ante habitasse mus interdum scelerisque a hac fermentum cum conguesuspendisse scelerisque auctor condimentum eu ipsum varius cursus a tempus aenean consectetur et a. Cubilia scelerisque ligula fusce a consequat vel fames a arcu mi nisl et at ultrices nunc. Sem inceptos sociosqu interdum adipiscing quis aliquam adipiscing vel taciti enim penatibus et ullamcorper venenatis.<\\/p>\\r\\n<blockquote>The Church of the Transfiguration is a community committed to faith in action. We embrace all who seek God\\u2019s inclusive love<\\/blockquote>\\r\\n<p>Consequat orci a cum suspendisse pretium orci dui dapibus ultricies nisi vulputate erat a dui. Ultricies enim a ut per egestas augue dis ad tellus mus a hac ac a scelerisque ullamcorper eupraesent quisque adipiscing. Erat purus ante habitasse mus interdum scelerisque a hac fermentum cum conguesuspendisse scelerisque auctor condimentum eu ipsum varius cursus a tempus aenean consectetur et a. Cubilia scelerisque ligula fusce a consequat vel fames a arcu mi nisl et at ultrices nunc. Sem inceptos sociosqu interdum adipiscing quis aliquam adipiscing vel taciti enim penatibus et ullamcorper venenatis.<\\/p><ul><li>List Item One<\\/li><li>List Item Two<\\/li><\\/ul>\"}},\"75\":{\"type\":\"generalSection\",\"enabled\":\"\",\"fields\":{\"text\":\"<h3>Sem inceptos sociosqu interdum<\\/h3>\\r\\n<p>Consequat orci a cum suspendisse pretium orci dui dapibus ultricies nisi vulputate erat a dui. Ultricies enim a ut per egestas augue dis ad tellus mus a hac ac a scelerisque ullamcorper eupraesent quisque adipiscing. Erat purus ante habitasse mus interdum scelerisque a hac fermentum cum conguesuspendisse scelerisque auctor condimentum eu ipsum varius cursus a tempus aenean consectetur.<\\/p>\"}},\"77\":{\"type\":\"bioGroup\",\"enabled\":\"\",\"fields\":{\"bioType\":\"Leadership\",\"individual\":[\"78\",\"76\"]}}},\"11\":[\"68\"],\"12\":\"<p>Welcome to the Church of the Transfiguration located in Manhattan\'s NoMad district. We are an Episcopal Church and part of the larger, worldwide Anglican Communion, with a&nbsp;<a href=\\\"#\\\">rich musical and liturgical tradition<\\/a>. We host a diverse community embracing all people, across a vast spectrum of cultural, ethnic, racial, gender, sexual orientation, and economic backgrounds, as full members in the body of Christ.<\\/p>\"}}', '2017-08-30 12:07:09', '2017-08-30 12:07:09', 'd8734bcc-bffb-4571-843f-e842a2f9941a'),
 ('49', '69', '7', '1', 'en_us', '35', '', '{\"typeId\":\"7\",\"authorId\":\"1\",\"title\":\"Welcome\",\"slug\":\"welcome\",\"postDate\":1503746520,\"expiryDate\":null,\"enabled\":1,\"parentId\":null,\"fields\":{\"3\":\"Welcome to our little church\",\"13\":{\"71\":{\"type\":\"generalSection\",\"enabled\":\"1\",\"fields\":{\"text\":\"<h2>First time here?<\\/h2>\\r\\n<p>I invite you to join us in worship and fellowship at any one of our services, coffee hour, concert series, or a simple contemplative visit to our garden and chapel. I like to think of our parish as a quiet oasis in the heart of this vibrant city. And yet we have so much going on at our Little Church.<\\/p>\"}},\"73\":{\"type\":\"figureFull\",\"enabled\":\"\",\"fields\":{\"image\":[\"72\"],\"altAttribute\":\"\",\"caption\":\"<p>This is a caption<\\/p>\",\"credit\":\"\"}},\"74\":{\"type\":\"generalSection\",\"enabled\":\"1\",\"fields\":{\"text\":\"<h2>Sem inceptos sociosqu interdum<\\/h2>\\r\\n<p>Consequat orci a cum suspendisse pretium orci dui dapibus ultricies nisi vulputate erat a dui. Ultricies enim a ut per egestas augue dis ad tellus mus a hac ac a scelerisque ullamcorper eupraesent quisque adipiscing. Erat purus ante habitasse mus interdum scelerisque a hac fermentum cum conguesuspendisse scelerisque auctor condimentum eu ipsum varius cursus a tempus aenean consectetur et a. Cubilia scelerisque ligula fusce a consequat vel fames a arcu mi nisl et at ultrices nunc. Sem inceptos sociosqu interdum adipiscing quis aliquam adipiscing vel taciti enim penatibus et ullamcorper venenatis.<\\/p>\\r\\n<blockquote>The Church of the Transfiguration is a community committed to faith in action. We embrace all who seek God\\u2019s inclusive love<\\/blockquote>\\r\\n<p>Consequat orci a cum suspendisse pretium orci dui dapibus ultricies nisi vulputate erat a dui. Ultricies enim a ut per egestas augue dis ad tellus mus a hac ac a scelerisque ullamcorper eupraesent quisque adipiscing. Erat purus ante habitasse mus interdum scelerisque a hac fermentum cum conguesuspendisse scelerisque auctor condimentum eu ipsum varius cursus a tempus aenean consectetur et a. Cubilia scelerisque ligula fusce a consequat vel fames a arcu mi nisl et at ultrices nunc. Sem inceptos sociosqu interdum adipiscing quis aliquam adipiscing vel taciti enim penatibus et ullamcorper venenatis.<\\/p>\"}},\"75\":{\"type\":\"generalSection\",\"enabled\":\"\",\"fields\":{\"text\":\"<h3>Sem inceptos sociosqu interdum<\\/h3>\\r\\n<p>Consequat orci a cum suspendisse pretium orci dui dapibus ultricies nisi vulputate erat a dui. Ultricies enim a ut per egestas augue dis ad tellus mus a hac ac a scelerisque ullamcorper eupraesent quisque adipiscing. Erat purus ante habitasse mus interdum scelerisque a hac fermentum cum conguesuspendisse scelerisque auctor condimentum eu ipsum varius cursus a tempus aenean consectetur.<\\/p>\"}},\"77\":{\"type\":\"bioGroup\",\"enabled\":\"\",\"fields\":{\"bioType\":\"Leadership\",\"individual\":[\"78\",\"76\"]}}},\"11\":[\"68\"],\"12\":\"<p>Welcome to the Church of the Transfiguration located in Manhattan\'s NoMad district. We are an Episcopal Church and part of the larger, worldwide Anglican Communion, with a&nbsp;<a href=\\\"#\\\">rich musical and liturgical tradition<\\/a>. We host a diverse community embracing all people, across a vast spectrum of cultural, ethnic, racial, gender, sexual orientation, and economic backgrounds, as full members in the body of Christ.<\\/p>\"}}', '2017-08-30 12:09:45', '2017-08-30 12:09:45', '46afcc16-244a-40ce-9515-d76ee8cdaa21'),
 ('50', '69', '7', '1', 'en_us', '36', '', '{\"typeId\":\"7\",\"authorId\":\"1\",\"title\":\"Welcome\",\"slug\":\"welcome\",\"postDate\":1503746520,\"expiryDate\":null,\"enabled\":1,\"parentId\":null,\"fields\":{\"3\":\"Welcome to our little church\",\"13\":{\"71\":{\"type\":\"generalSection\",\"enabled\":\"1\",\"fields\":{\"text\":\"<h2>First time here?<\\/h2>\\r\\n<p>I invite you to join us in worship and fellowship at any one of our services, coffee hour, concert series, or a simple contemplative visit to our garden and chapel. I like to think of our parish as a quiet oasis in the heart of this vibrant city. And yet we have so much going on at our Little Church.<\\/p>\"}},\"73\":{\"type\":\"figureFull\",\"enabled\":\"\",\"fields\":{\"image\":[\"72\"],\"altAttribute\":\"\",\"caption\":\"<p>This is a caption<\\/p>\",\"credit\":\"\"}},\"74\":{\"type\":\"generalSection\",\"enabled\":\"1\",\"fields\":{\"text\":\"<h2>Sem inceptos sociosqu interdum<\\/h2>\\r\\n<p>Consequat orci a cum suspendisse pretium orci dui dapibus ultricies nisi vulputate erat a dui. Ultricies enim a ut per egestas augue dis ad tellus mus a hac ac a scelerisque ullamcorper eupraesent quisque adipiscing. Erat purus ante habitasse mus interdum scelerisque a hac fermentum cum conguesuspendisse scelerisque auctor condimentum eu ipsum varius cursus a tempus aenean consectetur et a. Cubilia scelerisque ligula fusce a consequat vel fames a arcu mi nisl et at ultrices nunc. Sem inceptos sociosqu interdum adipiscing quis aliquam adipiscing vel taciti enim penatibus et ullamcorper venenatis.<\\/p>\\r\\n<blockquote>The Church of the Transfiguration is a community committed to faith in action. We embrace all who seek God\\u2019s inclusive love<\\/blockquote>\\r\\n<p>Consequat orci a cum suspendisse pretium orci dui dapibus ultricies nisi vulputate erat a dui. Ultricies enim a ut per egestas augue dis ad tellus mus a hac ac a scelerisque ullamcorper eupraesent quisque adipiscing. Erat purus ante habitasse mus interdum scelerisque a hac fermentum cum conguesuspendisse scelerisque auctor condimentum eu ipsum varius cursus a tempus aenean consectetur et a. Cubilia scelerisque ligula fusce a consequat vel fames a arcu mi nisl et at ultrices nunc. Sem inceptos sociosqu interdum adipiscing quis aliquam adipiscing vel taciti enim penatibus et ullamcorper venenatis.<\\/p>\"}},\"75\":{\"type\":\"generalSection\",\"enabled\":\"\",\"fields\":{\"text\":\"<h3>Sem inceptos sociosqu interdum<\\/h3>\\r\\n<p>Consequat orci a cum suspendisse pretium orci dui dapibus ultricies nisi vulputate erat a dui. Ultricies enim a ut per egestas augue dis ad tellus mus a hac ac a scelerisque ullamcorper eupraesent quisque adipiscing. Erat purus ante habitasse mus interdum scelerisque a hac fermentum cum conguesuspendisse scelerisque auctor condimentum eu ipsum varius cursus a tempus aenean consectetur.<\\/p>\"}},\"77\":{\"type\":\"bioGroup\",\"enabled\":\"\",\"fields\":{\"bioType\":\"Leadership\",\"individual\":[\"78\",\"76\"]}}},\"11\":[\"68\"],\"12\":\"<p>Welcome to the Church of the Transfiguration located in Manhattan\'s NoMad district. We are an Episcopal Church and part of the larger, worldwide Anglican Communion, with a&nbsp;<a href=\\\"#\\\">rich musical and liturgical tradition<\\/a>. We host a diverse community embracing all people, across a vast spectrum of cultural, ethnic, racial, gender, sexual orientation, and economic backgrounds, as full members in the body of Christ.<\\/p>\",\"27\":\"Meghan Joseph\"}}', '2017-08-30 12:15:28', '2017-08-30 12:15:28', '1eea024b-9db4-4ca8-abd0-9d1df764e9a5'),
 ('51', '94', '9', '1', 'en_us', '2', '', '{\"typeId\":\"9\",\"authorId\":\"1\",\"title\":\"Good Things Come in Threes\",\"slug\":\"good-things-come-in-threes\",\"postDate\":1504084080,\"expiryDate\":null,\"enabled\":1,\"parentId\":null,\"fields\":{\"25\":[\"93\"],\"26\":\"Mary Jane Gocher\",\"27\":\"Corey Schneider\"}}', '2017-08-30 13:14:24', '2017-08-30 13:14:24', 'c9efcabf-ab75-42db-b7ea-f6c751fd180d'),
 ('52', '94', '9', '1', 'en_us', '3', '', '{\"typeId\":\"9\",\"authorId\":\"1\",\"title\":\"Good Things Come in Threes\",\"slug\":\"good-things-come-in-threes\",\"postDate\":1504084080,\"expiryDate\":null,\"enabled\":1,\"parentId\":null,\"fields\":{\"28\":{\"new1\":{\"type\":\"paragraph\",\"enabled\":\"1\",\"fields\":{\"text\":\"<p><span class=\\\"s1\\\">I was paging my way through <i>Holy Men, Holy Women<\\/i> on a fact-checking mission when I came across the entry for December 16<\\/span><span class=\\\"s2\\\"><sup>th<\\/sup><\\/span><span class=\\\"s1\\\">.<\\/span><\\/p>\\r\\n<p><span class=\\\"s1\\\"><\\/span>\\r\\n<\\/p>\\r\\n<p><span class=\\\"s1\\\">I was stunned to see that this day had been set apart to honor two architects and an artist whose work was represented here at Transfiguration:<span class=\\\"Apple-converted-space\\\">&nbsp; <\\/span>Ralph Adams Cram, designer of St. Thomas Church NYC and the nave of the Cathedral of St. John the Divine, Richard Upjohn, the designer of Trinity Church on Wall Street in lower Manhattan, and John Lafarge, painter of murals and designer of many notable stained glass windows.<\\/span><\\/p>\\r\\n<p><span class=\\\"s1\\\"><\\/span>\\r\\n<\\/p>\\r\\n<p><span class=\\\"s1\\\"><i>Holy Men, Holy Women<\\/i> encourages us to offer thanks for \\u201cthe vision of Ralph Adams Cram, John LaFarge and Richard Upjohn, whose harmonious revival of the Gothic enriched our churches with a sacramental understanding of reality in the face of secular materialism&hellip;.\\u201d *<\\/span><\\/p>\\r\\n<p><span class=\\\"s1\\\"><\\/span>\\r\\n<\\/p>\\r\\n<p><span class=\\\"s1\\\">Ralph Adams Cram was the designer of our beautiful polychromed wood Madonna Shrine, located in the Transept.<span class=\\\"Apple-converted-space\\\">&nbsp; <\\/span>It was donated by Mr. F. E. Saxham Drury in memory of Elbridge T. Gerry and Mabel Gerry Drury.<\\/span><\\/p>\\r\\n<p><span class=\\\"s1\\\"><\\/span>\\r\\n<\\/p>\\r\\n<p><span class=\\\"s1\\\">Turn to your right, and there is John LaFarge\\u2019s magnificent window depicting Edwin Booth, the leading Shakespearean actor of his time, holding a mask and dressed in Greco-Roman costume.<span class=\\\"Apple-converted-space\\\">&nbsp; <\\/span>(Edwin Booth was the brother of the notorious John Wilkes Booth, President Lincoln\\u2019s assassin.) The window was given in his memory in 1898 by members of the Players Club, which he founded.<\\/span><\\/p>\\r\\n<p><span class=\\\"s1\\\"><\\/span>\\r\\n<\\/p>\\r\\n<p><span class=\\\"s1\\\">And a few steps away, near the chancel on the northeast side of the nave, stands Richard Upjohn\\u2019s beautiful and intricate brass filigree pulpit.<\\/span><\\/p>\\r\\n<p><span class=\\\"s1\\\"><\\/span>\\r\\n<\\/p>\\r\\n<p><span class=\\\"s1\\\">How fortunate we are to have works by all three of these masters under the roof of the \\u201cLittle Church\\u201d.<span class=\\\"Apple-converted-space\\\">&nbsp; <\\/span>I will give thanks when December 16<\\/span><span class=\\\"s2\\\"><sup>th<\\/sup><\\/span><span class=\\\"s1\\\"> rolls around.<\\/span><\\/p>\"}}},\"25\":[\"93\"],\"26\":\"Mary Jane Gocher\",\"27\":\"Corey Schneider\"}}', '2017-08-30 13:55:36', '2017-08-30 13:55:36', '1d105e5f-5d97-461d-800c-65547d002481'),
 ('53', '94', '9', '1', 'en_us', '4', '', '{\"typeId\":\"9\",\"authorId\":\"1\",\"title\":\"Good Things Come in Threes\",\"slug\":\"good-things-come-in-threes\",\"postDate\":1504084080,\"expiryDate\":null,\"enabled\":1,\"parentId\":null,\"fields\":{\"28\":{\"107\":{\"type\":\"paragraph\",\"enabled\":\"1\",\"fields\":{\"text\":\"<p>I was paging my way through <em>Holy Men, Holy Women<\\/em> on a fact-checking mission when I came across the entry for December 16<sup>th<\\/sup>.<\\/p>\\r\\n<p>\\r\\n<\\/p>\\r\\n<p>I was stunned to see that this day had been set apart to honor two architects and an artist whose work was represented here at Transfiguration:&nbsp; Ralph Adams Cram, designer of St. Thomas Church NYC and the nave of the Cathedral of St. John the Divine, Richard Upjohn, the designer of Trinity Church on Wall Street in lower Manhattan, and John Lafarge, painter of murals and designer of many notable stained glass windows.<\\/p>\\r\\n<p>\\r\\n<\\/p>\\r\\n<p><em>Holy Men, Holy Women<\\/em> encourages us to offer thanks for \\u201cthe vision of Ralph Adams Cram, John LaFarge and Richard Upjohn, whose harmonious revival of the Gothic enriched our churches with a sacramental understanding of reality in the face of secular materialism&hellip;.\\u201d *<\\/p>\\r\\n<p>\\r\\n<\\/p>\\r\\n<p>Ralph Adams Cram was the designer of our beautiful polychromed wood Madonna Shrine, located in the Transept.&nbsp; It was donated by Mr. F. E. Saxham Drury in memory of Elbridge T. Gerry and Mabel Gerry Drury.<\\/p>\\r\\n<p>\\r\\n<\\/p>\\r\\n<p>Turn to your right, and there is John LaFarge\\u2019s magnificent window depicting Edwin Booth, the leading Shakespearean actor of his time, holding a mask and dressed in Greco-Roman costume.&nbsp; (Edwin Booth was the brother of the notorious John Wilkes Booth, President Lincoln\\u2019s assassin.) The window was given in his memory in 1898 by members of the Players Club, which he founded.<\\/p>\\r\\n<p>\\r\\n<\\/p>\\r\\n<p>And a few steps away, near the chancel on the northeast side of the nave, stands Richard Upjohn\\u2019s beautiful and intricate brass filigree pulpit.<\\/p>\\r\\n<p>\\r\\n<\\/p>\\r\\n<p>How fortunate we are to have works by all three of these masters under the roof of the \\u201cLittle Church\\u201d.&nbsp; I will give thanks when December 16<sup>th<\\/sup> rolls around.<\\/p>\"}}},\"25\":[\"93\"],\"26\":\"Mary Jane Gocher\",\"27\":\"Corey Schneider\"}}', '2017-08-30 13:55:55', '2017-08-30 13:55:55', '8c9f18f8-bc98-4a7e-ad83-85a27412968d'),
 ('54', '94', '9', '1', 'en_us', '5', '', '{\"typeId\":\"9\",\"authorId\":\"1\",\"title\":\"Good Things Come in Threes\",\"slug\":\"good-things-come-in-threes\",\"postDate\":1504084080,\"expiryDate\":null,\"enabled\":1,\"parentId\":null,\"fields\":{\"28\":{\"107\":{\"type\":\"paragraph\",\"enabled\":\"1\",\"fields\":{\"text\":\"<p>I was paging my way through <em>Holy Men, Holy Women<\\/em> on a fact-checking mission when I came across the entry for December 16<sup>th<\\/sup>.<\\/p>\\r\\n<p>\\r\\n<\\/p>\\r\\n<p>I was stunned to see that this day had been set apart to honor two architects and an artist whose work was represented here at Transfiguration:&nbsp; Ralph Adams Cram, designer of St. Thomas Church NYC and the nave of the Cathedral of St. John the Divine, Richard Upjohn, the designer of Trinity Church on Wall Street in lower Manhattan, and John Lafarge, painter of murals and designer of many notable stained glass windows.<\\/p>\\r\\n<p>\\r\\n<\\/p>\\r\\n<p><em>Holy Men, Holy Women<\\/em> encourages us to offer thanks for \\u201cthe vision of Ralph Adams Cram, John LaFarge and Richard Upjohn, whose harmonious revival of the Gothic enriched our churches with a sacramental understanding of reality in the face of secular materialism&hellip;.\\u201d *<\\/p>\\r\\n<p>\\r\\n<\\/p>\\r\\n<p>Ralph Adams Cram was the designer of our beautiful polychromed wood Madonna Shrine, located in the Transept.&nbsp; It was donated by Mr. F. E. Saxham Drury in memory of Elbridge T. Gerry and Mabel Gerry Drury.<\\/p>\"}},\"new1\":{\"type\":\"paragraph\",\"enabled\":\"1\",\"fields\":{\"text\":\"<p>Turn to your right, and there is John LaFarge\\u2019s magnificent window depicting Edwin Booth, the leading Shakespearean actor of his time, holding a mask and dressed in Greco-Roman costume.&nbsp; (Edwin Booth was the brother of the notorious John Wilkes Booth, President Lincoln\\u2019s assassin.) The window was given in his memory in 1898 by members of the Players Club, which he founded.<\\/p>\\r\\n<p>And a few steps away, near the chancel on the northeast side of the nave, stands Richard Upjohn\\u2019s beautiful and intricate brass filigree pulpit.<\\/p>\\r\\n<p>How fortunate we are to have works by all three of these masters under the roof of the \\u201cLittle Church\\u201d.&nbsp; I will give thanks when December 16<sup>th<\\/sup>&nbsp;rolls around.<\\/p><p><\\/p>\"}}},\"25\":[\"93\"],\"26\":\"Mary Jane Gocher\",\"27\":\"Corey Schneider\"}}', '2017-08-30 14:03:42', '2017-08-30 14:03:42', 'b5d1792d-8c2e-4297-832d-7b83c418cc39'),
 ('55', '94', '9', '1', 'en_us', '6', '', '{\"typeId\":\"9\",\"authorId\":\"1\",\"title\":\"Good Things Come in Threes\",\"slug\":\"good-things-come-in-threes\",\"postDate\":1504084080,\"expiryDate\":null,\"enabled\":1,\"parentId\":null,\"fields\":{\"28\":{\"107\":{\"type\":\"paragraph\",\"enabled\":\"1\",\"fields\":{\"text\":\"<p>I was paging my way through <em>Holy Men, Holy Women<\\/em> on a fact-checking mission when I came across the entry for December 16<sup>th<\\/sup>.<\\/p>\\r\\n<p>\\r\\n<\\/p>\\r\\n<p>I was stunned to see that this day had been set apart to honor two architects and an artist whose work was represented here at Transfiguration:&nbsp; Ralph Adams Cram, designer of St. Thomas Church NYC and the nave of the Cathedral of St. John the Divine, Richard Upjohn, the designer of Trinity Church on Wall Street in lower Manhattan, and John Lafarge, painter of murals and designer of many notable stained glass windows.<\\/p>\\r\\n<p>\\r\\n<\\/p>\\r\\n<p><em>Holy Men, Holy Women<\\/em> encourages us to offer thanks for \\u201cthe vision of Ralph Adams Cram, John LaFarge and Richard Upjohn, whose harmonious revival of the Gothic enriched our churches with a sacramental understanding of reality in the face of secular materialism&hellip;.\\u201d *<\\/p>\\r\\n<p>\\r\\n<\\/p>\\r\\n<p>Ralph Adams Cram was the designer of our beautiful polychromed wood Madonna Shrine, located in the Transept.&nbsp; It was donated by Mr. F. E. Saxham Drury in memory of Elbridge T. Gerry and Mabel Gerry Drury.<\\/p>\"}},\"new1\":{\"type\":\"figure\",\"enabled\":\"1\",\"fields\":{\"image\":[\"110\"],\"altArttribute\":\"John LaFarge\\u2019s magnificent window depicting Edwin Booth\",\"caption\":\"\",\"enlarge\":\"\"}},\"108\":{\"type\":\"paragraph\",\"enabled\":\"1\",\"fields\":{\"text\":\"<p>Turn to your right, and there is John LaFarge\\u2019s magnificent window depicting Edwin Booth, the leading Shakespearean actor of his time, holding a mask and dressed in Greco-Roman costume.&nbsp; (Edwin Booth was the brother of the notorious John Wilkes Booth, President Lincoln\\u2019s assassin.) The window was given in his memory in 1898 by members of the Players Club, which he founded.<\\/p>\\r\\n<p>And a few steps away, near the chancel on the northeast side of the nave, stands Richard Upjohn\\u2019s beautiful and intricate brass filigree pulpit.<\\/p>\\r\\n<p>How fortunate we are to have works by all three of these masters under the roof of the \\u201cLittle Church\\u201d.&nbsp; I will give thanks when December 16<sup>th<\\/sup>&nbsp;rolls around.<\\/p>\"}}},\"25\":[\"93\"],\"26\":\"Mary Jane Gocher\",\"27\":\"Corey Schneider\"}}', '2017-08-30 14:11:22', '2017-08-30 14:11:22', 'c65f086a-0f8b-40cd-843c-4d8f78c9b8b5'),
 ('56', '94', '9', '1', 'en_us', '7', '', '{\"typeId\":\"9\",\"authorId\":\"1\",\"title\":\"Good Things Come in Threes\",\"slug\":\"good-things-come-in-threes\",\"postDate\":1504084080,\"expiryDate\":null,\"enabled\":1,\"parentId\":null,\"fields\":{\"28\":{\"107\":{\"type\":\"paragraph\",\"enabled\":\"1\",\"fields\":{\"text\":\"<p>I was paging my way through <em>Holy Men, Holy Women<\\/em> on a fact-checking mission when I came across the entry for December 16<sup>th<\\/sup>.<\\/p>\\r\\n<p>\\r\\n<\\/p>\\r\\n<p>I was stunned to see that this day had been set apart to honor two architects and an artist whose work was represented here at Transfiguration:&nbsp; Ralph Adams Cram, designer of St. Thomas Church NYC and the nave of the Cathedral of St. John the Divine, Richard Upjohn, the designer of Trinity Church on Wall Street in lower Manhattan, and John Lafarge, painter of murals and designer of many notable stained glass windows.<\\/p>\\r\\n<p>\\r\\n<\\/p>\\r\\n<p><em>Holy Men, Holy Women<\\/em> encourages us to offer thanks for \\u201cthe vision of Ralph Adams Cram, John LaFarge and Richard Upjohn, whose harmonious revival of the Gothic enriched our churches with a sacramental understanding of reality in the face of secular materialism&hellip;.\\u201d *<\\/p>\\r\\n<p>\\r\\n<\\/p>\\r\\n<p>Ralph Adams Cram was the designer of our beautiful polychromed wood Madonna Shrine, located in the Transept.&nbsp; It was donated by Mr. F. E. Saxham Drury in memory of Elbridge T. Gerry and Mabel Gerry Drury.<\\/p>\"}},\"111\":{\"type\":\"figure\",\"enabled\":\"1\",\"fields\":{\"image\":[\"110\"],\"altArttribute\":\"John LaFarge\\u2019s magnificent window depicting Edwin Booth\",\"caption\":\"\",\"enlarge\":\"\"}},\"108\":{\"type\":\"paragraph\",\"enabled\":\"1\",\"fields\":{\"text\":\"<p>Turn to your right, and there is John LaFarge\\u2019s magnificent window depicting Edwin Booth, the leading Shakespearean actor of his time, holding a mask and dressed in Greco-Roman costume.&nbsp; (Edwin Booth was the brother of the notorious John Wilkes Booth, President Lincoln\\u2019s assassin.) The window was given in his memory in 1898 by members of the Players Club, which he founded.<\\/p>\\r\\n<p>And a few steps away, near the chancel on the northeast side of the nave, stands Richard Upjohn\\u2019s beautiful and intricate brass filigree pulpit.<\\/p>\\r\\n<p>How fortunate we are to have works by all three of these masters under the roof of the \\u201cLittle Church\\u201d.&nbsp; I will give thanks when December 16<sup>th<\\/sup>&nbsp;rolls around.<\\/p>\"}}},\"25\":[\"93\"],\"26\":\"Mary Jane Gocher\",\"27\":\"Corey Schneider\"}}', '2017-08-30 14:16:32', '2017-08-30 14:16:32', '3488079b-5ea1-48b2-9848-2e947c2d9279'),
 ('57', '94', '9', '1', 'en_us', '8', '', '{\"typeId\":\"9\",\"authorId\":\"1\",\"title\":\"Good Things Come in Threes\",\"slug\":\"good-things-come-in-threes\",\"postDate\":1504084080,\"expiryDate\":null,\"enabled\":1,\"parentId\":null,\"fields\":{\"28\":{\"107\":{\"type\":\"paragraph\",\"enabled\":\"1\",\"fields\":{\"text\":\"<p>I was paging my way through <em>Holy Men, Holy Women<\\/em> on a fact-checking mission when I came across the entry for December 16<sup>th<\\/sup>.<\\/p>\\r\\n<p>\\r\\n<\\/p>\\r\\n<p>I was stunned to see that this day had been set apart to honor two architects and an artist whose work was represented here at Transfiguration:&nbsp; Ralph Adams Cram, designer of St. Thomas Church NYC and the nave of the Cathedral of St. John the Divine, Richard Upjohn, the designer of Trinity Church on Wall Street in lower Manhattan, and John Lafarge, painter of murals and designer of many notable stained glass windows.<\\/p>\\r\\n<p>\\r\\n<\\/p>\\r\\n<p><em>Holy Men, Holy Women<\\/em> encourages us to offer thanks for \\u201cthe vision of Ralph Adams Cram, John LaFarge and Richard Upjohn, whose harmonious revival of the Gothic enriched our churches with a sacramental understanding of reality in the face of secular materialism&hellip;\\u201d *<\\/p>\\r\\n<p>\\r\\n<\\/p>\\r\\n<p>Ralph Adams Cram was the designer of our beautiful polychromed wood Madonna Shrine, located in the Transept.&nbsp; It was donated by Mr. F. E. Saxham Drury in memory of Elbridge T. Gerry and Mabel Gerry Drury.<\\/p>\"}},\"111\":{\"type\":\"figure\",\"enabled\":\"1\",\"fields\":{\"image\":[\"110\"],\"altAttribute\":\"John LaFarge\\u2019s magnificent window depicting Edwin Booth\",\"caption\":\"\",\"enlarge\":\"\"}},\"108\":{\"type\":\"paragraph\",\"enabled\":\"1\",\"fields\":{\"text\":\"<p>Turn to your right, and there is John LaFarge\\u2019s magnificent window depicting Edwin Booth, the leading Shakespearean actor of his time, holding a mask and dressed in Greco-Roman costume.&nbsp; (Edwin Booth was the brother of the notorious John Wilkes Booth, President Lincoln\\u2019s assassin.) The window was given in his memory in 1898 by members of the Players Club, which he founded.<\\/p>\\r\\n<p>And a few steps away, near the chancel on the northeast side of the nave, stands Richard Upjohn\\u2019s beautiful and intricate brass filigree pulpit.<\\/p>\\r\\n<p>How fortunate we are to have works by all three of these masters under the roof of the \\u201cLittle Church\\u201d.&nbsp; I will give thanks when December 16<sup>th<\\/sup>&nbsp;rolls around.<\\/p>\"}}},\"25\":[\"93\"],\"26\":\"Mary Jane Gocher\",\"27\":\"Corey Schneider\"}}', '2017-08-30 14:19:09', '2017-08-30 14:19:09', '64f2a309-42a9-41fd-9f5a-0bb1a13fe849'),
 ('58', '94', '9', '1', 'en_us', '9', '', '{\"typeId\":\"9\",\"authorId\":\"1\",\"title\":\"Good Things Come in Threes\",\"slug\":\"good-things-come-in-threes\",\"postDate\":1504084080,\"expiryDate\":null,\"enabled\":1,\"parentId\":null,\"fields\":{\"28\":{\"107\":{\"type\":\"paragraph\",\"enabled\":\"1\",\"fields\":{\"text\":\"<p>I was paging my way through <em>Holy Men, Holy Women<\\/em> on a fact-checking mission when I came across the entry for December 16<sup>th<\\/sup>.<\\/p>\\r\\n<p>\\r\\n<\\/p>\\r\\n<p>I was stunned to see that this day had been set apart to honor two architects and an artist whose work was represented here at Transfiguration:&nbsp; Ralph Adams Cram, designer of St. Thomas Church NYC and the nave of the Cathedral of St. John the Divine, Richard Upjohn, the designer of Trinity Church on Wall Street in lower Manhattan, and John Lafarge, painter of murals and designer of many notable stained glass windows.<\\/p>\\r\\n<p>\\r\\n<\\/p>\\r\\n<p><em>Holy Men, Holy Women<\\/em> encourages us to offer thanks for \\u201cthe vision of Ralph Adams Cram, John LaFarge and Richard Upjohn, whose harmonious revival of the Gothic enriched our churches with a sacramental understanding of reality in the face of secular materialism&hellip;\\u201d *<\\/p>\\r\\n<p>\\r\\n<\\/p>\\r\\n<p>Ralph Adams Cram was the designer of our beautiful polychromed wood Madonna Shrine, located in the Transept.&nbsp; It was donated by Mr. F. E. Saxham Drury in memory of Elbridge T. Gerry and Mabel Gerry Drury.<\\/p>\"}},\"111\":{\"type\":\"figure\",\"enabled\":\"1\",\"fields\":{\"image\":[\"110\"],\"altAttribute\":\"John LaFarge\\u2019s magnificent window depicting Edwin Booth\",\"caption\":\"<p>John LaFarge\\u2019s magnificent window depicting Edwin Booth<\\/p>\",\"enlarge\":\"\"}},\"108\":{\"type\":\"paragraph\",\"enabled\":\"1\",\"fields\":{\"text\":\"<p>Turn to your right, and there is John LaFarge\\u2019s magnificent window depicting Edwin Booth, the leading Shakespearean actor of his time, holding a mask and dressed in Greco-Roman costume.&nbsp; (Edwin Booth was the brother of the notorious John Wilkes Booth, President Lincoln\\u2019s assassin.) The window was given in his memory in 1898 by members of the Players Club, which he founded.<\\/p>\\r\\n<p>And a few steps away, near the chancel on the northeast side of the nave, stands Richard Upjohn\\u2019s beautiful and intricate brass filigree pulpit.<\\/p>\\r\\n<p>How fortunate we are to have works by all three of these masters under the roof of the \\u201cLittle Church\\u201d.&nbsp; I will give thanks when December 16<sup>th<\\/sup>&nbsp;rolls around.<\\/p>\"}}},\"25\":[\"93\"],\"26\":\"Mary Jane Gocher\",\"27\":\"Corey Schneider\"}}', '2017-08-30 14:19:31', '2017-08-30 14:19:31', '9387c66e-9e0a-4d62-80db-558b15d1d8ff'),
 ('59', '94', '9', '1', 'en_us', '10', '', '{\"typeId\":\"9\",\"authorId\":\"1\",\"title\":\"Good Things Come in Threes\",\"slug\":\"good-things-come-in-threes\",\"postDate\":1504084080,\"expiryDate\":null,\"enabled\":1,\"parentId\":null,\"fields\":{\"28\":{\"107\":{\"type\":\"paragraph\",\"enabled\":\"1\",\"fields\":{\"text\":\"<p>I was paging my way through <em>Holy Men, Holy Women<\\/em> on a fact-checking mission when I came across the entry for December 16<sup>th<\\/sup>.<\\/p>\\r\\n<p>\\r\\n<\\/p>\\r\\n<p>I was stunned to see that this day had been set apart to honor two architects and an artist whose work was represented here at Transfiguration:&nbsp; Ralph Adams Cram, designer of St. Thomas Church NYC and the nave of the Cathedral of St. John the Divine, Richard Upjohn, the designer of Trinity Church on Wall Street in lower Manhattan, and John Lafarge, painter of murals and designer of many notable stained glass windows.<\\/p>\\r\\n<p>\\r\\n<\\/p>\\r\\n<p><em>Holy Men, Holy Women<\\/em> encourages us to offer thanks for \\u201cthe vision of Ralph Adams Cram, John LaFarge and Richard Upjohn, whose harmonious revival of the Gothic enriched our churches with a sacramental understanding of reality in the face of secular materialism&hellip;\\u201d *<\\/p>\\r\\n<p>\\r\\n<\\/p>\\r\\n<p>Ralph Adams Cram was the designer of our beautiful polychromed wood Madonna Shrine, located in the Transept.&nbsp; It was donated by Mr. F. E. Saxham Drury in memory of Elbridge T. Gerry and Mabel Gerry Drury.<\\/p>\"}},\"111\":{\"type\":\"figure\",\"enabled\":\"1\",\"fields\":{\"image\":[\"110\"],\"altAttribute\":\"John LaFarge\\u2019s magnificent window depicting Edwin Booth\",\"caption\":\"<p>John LaFarge\\u2019s magnificent window depicting Edwin Booth<\\/p>\",\"enlarge\":\"\"}},\"108\":{\"type\":\"paragraph\",\"enabled\":\"1\",\"fields\":{\"text\":\"<p>Turn to your right, and there is John LaFarge\\u2019s magnificent window depicting Edwin Booth, the leading Shakespearean actor of his time, holding a mask and dressed in Greco-Roman costume.&nbsp; (Edwin Booth was the brother of the notorious John Wilkes Booth, President Lincoln\\u2019s assassin.) The window was given in his memory in 1898 by members of the Players Club, which he founded.<\\/p>\\r\\n<p>And a few steps away, near the chancel on the northeast side of the nave, stands Richard Upjohn\\u2019s beautiful and intricate brass filigree pulpit.<\\/p>\\r\\n<p>How fortunate we are to have works by all three of these masters under the roof of the \\u201cLittle Church\\u201d.&nbsp; I will give thanks when December 16<sup>th<\\/sup>&nbsp;rolls around.<\\/p>\"}}},\"25\":[\"93\"],\"26\":\"Mary Jane Gocher\",\"27\":\"Corey Schneider\"}}', '2017-08-30 14:21:00', '2017-08-30 14:21:00', 'd6c10d27-c184-4d65-8649-049155eb0dcf'),
 ('60', '94', '9', '1', 'en_us', '11', '', '{\"typeId\":\"9\",\"authorId\":\"1\",\"title\":\"Good Things Come in Threes\",\"slug\":\"good-things-come-in-threes\",\"postDate\":1504084080,\"expiryDate\":null,\"enabled\":1,\"parentId\":null,\"fields\":{\"28\":{\"107\":{\"type\":\"paragraph\",\"enabled\":\"1\",\"fields\":{\"text\":\"<p>I was paging my way through <em>Holy Men, Holy Women<\\/em> on a fact-checking mission when I came across the entry for December 16<sup>th<\\/sup>.<\\/p>\\r\\n<p>\\r\\n<\\/p>\\r\\n<p>I was stunned to see that this day had been set apart to honor two architects and an artist whose work was represented here at Transfiguration:&nbsp; Ralph Adams Cram, designer of St. Thomas Church NYC and the nave of the Cathedral of St. John the Divine, Richard Upjohn, the designer of Trinity Church on Wall Street in lower Manhattan, and John Lafarge, painter of murals and designer of many notable stained glass windows.<\\/p>\\r\\n<p>\\r\\n<\\/p>\\r\\n<p><em>Holy Men, Holy Women<\\/em> encourages us to offer thanks for \\u201cthe vision of Ralph Adams Cram, John LaFarge and Richard Upjohn, whose harmonious revival of the Gothic enriched our churches with a sacramental understanding of reality in the face of secular materialism&hellip;\\u201d *<\\/p>\\r\\n<p>\\r\\n<\\/p>\\r\\n<p>Ralph Adams Cram was the designer of our beautiful polychromed wood Madonna Shrine, located in the Transept.&nbsp; It was donated by Mr. F. E. Saxham Drury in memory of Elbridge T. Gerry and Mabel Gerry Drury.<\\/p>\"}},\"111\":{\"type\":\"figure\",\"enabled\":\"1\",\"fields\":{\"image\":[\"110\"],\"altAttribute\":\"John LaFarge\\u2019s magnificent window depicting Edwin Booth\",\"caption\":\"<p>John LaFarge\\u2019s magnificent window depicting Edwin Booth<\\/p>\",\"enlarge\":\"1\"}},\"108\":{\"type\":\"paragraph\",\"enabled\":\"1\",\"fields\":{\"text\":\"<p>Turn to your right, and there is John LaFarge\\u2019s magnificent window depicting Edwin Booth, the leading Shakespearean actor of his time, holding a mask and dressed in Greco-Roman costume.&nbsp; (Edwin Booth was the brother of the notorious John Wilkes Booth, President Lincoln\\u2019s assassin.) The window was given in his memory in 1898 by members of the Players Club, which he founded.<\\/p>\\r\\n<p>And a few steps away, near the chancel on the northeast side of the nave, stands Richard Upjohn\\u2019s beautiful and intricate brass filigree pulpit.<\\/p>\\r\\n<p>How fortunate we are to have works by all three of these masters under the roof of the \\u201cLittle Church\\u201d.&nbsp; I will give thanks when December 16<sup>th<\\/sup>&nbsp;rolls around.<\\/p>\"}}},\"25\":[\"93\"],\"26\":\"Mary Jane Gocher\",\"27\":\"Corey Schneider\"}}', '2017-08-30 14:22:16', '2017-08-30 14:22:16', 'eb05c314-012c-45d3-b1f7-3cf510a6e521'),
 ('61', '115', '9', '1', 'en_us', '1', '', '{\"typeId\":null,\"authorId\":\"1\",\"title\":\"This is another article\",\"slug\":\"this-is-another-article\",\"postDate\":1504106501,\"expiryDate\":null,\"enabled\":1,\"parentId\":null,\"fields\":{\"28\":{\"new1\":{\"type\":\"paragraph\",\"enabled\":\"1\",\"fields\":{\"text\":\"<p>Sem natoque nulla ligula ullamcorper facilisi semper conubia inceptos a risus aptent egestas dictumst vulputate at ultrices fermentum pretium hendrerit ad a. Suspendisse tristique consequat torquent ipsum hac cum a at ac at phasellus id fringilla dis risus auctor himenaeos parturient ac vestibulum dis faucibus litora. Ultrices et facilisi neque suscipit ad torquent convallis cras nisl condimentum a suspendisse felis vestibulum ridiculus suscipit nunc dapibus ac velit a.&nbsp;<\\/p>\\r\\n<p>Eleifend ut vivamus parturient hendrerit est parturient a nec elit a ante nec adipiscing condimentum velit montes metus eu sagittis enim. Turpis a diam ultricies arcu curabitur dignissim eleifend non aliquam interdum ad nulla tincidunt aenean aptent fringilla consectetur primis neque. Id scelerisque laoreet ad scelerisque ligula ut vestibulum praesent cras a habitant consectetur purus parturient. Eu laoreet nam in hac inceptos in hendrerit lobortis sociosqu cum elit aliquam condimentum ad a.&nbsp;<\\/p>\\r\\n<p>Vestibulum mi parturient auctor lectus suscipit curae litora lectus condimentum cubilia dui porttitor blandit ut. Faucibus penatibus a eros etiam pulvinar ultricies in a egestas vestibulum cum massa quisque interdum. Ullamcorper vestibulum parturient et mattis mi parturient sagittis praesent morbi netus condimentum fermentum ullamcorper ligula ante molestie hac phasellus facilisi class mattis blandit urna ridiculus ante magnis sociosqu a. Aliquet turpis ligula eros ad parturient parturient malesuada penatibus aliquet mi adipiscing ad pulvinar cubilia scelerisque laoreet penatibus vivamus a a scelerisque. Parturient ad massa cum nisi senectus massa taciti vestibulum accumsan magna in parturient nibh odio. A mi velit erat ullamcorper rutrum lacus vestibulum donec sit duis maecenas nam hendrerit gravida sed turpis enim scelerisque senectus laoreet quam lectus id adipiscing.&nbsp;<\\/p>\\r\\n<p>Habitasse vestibulum odio scelerisque eu dolor condimentum ornare urna dictumst velit a consectetur nisi parturient quisque scelerisque morbi vitae mus penatibus sociosqu nec eget at vestibulum feugiat interdum nascetur. Suscipit tortor purus semper sodales leo id vestibulum adipiscing montes adipiscing sed curae sodales porta nisi senectus mi conubia euismod senectus. Arcu eleifend suspendisse sociosqu velit laoreet a potenti risus justo suspendisse a vestibulum curabitur vel torquent a vehicula et tincidunt. Aliquet a malesuada parturient et potenti inceptos nec natoque sem scelerisque scelerisque nibh conubia condimentum nascetur phasellus. Torquent placerat a suspendisse sagittis vestibulum mi volutpat ultrices sed nam sagittis sociosqu dolor eget convallis sociis accumsan at.&nbsp;<\\/p>\\r\\n<p>Adipiscing parturient ad condimentum at a ac lacus montes rhoncus arcu vel condimentum magnis venenatis praesent sem scelerisque dis eleifend urna gravida a ullamcorper a nisi ullamcorper sed lacus. Natoque vel nullam curabitur eu sem eu purus suspendisse et accumsan scelerisque adipiscing sit adipiscing suspendisse consectetur lacinia sociis commodo vestibulum natoque egestas. Ut faucibus fringilla habitasse elementum odio euismod adipiscing varius massa in parturient a gravida nostra sit.&nbsp;<\\/p>\\r\\n<p>Facilisi parturient tempus parturient interdum leo dis ullamcorper scelerisque odio vulputate feugiat suspendisse a eu varius hac diam neque phasellus tempor. Aenean maecenas a neque sed a a tortor vestibulum ad eu aptent consectetur nullam tortor. Vestibulum facilisis pharetra imperdiet nullam rutrum sem suspendisse a litora a id eu lacinia elit mus morbi a in in sociosqu ad in id torquent sodales.<\\/p>\"}}},\"25\":\"\",\"26\":\"Carl Avidano\",\"27\":\"\"}}', '2017-08-30 15:21:41', '2017-08-30 15:21:41', '2acfc559-457b-470d-b53f-2aa795196a2c'),
 ('62', '94', '9', '1', 'en_us', '12', '', '{\"typeId\":\"9\",\"authorId\":\"1\",\"title\":\"Good Things Come in Threes\",\"slug\":\"good-things-come-in-threes\",\"postDate\":1504084080,\"expiryDate\":null,\"enabled\":1,\"parentId\":null,\"fields\":{\"28\":{\"107\":{\"type\":\"paragraph\",\"enabled\":\"1\",\"fields\":{\"text\":\"<p>I was paging my way through <em>Holy Men, Holy Women<\\/em> on a fact-checking mission when I came across the entry for December 16<sup>th<\\/sup>.<\\/p>\\r\\n<p>\\r\\n<\\/p>\\r\\n<p>I was stunned to see that this day had been set apart to honor two architects and an artist whose work was represented here at Transfiguration:&nbsp; Ralph Adams Cram, designer of St. Thomas Church NYC and the nave of the Cathedral of St. John the Divine, Richard Upjohn, the designer of Trinity Church on Wall Street in lower Manhattan, and John Lafarge, painter of murals and designer of many notable stained glass windows.<\\/p>\\r\\n<p>\\r\\n<\\/p>\\r\\n<p><em>Holy Men, Holy Women<\\/em> encourages us to offer thanks for \\u201cthe vision of Ralph Adams Cram, John LaFarge and Richard Upjohn, whose harmonious revival of the Gothic enriched our churches with a sacramental understanding of reality in the face of secular materialism&hellip;\\u201d *<\\/p>\\r\\n<p>\\r\\n<\\/p>\\r\\n<p>Ralph Adams Cram was the designer of our beautiful polychromed wood Madonna Shrine, located in the Transept.&nbsp; It was donated by Mr. F. E. Saxham Drury in memory of Elbridge T. Gerry and Mabel Gerry Drury.<\\/p>\"}},\"111\":{\"type\":\"figure\",\"enabled\":\"1\",\"fields\":{\"image\":[\"110\"],\"altAttribute\":\"John LaFarge\\u2019s magnificent window depicting Edwin Booth\",\"caption\":\"<p>John LaFarge\\u2019s magnificent window depicting Edwin Booth<\\/p>\",\"enlarge\":\"1\"}},\"108\":{\"type\":\"paragraph\",\"enabled\":\"1\",\"fields\":{\"text\":\"<p>Turn to your right, and there is John LaFarge\\u2019s magnificent window depicting Edwin Booth, the leading Shakespearean actor of his time, holding a mask and dressed in Greco-Roman costume.&nbsp; (Edwin Booth was the brother of the notorious John Wilkes Booth, President Lincoln\\u2019s assassin.) The window was given in his memory in 1898 by members of the Players Club, which he founded.<\\/p>\\r\\n<p>And a few steps away, near the chancel on the northeast side of the nave, stands Richard Upjohn\\u2019s beautiful and intricate brass filigree pulpit.<\\/p>\\r\\n<p>How fortunate we are to have works by all three of these masters under the roof of the \\u201cLittle Church\\u201d.&nbsp; I will give thanks when December 16<sup>th<\\/sup>&nbsp;rolls around.<\\/p>\"}}},\"25\":[\"93\"],\"26\":\"Mary Jane Gocher\",\"27\":\"Corey Schneider\"}}', '2017-08-30 15:21:52', '2017-08-30 15:21:52', '849cb71d-ed83-4707-8c3f-bda210182ebc'),
 ('63', '115', '9', '1', 'en_us', '2', '', '{\"typeId\":\"9\",\"authorId\":\"1\",\"title\":\"Do All Dogs Go To Heaven?\",\"slug\":\"this-is-another-article\",\"postDate\":1504106460,\"expiryDate\":null,\"enabled\":1,\"parentId\":null,\"fields\":{\"28\":{\"116\":{\"type\":\"paragraph\",\"enabled\":\"1\",\"fields\":{\"text\":\"<p>Sem natoque nulla ligula ullamcorper facilisi semper conubia inceptos a risus aptent egestas dictumst vulputate at ultrices fermentum pretium hendrerit ad a. Suspendisse tristique consequat torquent ipsum hac cum a at ac at phasellus id fringilla dis risus auctor himenaeos parturient ac vestibulum dis faucibus litora. Ultrices et facilisi neque suscipit ad torquent convallis cras nisl condimentum a suspendisse felis vestibulum ridiculus suscipit nunc dapibus ac velit a.&nbsp;<\\/p>\\r\\n<p>Eleifend ut vivamus parturient hendrerit est parturient a nec elit a ante nec adipiscing condimentum velit montes metus eu sagittis enim. Turpis a diam ultricies arcu curabitur dignissim eleifend non aliquam interdum ad nulla tincidunt aenean aptent fringilla consectetur primis neque. Id scelerisque laoreet ad scelerisque ligula ut vestibulum praesent cras a habitant consectetur purus parturient. Eu laoreet nam in hac inceptos in hendrerit lobortis sociosqu cum elit aliquam condimentum ad a.&nbsp;<\\/p>\\r\\n<p>Vestibulum mi parturient auctor lectus suscipit curae litora lectus condimentum cubilia dui porttitor blandit ut. Faucibus penatibus a eros etiam pulvinar ultricies in a egestas vestibulum cum massa quisque interdum. Ullamcorper vestibulum parturient et mattis mi parturient sagittis praesent morbi netus condimentum fermentum ullamcorper ligula ante molestie hac phasellus facilisi class mattis blandit urna ridiculus ante magnis sociosqu a. Aliquet turpis ligula eros ad parturient parturient malesuada penatibus aliquet mi adipiscing ad pulvinar cubilia scelerisque laoreet penatibus vivamus a a scelerisque. Parturient ad massa cum nisi senectus massa taciti vestibulum accumsan magna in parturient nibh odio. A mi velit erat ullamcorper rutrum lacus vestibulum donec sit duis maecenas nam hendrerit gravida sed turpis enim scelerisque senectus laoreet quam lectus id adipiscing.&nbsp;<\\/p>\\r\\n<p>Habitasse vestibulum odio scelerisque eu dolor condimentum ornare urna dictumst velit a consectetur nisi parturient quisque scelerisque morbi vitae mus penatibus sociosqu nec eget at vestibulum feugiat interdum nascetur. Suscipit tortor purus semper sodales leo id vestibulum adipiscing montes adipiscing sed curae sodales porta nisi senectus mi conubia euismod senectus. Arcu eleifend suspendisse sociosqu velit laoreet a potenti risus justo suspendisse a vestibulum curabitur vel torquent a vehicula et tincidunt. Aliquet a malesuada parturient et potenti inceptos nec natoque sem scelerisque scelerisque nibh conubia condimentum nascetur phasellus. Torquent placerat a suspendisse sagittis vestibulum mi volutpat ultrices sed nam sagittis sociosqu dolor eget convallis sociis accumsan at.&nbsp;<\\/p>\\r\\n<p>Adipiscing parturient ad condimentum at a ac lacus montes rhoncus arcu vel condimentum magnis venenatis praesent sem scelerisque dis eleifend urna gravida a ullamcorper a nisi ullamcorper sed lacus. Natoque vel nullam curabitur eu sem eu purus suspendisse et accumsan scelerisque adipiscing sit adipiscing suspendisse consectetur lacinia sociis commodo vestibulum natoque egestas. Ut faucibus fringilla habitasse elementum odio euismod adipiscing varius massa in parturient a gravida nostra sit.&nbsp;<\\/p>\\r\\n<p>Facilisi parturient tempus parturient interdum leo dis ullamcorper scelerisque odio vulputate feugiat suspendisse a eu varius hac diam neque phasellus tempor. Aenean maecenas a neque sed a a tortor vestibulum ad eu aptent consectetur nullam tortor. Vestibulum facilisis pharetra imperdiet nullam rutrum sem suspendisse a litora a id eu lacinia elit mus morbi a in in sociosqu ad in id torquent sodales.<\\/p>\"}}},\"25\":[\"117\"],\"26\":\"Mary Jane Gocher\",\"27\":\"\"}}', '2017-08-30 15:29:34', '2017-08-30 15:29:34', '5af3ef41-c252-40c8-99c0-8374609eb32b'),
 ('64', '115', '9', '1', 'en_us', '3', '', '{\"typeId\":\"9\",\"authorId\":\"1\",\"title\":\"Do All Dogs Go To Heaven?\",\"slug\":\"this-is-another-article\",\"postDate\":1504051200,\"expiryDate\":null,\"enabled\":1,\"parentId\":null,\"fields\":{\"28\":{\"116\":{\"type\":\"paragraph\",\"enabled\":\"1\",\"fields\":{\"text\":\"<p>Sem natoque nulla ligula ullamcorper facilisi semper conubia inceptos a risus aptent egestas dictumst vulputate at ultrices fermentum pretium hendrerit ad a. Suspendisse tristique consequat torquent ipsum hac cum a at ac at phasellus id fringilla dis risus auctor himenaeos parturient ac vestibulum dis faucibus litora. Ultrices et facilisi neque suscipit ad torquent convallis cras nisl condimentum a suspendisse felis vestibulum ridiculus suscipit nunc dapibus ac velit a.&nbsp;<\\/p>\\r\\n<p>Eleifend ut vivamus parturient hendrerit est parturient a nec elit a ante nec adipiscing condimentum velit montes metus eu sagittis enim. Turpis a diam ultricies arcu curabitur dignissim eleifend non aliquam interdum ad nulla tincidunt aenean aptent fringilla consectetur primis neque. Id scelerisque laoreet ad scelerisque ligula ut vestibulum praesent cras a habitant consectetur purus parturient. Eu laoreet nam in hac inceptos in hendrerit lobortis sociosqu cum elit aliquam condimentum ad a.&nbsp;<\\/p>\\r\\n<p>Vestibulum mi parturient auctor lectus suscipit curae litora lectus condimentum cubilia dui porttitor blandit ut. Faucibus penatibus a eros etiam pulvinar ultricies in a egestas vestibulum cum massa quisque interdum. Ullamcorper vestibulum parturient et mattis mi parturient sagittis praesent morbi netus condimentum fermentum ullamcorper ligula ante molestie hac phasellus facilisi class mattis blandit urna ridiculus ante magnis sociosqu a. Aliquet turpis ligula eros ad parturient parturient malesuada penatibus aliquet mi adipiscing ad pulvinar cubilia scelerisque laoreet penatibus vivamus a a scelerisque. Parturient ad massa cum nisi senectus massa taciti vestibulum accumsan magna in parturient nibh odio. A mi velit erat ullamcorper rutrum lacus vestibulum donec sit duis maecenas nam hendrerit gravida sed turpis enim scelerisque senectus laoreet quam lectus id adipiscing.&nbsp;<\\/p>\\r\\n<p>Habitasse vestibulum odio scelerisque eu dolor condimentum ornare urna dictumst velit a consectetur nisi parturient quisque scelerisque morbi vitae mus penatibus sociosqu nec eget at vestibulum feugiat interdum nascetur. Suscipit tortor purus semper sodales leo id vestibulum adipiscing montes adipiscing sed curae sodales porta nisi senectus mi conubia euismod senectus. Arcu eleifend suspendisse sociosqu velit laoreet a potenti risus justo suspendisse a vestibulum curabitur vel torquent a vehicula et tincidunt. Aliquet a malesuada parturient et potenti inceptos nec natoque sem scelerisque scelerisque nibh conubia condimentum nascetur phasellus. Torquent placerat a suspendisse sagittis vestibulum mi volutpat ultrices sed nam sagittis sociosqu dolor eget convallis sociis accumsan at.&nbsp;<\\/p>\\r\\n<p>Adipiscing parturient ad condimentum at a ac lacus montes rhoncus arcu vel condimentum magnis venenatis praesent sem scelerisque dis eleifend urna gravida a ullamcorper a nisi ullamcorper sed lacus. Natoque vel nullam curabitur eu sem eu purus suspendisse et accumsan scelerisque adipiscing sit adipiscing suspendisse consectetur lacinia sociis commodo vestibulum natoque egestas. Ut faucibus fringilla habitasse elementum odio euismod adipiscing varius massa in parturient a gravida nostra sit.&nbsp;<\\/p>\\r\\n<p>Facilisi parturient tempus parturient interdum leo dis ullamcorper scelerisque odio vulputate feugiat suspendisse a eu varius hac diam neque phasellus tempor. Aenean maecenas a neque sed a a tortor vestibulum ad eu aptent consectetur nullam tortor. Vestibulum facilisis pharetra imperdiet nullam rutrum sem suspendisse a litora a id eu lacinia elit mus morbi a in in sociosqu ad in id torquent sodales.<\\/p>\"}}},\"25\":[\"117\"],\"26\":\"Mary Jane Gocher\",\"27\":\"\"}}', '2017-08-30 15:29:57', '2017-08-30 15:29:57', '16f2f95f-8c98-49f5-9316-c0485b6b76ed'),
 ('65', '69', '7', '1', 'en_us', '37', '', '{\"typeId\":\"7\",\"authorId\":\"1\",\"title\":\"Welcome\",\"slug\":\"welcome\",\"postDate\":1503746520,\"expiryDate\":null,\"enabled\":1,\"parentId\":null,\"fields\":{\"3\":\"Welcome to our little church\",\"13\":{\"71\":{\"type\":\"generalSection\",\"enabled\":\"1\",\"fields\":{\"text\":\"<h2>First time here?<\\/h2>\\r\\n<p>I invite you to join us in worship and fellowship at any one of our services, coffee hour, concert series, or a simple contemplative visit to our garden and chapel. I like to think of our parish as a quiet oasis in the heart of this vibrant city. And yet we have so much going on at our Little Church.<\\/p>\"}},\"73\":{\"type\":\"figureFull\",\"enabled\":\"\",\"fields\":{\"image\":[\"72\"],\"altAttribute\":\"\",\"caption\":\"<p>This is a caption<\\/p>\",\"credit\":\"\"}},\"74\":{\"type\":\"generalSection\",\"enabled\":\"\",\"fields\":{\"text\":\"<h2>Sem inceptos sociosqu interdum<\\/h2>\\r\\n<p>Consequat orci a cum suspendisse pretium orci dui dapibus ultricies nisi vulputate erat a dui. Ultricies enim a ut per egestas augue dis ad tellus mus a hac ac a scelerisque ullamcorper eupraesent quisque adipiscing. Erat purus ante habitasse mus interdum scelerisque a hac fermentum cum conguesuspendisse scelerisque auctor condimentum eu ipsum varius cursus a tempus aenean consectetur et a. Cubilia scelerisque ligula fusce a consequat vel fames a arcu mi nisl et at ultrices nunc. Sem inceptos sociosqu interdum adipiscing quis aliquam adipiscing vel taciti enim penatibus et ullamcorper venenatis.<\\/p>\\r\\n<blockquote>The Church of the Transfiguration is a community committed to faith in action. We embrace all who seek God\\u2019s inclusive love<\\/blockquote>\\r\\n<p>Consequat orci a cum suspendisse pretium orci dui dapibus ultricies nisi vulputate erat a dui. Ultricies enim a ut per egestas augue dis ad tellus mus a hac ac a scelerisque ullamcorper eupraesent quisque adipiscing. Erat purus ante habitasse mus interdum scelerisque a hac fermentum cum conguesuspendisse scelerisque auctor condimentum eu ipsum varius cursus a tempus aenean consectetur et a. Cubilia scelerisque ligula fusce a consequat vel fames a arcu mi nisl et at ultrices nunc. Sem inceptos sociosqu interdum adipiscing quis aliquam adipiscing vel taciti enim penatibus et ullamcorper venenatis.<\\/p>\"}},\"75\":{\"type\":\"generalSection\",\"enabled\":\"\",\"fields\":{\"text\":\"<h3>Sem inceptos sociosqu interdum<\\/h3>\\r\\n<p>Consequat orci a cum suspendisse pretium orci dui dapibus ultricies nisi vulputate erat a dui. Ultricies enim a ut per egestas augue dis ad tellus mus a hac ac a scelerisque ullamcorper eupraesent quisque adipiscing. Erat purus ante habitasse mus interdum scelerisque a hac fermentum cum conguesuspendisse scelerisque auctor condimentum eu ipsum varius cursus a tempus aenean consectetur.<\\/p>\"}},\"77\":{\"type\":\"bioGroup\",\"enabled\":\"\",\"fields\":{\"bioType\":\"Leadership\",\"individual\":[\"78\",\"76\"]}}},\"11\":[\"68\"],\"12\":\"<p>Welcome to the Church of the Transfiguration located in Manhattan\'s NoMad district. We are an Episcopal Church and part of the larger, worldwide Anglican Communion, with a&nbsp;<a href=\\\"#\\\">rich musical and liturgical tradition<\\/a>. We host a diverse community embracing all people, across a vast spectrum of cultural, ethnic, racial, gender, sexual orientation, and economic backgrounds, as full members in the body of Christ.<\\/p>\",\"27\":\"Meghan Joseph\"}}', '2017-08-30 18:44:04', '2017-08-30 18:44:04', '3d1a887e-cd4e-4f9c-9831-a5be1c8229e2'),
 ('66', '87', '7', '1', 'en_us', '5', '', '{\"typeId\":\"7\",\"authorId\":\"1\",\"title\":\"Who We Are\",\"slug\":\"who-we-are\",\"postDate\":1503949200,\"expiryDate\":null,\"enabled\":1,\"parentId\":null,\"fields\":{\"3\":\"Who We Are\",\"13\":{\"88\":{\"type\":\"bioGroup\",\"enabled\":\"1\",\"fields\":{\"bioType\":\"Leadership\",\"individual\":[\"76\",\"78\"]}}},\"11\":[\"86\"],\"12\":\"<p>Consequat orci a cum suspendisse pretium orci dui dapibus ultricies nisi vulputate erat a dui. Ultricies enim a ut per egestas augue dis ad tellus mus a hac ac a scelerisque ullamcorper eupraesent quisque adipiscing. Erat purus ante habitasse mus interdum scelerisque a hac fermentum cum conguesuspendisse scelerisque auctor condimentum eu ipsum varius cursus a tempus aenean consectetur et a. Cubilia scelerisque ligula fusce a consequat vel fames a arcu mi nisl et at ultrices nunc. Sem inceptos sociosqu interdum adipiscing quis aliquam adipiscing vel taciti enim penatibus et ullamcorper venenatis.<\\/p>\",\"27\":\"\"}}', '2017-08-30 18:47:51', '2017-08-30 18:47:51', '111fab3a-0da3-4101-8d77-4db6a10cdd47'),
 ('67', '87', '7', '1', 'en_us', '6', '', '{\"typeId\":\"7\",\"authorId\":\"1\",\"title\":\"Who We Are\",\"slug\":\"who-we-are\",\"postDate\":1503949200,\"expiryDate\":null,\"enabled\":1,\"parentId\":null,\"fields\":{\"3\":\"Who We Are\",\"13\":{\"88\":{\"type\":\"bioGroup\",\"enabled\":\"1\",\"fields\":{\"bioType\":\"Leadership\",\"individual\":[\"78\",\"76\"]}}},\"11\":[\"86\"],\"12\":\"<p>Consequat orci a cum suspendisse pretium orci dui dapibus ultricies nisi vulputate erat a dui. Ultricies enim a ut per egestas augue dis ad tellus mus a hac ac a scelerisque ullamcorper eupraesent quisque adipiscing. Erat purus ante habitasse mus interdum scelerisque a hac fermentum cum conguesuspendisse scelerisque auctor condimentum eu ipsum varius cursus a tempus aenean consectetur et a. Cubilia scelerisque ligula fusce a consequat vel fames a arcu mi nisl et at ultrices nunc. Sem inceptos sociosqu interdum adipiscing quis aliquam adipiscing vel taciti enim penatibus et ullamcorper venenatis.<\\/p>\",\"27\":\"\"}}', '2017-08-30 18:48:32', '2017-08-30 18:48:32', '56debfb8-1653-4cdd-a63f-f80346b8226b'),
 ('68', '94', '9', '1', 'en_us', '13', '', '{\"typeId\":\"9\",\"authorId\":\"1\",\"title\":\"Good Things Come in Threes\",\"slug\":\"good-things-come-in-threes\",\"postDate\":1504084080,\"expiryDate\":null,\"enabled\":1,\"parentId\":null,\"fields\":{\"28\":{\"107\":{\"type\":\"paragraph\",\"enabled\":\"1\",\"fields\":{\"text\":\"<p>I was paging my way through <em>Holy Men, Holy Women<\\/em> on a fact-checking mission when I came across the entry for December 16<sup>th<\\/sup>.<\\/p>\\r\\n<p>\\r\\n<\\/p>\\r\\n<p>I was stunned to see that this day had been set apart to honor two architects and an artist whose work was represented here at Transfiguration:&nbsp; Ralph Adams Cram, designer of St. Thomas Church NYC and the nave of the Cathedral of St. John the Divine, Richard Upjohn, the designer of Trinity Church on Wall Street in lower Manhattan, and John Lafarge, painter of murals and designer of many notable stained glass windows.<\\/p>\\r\\n<p>\\r\\n<\\/p>\\r\\n<p><em>Holy Men, Holy Women<\\/em> encourages us to offer thanks for \\u201cthe vision of Ralph Adams Cram, John LaFarge and Richard Upjohn, whose harmonious revival of the Gothic enriched our churches with a sacramental understanding of reality in the face of secular materialism&hellip;\\u201d *<\\/p>\\r\\n<p>\\r\\n<\\/p>\\r\\n<p>Ralph Adams Cram was the designer of our beautiful polychromed wood Madonna Shrine, located in the Transept.&nbsp; It was donated by Mr. F. E. Saxham Drury in memory of Elbridge T. Gerry and Mabel Gerry Drury.<\\/p>\"}},\"111\":{\"type\":\"figure\",\"enabled\":\"1\",\"fields\":{\"image\":[\"110\"],\"altAttribute\":\"John LaFarge\\u2019s magnificent window depicting Edwin Booth\",\"caption\":\"<p>John LaFarge\\u2019s magnificent window depicting Edwin Booth<\\/p>\",\"enlarge\":\"1\",\"orientation\":\"verticle\"}},\"108\":{\"type\":\"paragraph\",\"enabled\":\"1\",\"fields\":{\"text\":\"<p>Turn to your right, and there is John LaFarge\\u2019s magnificent window depicting Edwin Booth, the leading Shakespearean actor of his time, holding a mask and dressed in Greco-Roman costume.&nbsp; (Edwin Booth was the brother of the notorious John Wilkes Booth, President Lincoln\\u2019s assassin.) The window was given in his memory in 1898 by members of the Players Club, which he founded.<\\/p>\\r\\n<p>And a few steps away, near the chancel on the northeast side of the nave, stands Richard Upjohn\\u2019s beautiful and intricate brass filigree pulpit.<\\/p>\\r\\n<p>How fortunate we are to have works by all three of these masters under the roof of the \\u201cLittle Church\\u201d.&nbsp; I will give thanks when December 16<sup>th<\\/sup>&nbsp;rolls around.<\\/p>\"}}},\"25\":[\"93\"],\"26\":\"Mary Jane Gocher\",\"27\":\"Corey Schneider\"}}', '2017-08-30 22:51:43', '2017-08-30 22:51:43', '81f40d53-0695-4fcb-8d65-3a9aaf458421'),
 ('69', '94', '9', '1', 'en_us', '14', '', '{\"typeId\":\"9\",\"authorId\":\"1\",\"title\":\"Good Things Come in Threes\",\"slug\":\"good-things-come-in-threes\",\"postDate\":1504084080,\"expiryDate\":null,\"enabled\":1,\"parentId\":null,\"fields\":{\"28\":{\"107\":{\"type\":\"paragraph\",\"enabled\":\"1\",\"fields\":{\"text\":\"<p>I was paging my way through <em>Holy Men, Holy Women<\\/em> on a fact-checking mission when I came across the entry for December 16<sup>th<\\/sup>.<\\/p>\\r\\n<p>\\r\\n<\\/p>\\r\\n<p>I was stunned to see that this day had been set apart to honor two architects and an artist whose work was represented here at Transfiguration:&nbsp; Ralph Adams Cram, designer of St. Thomas Church NYC and the nave of the Cathedral of St. John the Divine, Richard Upjohn, the designer of Trinity Church on Wall Street in lower Manhattan, and John Lafarge, painter of murals and designer of many notable stained glass windows.<\\/p>\\r\\n<p>\\r\\n<\\/p>\\r\\n<p><em>Holy Men, Holy Women<\\/em> encourages us to offer thanks for \\u201cthe vision of Ralph Adams Cram, John LaFarge and Richard Upjohn, whose harmonious revival of the Gothic enriched our churches with a sacramental understanding of reality in the face of secular materialism&hellip;\\u201d *<\\/p>\\r\\n<p>\\r\\n<\\/p>\\r\\n<p>Ralph Adams Cram was the designer of our beautiful polychromed wood Madonna Shrine, located in the Transept.&nbsp; It was donated by Mr. F. E. Saxham Drury in memory of Elbridge T. Gerry and Mabel Gerry Drury.<\\/p>\"}},\"111\":{\"type\":\"figure\",\"enabled\":\"1\",\"fields\":{\"image\":[\"110\"],\"altAttribute\":\"John LaFarge\\u2019s magnificent window depicting Edwin Booth\",\"caption\":\"<p>John LaFarge\\u2019s magnificent window depicting Edwin Booth<\\/p>\",\"enlarge\":\"1\",\"orientation\":\"vertical\"}},\"108\":{\"type\":\"paragraph\",\"enabled\":\"1\",\"fields\":{\"text\":\"<p>Turn to your right, and there is John LaFarge\\u2019s magnificent window depicting Edwin Booth, the leading Shakespearean actor of his time, holding a mask and dressed in Greco-Roman costume.&nbsp; (Edwin Booth was the brother of the notorious John Wilkes Booth, President Lincoln\\u2019s assassin.) The window was given in his memory in 1898 by members of the Players Club, which he founded.<\\/p>\\r\\n<p>And a few steps away, near the chancel on the northeast side of the nave, stands Richard Upjohn\\u2019s beautiful and intricate brass filigree pulpit.<\\/p>\\r\\n<p>How fortunate we are to have works by all three of these masters under the roof of the \\u201cLittle Church\\u201d.&nbsp; I will give thanks when December 16<sup>th<\\/sup>&nbsp;rolls around.<\\/p>\"}}},\"25\":[\"93\"],\"26\":\"Mary Jane Gocher\",\"27\":\"Corey Schneider\"}}', '2017-08-30 22:52:59', '2017-08-30 22:52:59', '52ccb51d-40db-4084-9612-41731dc4e1ad'),
 ('70', '94', '9', '1', 'en_us', '15', '', '{\"typeId\":\"9\",\"authorId\":\"1\",\"title\":\"Good Things Come in Threes\",\"slug\":\"good-things-come-in-threes\",\"postDate\":1504084080,\"expiryDate\":null,\"enabled\":1,\"parentId\":null,\"fields\":{\"28\":{\"107\":{\"type\":\"paragraph\",\"enabled\":\"1\",\"fields\":{\"text\":\"<p>I was paging my way through <em>Holy Men, Holy Women<\\/em> on a fact-checking mission when I came across the entry for December 16<sup>th<\\/sup>.<\\/p>\\r\\n<p>\\r\\n<\\/p>\\r\\n<p>I was stunned to see that this day had been set apart to honor two architects and an artist whose work was represented here at Transfiguration:&nbsp; Ralph Adams Cram, designer of St. Thomas Church NYC and the nave of the Cathedral of St. John the Divine, Richard Upjohn, the designer of Trinity Church on Wall Street in lower Manhattan, and John Lafarge, painter of murals and designer of many notable stained glass windows.<\\/p>\\r\\n<p>\\r\\n<\\/p>\\r\\n<p><em>Holy Men, Holy Women<\\/em> encourages us to offer thanks for \\u201cthe vision of Ralph Adams Cram, John LaFarge and Richard Upjohn, whose harmonious revival of the Gothic enriched our churches with a sacramental understanding of reality in the face of secular materialism&hellip;\\u201d *<\\/p>\\r\\n<p>\\r\\n<\\/p>\\r\\n<p>Ralph Adams Cram was the designer of our beautiful polychromed wood Madonna Shrine, located in the Transept.&nbsp; It was donated by Mr. F. E. Saxham Drury in memory of Elbridge T. Gerry and Mabel Gerry Drury.<\\/p>\"}},\"111\":{\"type\":\"figure\",\"enabled\":\"1\",\"fields\":{\"image\":[\"110\"],\"altAttribute\":\"John LaFarge\\u2019s magnificent window depicting Edwin Booth\",\"caption\":\"<p>John LaFarge\\u2019s magnificent window depicting Edwin Booth<\\/p>\",\"enlarge\":\"1\",\"orientation\":\"vertical\"}},\"108\":{\"type\":\"paragraph\",\"enabled\":\"1\",\"fields\":{\"text\":\"<p>Turn to your right, and there is John LaFarge\\u2019s magnificent window depicting Edwin Booth, the leading Shakespearean actor of his time, holding a mask and dressed in Greco-Roman costume.&nbsp; (Edwin Booth was the brother of the notorious John Wilkes Booth, President Lincoln\\u2019s assassin.) The window was given in his memory in 1898 by members of the Players Club, which he founded.<\\/p>\"}},\"new2\":{\"type\":\"figure\",\"enabled\":\"1\",\"fields\":{\"image\":[\"120\"],\"altAttribute\":\"Richard Upjohn\\u2019s beautiful and intricate brass filigree pulpit\",\"caption\":\"<p>Richard Upjohn\\u2019s beautiful and intricate brass filigree pulpit<\\/p>\",\"enlarge\":\"1\",\"orientation\":\"horizontal\"}},\"new1\":{\"type\":\"paragraph\",\"enabled\":\"1\",\"fields\":{\"text\":\"<p>And a few steps away, near the chancel on the northeast side of the nave, stands Richard Upjohn\\u2019s beautiful and intricate brass filigree pulpit.<\\/p>\\r\\n<p>How fortunate we are to have works by all three of these masters under the roof of the \\u201cLittle Church\\u201d.&nbsp; I will give thanks when December 16<sup>th<\\/sup>&nbsp;rolls around.<\\/p>\"}}},\"25\":[\"93\"],\"26\":\"Mary Jane Gocher\",\"27\":\"Corey Schneider\"}}', '2017-08-30 23:13:51', '2017-08-30 23:13:51', 'fafa6811-09c2-48be-ad8f-9f43d18f8df7'),
 ('71', '94', '9', '1', 'en_us', '16', '', '{\"typeId\":\"9\",\"authorId\":\"1\",\"title\":\"Good Things Come in Threes\",\"slug\":\"good-things-come-in-threes\",\"postDate\":1504084080,\"expiryDate\":null,\"enabled\":1,\"parentId\":null,\"fields\":{\"28\":{\"107\":{\"type\":\"paragraph\",\"enabled\":\"1\",\"fields\":{\"text\":\"<p>I was paging my way through <em>Holy Men, Holy Women<\\/em> on a fact-checking mission when I came across the entry for December 16<sup>th<\\/sup>.<\\/p>\\r\\n<p>\\r\\n<\\/p>\\r\\n<p>I was stunned to see that this day had been set apart to honor two architects and an artist whose work was represented here at Transfiguration:&nbsp; Ralph Adams Cram, designer of St. Thomas Church NYC and the nave of the Cathedral of St. John the Divine, Richard Upjohn, the designer of Trinity Church on Wall Street in lower Manhattan, and John Lafarge, painter of murals and designer of many notable stained glass windows.<\\/p>\\r\\n<p>\\r\\n<\\/p>\\r\\n<p><em>Holy Men, Holy Women<\\/em> encourages us to offer thanks for \\u201cthe vision of Ralph Adams Cram, John LaFarge and Richard Upjohn, whose harmonious revival of the Gothic enriched our churches with a sacramental understanding of reality in the face of secular materialism&hellip;\\u201d *<\\/p>\\r\\n<p>\\r\\n<\\/p>\\r\\n<p>Ralph Adams Cram was the designer of our beautiful polychromed wood Madonna Shrine, located in the Transept.&nbsp; It was donated by Mr. F. E. Saxham Drury in memory of Elbridge T. Gerry and Mabel Gerry Drury.<\\/p>\"}},\"111\":{\"type\":\"figure\",\"enabled\":\"1\",\"fields\":{\"image\":[\"110\"],\"altAttribute\":\"John LaFarge\\u2019s magnificent window depicting Edwin Booth\",\"caption\":\"<p>John LaFarge\\u2019s magnificent window depicting Edwin Booth<\\/p>\",\"enlarge\":\"1\",\"orientation\":\"vertical\"}},\"108\":{\"type\":\"paragraph\",\"enabled\":\"1\",\"fields\":{\"text\":\"<p>Turn to your right, and there is John LaFarge\\u2019s magnificent window depicting Edwin Booth, the leading Shakespearean actor of his time, holding a mask and dressed in Greco-Roman costume.&nbsp; (Edwin Booth was the brother of the notorious John Wilkes Booth, President Lincoln\\u2019s assassin.) The window was given in his memory in 1898 by members of the Players Club, which he founded.<\\/p>\"}},\"122\":{\"type\":\"figure\",\"enabled\":\"1\",\"fields\":{\"image\":[\"125\"],\"altAttribute\":\"Richard Upjohn\\u2019s beautiful and intricate brass filigree pulpit\",\"caption\":\"<p>Richard Upjohn\\u2019s beautiful and intricate brass filigree pulpit<\\/p>\",\"enlarge\":\"1\",\"orientation\":\"horizontal\"}},\"123\":{\"type\":\"paragraph\",\"enabled\":\"1\",\"fields\":{\"text\":\"<p>And a few steps away, near the chancel on the northeast side of the nave, stands Richard Upjohn\\u2019s beautiful and intricate brass filigree pulpit.<\\/p>\\r\\n<p>How fortunate we are to have works by all three of these masters under the roof of the \\u201cLittle Church\\u201d.&nbsp; I will give thanks when December 16<sup>th<\\/sup>&nbsp;rolls around.<\\/p>\"}}},\"25\":[\"93\"],\"26\":\"Mary Jane Gocher\",\"27\":\"Corey Schneider\"}}', '2017-08-30 23:15:04', '2017-08-30 23:15:04', '6923ec16-86d3-43c2-b888-aa0a5b2c9198'),
 ('72', '94', '9', '1', 'en_us', '17', '', '{\"typeId\":\"9\",\"authorId\":\"1\",\"title\":\"Good Things Come in Threes\",\"slug\":\"good-things-come-in-threes\",\"postDate\":1504084080,\"expiryDate\":null,\"enabled\":1,\"parentId\":null,\"fields\":{\"28\":{\"107\":{\"type\":\"paragraph\",\"enabled\":\"1\",\"fields\":{\"text\":\"<p>I was paging my way through <em>Holy Men, Holy Women<\\/em> on a fact-checking mission when I came across the entry for December 16<sup>th<\\/sup>.<\\/p>\\r\\n<p>\\r\\n<\\/p>\\r\\n<p>I was stunned to see that this day had been set apart to honor two architects and an artist whose work was represented here at Transfiguration:&nbsp; Ralph Adams Cram, designer of St. Thomas Church NYC and the nave of the Cathedral of St. John the Divine, Richard Upjohn, the designer of Trinity Church on Wall Street in lower Manhattan, and John Lafarge, painter of murals and designer of many notable stained glass windows.<\\/p>\\r\\n<p>\\r\\n<\\/p>\\r\\n<p><em>Holy Men, Holy Women<\\/em> encourages us to offer thanks for \\u201cthe vision of Ralph Adams Cram, John LaFarge and Richard Upjohn, whose harmonious revival of the Gothic enriched our churches with a sacramental understanding of reality in the face of secular materialism&hellip;\\u201d *<\\/p>\\r\\n<p>\\r\\n<\\/p>\\r\\n<p>Ralph Adams Cram was the designer of our beautiful polychromed wood Madonna Shrine, located in the Transept.&nbsp; It was donated by Mr. F. E. Saxham Drury in memory of Elbridge T. Gerry and Mabel Gerry Drury.<\\/p>\"}},\"111\":{\"type\":\"figure\",\"enabled\":\"1\",\"fields\":{\"image\":[\"110\"],\"altAttribute\":\"John LaFarge\\u2019s magnificent window depicting Edwin Booth\",\"caption\":\"<p>John LaFarge\\u2019s magnificent window depicting Edwin Booth<\\/p>\",\"enlarge\":\"1\",\"orientation\":\"vertical\"}},\"108\":{\"type\":\"paragraph\",\"enabled\":\"1\",\"fields\":{\"text\":\"<p>Turn to your right, and there is John LaFarge\\u2019s magnificent window depicting Edwin Booth, the leading Shakespearean actor of his time, holding a mask and dressed in Greco-Roman costume.&nbsp; (Edwin Booth was the brother of the notorious John Wilkes Booth, President Lincoln\\u2019s assassin.) The window was given in his memory in 1898 by members of the Players Club, which he founded.<\\/p>\"}},\"122\":{\"type\":\"figure\",\"enabled\":\"1\",\"fields\":{\"image\":[\"125\"],\"altAttribute\":\"Richard Upjohn\\u2019s beautiful and intricate brass filigree pulpit\",\"caption\":\"<p>Richard Upjohn\\u2019s beautiful and intricate brass filigree pulpit<\\/p>\",\"enlarge\":\"1\",\"orientation\":\"horizontal\"}},\"123\":{\"type\":\"paragraph\",\"enabled\":\"1\",\"fields\":{\"text\":\"<p>And a few steps away, near the chancel on the northeast side of the nave, stands Richard Upjohn\\u2019s beautiful and intricate brass filigree pulpit.<\\/p>\\r\\n<p>How fortunate we are to have works by all three of these masters under the roof of the \\u201cLittle Church\\u201d.&nbsp; I will give thanks when December 16<sup>th<\\/sup>&nbsp;rolls around.<\\/p>\"}}},\"25\":[\"93\"],\"26\":\"Mary Jane Gocher\",\"27\":\"Corey Schneider\"}}', '2017-08-30 23:16:16', '2017-08-30 23:16:16', '2f2501aa-d0e3-4ae1-bc09-cea0d6f0a090'),
 ('73', '94', '9', '1', 'en_us', '18', '', '{\"typeId\":\"9\",\"authorId\":\"1\",\"title\":\"Good Things Come in Threes\",\"slug\":\"good-things-come-in-threes\",\"postDate\":1504084080,\"expiryDate\":null,\"enabled\":1,\"parentId\":null,\"fields\":{\"28\":{\"107\":{\"type\":\"paragraph\",\"enabled\":\"1\",\"fields\":{\"text\":\"<p>I was paging my way through <em>Holy Men, Holy Women<\\/em> on a fact-checking mission when I came across the entry for December 16<sup>th<\\/sup>.<\\/p>\\r\\n<p>\\r\\n<\\/p>\\r\\n<p>I was stunned to see that this day had been set apart to honor two architects and an artist whose work was represented here at Transfiguration:&nbsp; Ralph Adams Cram, designer of St. Thomas Church NYC and the nave of the Cathedral of St. John the Divine, Richard Upjohn, the designer of Trinity Church on Wall Street in lower Manhattan, and John Lafarge, painter of murals and designer of many notable stained glass windows.<\\/p>\\r\\n<p>\\r\\n<\\/p>\\r\\n<p><em>Holy Men, Holy Women<\\/em> encourages us to offer thanks for \\u201cthe vision of Ralph Adams Cram, John LaFarge and Richard Upjohn, whose harmonious revival of the Gothic enriched our churches with a sacramental understanding of reality in the face of secular materialism&hellip;\\u201d *<\\/p>\\r\\n<p>\\r\\n<\\/p>\\r\\n<p>Ralph Adams Cram was the designer of our beautiful polychromed wood Madonna Shrine, located in the Transept.&nbsp; It was donated by Mr. F. E. Saxham Drury in memory of Elbridge T. Gerry and Mabel Gerry Drury.<\\/p>\"}},\"111\":{\"type\":\"figure\",\"enabled\":\"1\",\"fields\":{\"image\":[\"110\"],\"altAttribute\":\"John LaFarge\\u2019s magnificent window depicting Edwin Booth\",\"caption\":\"<p>John LaFarge\\u2019s magnificent window depicting Edwin Booth<\\/p>\",\"enlarge\":\"1\",\"orientation\":\"vertical\"}},\"108\":{\"type\":\"paragraph\",\"enabled\":\"1\",\"fields\":{\"text\":\"<p>Turn to your right, and there is John LaFarge\\u2019s magnificent window depicting Edwin Booth, the leading Shakespearean actor of his time, holding a mask and dressed in Greco-Roman costume.&nbsp; (Edwin Booth was the brother of the notorious John Wilkes Booth, President Lincoln\\u2019s assassin.) The window was given in his memory in 1898 by members of the Players Club, which he founded.<\\/p>\"}},\"123\":{\"type\":\"paragraph\",\"enabled\":\"1\",\"fields\":{\"text\":\"<p>And a few steps away, near the chancel on the northeast side of the nave, stands Richard Upjohn\\u2019s beautiful and intricate brass filigree pulpit.<\\/p>\"}},\"122\":{\"type\":\"figure\",\"enabled\":\"1\",\"fields\":{\"image\":[\"125\"],\"altAttribute\":\"Richard Upjohn\\u2019s beautiful and intricate brass filigree pulpit\",\"caption\":\"<p>Richard Upjohn\\u2019s beautiful and intricate brass filigree pulpit<\\/p>\",\"enlarge\":\"1\",\"orientation\":\"horizontal\"}},\"new1\":{\"type\":\"paragraph\",\"enabled\":\"1\",\"fields\":{\"text\":\"<p>How fortunate we are to have works by all three of these masters under the roof of the \\u201cLittle Church\\u201d.&nbsp; I will give thanks when December 16<sup>th<\\/sup>&nbsp;rolls around.<\\/p>\"}}},\"25\":[\"93\"],\"26\":\"Mary Jane Gocher\",\"27\":\"Corey Schneider\"}}', '2017-08-30 23:20:46', '2017-08-30 23:20:46', 'ae1ac918-215b-4741-a341-d7bc5b7cacb7'),
 ('74', '94', '9', '1', 'en_us', '19', '', '{\"typeId\":\"9\",\"authorId\":\"1\",\"title\":\"Good Things Come in Threes\",\"slug\":\"good-things-come-in-threes\",\"postDate\":1504084080,\"expiryDate\":null,\"enabled\":1,\"parentId\":null,\"fields\":{\"28\":{\"107\":{\"type\":\"paragraph\",\"enabled\":\"1\",\"fields\":{\"text\":\"<p>I was paging my way through <em>Holy Men, Holy Women<\\/em> on a fact-checking mission when I came across the entry for December 16<sup>th<\\/sup>.<\\/p>\\r\\n<p>\\r\\n<\\/p>\\r\\n<p>I was stunned to see that this day had been set apart to honor two architects and an artist whose work was represented here at Transfiguration:&nbsp; Ralph Adams Cram, designer of St. Thomas Church NYC and the nave of the Cathedral of St. John the Divine, Richard Upjohn, the designer of Trinity Church on Wall Street in lower Manhattan, and John Lafarge, painter of murals and designer of many notable stained glass windows.<\\/p>\\r\\n<p>\\r\\n<\\/p>\\r\\n<p><em>Holy Men, Holy Women<\\/em> encourages us to offer thanks for \\u201cthe vision of Ralph Adams Cram, John LaFarge and Richard Upjohn, whose harmonious revival of the Gothic enriched our churches with a sacramental understanding of reality in the face of secular materialism&hellip;\\u201d *<\\/p>\\r\\n<p>\\r\\n<\\/p>\\r\\n<p>Ralph Adams Cram was the designer of our beautiful polychromed wood Madonna Shrine, located in the Transept.&nbsp; It was donated by Mr. F. E. Saxham Drury in memory of Elbridge T. Gerry and Mabel Gerry Drury.<\\/p>\"}},\"111\":{\"type\":\"figure\",\"enabled\":\"1\",\"fields\":{\"image\":[\"110\"],\"altAttribute\":\"John LaFarge\\u2019s magnificent window depicting Edwin Booth\",\"caption\":\"<p>John LaFarge\\u2019s magnificent window depicting Edwin Booth<\\/p>\",\"enlarge\":\"1\",\"orientation\":\"vertical\"}},\"108\":{\"type\":\"paragraph\",\"enabled\":\"1\",\"fields\":{\"text\":\"<p>Turn to your right, and there is John LaFarge\\u2019s magnificent window depicting Edwin Booth, the leading Shakespearean actor of his time, holding a mask and dressed in Greco-Roman costume.&nbsp; (Edwin Booth was the brother of the notorious John Wilkes Booth, President Lincoln\\u2019s assassin.) The window was given in his memory in 1898 by members of the Players Club, which he founded.<\\/p>\"}},\"123\":{\"type\":\"paragraph\",\"enabled\":\"1\",\"fields\":{\"text\":\"<p>Ralph Adams Cram was the designer of our beautiful polychromed wood Madonna Shrine, located in the Transept.&nbsp; It was donated by Mr. F. E. Saxham Drury in memory of Elbridge T. Gerry and Mabel Gerry Drury.<\\/p><p>And a few steps away, near the chancel on the northeast side of the nave, stands Richard Upjohn\\u2019s beautiful and intricate brass filigree pulpit.<\\/p>\"}},\"122\":{\"type\":\"figure\",\"enabled\":\"1\",\"fields\":{\"image\":[\"125\"],\"altAttribute\":\"Richard Upjohn\\u2019s beautiful and intricate brass filigree pulpit\",\"caption\":\"<p>Richard Upjohn\\u2019s beautiful and intricate brass filigree pulpit<\\/p>\",\"enlarge\":\"1\",\"orientation\":\"horizontal\"}},\"126\":{\"type\":\"paragraph\",\"enabled\":\"1\",\"fields\":{\"text\":\"<p>How fortunate we are to have works by all three of these masters under the roof of the \\u201cLittle Church\\u201d.&nbsp; I will give thanks when December 16<sup>th<\\/sup>&nbsp;rolls around.<\\/p>\"}}},\"25\":[\"93\"],\"26\":\"Mary Jane Gocher\",\"27\":\"Corey Schneider\"}}', '2017-08-30 23:24:26', '2017-08-30 23:24:26', '7a3046c1-5589-49ac-8fb6-cb351bdf9eaf'),
 ('75', '94', '9', '1', 'en_us', '20', '', '{\"typeId\":\"9\",\"authorId\":\"1\",\"title\":\"Good Things Come in Threes\",\"slug\":\"good-things-come-in-threes\",\"postDate\":1504084080,\"expiryDate\":null,\"enabled\":1,\"parentId\":null,\"fields\":{\"28\":{\"107\":{\"type\":\"paragraph\",\"enabled\":\"1\",\"fields\":{\"text\":\"<p>I was paging my way through <em>Holy Men, Holy Women<\\/em> on a fact-checking mission when I came across the entry for December 16<sup>th<\\/sup>.<\\/p>\\r\\n<p>\\r\\n<\\/p>\\r\\n<p>I was stunned to see that this day had been set apart to honor two architects and an artist whose work was represented here at Transfiguration:&nbsp; Ralph Adams Cram, designer of St. Thomas Church NYC and the nave of the Cathedral of St. John the Divine, Richard Upjohn, the designer of Trinity Church on Wall Street in lower Manhattan, and John Lafarge, painter of murals and designer of many notable stained glass windows.<\\/p>\\r\\n<p>\\r\\n<\\/p>\\r\\n<p><em>Holy Men, Holy Women<\\/em> encourages us to offer thanks for \\u201cthe vision of Ralph Adams Cram, John LaFarge and Richard Upjohn, whose harmonious revival of the Gothic enriched our churches with a sacramental understanding of reality in the face of secular materialism&hellip;\\u201d *<\\/p>\\r\\n<p>\\r\\n<\\/p>\\r\\n<p>Ralph Adams Cram was the designer of our beautiful polychromed wood Madonna Shrine, located in the Transept.&nbsp; It was donated by Mr. F. E. Saxham Drury in memory of Elbridge T. Gerry and Mabel Gerry Drury.<\\/p>\"}},\"111\":{\"type\":\"figure\",\"enabled\":\"1\",\"fields\":{\"image\":[\"110\"],\"altAttribute\":\"John LaFarge\\u2019s magnificent window depicting Edwin Booth\",\"caption\":\"<p>John LaFarge\\u2019s magnificent window depicting Edwin Booth<\\/p>\",\"enlarge\":\"1\",\"orientation\":\"vertical\"}},\"108\":{\"type\":\"paragraph\",\"enabled\":\"1\",\"fields\":{\"text\":\"<p>Turn to your right, and there is John LaFarge\\u2019s magnificent window depicting Edwin Booth, the leading Shakespearean actor of his time, holding a mask and dressed in Greco-Roman costume.&nbsp; (Edwin Booth was the brother of the notorious John Wilkes Booth, President Lincoln\\u2019s assassin.) The window was given in his memory in 1898 by members of the Players Club, which he founded.<\\/p>\"}},\"123\":{\"type\":\"paragraph\",\"enabled\":\"1\",\"fields\":{\"text\":\"<p>Ralph Adams Cram was the designer of our beautiful polychromed wood Madonna Shrine, located in the Transept.&nbsp; It was donated by Mr. F. E. Saxham Drury in memory of Elbridge T. Gerry and Mabel Gerry Drury.<\\/p>\\r\\n<p>And a few steps away, near the chancel on the northeast side of the nave, stands Richard Upjohn\\u2019s beautiful and intricate brass filigree pulpit.<\\/p>\"}},\"122\":{\"type\":\"figure\",\"enabled\":\"1\",\"fields\":{\"image\":[\"125\"],\"altAttribute\":\"Richard Upjohn\\u2019s beautiful and intricate brass filigree pulpit\",\"caption\":\"<p>Richard Upjohn\\u2019s beautiful and intricate brass filigree pulpit<\\/p>\",\"enlarge\":\"1\",\"orientation\":\"horizontal\"}},\"126\":{\"type\":\"paragraph\",\"enabled\":\"1\",\"fields\":{\"text\":\"<p>How fortunate we are to have works by all three of these masters under the roof of the \\u201cLittle Church\\u201d.&nbsp; I will give thanks when December 16<sup>th<\\/sup>&nbsp;rolls around.<\\/p>\"}}},\"25\":[\"93\"],\"26\":\"Mary Jane Gocher\",\"27\":\"Corey Schneider\"}}', '2017-08-30 23:24:32', '2017-08-30 23:24:32', 'c931ced7-012c-41c7-be7e-f48c343908dc'),
 ('76', '94', '9', '1', 'en_us', '21', '', '{\"typeId\":\"9\",\"authorId\":\"1\",\"title\":\"Good Things Come in Threes\",\"slug\":\"good-things-come-in-threes\",\"postDate\":1504084080,\"expiryDate\":null,\"enabled\":1,\"parentId\":null,\"fields\":{\"28\":{\"107\":{\"type\":\"paragraph\",\"enabled\":\"1\",\"fields\":{\"text\":\"<p>I was paging my way through <em>Holy Men, Holy Women<\\/em> on a fact-checking mission when I came across the entry for December 16<sup>th<\\/sup>.<\\/p>\\r\\n<p>\\r\\n<\\/p>\\r\\n<p>I was stunned to see that this day had been set apart to honor two architects and an artist whose work was represented here at Transfiguration:&nbsp; Ralph Adams Cram, designer of St. Thomas Church NYC and the nave of the Cathedral of St. John the Divine, Richard Upjohn, the designer of Trinity Church on Wall Street in lower Manhattan, and John Lafarge, painter of murals and designer of many notable stained glass windows.<\\/p>\\r\\n<p>\\r\\n<\\/p>\\r\\n<p><em>Holy Men, Holy Women<\\/em> encourages us to offer thanks for \\u201cthe vision of Ralph Adams Cram, John LaFarge and Richard Upjohn, whose harmonious revival of the Gothic enriched our churches with a sacramental understanding of reality in the face of secular materialism&hellip;\\u201d *<\\/p>\\r\\n<p>\\r\\n<\\/p>\\r\\n<p>Ralph Adams Cram was the designer of our beautiful polychromed wood Madonna Shrine, located in the Transept.&nbsp; It was donated by Mr. F. E. Saxham Drury in memory of Elbridge T. Gerry and Mabel Gerry Drury.<\\/p>\"}},\"111\":{\"type\":\"figure\",\"enabled\":\"1\",\"fields\":{\"image\":[\"110\"],\"altAttribute\":\"John LaFarge\\u2019s magnificent window depicting Edwin Booth\",\"caption\":\"<p>John LaFarge\\u2019s magnificent window depicting Edwin Booth<\\/p>\",\"enlarge\":\"1\",\"orientation\":\"vertical\"}},\"108\":{\"type\":\"paragraph\",\"enabled\":\"1\",\"fields\":{\"text\":\"<p>Ralph Adams Cram was the designer of our beautiful polychromed wood Madonna Shrine, located in the Transept.&nbsp; It was donated by Mr. F. E. Saxham Drury in memory of Elbridge T. Gerry and Mabel Gerry Drury.<br><\\/p><p>Turn to your right, and there is John LaFarge\\u2019s magnificent window depicting Edwin Booth, the leading Shakespearean actor of his time, holding a mask and dressed in Greco-Roman costume.&nbsp; (Edwin Booth was the brother of the notorious John Wilkes Booth, President Lincoln\\u2019s assassin.) The window was given in his memory in 1898 by members of the Players Club, which he founded.<\\/p>\"}},\"123\":{\"type\":\"paragraph\",\"enabled\":\"1\",\"fields\":{\"text\":\"<p>Ralph Adams Cram was the designer of our beautiful polychromed wood Madonna Shrine, located in the Transept.&nbsp; It was donated by Mr. F. E. Saxham Drury in memory of Elbridge T. Gerry and Mabel Gerry Drury.<\\/p>\\r\\n<p>And a few steps away, near the chancel on the northeast side of the nave, stands Richard Upjohn\\u2019s beautiful and intricate brass filigree pulpit.<\\/p>\"}},\"122\":{\"type\":\"figure\",\"enabled\":\"1\",\"fields\":{\"image\":[\"125\"],\"altAttribute\":\"Richard Upjohn\\u2019s beautiful and intricate brass filigree pulpit\",\"caption\":\"<p>Richard Upjohn\\u2019s beautiful and intricate brass filigree pulpit<\\/p>\",\"enlarge\":\"1\",\"orientation\":\"horizontal\"}},\"126\":{\"type\":\"paragraph\",\"enabled\":\"1\",\"fields\":{\"text\":\"<p>How fortunate we are to have works by all three of these masters under the roof of the \\u201cLittle Church\\u201d.&nbsp; I will give thanks when December 16<sup>th<\\/sup>&nbsp;rolls around.<\\/p>\"}}},\"25\":[\"93\"],\"26\":\"Mary Jane Gocher\",\"27\":\"Corey Schneider\"}}', '2017-08-30 23:25:49', '2017-08-30 23:25:49', '89e888c6-048e-4723-a473-33e8036a94eb'),
 ('77', '94', '9', '1', 'en_us', '22', '', '{\"typeId\":\"9\",\"authorId\":\"1\",\"title\":\"Good Things Come in Threes\",\"slug\":\"good-things-come-in-threes\",\"postDate\":1504084080,\"expiryDate\":null,\"enabled\":1,\"parentId\":null,\"fields\":{\"28\":{\"107\":{\"type\":\"paragraph\",\"enabled\":\"1\",\"fields\":{\"text\":\"<p>I was paging my way through <em>Holy Men, Holy Women<\\/em> on a fact-checking mission when I came across the entry for December 16<sup>th<\\/sup>.<\\/p>\\r\\n<p>\\r\\n<\\/p>\\r\\n<p>I was stunned to see that this day had been set apart to honor two architects and an artist whose work was represented here at Transfiguration:&nbsp; Ralph Adams Cram, designer of St. Thomas Church NYC and the nave of the Cathedral of St. John the Divine, Richard Upjohn, the designer of Trinity Church on Wall Street in lower Manhattan, and John Lafarge, painter of murals and designer of many notable stained glass windows.<\\/p>\\r\\n<p>\\r\\n<\\/p>\\r\\n<p><em>Holy Men, Holy Women<\\/em> encourages us to offer thanks for \\u201cthe vision of Ralph Adams Cram, John LaFarge and Richard Upjohn, whose harmonious revival of the Gothic enriched our churches with a sacramental understanding of reality in the face of secular materialism&hellip;\\u201d *<\\/p>\"}},\"111\":{\"type\":\"figure\",\"enabled\":\"1\",\"fields\":{\"image\":[\"110\"],\"altAttribute\":\"John LaFarge\\u2019s magnificent window depicting Edwin Booth\",\"caption\":\"<p>John LaFarge\\u2019s magnificent window depicting Edwin Booth<\\/p>\",\"enlarge\":\"1\",\"orientation\":\"vertical\"}},\"108\":{\"type\":\"paragraph\",\"enabled\":\"1\",\"fields\":{\"text\":\"<p><em>Holy Men, Holy Women<\\/em>&nbsp;encourages us to offer thanks for \\u201cthe vision of Ralph Adams Cram, John LaFarge and Richard Upjohn, whose harmonious revival of the Gothic enriched our churches with a sacramental understanding of reality in the face of secular materialism&hellip;\\u201d *<br><\\/p><p>Ralph Adams Cram was the designer of our beautiful polychromed wood Madonna Shrine, located in the Transept. It was donated by Mr. F. E. Saxham Drury in memory of Elbridge T. Gerry and Mabel Gerry Drury.<br><\\/p>\\r\\n<p>Turn to your right, and there is John LaFarge\\u2019s magnificent window depicting Edwin Booth, the leading Shakespearean actor of his time, holding a mask and dressed in Greco-Roman costume.&nbsp; (Edwin Booth was the brother of the notorious John Wilkes Booth, President Lincoln\\u2019s assassin.) The window was given in his memory in 1898 by members of the Players Club, which he founded.<\\/p>\"}},\"123\":{\"type\":\"paragraph\",\"enabled\":\"1\",\"fields\":{\"text\":\"<p>Ralph Adams Cram was the designer of our beautiful polychromed wood Madonna Shrine, located in the Transept.&nbsp; It was donated by Mr. F. E. Saxham Drury in memory of Elbridge T. Gerry and Mabel Gerry Drury.<\\/p>\\r\\n<p>And a few steps away, near the chancel on the northeast side of the nave, stands Richard Upjohn\\u2019s beautiful and intricate brass filigree pulpit.<\\/p>\"}},\"122\":{\"type\":\"figure\",\"enabled\":\"1\",\"fields\":{\"image\":[\"125\"],\"altAttribute\":\"Richard Upjohn\\u2019s beautiful and intricate brass filigree pulpit\",\"caption\":\"<p>Richard Upjohn\\u2019s beautiful and intricate brass filigree pulpit<\\/p>\",\"enlarge\":\"1\",\"orientation\":\"horizontal\"}},\"126\":{\"type\":\"paragraph\",\"enabled\":\"1\",\"fields\":{\"text\":\"<p>How fortunate we are to have works by all three of these masters under the roof of the \\u201cLittle Church\\u201d.&nbsp; I will give thanks when December 16<sup>th<\\/sup>&nbsp;rolls around.<\\/p>\"}}},\"25\":[\"93\"],\"26\":\"Mary Jane Gocher\",\"27\":\"Corey Schneider\"}}', '2017-08-30 23:28:07', '2017-08-30 23:28:07', '57955ea0-d80d-47fd-b38a-54239571c83a'),
 ('78', '94', '9', '1', 'en_us', '23', '', '{\"typeId\":\"9\",\"authorId\":\"1\",\"title\":\"Good Things Come in Threes\",\"slug\":\"good-things-come-in-threes\",\"postDate\":1504084080,\"expiryDate\":null,\"enabled\":1,\"parentId\":null,\"fields\":{\"28\":{\"107\":{\"type\":\"paragraph\",\"enabled\":\"1\",\"fields\":{\"text\":\"<p>I was paging my way through <em>Holy Men, Holy Women<\\/em> on a fact-checking mission when I came across the entry for December 16<sup>th<\\/sup>.<\\/p>\\r\\n<p>\\r\\n<\\/p>\\r\\n<p>I was stunned to see that this day had been set apart to honor two architects and an artist whose work was represented here at Transfiguration:&nbsp; Ralph Adams Cram, designer of St. Thomas Church NYC and the nave of the Cathedral of St. John the Divine, Richard Upjohn, the designer of Trinity Church on Wall Street in lower Manhattan, and John Lafarge, painter of murals and designer of many notable stained glass windows.<\\/p>\\r\\n<p>\\r\\n<\\/p>\\r\\n<p><em>Holy Men, Holy Women<\\/em> encourages us to offer thanks for \\u201cthe vision of Ralph Adams Cram, John LaFarge and Richard Upjohn, whose harmonious revival of the Gothic enriched our churches with a sacramental understanding of reality in the face of secular materialism&hellip;\\u201d *<\\/p>\"}},\"111\":{\"type\":\"figure\",\"enabled\":\"1\",\"fields\":{\"image\":[\"110\"],\"altAttribute\":\"John LaFarge\\u2019s magnificent window depicting Edwin Booth\",\"caption\":\"<p>John LaFarge\\u2019s magnificent window depicting Edwin Booth<\\/p>\",\"enlarge\":\"1\",\"orientation\":\"vertical\"}},\"108\":{\"type\":\"paragraph\",\"enabled\":\"1\",\"fields\":{\"text\":\"<p><em>Holy Men, Holy Women<\\/em>&nbsp;encourages us to offer thanks for \\u201cthe vision of Ralph Adams Cram, John LaFarge and Richard Upjohn, whose harmonious revival of the Gothic enriched our churches with a sacramental understanding of reality in the face of secular materialism&hellip;\\u201d *<br><\\/p>\\r\\n<p>Ralph Adams Cram was the designer of our beautiful polychromed wood Madonna Shrine, located in the Transept. It was donated by Mr. F. E. Saxham Drury in memory of Elbridge T. Gerry and Mabel Gerry Drury.<br><\\/p>\\r\\n<p>Turn to your right, and there is John LaFarge\\u2019s magnificent window depicting Edwin Booth, the leading Shakespearean actor of his time, holding a mask and dressed in Greco-Roman costume.&nbsp; (Edwin Booth was the brother of the notorious John Wilkes Booth, President Lincoln\\u2019s assassin.) The window was given in his memory in 1898 by members of the Players Club, which he founded.<\\/p>\"}},\"123\":{\"type\":\"paragraph\",\"enabled\":\"1\",\"fields\":{\"text\":\"<p>Ralph Adams Cram was the designer of our beautiful polychromed wood Madonna Shrine, located in the Transept.&nbsp; It was donated by Mr. F. E. Saxham Drury in memory of Elbridge T. Gerry and Mabel Gerry Drury.<\\/p>\\r\\n<p>And a few steps away, near the chancel on the northeast side of the nave, stands Richard Upjohn\\u2019s beautiful and intricate brass filigree pulpit.<\\/p>\"}},\"122\":{\"type\":\"figure\",\"enabled\":\"1\",\"fields\":{\"image\":[\"125\"],\"altAttribute\":\"Richard Upjohn\\u2019s beautiful and intricate brass filigree pulpit\",\"caption\":\"<p>Richard Upjohn\\u2019s beautiful and intricate brass filigree pulpit<\\/p>\",\"enlarge\":\"1\",\"orientation\":\"horizontal\"}},\"126\":{\"type\":\"paragraph\",\"enabled\":\"1\",\"fields\":{\"text\":\"<p>How fortunate we are to have works by all three of these masters under the roof of the \\u201cLittle Church\\u201d.&nbsp; I will give thanks when December 16<sup>th<\\/sup>&nbsp;rolls around.<\\/p>\"}}},\"25\":[\"93\"],\"26\":\"Mary Jane Gocher\",\"27\":\"Corey Schneider\"}}', '2017-08-30 23:33:52', '2017-08-30 23:33:52', '7f6c2215-7ec5-4fd6-aa9c-d0a48567053b'),
 ('79', '94', '9', '1', 'en_us', '24', '', '{\"typeId\":\"9\",\"authorId\":\"1\",\"title\":\"Good Things Come in Threes\",\"slug\":\"good-things-come-in-threes\",\"postDate\":1504084080,\"expiryDate\":null,\"enabled\":1,\"parentId\":null,\"fields\":{\"28\":{\"107\":{\"type\":\"paragraph\",\"enabled\":\"1\",\"fields\":{\"text\":\"<p>I was paging my way through <em>Holy Men, Holy Women<\\/em> on a fact-checking mission when I came across the entry for December 16<sup>th<\\/sup>.<\\/p>\\r\\n<p>\\r\\n<\\/p>\\r\\n<p>I was stunned to see that this day had been set apart to honor two architects and an artist whose work was represented here at Transfiguration:&nbsp; Ralph Adams Cram, designer of St. Thomas Church NYC and the nave of the Cathedral of St. John the Divine, Richard Upjohn, the designer of Trinity Church on Wall Street in lower Manhattan, and John Lafarge, painter of murals and designer of many notable stained glass windows.<\\/p>\\r\\n<p>\\r\\n<\\/p>\\r\\n<p><em>Holy Men, Holy Women<\\/em> encourages us to offer thanks for \\u201cthe vision of Ralph Adams Cram, John LaFarge and Richard Upjohn, whose harmonious revival of the Gothic enriched our churches with a sacramental understanding of reality in the face of secular materialism&hellip;\\u201d *<\\/p>\"}},\"111\":{\"type\":\"figure\",\"enabled\":\"1\",\"fields\":{\"image\":[\"110\"],\"altAttribute\":\"John LaFarge\\u2019s magnificent window depicting Edwin Booth\",\"caption\":\"<p>John LaFarge\\u2019s magnificent window depicting Edwin Booth<\\/p>\",\"enlarge\":\"1\",\"orientation\":\"vertical\"}},\"108\":{\"type\":\"paragraph\",\"enabled\":\"1\",\"fields\":{\"text\":\"<p><em>Holy Men, Holy Women<\\/em>&nbsp;encourages us to offer thanks for \\u201cthe vision of Ralph Adams Cram, John LaFarge and Richard Upjohn, whose harmonious revival of the Gothic enriched our churches with a sacramental understanding of reality in the face of secular materialism&hellip;\\u201d *<br><\\/p>\\r\\n<p>Ralph Adams Cram was the designer of our beautiful polychromed wood Madonna Shrine, located in the Transept. It was donated by Mr. F. E. Saxham Drury in memory of Elbridge T. Gerry and Mabel Gerry Drury.<br><\\/p>\\r\\n<p>Turn to your right, and there is John LaFarge\\u2019s magnificent window depicting Edwin Booth, the leading Shakespearean actor of his time, holding a mask and dressed in Greco-Roman costume.&nbsp; (Edwin Booth was the brother of the notorious John Wilkes Booth, President Lincoln\\u2019s assassin.) The window was given in his memory in 1898 by members of the Players Club, which he founded.<\\/p>\"}},\"123\":{\"type\":\"paragraph\",\"enabled\":\"1\",\"fields\":{\"text\":\"<p>Ralph Adams Cram was the designer of our beautiful polychromed wood Madonna Shrine, located in the Transept.&nbsp; It was donated by Mr. F. E. Saxham Drury in memory of Elbridge T. Gerry and Mabel Gerry Drury.<\\/p>\\r\\n<p>And a few steps away, near the chancel on the northeast side of the nave, stands Richard Upjohn\\u2019s beautiful and intricate brass filigree pulpit.<\\/p>\"}},\"122\":{\"type\":\"figure\",\"enabled\":\"1\",\"fields\":{\"image\":[\"125\"],\"altAttribute\":\"Richard Upjohn\\u2019s beautiful and intricate brass filigree pulpit\",\"caption\":\"<p>Richard Upjohn\\u2019s beautiful and intricate brass filigree pulpit<\\/p>\",\"enlarge\":\"1\",\"orientation\":\"horizontal\"}},\"126\":{\"type\":\"paragraph\",\"enabled\":\"1\",\"fields\":{\"text\":\"<p>How fortunate we are to have works by all three of these masters under the roof of the \\u201cLittle Church\\u201d.&nbsp; I will give thanks when December 16<sup>th<\\/sup>&nbsp;rolls around.<\\/p>\"}},\"new1\":{\"type\":\"footnote\",\"enabled\":\"1\",\"fields\":{\"text\":\"Holy Women, Holy Men: Celebrating the Saints by Church Publishing Incorporated\\u200b\"}}},\"25\":[\"93\"],\"26\":\"Mary Jane Gocher\",\"27\":\"Corey Schneider\"}}', '2017-08-30 23:37:51', '2017-08-30 23:37:51', 'b6ee4623-dfec-4378-9914-8c31a4845725'),
 ('80', '94', '9', '1', 'en_us', '25', '', '{\"typeId\":\"9\",\"authorId\":\"1\",\"title\":\"Good Things Come in Threes\",\"slug\":\"good-things-come-in-threes\",\"postDate\":1504084080,\"expiryDate\":null,\"enabled\":1,\"parentId\":null,\"fields\":{\"28\":{\"107\":{\"type\":\"paragraph\",\"enabled\":\"1\",\"fields\":{\"text\":\"<p>I was paging my way through <em>Holy Men, Holy Women<\\/em> on a fact-checking mission when I came across the entry for December 16<sup>th<\\/sup>.<\\/p>\\r\\n<p>\\r\\n<\\/p>\\r\\n<p>I was stunned to see that this day had been set apart to honor two architects and an artist whose work was represented here at Transfiguration:&nbsp; Ralph Adams Cram, designer of St. Thomas Church NYC and the nave of the Cathedral of St. John the Divine, Richard Upjohn, the designer of Trinity Church on Wall Street in lower Manhattan, and John Lafarge, painter of murals and designer of many notable stained glass windows.<\\/p>\\r\\n<p>\\r\\n<\\/p>\\r\\n<p><em>Holy Men, Holy Women<\\/em> encourages us to offer thanks for \\u201cthe vision of Ralph Adams Cram, John LaFarge and Richard Upjohn, whose harmonious revival of the Gothic enriched our churches with a sacramental understanding of reality in the face of secular materialism&hellip;\\u201d *<\\/p>\"}},\"111\":{\"type\":\"figure\",\"enabled\":\"1\",\"fields\":{\"image\":[\"211\"],\"altAttribute\":\"John LaFarge\\u2019s magnificent window depicting Edwin Booth\",\"caption\":\"<p>John LaFarge\\u2019s magnificent window depicting Edwin Booth<\\/p>\",\"enlarge\":\"1\",\"orientation\":\"vertical\"}},\"108\":{\"type\":\"paragraph\",\"enabled\":\"1\",\"fields\":{\"text\":\"<p><em>Holy Men, Holy Women<\\/em>&nbsp;encourages us to offer thanks for \\u201cthe vision of Ralph Adams Cram, John LaFarge and Richard Upjohn, whose harmonious revival of the Gothic enriched our churches with a sacramental understanding of reality in the face of secular materialism&hellip;\\u201d *<br><\\/p>\\r\\n<p>Ralph Adams Cram was the designer of our beautiful polychromed wood Madonna Shrine, located in the Transept. It was donated by Mr. F. E. Saxham Drury in memory of Elbridge T. Gerry and Mabel Gerry Drury.<br><\\/p>\\r\\n<p>Turn to your right, and there is John LaFarge\\u2019s magnificent window depicting Edwin Booth, the leading Shakespearean actor of his time, holding a mask and dressed in Greco-Roman costume.&nbsp; (Edwin Booth was the brother of the notorious John Wilkes Booth, President Lincoln\\u2019s assassin.) The window was given in his memory in 1898 by members of the Players Club, which he founded.<\\/p>\"}},\"123\":{\"type\":\"paragraph\",\"enabled\":\"1\",\"fields\":{\"text\":\"<p>Ralph Adams Cram was the designer of our beautiful polychromed wood Madonna Shrine, located in the Transept.&nbsp; It was donated by Mr. F. E. Saxham Drury in memory of Elbridge T. Gerry and Mabel Gerry Drury.<\\/p>\\r\\n<p>And a few steps away, near the chancel on the northeast side of the nave, stands Richard Upjohn\\u2019s beautiful and intricate brass filigree pulpit.<\\/p>\"}},\"122\":{\"type\":\"figure\",\"enabled\":\"1\",\"fields\":{\"image\":[\"216\"],\"altAttribute\":\"Richard Upjohn\\u2019s beautiful and intricate brass filigree pulpit\",\"caption\":\"<p>Richard Upjohn\\u2019s beautiful and intricate brass filigree pulpit<\\/p>\",\"enlarge\":\"1\",\"orientation\":\"horizontal\"}},\"126\":{\"type\":\"paragraph\",\"enabled\":\"1\",\"fields\":{\"text\":\"<p>How fortunate we are to have works by all three of these masters under the roof of the \\u201cLittle Church\\u201d.&nbsp; I will give thanks when December 16<sup>th<\\/sup>&nbsp;rolls around.<\\/p>\"}},\"127\":{\"type\":\"footnote\",\"enabled\":\"1\",\"fields\":{\"text\":\"<p>Holy Women, Holy Men: Celebrating the Saints by Church Publishing Incorporated<\\/p>\"}}},\"25\":[\"205\"],\"26\":\"Mary Jane Gocher\",\"27\":\"Corey Schneider\"}}', '2017-08-31 11:46:46', '2017-08-31 11:46:46', '69a780c6-567f-466a-a779-45b2c619e6f0'),
 ('81', '94', '9', '1', 'en_us', '26', '', '{\"typeId\":\"9\",\"authorId\":\"1\",\"title\":\"Good Things Come in Threes\",\"slug\":\"good-things-come-in-threes\",\"postDate\":1504084080,\"expiryDate\":null,\"enabled\":1,\"parentId\":null,\"fields\":{\"28\":{\"107\":{\"type\":\"paragraph\",\"enabled\":\"1\",\"fields\":{\"text\":\"<p>I was paging my way through <em>Holy Men, Holy Women<\\/em> on a fact-checking mission when I came across the entry for December 16<sup>th<\\/sup>.<\\/p>\\r\\n<p>\\r\\n<\\/p>\\r\\n<p>I was stunned to see that this day had been set apart to honor two architects and an artist whose work was represented here at Transfiguration:&nbsp; Ralph Adams Cram, designer of St. Thomas Church NYC and the nave of the Cathedral of St. John the Divine, Richard Upjohn, the designer of Trinity Church on Wall Street in lower Manhattan, and John Lafarge, painter of murals and designer of many notable stained glass windows.<\\/p>\\r\\n<p>\\r\\n<\\/p>\\r\\n<p><em>Holy Men, Holy Women<\\/em> encourages us to offer thanks for \\u201cthe vision of Ralph Adams Cram, John LaFarge and Richard Upjohn, whose harmonious revival of the Gothic enriched our churches with a sacramental understanding of reality in the face of secular materialism&hellip;\\u201d *<\\/p>\"}},\"111\":{\"type\":\"figure\",\"enabled\":\"1\",\"fields\":{\"image\":[\"211\"],\"altAttribute\":\"John LaFarge\\u2019s magnificent window depicting Edwin Booth\",\"caption\":\"<p>John LaFarge\\u2019s magnificent window depicting Edwin Booth<\\/p>\",\"enlarge\":\"1\",\"orientation\":\"vertical\"}},\"108\":{\"type\":\"paragraph\",\"enabled\":\"1\",\"fields\":{\"text\":\"<p><em>Holy Men, Holy Women<\\/em>&nbsp;encourages us to offer thanks for \\u201cthe vision of Ralph Adams Cram, John LaFarge and Richard Upjohn, whose harmonious revival of the Gothic enriched our churches with a sacramental understanding of reality in the face of secular materialism&hellip;\\u201d *<br><\\/p>\\r\\n<p>Ralph Adams Cram was the designer of our beautiful polychromed wood Madonna Shrine, located in the Transept. It was donated by Mr. F. E. Saxham Drury in memory of Elbridge T. Gerry and Mabel Gerry Drury.<br><\\/p>\\r\\n<p>Turn to your right, and there is John LaFarge\\u2019s magnificent window depicting Edwin Booth, the leading Shakespearean actor of his time, holding a mask and dressed in Greco-Roman costume.&nbsp; (Edwin Booth was the brother of the notorious John Wilkes Booth, President Lincoln\\u2019s assassin.) The window was given in his memory in 1898 by members of the Players Club, which he founded.<\\/p>\"}},\"123\":{\"type\":\"paragraph\",\"enabled\":\"1\",\"fields\":{\"text\":\"<p>Ralph Adams Cram was the designer of our beautiful polychromed wood Madonna Shrine, located in the Transept.&nbsp; It was donated by Mr. F. E. Saxham Drury in memory of Elbridge T. Gerry and Mabel Gerry Drury.<\\/p>\\r\\n<p>And a few steps away, near the chancel on the northeast side of the nave, stands Richard Upjohn\\u2019s beautiful and intricate brass filigree pulpit.<\\/p>\"}},\"122\":{\"type\":\"figure\",\"enabled\":\"1\",\"fields\":{\"image\":[\"216\"],\"altAttribute\":\"Richard Upjohn\\u2019s beautiful and intricate brass filigree pulpit\",\"caption\":\"<p>Richard Upjohn\\u2019s beautiful and intricate brass filigree pulpit<\\/p>\",\"enlarge\":\"1\",\"orientation\":\"horizontal\"}},\"126\":{\"type\":\"paragraph\",\"enabled\":\"1\",\"fields\":{\"text\":\"<p>How fortunate we are to have works by all three of these masters under the roof of the \\u201cLittle Church\\u201d.&nbsp; I will give thanks when December 16<sup>th<\\/sup>&nbsp;rolls around.<\\/p>\"}},\"127\":{\"type\":\"footnote\",\"enabled\":\"1\",\"fields\":{\"text\":\"<p>Holy Women, Holy Men: Celebrating the Saints by Church Publishing Incorporated<\\/p>\"}},\"new1\":{\"type\":\"footnote\",\"enabled\":\"1\",\"fields\":{\"text\":\"<p><span class=\\\"s1\\\"><i>Holy Women, Holy Men: Celebrating the Saints<\\/i> by Church Publishing Incorporated<\\/span><span><\\/span><\\/p>\"}}},\"25\":[\"205\"],\"26\":\"Mary Jane Gocher\",\"27\":\"Corey Schneider\"}}', '2017-08-31 11:49:46', '2017-08-31 11:49:46', 'e111b0bf-eb62-47e1-8aed-81a7450f861f'),
 ('82', '94', '9', '1', 'en_us', '27', '', '{\"typeId\":\"9\",\"authorId\":\"1\",\"title\":\"Good Things Come in Threes\",\"slug\":\"good-things-come-in-threes\",\"postDate\":1504084080,\"expiryDate\":null,\"enabled\":1,\"parentId\":null,\"fields\":{\"28\":{\"107\":{\"type\":\"paragraph\",\"enabled\":\"1\",\"fields\":{\"text\":\"<p>I was paging my way through <em>Holy Men, Holy Women<\\/em> on a fact-checking mission when I came across the entry for December 16<sup>th<\\/sup>.<\\/p>\\r\\n<p>\\r\\n<\\/p>\\r\\n<p>I was stunned to see that this day had been set apart to honor two architects and an artist whose work was represented here at Transfiguration:&nbsp; Ralph Adams Cram, designer of St. Thomas Church NYC and the nave of the Cathedral of St. John the Divine, Richard Upjohn, the designer of Trinity Church on Wall Street in lower Manhattan, and John Lafarge, painter of murals and designer of many notable stained glass windows.<\\/p>\\r\\n<p>\\r\\n<\\/p>\\r\\n<p><em>Holy Men, Holy Women<\\/em> encourages us to offer thanks for \\u201cthe vision of Ralph Adams Cram, John LaFarge and Richard Upjohn, whose harmonious revival of the Gothic enriched our churches with a sacramental understanding of reality in the face of secular materialism&hellip;\\u201d *<\\/p>\"}},\"111\":{\"type\":\"figure\",\"enabled\":\"1\",\"fields\":{\"image\":[\"211\"],\"altAttribute\":\"John LaFarge\\u2019s magnificent window depicting Edwin Booth\",\"caption\":\"<p>John LaFarge\\u2019s magnificent window depicting Edwin Booth<\\/p>\",\"enlarge\":\"1\",\"orientation\":\"vertical\"}},\"108\":{\"type\":\"paragraph\",\"enabled\":\"1\",\"fields\":{\"text\":\"<p><em>Holy Men, Holy Women<\\/em>&nbsp;encourages us to offer thanks for \\u201cthe vision of Ralph Adams Cram, John LaFarge and Richard Upjohn, whose harmonious revival of the Gothic enriched our churches with a sacramental understanding of reality in the face of secular materialism&hellip;\\u201d *<br><\\/p>\\r\\n<p>Ralph Adams Cram was the designer of our beautiful polychromed wood Madonna Shrine, located in the Transept. It was donated by Mr. F. E. Saxham Drury in memory of Elbridge T. Gerry and Mabel Gerry Drury.<br><\\/p>\\r\\n<p>Turn to your right, and there is John LaFarge\\u2019s magnificent window depicting Edwin Booth, the leading Shakespearean actor of his time, holding a mask and dressed in Greco-Roman costume.&nbsp; (Edwin Booth was the brother of the notorious John Wilkes Booth, President Lincoln\\u2019s assassin.) The window was given in his memory in 1898 by members of the Players Club, which he founded.<\\/p>\"}},\"123\":{\"type\":\"paragraph\",\"enabled\":\"1\",\"fields\":{\"text\":\"<p>Ralph Adams Cram was the designer of our beautiful polychromed wood Madonna Shrine, located in the Transept.&nbsp; It was donated by Mr. F. E. Saxham Drury in memory of Elbridge T. Gerry and Mabel Gerry Drury.<\\/p>\\r\\n<p>And a few steps away, near the chancel on the northeast side of the nave, stands Richard Upjohn\\u2019s beautiful and intricate brass filigree pulpit.<\\/p>\"}},\"122\":{\"type\":\"figure\",\"enabled\":\"1\",\"fields\":{\"image\":[\"216\"],\"altAttribute\":\"Richard Upjohn\\u2019s beautiful and intricate brass filigree pulpit\",\"caption\":\"<p>Richard Upjohn\\u2019s beautiful and intricate brass filigree pulpit<\\/p>\",\"enlarge\":\"1\",\"orientation\":\"horizontal\"}},\"126\":{\"type\":\"paragraph\",\"enabled\":\"1\",\"fields\":{\"text\":\"<p>How fortunate we are to have works by all three of these masters under the roof of the \\u201cLittle Church\\u201d.&nbsp; I will give thanks when December 16<sup>th<\\/sup>&nbsp;rolls around.<\\/p>\"}},\"127\":{\"type\":\"footnote\",\"enabled\":\"1\",\"fields\":{\"text\":\"<p>Holy Women, Holy Men: Celebrating the Saints by Church Publishing Incorporated<\\/p>\"}},\"218\":{\"type\":\"footnote\",\"enabled\":\"1\",\"fields\":{\"text\":\"<p><em>Holy Women, Holy Men: Celebrating the Saints<\\/em> by Church Publishing Incorporated<\\/p>\"}}},\"25\":[\"205\"],\"26\":\"Mary Jane Gocher\",\"27\":\"Corey Schneider\"}}', '2017-08-31 11:51:57', '2017-08-31 11:51:57', '89cc7b45-42b0-4691-8e21-90b3a57019e0'),
 ('83', '94', '9', '1', 'en_us', '28', '', '{\"typeId\":\"9\",\"authorId\":\"1\",\"title\":\"Good Things Come in Threes\",\"slug\":\"good-things-come-in-threes\",\"postDate\":1504084080,\"expiryDate\":null,\"enabled\":1,\"parentId\":null,\"fields\":{\"28\":{\"107\":{\"type\":\"paragraph\",\"enabled\":\"1\",\"fields\":{\"text\":\"<p>I was paging my way through <em>Holy Men, Holy Women<\\/em> on a fact-checking mission when I came across the entry for December 16<sup>th<\\/sup>.<\\/p>\\r\\n<p>\\r\\n<\\/p>\\r\\n<p>I was stunned to see that this day had been set apart to honor two architects and an artist whose work was represented here at Transfiguration:&nbsp; Ralph Adams Cram, designer of St. Thomas Church NYC and the nave of the Cathedral of St. John the Divine, Richard Upjohn, the designer of Trinity Church on Wall Street in lower Manhattan, and John Lafarge, painter of murals and designer of many notable stained glass windows.<\\/p>\\r\\n<p>\\r\\n<\\/p>\\r\\n<p><em>Holy Men, Holy Women<\\/em> encourages us to offer thanks for \\u201cthe vision of Ralph Adams Cram, John LaFarge and Richard Upjohn, whose harmonious revival of the Gothic enriched our churches with a sacramental understanding of reality in the face of secular materialism&hellip;\\u201d *<\\/p>\"}},\"111\":{\"type\":\"figure\",\"enabled\":\"1\",\"fields\":{\"image\":[\"211\"],\"altAttribute\":\"John LaFarge\\u2019s magnificent window depicting Edwin Booth\",\"caption\":\"<p>John LaFarge\\u2019s magnificent window depicting Edwin Booth<\\/p>\",\"enlarge\":\"1\",\"orientation\":\"vertical\"}},\"108\":{\"type\":\"paragraph\",\"enabled\":\"1\",\"fields\":{\"text\":\"<p><em>Holy Men, Holy Women<\\/em>&nbsp;encourages us to offer thanks for \\u201cthe vision of Ralph Adams Cram, John LaFarge and Richard Upjohn, whose harmonious revival of the Gothic enriched our churches with a sacramental understanding of reality in the face of secular materialism&hellip;\\u201d *<br><\\/p>\\r\\n<p>Ralph Adams Cram was the designer of our beautiful polychromed wood Madonna Shrine, located in the Transept. It was donated by Mr. F. E. Saxham Drury in memory of Elbridge T. Gerry and Mabel Gerry Drury.<br><\\/p>\\r\\n<p>Turn to your right, and there is John LaFarge\\u2019s magnificent window depicting Edwin Booth, the leading Shakespearean actor of his time, holding a mask and dressed in Greco-Roman costume.&nbsp; (Edwin Booth was the brother of the notorious John Wilkes Booth, President Lincoln\\u2019s assassin.) The window was given in his memory in 1898 by members of the Players Club, which he founded.<\\/p>\"}},\"123\":{\"type\":\"paragraph\",\"enabled\":\"1\",\"fields\":{\"text\":\"<p>Ralph Adams Cram was the designer of our beautiful polychromed wood Madonna Shrine, located in the Transept.&nbsp; It was donated by Mr. F. E. Saxham Drury in memory of Elbridge T. Gerry and Mabel Gerry Drury.<\\/p>\\r\\n<p>And a few steps away, near the chancel on the northeast side of the nave, stands Richard Upjohn\\u2019s beautiful and intricate brass filigree pulpit.<\\/p>\"}},\"122\":{\"type\":\"figure\",\"enabled\":\"1\",\"fields\":{\"image\":[\"216\"],\"altAttribute\":\"Richard Upjohn\\u2019s beautiful and intricate brass filigree pulpit\",\"caption\":\"<p>Richard Upjohn\\u2019s beautiful and intricate brass filigree pulpit<\\/p>\",\"enlarge\":\"1\",\"orientation\":\"horizontal\"}},\"126\":{\"type\":\"paragraph\",\"enabled\":\"1\",\"fields\":{\"text\":\"<p>How fortunate we are to have works by all three of these masters under the roof of the \\u201cLittle Church\\u201d.&nbsp; I will give thanks when December 16<sup>th<\\/sup>&nbsp;rolls around.<\\/p>\"}},\"218\":{\"type\":\"footnote\",\"enabled\":\"1\",\"fields\":{\"text\":\"<p><em>Holy Women, Holy Men: Celebrating the Saints<\\/em> by Church Publishing Incorporated<\\/p>\"}}},\"25\":[\"205\"],\"26\":\"Mary Jane Gocher\",\"27\":\"Corey Schneider\"}}', '2017-08-31 11:54:13', '2017-08-31 11:54:13', '1877a904-0a73-443c-8ec4-cf4dace56443'),
 ('84', '94', '9', '1', 'en_us', '29', '', '{\"typeId\":\"9\",\"authorId\":\"1\",\"title\":\"Good Things Come in Threes\",\"slug\":\"good-things-come-in-threes\",\"postDate\":1504084080,\"expiryDate\":null,\"enabled\":1,\"parentId\":null,\"fields\":{\"28\":{\"107\":{\"type\":\"paragraph\",\"enabled\":\"1\",\"fields\":{\"text\":\"<p>I was paging my way through <em>Holy Men, Holy Women<\\/em> on a fact-checking mission when I came across the entry for December 16<sup>th<\\/sup>.<\\/p>\\r\\n<p>\\r\\n<\\/p>\\r\\n<p>I was stunned to see that this day had been set apart to honor two architects and an artist whose work was represented here at Transfiguration:&nbsp; Ralph Adams Cram, designer of St. Thomas Church NYC and the nave of the Cathedral of St. John the Divine, Richard Upjohn, the designer of Trinity Church on Wall Street in lower Manhattan, and John Lafarge, painter of murals and designer of many notable stained glass windows.<\\/p>\\r\\n<p>\\r\\n<\\/p>\\r\\n<p><em>Holy Men, Holy Women<\\/em> encourages us to offer thanks for \\u201cthe vision of Ralph Adams Cram, John LaFarge and Richard Upjohn, whose harmonious revival of the Gothic enriched our churches with a sacramental understanding of reality in the face of secular materialism&hellip;\\u201d *<\\/p>\"}},\"111\":{\"type\":\"figure\",\"enabled\":\"1\",\"fields\":{\"image\":[\"211\"],\"altAttribute\":\"John LaFarge\\u2019s magnificent window depicting Edwin Booth\",\"caption\":\"<p>John LaFarge\\u2019s magnificent window depicting Edwin Booth<\\/p>\",\"enlarge\":\"1\",\"orientation\":\"vertical\"}},\"108\":{\"type\":\"paragraph\",\"enabled\":\"1\",\"fields\":{\"text\":\"<p><em>Holy Men, Holy Women<\\/em>&nbsp;encourages us to offer thanks for \\u201cthe vision of Ralph Adams Cram, John LaFarge and Richard Upjohn, whose harmonious revival of the Gothic enriched our churches with a sacramental understanding of reality in the face of secular materialism&hellip;\\u201d *<br><\\/p>\\r\\n<p>Ralph Adams Cram was the designer of our beautiful polychromed wood Madonna Shrine, located in the Transept. It was donated by Mr. F. E. Saxham Drury in memory of Elbridge T. Gerry and Mabel Gerry Drury.<br><\\/p>\\r\\n<p>Turn to your right, and there is John LaFarge\\u2019s magnificent window depicting Edwin Booth, the leading Shakespearean actor of his time, holding a mask and dressed in Greco-Roman costume.&nbsp; (Edwin Booth was the brother of the notorious John Wilkes Booth, President Lincoln\\u2019s assassin.) The window was given in his memory in 1898 by members of the Players Club, which he founded.<\\/p>\"}},\"123\":{\"type\":\"paragraph\",\"enabled\":\"1\",\"fields\":{\"text\":\"<p>Ralph Adams Cram was the designer of our beautiful polychromed wood Madonna Shrine, located in the Transept.&nbsp; It was donated by Mr. F. E. Saxham Drury in memory of Elbridge T. Gerry and Mabel Gerry Drury.<\\/p>\\r\\n<p>And a few steps away, near the chancel on the northeast side of the nave, stands Richard Upjohn\\u2019s beautiful and intricate brass filigree pulpit.<\\/p>\"}},\"122\":{\"type\":\"figure\",\"enabled\":\"1\",\"fields\":{\"image\":[\"216\"],\"altAttribute\":\"Richard Upjohn\\u2019s beautiful and intricate brass filigree pulpit\",\"caption\":\"<p>Richard Upjohn\\u2019s beautiful and intricate brass filigree pulpit<\\/p>\",\"enlarge\":\"1\",\"orientation\":\"horizontal\"}},\"126\":{\"type\":\"paragraph\",\"enabled\":\"1\",\"fields\":{\"text\":\"<p>How fortunate we are to have works by all three of these masters under the roof of the \\u201cLittle Church\\u201d.&nbsp; I will give thanks when December 16<sup>th<\\/sup>&nbsp;rolls around.<\\/p>\"}},\"218\":{\"type\":\"footnote\",\"enabled\":\"1\",\"fields\":{\"text\":\"<p><em>Holy Women, Holy Men: Celebrating the Saints<\\/em> by Church Publishing Incorporated<\\/p>\"}}},\"25\":[\"205\"],\"26\":\"Mary Jane Gocher\",\"27\":\"Corey Schneider\"}}', '2017-08-31 12:02:49', '2017-08-31 12:02:49', '44d9b119-96ee-421d-a2b4-4add840cd1fa'),
 ('85', '69', '7', '1', 'en_us', '38', '', '{\"typeId\":\"7\",\"authorId\":\"1\",\"title\":\"Welcome\",\"slug\":\"welcome\",\"postDate\":1503746520,\"expiryDate\":null,\"enabled\":1,\"parentId\":null,\"fields\":{\"3\":\"Welcome to our little church\",\"13\":{\"71\":{\"type\":\"generalSection\",\"enabled\":\"1\",\"fields\":{\"text\":\"<h2>First time here?<\\/h2>\\r\\n<p>I invite you to join us in worship and fellowship at any one of our services, coffee hour, concert series, or a simple contemplative visit to our garden and chapel. I like to think of our parish as a quiet oasis in the heart of this vibrant city. And yet we have so much going on at our Little Church.<\\/p>\"}}},\"11\":[\"207\"],\"12\":\"<p>Greetings and welcome to the Church of the Transfiguration, also known affectionately as the \\u201cLittle Church Around the Corner\\u201d.<\\/p>\\r\\n<p>Our parish combines the beauty and depth of the Anglo-Catholic tradition with the warmth of a dear community of people seeking the presence of Christ in the center of the NoMad neighborhood in Manhattan.<\\/p>\\r\\n<p>From the time of our founding in the mid 19th century, our motto has remained Fides Opera (Faith & Works).&nbsp; Our faith is expressed in the depth of resplendent worship, offering our very best in praise of God in the person of Jesus Christ.&nbsp; And from this worship flows an outward ministry of works to a city and world crying for mindful and responsive hands, feet, and hearts. &nbsp;<\\/p>\\r\\n<p>\\u201cIn God, that which is ancient never becomes old,\\u201d and we embrace this sentiment combining traditional liturgical worship with a radical inclusiveness deeply rooted in our parish\\u2019s history and celebrated by a vibrant diocese in which we serve.&nbsp; Please consider this parish as you look for a spiritual home.&nbsp; All are welcome.<\\/p>\\r\\n<p>With loving wishes,&nbsp;<\\/p>\\r\\n<p>Fr. John David van Dooren<br>Rector<\\/p>\\r\\n<p><br><\\/p>\",\"27\":\"Meghan Joseph\"}}', '2017-08-31 12:09:11', '2017-08-31 12:09:11', '1fc26a65-38d5-4ea9-9564-50a5a12528bc'),
 ('86', '69', '7', '1', 'en_us', '39', '', '{\"typeId\":\"7\",\"authorId\":\"1\",\"title\":\"Welcome\",\"slug\":\"welcome\",\"postDate\":1503746520,\"expiryDate\":null,\"enabled\":1,\"parentId\":null,\"fields\":{\"3\":\"Welcome to our little church\",\"13\":{\"71\":{\"type\":\"generalSection\",\"enabled\":\"1\",\"fields\":{\"text\":\"<h2>First time here?<\\/h2>\\r\\n<p>I invite you to join us in worship and fellowship at any one of our services, coffee hour, concert series, or a simple contemplative visit to our garden and chapel. I like to think of our parish as a quiet oasis in the heart of this vibrant city. And yet we have so much going on at our Little Church.<\\/p>\"}}},\"11\":[\"207\"],\"12\":\"<p>Greetings and welcome to the Church of the Transfiguration, also known affectionately as the \\u201cLittle Church Around the Corner\\u201d.<\\/p>\",\"27\":\"Meghan Joseph\"}}', '2017-08-31 12:09:51', '2017-08-31 12:09:51', '4e508dbc-0788-4227-b2d7-97f5fc7e3a33'),
 ('87', '69', '7', '1', 'en_us', '40', '', '{\"typeId\":\"7\",\"authorId\":\"1\",\"title\":\"Welcome\",\"slug\":\"welcome\",\"postDate\":1503746520,\"expiryDate\":null,\"enabled\":1,\"parentId\":null,\"fields\":{\"3\":\"Welcome to our little church\",\"13\":{\"71\":{\"type\":\"generalSection\",\"enabled\":\"1\",\"fields\":{\"text\":\"<p>Our parish combines the beauty and depth of the Anglo-Catholic tradition with the warmth of a dear community of people seeking the presence of Christ in the center of the NoMad neighborhood in Manhattan. &nbsp;<br><\\/p>\\r\\n<p>From the time of our founding in the mid 19th century, our motto has remained Fides Opera (Faith & Works).&nbsp; Our faith is expressed in the depth of resplendent worship, offering our very best in praise of God in the person of Jesus Christ.&nbsp; And from this worship flows an outward ministry of works to a city and world crying for mindful and responsive hands, feet, and hearts. &nbsp;<\\/p>\\r\\n<p>\\u201cIn God, that which is ancient never becomes old,\\u201d and we embrace this sentiment combining traditional liturgical worship with a radical inclusiveness deeply rooted in our parish\\u2019s history and celebrated by a vibrant diocese in which we serve.&nbsp; Please consider this parish as you look for a spiritual home. All are welcome.<\\/p>\\r\\n<p>With loving wishes,&nbsp;<\\/p>\\r\\n<p>Fr. John David van Dooren<br>Rector<\\/p>\"}}},\"11\":[\"207\"],\"12\":\"<p>Greetings and welcome to the Church of the Transfiguration, also known affectionately as the \\u201cLittle Church Around the Corner\\u201d.<\\/p>\",\"27\":\"Meghan Joseph\"}}', '2017-08-31 12:11:02', '2017-08-31 12:11:02', '055063bb-9746-49e6-834f-e29545cce832'),
 ('88', '69', '7', '1', 'en_us', '41', '', '{\"typeId\":\"7\",\"authorId\":\"1\",\"title\":\"Welcome\",\"slug\":\"welcome\",\"postDate\":1503746520,\"expiryDate\":null,\"enabled\":1,\"parentId\":null,\"fields\":{\"3\":\"Welcome to our little church\",\"13\":{\"71\":{\"type\":\"generalSection\",\"enabled\":\"1\",\"fields\":{\"text\":\"<p>From the time of our founding in the mid 19th century, our motto has remained Fides Opera (Faith & Works). Our faith is expressed in the depth of resplendent worship, offering our very best in praise of God in the person of Jesus Christ. From this worship flows an outward ministry of works to a city and world crying for mindful and responsive hands, feet, and hearts. &nbsp;<\\/p>\\r\\n<p>\\u201cIn God, that which is ancient never becomes old,\\u201d and we embrace this sentiment combining traditional liturgical worship with a radical inclusiveness deeply rooted in our parish\\u2019s history and celebrated by a vibrant diocese in which we serve.&nbsp; Please consider this parish as you look for a spiritual home. All are welcome.<\\/p>\\r\\n<p>With loving wishes,&nbsp;<\\/p>\\r\\n<p>Fr. John David van Dooren<br>Rector<\\/p>\"}}},\"11\":[\"207\"],\"12\":\"<p>Greetings and welcome to the Church of the Transfiguration, also known affectionately as the \\u201cLittle Church Around the Corner\\u201d.&nbsp;Our parish combines the beauty and depth of the Anglo-Catholic tradition with the warmth of a dear community of people seeking the presence of Christ in the center of the NoMad neighborhood in Manhattan.<\\/p>\",\"27\":\"Meghan Joseph\"}}', '2017-08-31 12:12:16', '2017-08-31 12:12:16', '463a0cd6-b483-4499-8514-d2c526c224e5'),
 ('89', '69', '7', '1', 'en_us', '42', '', '{\"typeId\":\"7\",\"authorId\":\"1\",\"title\":\"Welcome\",\"slug\":\"welcome\",\"postDate\":1503746520,\"expiryDate\":null,\"enabled\":1,\"parentId\":null,\"fields\":{\"3\":\"Welcome to our little church\",\"13\":{\"71\":{\"type\":\"generalSection\",\"enabled\":\"1\",\"fields\":{\"text\":\"<p>From the time of our founding in the mid 19th century, our motto has remained Fides Opera (Faith and Works). Our faith is expressed in the depth of resplendent worship, offering our very best in praise of God in the person of Jesus Christ. From this worship flows an outward ministry of works to a city and world crying for mindful and responsive hands, feet, and hearts. &nbsp;<\\/p>\\r\\n<p>\\u201cIn God, that which is ancient never becomes old,\\u201d and we embrace this sentiment combining traditional liturgical worship with a radical inclusiveness deeply rooted in our parish\\u2019s history and celebrated by a vibrant diocese in which we serve.&nbsp; Please consider this parish as you look for a spiritual home. All are welcome.<\\/p>\\r\\n<p>With loving wishes,&nbsp;<\\/p>\\r\\n<p>Fr. John David van Dooren<br>Rector<\\/p>\"}}},\"11\":[\"207\"],\"12\":\"<p>Greetings and welcome to the Church of the Transfiguration, also known affectionately as the \\u201cLittle Church Around the Corner\\u201d.&nbsp;Our parish combines the beauty and depth of the Anglo-Catholic tradition with the warmth of a dear community of people seeking the presence of Christ in the center of the NoMad neighborhood in Manhattan.<\\/p>\",\"27\":\"Meghan Joseph\"}}', '2017-08-31 12:12:58', '2017-08-31 12:12:58', '2724dbb5-8817-4ad3-8472-ce4f0f100735'),
 ('90', '69', '7', '1', 'en_us', '43', '', '{\"typeId\":\"7\",\"authorId\":\"1\",\"title\":\"Welcome\",\"slug\":\"welcome\",\"postDate\":1503746520,\"expiryDate\":null,\"enabled\":1,\"parentId\":null,\"fields\":{\"3\":\"Welcome to our little church\",\"13\":{\"71\":{\"type\":\"generalSection\",\"enabled\":\"1\",\"fields\":{\"text\":\"<h2>Faith and Works<\\/h2><p>From the time of our founding in the mid 19th century, our motto has remained Fides Opera (Faith and Works). Our faith is expressed in the depth of resplendent worship, offering our very best in praise of God in the person of Jesus Christ. From this worship flows an outward ministry of works to a city and world crying for mindful and responsive hands, feet, and hearts. &nbsp;<\\/p>\\r\\n<p>\\u201cIn God, that which is ancient never becomes old,\\u201d and we embrace this sentiment combining traditional liturgical worship with a radical inclusiveness deeply rooted in our parish\\u2019s history and celebrated by a vibrant diocese in which we serve.&nbsp; Please consider this parish as you look for a spiritual home. All are welcome.<\\/p>\\r\\n<p>With loving wishes,&nbsp;<\\/p>\\r\\n<p>Fr. John David van Dooren<br>Rector<\\/p>\"}}},\"11\":[\"207\"],\"12\":\"<p>Greetings and welcome to the Church of the Transfiguration, also known affectionately as the \\u201cLittle Church Around the Corner\\u201d.&nbsp;Our parish combines the beauty and depth of the Anglo-Catholic tradition with the warmth of a dear community of people seeking the presence of Christ in the center of the NoMad neighborhood in Manhattan.<\\/p>\",\"27\":\"Meghan Joseph\"}}', '2017-08-31 12:14:10', '2017-08-31 12:14:10', '4678910d-9574-42a5-b660-10e2c8bdb34e'),
 ('91', '115', '9', '1', 'en_us', '4', '', '{\"typeId\":\"9\",\"authorId\":\"1\",\"title\":\"Do All Dogs Go To Heaven?\",\"slug\":\"this-is-another-article\",\"postDate\":1504137600,\"expiryDate\":null,\"enabled\":1,\"parentId\":null,\"fields\":{\"28\":{\"116\":{\"type\":\"paragraph\",\"enabled\":\"1\",\"fields\":{\"text\":\"<p>Sem natoque nulla ligula ullamcorper facilisi semper conubia inceptos a risus aptent egestas dictumst vulputate at ultrices fermentum pretium hendrerit ad a. Suspendisse tristique consequat torquent ipsum hac cum a at ac at phasellus id fringilla dis risus auctor himenaeos parturient ac vestibulum dis faucibus litora. Ultrices et facilisi neque suscipit ad torquent convallis cras nisl condimentum a suspendisse felis vestibulum ridiculus suscipit nunc dapibus ac velit a.&nbsp;<\\/p>\\r\\n<p>Eleifend ut vivamus parturient hendrerit est parturient a nec elit a ante nec adipiscing condimentum velit montes metus eu sagittis enim. Turpis a diam ultricies arcu curabitur dignissim eleifend non aliquam interdum ad nulla tincidunt aenean aptent fringilla consectetur primis neque. Id scelerisque laoreet ad scelerisque ligula ut vestibulum praesent cras a habitant consectetur purus parturient. Eu laoreet nam in hac inceptos in hendrerit lobortis sociosqu cum elit aliquam condimentum ad a.&nbsp;<\\/p>\\r\\n<p>Vestibulum mi parturient auctor lectus suscipit curae litora lectus condimentum cubilia dui porttitor blandit ut. Faucibus penatibus a eros etiam pulvinar ultricies in a egestas vestibulum cum massa quisque interdum. Ullamcorper vestibulum parturient et mattis mi parturient sagittis praesent morbi netus condimentum fermentum ullamcorper ligula ante molestie hac phasellus facilisi class mattis blandit urna ridiculus ante magnis sociosqu a. Aliquet turpis ligula eros ad parturient parturient malesuada penatibus aliquet mi adipiscing ad pulvinar cubilia scelerisque laoreet penatibus vivamus a a scelerisque. Parturient ad massa cum nisi senectus massa taciti vestibulum accumsan magna in parturient nibh odio. A mi velit erat ullamcorper rutrum lacus vestibulum donec sit duis maecenas nam hendrerit gravida sed turpis enim scelerisque senectus laoreet quam lectus id adipiscing.&nbsp;<\\/p>\\r\\n<p>Habitasse vestibulum odio scelerisque eu dolor condimentum ornare urna dictumst velit a consectetur nisi parturient quisque scelerisque morbi vitae mus penatibus sociosqu nec eget at vestibulum feugiat interdum nascetur. Suscipit tortor purus semper sodales leo id vestibulum adipiscing montes adipiscing sed curae sodales porta nisi senectus mi conubia euismod senectus. Arcu eleifend suspendisse sociosqu velit laoreet a potenti risus justo suspendisse a vestibulum curabitur vel torquent a vehicula et tincidunt. Aliquet a malesuada parturient et potenti inceptos nec natoque sem scelerisque scelerisque nibh conubia condimentum nascetur phasellus. Torquent placerat a suspendisse sagittis vestibulum mi volutpat ultrices sed nam sagittis sociosqu dolor eget convallis sociis accumsan at.&nbsp;<\\/p>\\r\\n<p>Adipiscing parturient ad condimentum at a ac lacus montes rhoncus arcu vel condimentum magnis venenatis praesent sem scelerisque dis eleifend urna gravida a ullamcorper a nisi ullamcorper sed lacus. Natoque vel nullam curabitur eu sem eu purus suspendisse et accumsan scelerisque adipiscing sit adipiscing suspendisse consectetur lacinia sociis commodo vestibulum natoque egestas. Ut faucibus fringilla habitasse elementum odio euismod adipiscing varius massa in parturient a gravida nostra sit.&nbsp;<\\/p>\\r\\n<p>Facilisi parturient tempus parturient interdum leo dis ullamcorper scelerisque odio vulputate feugiat suspendisse a eu varius hac diam neque phasellus tempor. Aenean maecenas a neque sed a a tortor vestibulum ad eu aptent consectetur nullam tortor. Vestibulum facilisis pharetra imperdiet nullam rutrum sem suspendisse a litora a id eu lacinia elit mus morbi a in in sociosqu ad in id torquent sodales.<\\/p>\"}}},\"25\":\"\",\"26\":\"Mary Jane Gocher\",\"27\":\"\"}}', '2017-08-31 14:01:04', '2017-08-31 14:01:04', '477458b7-d704-443e-8918-b393d04309ff'),
 ('92', '115', '9', '1', 'en_us', '5', '', '{\"typeId\":\"9\",\"authorId\":\"1\",\"title\":\"Do All Dogs Go To Heaven?\",\"slug\":\"this-is-another-article\",\"postDate\":1504137600,\"expiryDate\":null,\"enabled\":1,\"parentId\":null,\"fields\":{\"28\":{\"116\":{\"type\":\"paragraph\",\"enabled\":\"1\",\"fields\":{\"text\":\"<p>Sem natoque nulla ligula ullamcorper facilisi semper conubia inceptos a risus aptent egestas dictumst vulputate at ultrices fermentum pretium hendrerit ad a. Suspendisse tristique consequat torquent ipsum hac cum a at ac at phasellus id fringilla dis risus auctor himenaeos parturient ac vestibulum dis faucibus litora. Ultrices et facilisi neque suscipit ad torquent convallis cras nisl condimentum a suspendisse felis vestibulum ridiculus suscipit nunc dapibus ac velit a.&nbsp;<\\/p>\\r\\n<p>Eleifend ut vivamus parturient hendrerit est parturient a nec elit a ante nec adipiscing condimentum velit montes metus eu sagittis enim. Turpis a diam ultricies arcu curabitur dignissim eleifend non aliquam interdum ad nulla tincidunt aenean aptent fringilla consectetur primis neque. Id scelerisque laoreet ad scelerisque ligula ut vestibulum praesent cras a habitant consectetur purus parturient. Eu laoreet nam in hac inceptos in hendrerit lobortis sociosqu cum elit aliquam condimentum ad a.&nbsp;<\\/p>\\r\\n<p>Vestibulum mi parturient auctor lectus suscipit curae litora lectus condimentum cubilia dui porttitor blandit ut. Faucibus penatibus a eros etiam pulvinar ultricies in a egestas vestibulum cum massa quisque interdum. Ullamcorper vestibulum parturient et mattis mi parturient sagittis praesent morbi netus condimentum fermentum ullamcorper ligula ante molestie hac phasellus facilisi class mattis blandit urna ridiculus ante magnis sociosqu a. Aliquet turpis ligula eros ad parturient parturient malesuada penatibus aliquet mi adipiscing ad pulvinar cubilia scelerisque laoreet penatibus vivamus a a scelerisque. Parturient ad massa cum nisi senectus massa taciti vestibulum accumsan magna in parturient nibh odio. A mi velit erat ullamcorper rutrum lacus vestibulum donec sit duis maecenas nam hendrerit gravida sed turpis enim scelerisque senectus laoreet quam lectus id adipiscing.&nbsp;<\\/p>\\r\\n<p>Habitasse vestibulum odio scelerisque eu dolor condimentum ornare urna dictumst velit a consectetur nisi parturient quisque scelerisque morbi vitae mus penatibus sociosqu nec eget at vestibulum feugiat interdum nascetur. Suscipit tortor purus semper sodales leo id vestibulum adipiscing montes adipiscing sed curae sodales porta nisi senectus mi conubia euismod senectus. Arcu eleifend suspendisse sociosqu velit laoreet a potenti risus justo suspendisse a vestibulum curabitur vel torquent a vehicula et tincidunt. Aliquet a malesuada parturient et potenti inceptos nec natoque sem scelerisque scelerisque nibh conubia condimentum nascetur phasellus. Torquent placerat a suspendisse sagittis vestibulum mi volutpat ultrices sed nam sagittis sociosqu dolor eget convallis sociis accumsan at.&nbsp;<\\/p>\\r\\n<p>Adipiscing parturient ad condimentum at a ac lacus montes rhoncus arcu vel condimentum magnis venenatis praesent sem scelerisque dis eleifend urna gravida a ullamcorper a nisi ullamcorper sed lacus. Natoque vel nullam curabitur eu sem eu purus suspendisse et accumsan scelerisque adipiscing sit adipiscing suspendisse consectetur lacinia sociis commodo vestibulum natoque egestas. Ut faucibus fringilla habitasse elementum odio euismod adipiscing varius massa in parturient a gravida nostra sit.&nbsp;<\\/p>\\r\\n<p>Facilisi parturient tempus parturient interdum leo dis ullamcorper scelerisque odio vulputate feugiat suspendisse a eu varius hac diam neque phasellus tempor. Aenean maecenas a neque sed a a tortor vestibulum ad eu aptent consectetur nullam tortor. Vestibulum facilisis pharetra imperdiet nullam rutrum sem suspendisse a litora a id eu lacinia elit mus morbi a in in sociosqu ad in id torquent sodales.<\\/p>\"}}},\"25\":[\"206\"],\"26\":\"Mary Jane Gocher\",\"27\":\"\"}}', '2017-08-31 14:01:46', '2017-08-31 14:01:46', 'abe87b91-cbf6-4737-8850-b762b5f01610'),
 ('93', '115', '9', '1', 'en_us', '6', '', '{\"typeId\":\"9\",\"authorId\":\"1\",\"title\":\"Do All Dogs Go To Heaven?\",\"slug\":\"this-is-another-article\",\"postDate\":1504137600,\"expiryDate\":null,\"enabled\":1,\"parentId\":null,\"fields\":{\"28\":{\"116\":{\"type\":\"paragraph\",\"enabled\":\"1\",\"fields\":{\"text\":\"<p>Sem natoque nulla ligula ullamcorper facilisi semper conubia inceptos a risus aptent egestas dictumst vulputate at ultrices fermentum pretium hendrerit ad a. Suspendisse tristique consequat torquent ipsum hac cum a at ac at phasellus id fringilla dis risus auctor himenaeos parturient ac vestibulum dis faucibus litora. Ultrices et facilisi neque suscipit ad torquent convallis cras nisl condimentum a suspendisse felis vestibulum ridiculus suscipit nunc dapibus ac velit a.&nbsp;<\\/p>\\r\\n<h2>Blessing of the Animals<\\/h2><p>Eleifend ut vivamus parturient hendrerit est parturient a nec elit a ante nec adipiscing condimentum velit montes metus eu sagittis enim. Turpis a diam ultricies arcu curabitur dignissim eleifend non aliquam interdum ad nulla tincidunt aenean aptent fringilla consectetur primis neque. Id scelerisque laoreet ad scelerisque ligula ut vestibulum praesent cras a habitant consectetur purus parturient. Eu laoreet nam in hac inceptos in hendrerit lobortis sociosqu cum elit aliquam condimentum ad a.&nbsp;<\\/p>\\r\\n<p>Vestibulum mi parturient auctor lectus suscipit curae litora lectus condimentum cubilia dui porttitor blandit ut. Faucibus penatibus a eros etiam pulvinar ultricies in a egestas vestibulum cum massa quisque interdum. Ullamcorper vestibulum parturient et mattis mi parturient sagittis praesent morbi netus condimentum fermentum ullamcorper ligula ante molestie hac phasellus facilisi class mattis blandit urna ridiculus ante magnis sociosqu a. Aliquet turpis ligula eros ad parturient parturient malesuada penatibus aliquet mi adipiscing ad pulvinar cubilia scelerisque laoreet penatibus vivamus a a scelerisque. Parturient ad massa cum nisi senectus massa taciti vestibulum accumsan magna in parturient nibh odio. A mi velit erat ullamcorper rutrum lacus vestibulum donec sit duis maecenas nam hendrerit gravida sed turpis enim scelerisque senectus laoreet quam lectus id adipiscing.&nbsp;<\\/p>\\r\\n<p>Adipiscing parturient ad condimentum at a ac lacus montes rhoncus arcu vel condimentum magnis venenatis praesent sem scelerisque dis eleifend urna gravida a ullamcorper a nisi ullamcorper sed lacus. Natoque vel nullam curabitur eu sem eu purus suspendisse et accumsan scelerisque adipiscing sit adipiscing suspendisse consectetur lacinia sociis commodo vestibulum natoque egestas. Ut faucibus fringilla habitasse elementum odio euismod adipiscing varius massa in parturient a gravida nostra sit.&nbsp;<br><\\/p>\\r\\n<p>Facilisi parturient tempus parturient interdum leo dis ullamcorper scelerisque odio vulputate feugiat suspendisse a eu varius hac diam neque phasellus tempor. Aenean maecenas a neque sed a a tortor vestibulum ad eu aptent consectetur nullam tortor. Vestibulum facilisis pharetra imperdiet nullam rutrum sem suspendisse a litora a id eu lacinia elit mus morbi a in in sociosqu ad in id torquent sodales.<\\/p>\"}}},\"25\":[\"206\"],\"26\":\"Mary Jane Gocher\",\"27\":\"\"}}', '2017-08-31 14:04:55', '2017-08-31 14:04:55', '145bb472-2cd8-41d6-a6fe-107cc4d81303'),
 ('94', '221', '9', '1', 'en_us', '1', '', '{\"typeId\":null,\"authorId\":\"1\",\"title\":\"The Garden\",\"slug\":\"the-garden\",\"postDate\":null,\"expiryDate\":null,\"enabled\":0,\"parentId\":null,\"fields\":{\"28\":\"\",\"25\":\"\",\"26\":\"\",\"27\":\"\"}}', '2017-08-31 14:07:29', '2017-08-31 14:07:29', '0b513dad-4214-4dd7-9903-0278af2f8b2d'),
 ('95', '221', '9', '1', 'en_us', '2', '', '{\"typeId\":\"9\",\"authorId\":\"1\",\"title\":\"The Garden\",\"slug\":\"the-garden\",\"postDate\":1504189343,\"expiryDate\":null,\"enabled\":1,\"parentId\":null,\"fields\":{\"28\":{\"new1\":{\"type\":\"paragraph\",\"enabled\":\"1\",\"fields\":{\"text\":\"<p>Besides being an oasis of rest and comfort for one and all,&nbsp;the garden provides a small but significant ecological benefit for&nbsp;everyone. The wide expanse of plants, shrubs and trees offsets carbon&nbsp;emissions, and the peace and quiet of the garden offer relief from the&nbsp;city\\u2019s noise pollution.&nbsp;<\\/p><p>Birds stop by to dip their beaks in the fountain.&nbsp;During the week, it\\u2019s a popular lunch spot for people who work in the&nbsp;neighborhood, and on Sundays in warm weather, it\\u2019s the site of coffee hour. This past summer, the garden was enhanced with the generous gift&nbsp;of a young tree from a friend at the nearby James Hotel. Please stop by if&nbsp;you\\u2019re in the neighborhood. You will always be welcome here.<\\/p>\"}}},\"25\":[\"223\"],\"26\":\"\",\"27\":\"\"}}', '2017-08-31 14:22:23', '2017-08-31 14:22:23', 'c682cfd4-e152-4e1b-956e-56cc82d31b2a'),
 ('96', '221', '9', '1', 'en_us', '3', '', '{\"typeId\":\"9\",\"authorId\":\"1\",\"title\":\"The Garden\",\"slug\":\"the-garden\",\"postDate\":1504189320,\"expiryDate\":null,\"enabled\":1,\"parentId\":null,\"fields\":{\"28\":{\"224\":{\"type\":\"paragraph\",\"enabled\":\"1\",\"fields\":{\"text\":\"<p>Besides being an oasis of rest and comfort for one and all,&nbsp;the garden provides a small but significant ecological benefit for&nbsp;everyone. The wide expanse of plants, shrubs and trees offsets carbon&nbsp;emissions, and the peace and quiet of the garden offer relief from the&nbsp;city\\u2019s noise pollution.&nbsp;<\\/p>\\r\\n<p>Birds stop by to dip their beaks in the fountain.&nbsp;During the week, it\\u2019s a popular lunch spot for people who work in the&nbsp;neighborhood, and on Sundays in warm weather, it\\u2019s the site of coffee hour. This past summer, the garden was enhanced with the generous gift&nbsp;of a young tree from a friend at the nearby James Hotel. Please stop by if&nbsp;you\\u2019re in the neighborhood. You will always be welcome here.<\\/p>\"}}},\"25\":[\"223\"],\"26\":\"\",\"27\":\"\"}}', '2017-08-31 14:22:31', '2017-08-31 14:22:31', 'dfb7ed4b-72c9-42d5-ad0a-e210d18ede40'),
 ('97', '221', '9', '1', 'en_us', '4', '', '{\"typeId\":\"9\",\"authorId\":\"1\",\"title\":\"The Garden\",\"slug\":\"the-garden\",\"postDate\":1504189320,\"expiryDate\":null,\"enabled\":1,\"parentId\":null,\"fields\":{\"28\":{\"224\":{\"type\":\"paragraph\",\"enabled\":\"1\",\"fields\":{\"text\":\"<p>Besides being an oasis of rest and comfort for one and all,&nbsp;the garden provides a small but significant ecological benefit for&nbsp;everyone. The wide expanse of plants, shrubs and trees offsets carbon&nbsp;emissions, and the peace and quiet of the garden offer relief from the&nbsp;city\\u2019s noise pollution.&nbsp;<\\/p>\\r\\n<p>Birds stop by to dip their beaks in the fountain.&nbsp;During the week, it\\u2019s a popular lunch spot for people who work in the&nbsp;neighborhood, and on Sundays in warm weather, it\\u2019s the site of coffee hour. This past summer, the garden was enhanced with the generous gift&nbsp;of a young tree from a friend at the nearby James Hotel. Please stop by if&nbsp;you\\u2019re in the neighborhood. You will always be welcome here.<\\/p>\"}}},\"25\":[\"223\"],\"26\":\"Mary Jane Gocher\",\"27\":\"\"}}', '2017-08-31 14:23:40', '2017-08-31 14:23:40', 'b346dd7d-91cc-4541-9457-6bb1783d97a9'),
 ('98', '221', '9', '1', 'en_us', '5', '', '{\"typeId\":\"9\",\"authorId\":\"1\",\"title\":\"The Garden\",\"slug\":\"the-garden\",\"postDate\":1504189320,\"expiryDate\":null,\"enabled\":1,\"parentId\":null,\"fields\":{\"28\":{\"224\":{\"type\":\"paragraph\",\"enabled\":\"1\",\"fields\":{\"text\":\"<p>Besides being an oasis of rest and comfort for one and all,&nbsp;the garden provides a small but significant ecological benefit for&nbsp;everyone. The wide expanse of plants, shrubs and trees offsets carbon&nbsp;emissions, and the peace and quiet of the garden offer relief from the&nbsp;city\\u2019s noise pollution.&nbsp;<\\/p>\\r\\n<p>Birds stop by to dip their beaks in the fountain.&nbsp;During the week, it\\u2019s a popular lunch spot for people who work in the&nbsp;neighborhood, and on Sundays in warm weather, it\\u2019s the site of coffee hour. This past summer, the garden was enhanced with the generous gift&nbsp;of a young tree from a friend at the nearby James Hotel. Please stop by if&nbsp;you\\u2019re in the neighborhood. You will always be welcome here.<\\/p>\"}}},\"25\":[\"223\"],\"26\":\"Mary Jane Gocher\",\"27\":\"\"}}', '2017-08-31 14:23:49', '2017-08-31 14:23:49', '834857e0-3a81-4e9e-9506-cf254e5fee0c'),
 ('99', '221', '9', '1', 'en_us', '6', '', '{\"typeId\":\"9\",\"authorId\":\"1\",\"title\":\"The Garden\",\"slug\":\"the-garden\",\"postDate\":1503930120,\"expiryDate\":null,\"enabled\":1,\"parentId\":null,\"fields\":{\"28\":{\"224\":{\"type\":\"paragraph\",\"enabled\":\"1\",\"fields\":{\"text\":\"<p>Besides being an oasis of rest and comfort for one and all,&nbsp;the garden provides a small but significant ecological benefit for&nbsp;everyone. The wide expanse of plants, shrubs and trees offsets carbon&nbsp;emissions, and the peace and quiet of the garden offer relief from the&nbsp;city\\u2019s noise pollution.&nbsp;<\\/p>\\r\\n<p>Birds stop by to dip their beaks in the fountain.&nbsp;During the week, it\\u2019s a popular lunch spot for people who work in the&nbsp;neighborhood, and on Sundays in warm weather, it\\u2019s the site of coffee hour. This past summer, the garden was enhanced with the generous gift&nbsp;of a young tree from a friend at the nearby James Hotel. Please stop by if&nbsp;you\\u2019re in the neighborhood. You will always be welcome here.<\\/p>\"}}},\"25\":[\"223\"],\"26\":\"Mary Jane Gocher\",\"27\":\"\"}}', '2017-08-31 14:24:08', '2017-08-31 14:24:08', 'bd3a2f26-030e-44e9-833d-b76aaad99e36'),
 ('100', '87', '7', '1', 'en_us', '7', '', '{\"typeId\":\"7\",\"authorId\":\"1\",\"title\":\"Who We Are\",\"slug\":\"who-we-are\",\"postDate\":1503949200,\"expiryDate\":null,\"enabled\":1,\"parentId\":null,\"fields\":{\"3\":\"Who We Are\",\"13\":{\"88\":{\"type\":\"bioGroup\",\"enabled\":\"1\",\"fields\":{\"bioType\":\"Leadership\",\"individual\":[\"78\",\"76\"]}}},\"11\":[\"208\"],\"12\":\"<p>Consequat orci a cum suspendisse pretium orci dui dapibus ultricies nisi vulputate erat a dui. Ultricies enim a ut per egestas augue dis ad tellus mus a hac ac a scelerisque ullamcorper eupraesent quisque adipiscing. Erat purus ante habitasse mus interdum scelerisque a hac fermentum cum conguesuspendisse scelerisque auctor condimentum eu ipsum varius cursus a tempus aenean consectetur et a. Cubilia scelerisque ligula fusce a consequat vel fames a arcu mi nisl et at ultrices nunc. Sem inceptos sociosqu interdum adipiscing quis aliquam adipiscing vel taciti enim penatibus et ullamcorper venenatis.<\\/p>\",\"27\":\"\"}}', '2017-08-31 14:47:19', '2017-08-31 14:47:19', 'bef97cae-f97a-4be5-bfbe-9583f346c003'),
 ('101', '94', '9', '1', 'en_us', '30', '', '{\"typeId\":\"9\",\"authorId\":\"1\",\"title\":\"Good Things Come In Threes\",\"slug\":\"good-things-come-in-threes\",\"postDate\":1504084080,\"expiryDate\":null,\"enabled\":1,\"parentId\":null,\"fields\":{\"28\":{\"107\":{\"type\":\"paragraph\",\"enabled\":\"1\",\"fields\":{\"text\":\"<p>I was paging my way through <em>Holy Men, Holy Women<\\/em> on a fact-checking mission when I came across the entry for December 16<sup>th<\\/sup>.<\\/p>\\r\\n<p>\\r\\n<\\/p>\\r\\n<p>I was stunned to see that this day had been set apart to honor two architects and an artist whose work was represented here at Transfiguration:&nbsp; Ralph Adams Cram, designer of St. Thomas Church NYC and the nave of the Cathedral of St. John the Divine, Richard Upjohn, the designer of Trinity Church on Wall Street in lower Manhattan, and John Lafarge, painter of murals and designer of many notable stained glass windows.<\\/p>\\r\\n<p>\\r\\n<\\/p>\\r\\n<p><em>Holy Men, Holy Women<\\/em> encourages us to offer thanks for \\u201cthe vision of Ralph Adams Cram, John LaFarge and Richard Upjohn, whose harmonious revival of the Gothic enriched our churches with a sacramental understanding of reality in the face of secular materialism&hellip;\\u201d *<\\/p>\"}},\"111\":{\"type\":\"figure\",\"enabled\":\"1\",\"fields\":{\"image\":[\"211\"],\"altAttribute\":\"John LaFarge\\u2019s magnificent window depicting Edwin Booth\",\"caption\":\"<p>John LaFarge\\u2019s magnificent window depicting Edwin Booth<\\/p>\",\"enlarge\":\"1\",\"orientation\":\"vertical\"}},\"108\":{\"type\":\"paragraph\",\"enabled\":\"1\",\"fields\":{\"text\":\"<p><em>Holy Men, Holy Women<\\/em>&nbsp;encourages us to offer thanks for \\u201cthe vision of Ralph Adams Cram, John LaFarge and Richard Upjohn, whose harmonious revival of the Gothic enriched our churches with a sacramental understanding of reality in the face of secular materialism&hellip;\\u201d *<br><\\/p>\\r\\n<p>Ralph Adams Cram was the designer of our beautiful polychromed wood Madonna Shrine, located in the Transept. It was donated by Mr. F. E. Saxham Drury in memory of Elbridge T. Gerry and Mabel Gerry Drury.<br><\\/p>\\r\\n<p>Turn to your right, and there is John LaFarge\\u2019s magnificent window depicting Edwin Booth, the leading Shakespearean actor of his time, holding a mask and dressed in Greco-Roman costume.&nbsp; (Edwin Booth was the brother of the notorious John Wilkes Booth, President Lincoln\\u2019s assassin.) The window was given in his memory in 1898 by members of the Players Club, which he founded.<\\/p>\"}},\"123\":{\"type\":\"paragraph\",\"enabled\":\"1\",\"fields\":{\"text\":\"<p>Ralph Adams Cram was the designer of our beautiful polychromed wood Madonna Shrine, located in the Transept.&nbsp; It was donated by Mr. F. E. Saxham Drury in memory of Elbridge T. Gerry and Mabel Gerry Drury.<\\/p>\\r\\n<p>And a few steps away, near the chancel on the northeast side of the nave, stands Richard Upjohn\\u2019s beautiful and intricate brass filigree pulpit.<\\/p>\"}},\"122\":{\"type\":\"figure\",\"enabled\":\"1\",\"fields\":{\"image\":[\"216\"],\"altAttribute\":\"Richard Upjohn\\u2019s beautiful and intricate brass filigree pulpit\",\"caption\":\"<p>Richard Upjohn\\u2019s beautiful and intricate brass filigree pulpit<\\/p>\",\"enlarge\":\"1\",\"orientation\":\"horizontal\"}},\"126\":{\"type\":\"paragraph\",\"enabled\":\"1\",\"fields\":{\"text\":\"<p>How fortunate we are to have works by all three of these masters under the roof of the \\u201cLittle Church\\u201d.&nbsp; I will give thanks when December 16<sup>th<\\/sup>&nbsp;rolls around.<\\/p>\"}},\"218\":{\"type\":\"footnote\",\"enabled\":\"1\",\"fields\":{\"text\":\"<p><em>Holy Women, Holy Men: Celebrating the Saints<\\/em> by Church Publishing Incorporated<\\/p>\"}}},\"25\":[\"205\"],\"26\":\"Mary Jane Gocher\",\"27\":\"Corey Schneider\"}}', '2017-08-31 17:46:16', '2017-08-31 17:46:16', '20a51b86-7f0b-490d-9020-641575098196'),
 ('106', '234', '7', '1', 'en_us', '1', '', '{\"typeId\":null,\"authorId\":\"1\",\"title\":\"Our History\",\"slug\":\"our-history\",\"postDate\":1504211274,\"expiryDate\":null,\"enabled\":1,\"parentId\":null,\"fields\":{\"3\":\"\",\"13\":\"\",\"11\":\"\",\"12\":\"\",\"27\":\"\"}}', '2017-08-31 20:27:54', '2017-08-31 20:27:54', '786f6212-5de0-4013-978f-5ddf602d70d1'),
 ('107', '234', '7', '1', 'en_us', '2', '', '{\"typeId\":\"7\",\"authorId\":\"1\",\"title\":\"Our History\",\"slug\":\"our-history\",\"postDate\":1504211220,\"expiryDate\":null,\"enabled\":1,\"parentId\":null,\"fields\":{\"3\":\"\",\"13\":{\"new1\":{\"type\":\"generalSection\",\"enabled\":\"1\",\"fields\":{\"text\":\"<h2>Sem inceptos sociosqu interdum<\\/h2>\\r\\n<p>Consequat orci a cum suspendisse pretium orci dui dapibus ultricies nisi vulputate erat a dui. Ultricies enim a ut per egestas augue dis ad tellus mus a hac ac a scelerisque ullamcorper eupraesent quisque adipiscing. Erat purus ante habitasse mus interdum scelerisque a hac fermentum cum conguesuspendisse scelerisque auctor condimentum eu ipsum varius cursus a tempus aenean consectetur et a. Cubilia scelerisque ligula fusce a consequat vel fames a arcu mi nisl et at ultrices nunc. Sem inceptos sociosqu interdum adipiscing quis aliquam adipiscing vel taciti enim penatibus et ullamcorper venenatis.<\\/p>\"}}},\"11\":[\"235\"],\"12\":\"<p>Consequat orci a cum suspendisse pretium orci dui dapibus ultricies nisi vulputate erat a dui. Ultricies enim a ut per egestas augue dis ad tellus mus a hac ac a scelerisque ullamcorper eupraesent quisque adipiscing. Erat purus ante habitasse mus interdum scelerisque a hac fermentum cum conguesuspendisse scelerisque auctor condimentum eu ipsum varius cursus a tempus aenean consectetur et a. Cubilia scelerisque ligula fusce a consequat vel fames a arcu mi nisl et at ultrices nunc. Sem inceptos sociosqu interdum adipiscing quis aliquam adipiscing vel taciti enim penatibus et ullamcorper venenatis.<\\/p>\",\"27\":\"\"}}', '2017-08-31 20:29:51', '2017-08-31 20:29:51', 'f1490147-cd5d-489e-9e63-ed33f864329a');
INSERT INTO `craft_entryversions` (`id`, `entryId`, `sectionId`, `creatorId`, `locale`, `num`, `notes`, `data`, `dateCreated`, `dateUpdated`, `uid`) VALUES
 ('108', '239', '7', '1', 'en_us', '1', '', '{\"typeId\":null,\"authorId\":\"1\",\"title\":\"Parish Life\",\"slug\":\"parish-life\",\"postDate\":1504211776,\"expiryDate\":null,\"enabled\":1,\"parentId\":null,\"fields\":{\"3\":\"\",\"13\":{\"new1\":{\"type\":\"generalSection\",\"enabled\":\"1\",\"fields\":{\"text\":\"<p><span class=\\\"aBn\\\" data-term=\\\"goog_1238699488\\\" tabindex=\\\"0\\\">Sunday<\\/span>&nbsp;Coffee Hours also afford parishioners and newcomers opportunities to interact and to build relationships that often result in invitations to break bread or to take advantage of the many cultural events in New York.&nbsp; Fundraisers, like our Spring Music Gala, are also a great way to interact with fellow parishioners and to enjoy the talent and hospitality of our parish.<\\/p>\\r\\n<p>Sign up for our&nbsp;<a href=\\\"http:\\/\\/lc-craft\\/grace\\/entries\\/about\\/new#\\\">weekly&nbsp;Friday&nbsp;blasts<\\/a>&nbsp;and check&nbsp;<a href=\\\"http:\\/\\/lc-craft\\/grace\\/entries\\/about\\/new#\\\">our calendar<\\/a><span class=\\\"redactor-unlink\\\"><\\/span>&nbsp;for upcoming events and opportunities to participate in the robust Parish Life of Church of the Transfiguration.<\\/p><p><\\/p>\"}}},\"11\":[\"238\"],\"12\":\"<p>Building community is an important part of Church of the Transfiguration both spiritually and socially.&nbsp; Many of our parishioners gather each week&nbsp;<span class=\\\"aBn\\\" data-term=\\\"goog_1238699486\\\" tabindex=\\\"0\\\"><span class=\\\"aQJ\\\">on Thursday<\\/span><\\/span>&nbsp;to participate in worship and Bible Study, while others enjoy going to a local restaurant after&nbsp;<span class=\\\"aBn\\\" data-term=\\\"goog_1238699487\\\" tabindex=\\\"0\\\"><span class=\\\"aQJ\\\">Sunday<\\/span><\\/span>&nbsp;mass to enjoy brunch and social fellowship.<\\/p>\",\"27\":\"\"}}', '2017-08-31 20:36:16', '2017-08-31 20:36:16', '36f59dec-6af5-47d9-95b9-6ca6cfad0339'),
 ('109', '239', '7', '1', 'en_us', '2', '', '{\"typeId\":\"7\",\"authorId\":\"1\",\"title\":\"Parish Life\",\"slug\":\"parish-life\",\"postDate\":1504211760,\"expiryDate\":null,\"enabled\":1,\"parentId\":null,\"fields\":{\"3\":\"\",\"13\":{\"240\":{\"type\":\"generalSection\",\"enabled\":\"1\",\"fields\":{\"text\":\"<p>Sunday&nbsp;Coffee Hours also afford parishioners and newcomers opportunities to interact and to build relationships that often result in invitations to break bread or to take advantage of the many cultural events in New York.&nbsp; Fundraisers, like our Spring Music Gala, are also a great way to interact with fellow parishioners and to enjoy the talent and hospitality of our parish.<\\/p>\\r\\n<p>Sign up for our&nbsp;<a href=\\\"http:\\/\\/lc-craft\\/grace\\/entries\\/about\\/new#\\\">weekly&nbsp;Friday&nbsp;blasts<\\/a>&nbsp;and check&nbsp;<a href=\\\"http:\\/\\/lc-craft\\/grace\\/entries\\/about\\/new#\\\">our calendar<\\/a>&nbsp;for upcoming events and opportunities to participate in the robust Parish Life of Church of the Transfiguration.<\\/p>\"}}},\"11\":[\"238\"],\"12\":\"<p>Building community is an important part of Church of the Transfiguration both spiritually and socially.&nbsp; Many of our parishioners gather each week&nbsp;on Thursday&nbsp;to participate in worship and Bible Study, while others enjoy going to a local restaurant after&nbsp;Sunday&nbsp;mass to enjoy brunch and social fellowship.<\\/p>\",\"27\":\"\"}}', '2017-08-31 20:36:25', '2017-08-31 20:36:25', '61b48381-b8a9-401c-8832-267fd4ae7993'),
 ('110', '239', '7', '1', 'en_us', '3', '', '{\"typeId\":\"7\",\"authorId\":\"1\",\"title\":\"Parish Life\",\"slug\":\"parish-life\",\"postDate\":1504211760,\"expiryDate\":null,\"enabled\":1,\"parentId\":null,\"fields\":{\"3\":\"\",\"13\":{\"240\":{\"type\":\"generalSection\",\"enabled\":\"1\",\"fields\":{\"text\":\"<p>Sunday&nbsp;Coffee Hours also afford parishioners and newcomers opportunities to interact and to build relationships that often result in invitations to break bread or to take advantage of the many cultural events in New York.&nbsp; Fundraisers, like our Spring Music Gala, are also a great way to interact with fellow parishioners and to enjoy the talent and hospitality of our parish.<\\/p>\\r\\n<p>Sign up for our&nbsp;<a href=\\\"http:\\/\\/lc-craft\\/grace\\/entries\\/about\\/new#\\\">weekly&nbsp;Friday&nbsp;blasts<\\/a>&nbsp;and check&nbsp;<a href=\\\"http:\\/\\/lc-craft\\/grace\\/entries\\/about\\/new#\\\">our calendar<\\/a>&nbsp;for upcoming events and opportunities to participate in the robust Parish Life of Church of the Transfiguration.<\\/p>\"}}},\"11\":[\"238\"],\"12\":\"<p>Building community is an important part of Church of the Transfiguration both spiritually and socially.&nbsp; Many of our parishioners gather each week&nbsp;on Thursday&nbsp;to participate in worship and Bible Study, while others enjoy going to a local restaurant after&nbsp;Sunday&nbsp;mass to enjoy brunch and social fellowship.<\\/p>\",\"27\":\"\"}}', '2017-08-31 20:52:38', '2017-08-31 20:52:38', '9ac9424a-5aae-456e-94fd-3b16f2a91fc9'),
 ('111', '239', '7', '1', 'en_us', '4', '', '{\"typeId\":\"7\",\"authorId\":\"1\",\"title\":\"Parish Life\",\"slug\":\"parish-life\",\"postDate\":1504211760,\"expiryDate\":null,\"enabled\":1,\"parentId\":null,\"fields\":{\"3\":\"\",\"13\":{\"240\":{\"type\":\"generalSection\",\"enabled\":\"1\",\"fields\":{\"text\":\"<p>Sunday&nbsp;Coffee Hours also afford parishioners and newcomers opportunities to interact and to build relationships that often result in invitations to break bread or to take advantage of the many cultural events in New York.&nbsp; Fundraisers, like our Spring Music Gala, are also a great way to interact with fellow parishioners and to enjoy the talent and hospitality of our parish.<\\/p>\\r\\n<p>Sign up for our&nbsp;<a href=\\\"http:\\/\\/lc-craft\\/grace\\/entries\\/about\\/new#\\\">weekly&nbsp;Friday&nbsp;blasts<\\/a>&nbsp;and check&nbsp;<a href=\\\"http:\\/\\/lc-craft\\/grace\\/entries\\/about\\/new#\\\">our calendar<\\/a>&nbsp;for upcoming events and opportunities to participate in the robust Parish Life of Church of the Transfiguration.<\\/p>\"}}},\"11\":[\"238\"],\"12\":\"<p>Building community is an important part of Church of the Transfiguration both spiritually and socially.&nbsp; Many of our parishioners gather each week&nbsp;on Thursday&nbsp;to participate in worship and Bible Study, while others enjoy going to a local restaurant after&nbsp;Sunday&nbsp;mass to enjoy brunch and social fellowship.<\\/p>\",\"27\":\"\"}}', '2017-08-31 20:54:45', '2017-08-31 20:54:45', '8902f01d-22ef-40e1-9195-7e28890de752'),
 ('112', '239', '7', '1', 'en_us', '5', '', '{\"typeId\":\"7\",\"authorId\":\"1\",\"title\":\"Parish Life\",\"slug\":\"parish-life\",\"postDate\":1504211760,\"expiryDate\":null,\"enabled\":1,\"parentId\":null,\"fields\":{\"3\":\"\",\"13\":{\"240\":{\"type\":\"generalSection\",\"enabled\":\"1\",\"fields\":{\"text\":\"<p>Sunday&nbsp;Coffee Hours also afford parishioners and newcomers opportunities to interact and to build relationships that often result in invitations to break bread or to take advantage of the many cultural events in New York. Fundraisers, like our Spring Music Gala, are also a great way to interact with fellow parishioners and to enjoy the talent and hospitality of our parish.<\\/p>\\r\\n<p>Sign up for our&nbsp;<a href=\\\"http:\\/\\/lc-craft\\/grace\\/entries\\/about\\/new#\\\">weekly&nbsp;Friday&nbsp;blasts<\\/a>&nbsp;and check&nbsp;<a href=\\\"http:\\/\\/lc-craft\\/grace\\/entries\\/about\\/new#\\\">our calendar<\\/a>&nbsp;for upcoming events and opportunities to participate in the robust Parish Life of Church of the Transfiguration.<\\/p>\"}}},\"11\":[\"238\"],\"12\":\"<p>Building community is an important part of Church of the Transfiguration both spiritually and socially. Many of our parishioners gather each week&nbsp;on Thursday&nbsp;to participate in worship and Bible Study, while others enjoy going to a local restaurant after&nbsp;Sunday&nbsp;mass to enjoy brunch and social fellowship.<\\/p>\",\"27\":\"\"}}', '2017-09-01 09:33:22', '2017-09-01 09:33:22', '291dbd98-854f-43fe-9e04-8964839fbc55'),
 ('113', '244', '10', '1', 'en_us', '1', '', '{\"typeId\":null,\"authorId\":\"1\",\"title\":\"Whorship Schedule\",\"slug\":\"whorship-schedule\",\"postDate\":1504260795,\"expiryDate\":null,\"enabled\":1,\"parentId\":null,\"fields\":{\"3\":\"\",\"13\":{\"new1\":{\"type\":\"generalSection\",\"enabled\":\"1\",\"fields\":{\"text\":\"<p>At the center of our worship is emphasis on both Word and Table. Little Church clergy are considered <a href=\\\"#\\\">excellent preachers<\\/a>&nbsp;who connect lectionary readings with Biblical context and current challenges with a smattering of personal stories and humor. Transfiguration acolytes do an extraordinary job in ensuring the Eucharist is celebrated with majesty and dignity, and the authentic expertise of <a href=\\\"#\\\">our choirs<\\/a>&nbsp;draws worshippers closer to the love of Jesus Christ through some of the most beloved hymns of the Church.<\\/p>\\r\\n<p>Below is the current worship schedule. Please consider joining us!<\\/p>\"}}},\"11\":[\"243\"],\"12\":\"<p>The cornerstone of Transfiguration\\u2019s spirituality is how we express and demonstrate God\\u2019s inclusive love through liturgy, music and worship. As an Anglo-Catholic parish, Transfiguration honors traditional liturgy with a full complement of meaningful preaching and music.<\\/p>\",\"27\":\"\"}}', '2017-09-01 10:13:16', '2017-09-01 10:13:16', '9a72c2e3-7c7c-48d6-a7c6-7f88e7bbb276'),
 ('114', '244', '10', '1', 'en_us', '2', '', '{\"typeId\":\"10\",\"authorId\":\"1\",\"title\":\"Worship Schedule\",\"slug\":\"whorship-schedule\",\"postDate\":1504260780,\"expiryDate\":null,\"enabled\":1,\"parentId\":null,\"fields\":{\"3\":\"\",\"13\":{\"245\":{\"type\":\"generalSection\",\"enabled\":\"1\",\"fields\":{\"text\":\"<p>At the center of our worship is emphasis on both Word and Table. Little Church clergy are considered <a href=\\\"#\\\">excellent preachers<\\/a>&nbsp;who connect lectionary readings with Biblical context and current challenges with a smattering of personal stories and humor. Transfiguration acolytes do an extraordinary job in ensuring the Eucharist is celebrated with majesty and dignity, and the authentic expertise of <a href=\\\"#\\\">our choirs<\\/a>&nbsp;draws worshippers closer to the love of Jesus Christ through some of the most beloved hymns of the Church.<\\/p>\\r\\n<p>Below is the current worship schedule. Please consider joining us!<\\/p>\"}}},\"11\":[\"243\"],\"12\":\"<p>The cornerstone of Transfiguration\\u2019s spirituality is how we express and demonstrate God\\u2019s inclusive love through liturgy, music and worship. As an Anglo-Catholic parish, Transfiguration honors traditional liturgy with a full complement of meaningful preaching and music.<\\/p>\",\"27\":\"\"}}', '2017-09-01 10:13:37', '2017-09-01 10:13:37', '2af9c9cc-81ac-444d-89f7-b95224281972'),
 ('115', '244', '10', '1', 'en_us', '3', '', '{\"typeId\":\"10\",\"authorId\":\"1\",\"title\":\"Worship Schedule\",\"slug\":\"worship-schedule\",\"postDate\":1504260780,\"expiryDate\":null,\"enabled\":1,\"parentId\":null,\"fields\":{\"3\":\"\",\"13\":{\"245\":{\"type\":\"generalSection\",\"enabled\":\"1\",\"fields\":{\"text\":\"<p>At the center of our worship is emphasis on both Word and Table. Little Church clergy are considered <a href=\\\"#\\\">excellent preachers<\\/a>&nbsp;who connect lectionary readings with Biblical context and current challenges with a smattering of personal stories and humor. Transfiguration acolytes do an extraordinary job in ensuring the Eucharist is celebrated with majesty and dignity, and the authentic expertise of <a href=\\\"#\\\">our choirs<\\/a>&nbsp;draws worshippers closer to the love of Jesus Christ through some of the most beloved hymns of the Church.<\\/p>\\r\\n<p>Below is the current worship schedule. Please consider joining us!<\\/p>\"}}},\"11\":[\"243\"],\"12\":\"<p>The cornerstone of Transfiguration\\u2019s spirituality is how we express and demonstrate God\\u2019s inclusive love through liturgy, music and worship. As an Anglo-Catholic parish, Transfiguration honors traditional liturgy with a full complement of meaningful preaching and music.<\\/p>\",\"27\":\"\"}}', '2017-09-01 10:13:45', '2017-09-01 10:13:45', '35f826fc-7a14-4b68-b763-04d6bdf4e1f6'),
 ('116', '244', '10', '1', 'en_us', '4', '', '{\"typeId\":\"10\",\"authorId\":\"1\",\"title\":\"Worship Schedule\",\"slug\":\"worship-schedule\",\"postDate\":1504260780,\"expiryDate\":null,\"enabled\":1,\"parentId\":null,\"fields\":{\"3\":\"\",\"13\":{\"245\":{\"type\":\"generalSection\",\"enabled\":\"1\",\"fields\":{\"text\":\"<p>At the center of our worship is emphasis on both Word and Table. Little Church clergy are considered <a href=\\\"#\\\">excellent preachers<\\/a>&nbsp;who connect lectionary readings with Biblical context and current challenges with a smattering of personal stories and humor. Transfiguration acolytes do an extraordinary job in ensuring the Eucharist is celebrated with majesty and dignity, and the authentic expertise of <a href=\\\"#\\\">our choirs<\\/a>&nbsp;draws worshippers closer to the love of Jesus Christ through some of the most beloved hymns of the Church.<\\/p>\\r\\n<p>Below is the current worship schedule. Please consider joining us!<\\/p>\"}}},\"11\":[\"243\"],\"12\":\"<p>The cornerstone of Transfiguration\\u2019s spirituality is how we express and demonstrate God\\u2019s inclusive love through liturgy, music and worship. As an Anglo-Catholic parish, Transfiguration honors traditional liturgy with a full complement of meaningful preaching and music.<\\/p>\",\"27\":\"\"}}', '2017-09-01 10:13:52', '2017-09-01 10:13:52', 'ebadf824-1e08-4abc-93df-29ac63bbc34c'),
 ('117', '234', '7', '1', 'en_us', '3', '', '{\"typeId\":\"7\",\"authorId\":\"1\",\"title\":\"Our History\",\"slug\":\"our-history\",\"postDate\":1504211220,\"expiryDate\":null,\"enabled\":1,\"parentId\":null,\"fields\":{\"3\":\"\",\"13\":{\"236\":{\"type\":\"generalSection\",\"enabled\":\"1\",\"fields\":{\"text\":\"<h2>The Civil War<\\/h2><p><span class=\\\"s1\\\" <the=\\\"\\\" parish=\\\"\\\" had=\\\"\\\" only=\\\"\\\" been=\\\"\\\" established=\\\"\\\" for=\\\"\\\" a=\\\"\\\" few=\\\"\\\" years,=\\\"\\\" when=\\\"\\\" the=\\\"\\\" civil=\\\"\\\" war=\\\"\\\" broke=\\\"\\\" out.=\\\"\\\">span class=\\\"Apple-converted-space\\\"&gt;&nbsp; <\\/span>During this time, the church was a stop on the Underground Railroad, sheltering escaped slaves on their journey north.<span class=\\\"Apple-converted-space\\\">&nbsp; <\\/span>It was a place of refuge for African Americans during the New York Draft Riots of 1863 --three days of lawlessness, destruction, bloodshed, and lynchings.<\\/p>\\r\\n\"}}},\"11\":[\"235\"],\"12\":\"<p><span class=\\\"s1\\\">The Civil War<\\/span><\\/p><p><span class=\\\"s1\\\">The parish had only been established for a few years, when the Civil War broke out. &nbsp;During this time, the church was a stop on the Underground Railroad, sheltering escaped slaves on their journey north. &nbsp;It was a place of refuge for African Americans during the New York Draft Riots of 1863&mdash;three days of lawlessness, destruction, bloodshed, and lynchings.<\\/span><\\/p>\",\"27\":\"\"}}', '2017-09-04 20:45:14', '2017-09-04 20:45:14', 'd5110712-b60e-41f0-beee-cf09830639dd'),
 ('118', '234', '7', '1', 'en_us', '4', '', '{\"typeId\":\"7\",\"authorId\":\"1\",\"title\":\"A Brief History\",\"slug\":\"our-history\",\"postDate\":1504211220,\"expiryDate\":null,\"enabled\":1,\"parentId\":null,\"fields\":{\"3\":\"\",\"13\":{\"236\":{\"type\":\"generalSection\",\"enabled\":\"1\",\"fields\":{\"text\":\"<h2>The Civil War<\\/h2>\\r\\n<p>span class=\\\"Apple-converted-space\\\"&gt;&nbsp; During this time, the church was a stop on the Underground Railroad, sheltering escaped slaves on their journey north.&nbsp; It was a place of refuge for African Americans during the New York Draft Riots of 1863 --three days of lawlessness, destruction, bloodshed, and lynchings.<\\/p>\"}}},\"11\":[\"235\"],\"12\":\"<p>Church of the Transfiguration parish was founded in 1848. &nbsp;The building itself dates from 1850; it was made a national landmark in 1973. &nbsp;The founder, the Rev. Dr. George Hendric Houghton wanted to build a church that would serve the needs of the poor and marginalized, and would welcome all regardless of race, class or background.<\\/p>\",\"27\":\"\"}}', '2017-09-04 20:47:46', '2017-09-04 20:47:46', '08a3212e-6f8b-4df0-aa41-d81e9749f0bd'),
 ('119', '234', '7', '1', 'en_us', '5', '', '{\"typeId\":\"7\",\"authorId\":\"1\",\"title\":\"A Brief History\",\"slug\":\"our-history\",\"postDate\":1504211220,\"expiryDate\":null,\"enabled\":1,\"parentId\":null,\"fields\":{\"3\":\"\",\"13\":{\"236\":{\"type\":\"generalSection\",\"enabled\":\"1\",\"fields\":{\"text\":\"<h2>The Civil War<\\/h2><p>The parish had only been established for a few years, when the Civil War broke out. &nbsp;During this time, the church was a stop on the Underground Railroad, sheltering escaped slaves on their journey north. &nbsp;It was a place of refuge for African Americans during the New York Draft Riots of 1863&mdash;three days of lawlessness, destruction, bloodshed, and lynchings<\\/p>\"}}},\"11\":[\"235\"],\"12\":\"<p>Church of the Transfiguration parish was founded in 1848. &nbsp;The building itself dates from 1850; it was made a national landmark in 1973. &nbsp;The founder, the Rev. Dr. George Hendric Houghton wanted to build a church that would serve the needs of the poor and marginalized, and would welcome all regardless of race, class or background.<\\/p>\",\"27\":\"\"}}', '2017-09-04 20:48:57', '2017-09-04 20:48:57', 'be909ff5-c873-4568-86b3-f9da956a2419'),
 ('120', '234', '7', '1', 'en_us', '6', '', '{\"typeId\":\"7\",\"authorId\":\"1\",\"title\":\"A Brief History\",\"slug\":\"our-history\",\"postDate\":1504211220,\"expiryDate\":null,\"enabled\":1,\"parentId\":null,\"fields\":{\"3\":\"\",\"13\":{\"236\":{\"type\":\"generalSection\",\"enabled\":\"1\",\"fields\":{\"text\":\"<h2>The Civil War<\\/h2>\\r\\n<p>The parish had only been established for a few years, when the Civil War broke out. &nbsp;During this time, the church was a stop on the Underground Railroad, sheltering escaped slaves on their journey north. It was a place of refuge for African Americans during the New York Draft Riots of 1863&mdash;three days of lawlessness, destruction, bloodshed, and lynchings.<\\/p>\"}}},\"11\":[\"235\"],\"12\":\"<p>Church of the Transfiguration parish was founded in 1848. &nbsp;The building itself dates from 1850; it was made a national landmark in 1973. &nbsp;The founder, the Rev. Dr. George Hendric Houghton wanted to build a church that would serve the needs of the poor and marginalized, and would welcome all regardless of race, class or background.<\\/p>\",\"27\":\"\"}}', '2017-09-04 20:49:59', '2017-09-04 20:49:59', '8913e68a-4e85-49aa-ba36-8cd9403f8a05'),
 ('121', '234', '7', '1', 'en_us', '7', '', '{\"typeId\":\"7\",\"authorId\":\"1\",\"title\":\"A Brief History\",\"slug\":\"our-history\",\"postDate\":1504211220,\"expiryDate\":null,\"enabled\":1,\"parentId\":null,\"fields\":{\"3\":\"\",\"13\":{\"236\":{\"type\":\"generalSection\",\"enabled\":\"1\",\"fields\":{\"text\":\"<h2>The Civil War<\\/h2>\\r\\n<p>The parish had only been established for a few years, when the Civil War broke out. &nbsp;During this time, the church was a stop on the Underground Railroad, sheltering escaped slaves on their journey north. It was a place of refuge for African Americans during the New York Draft Riots of 1863&mdash;three days of lawlessness, destruction, bloodshed, and lynchings.<\\/p><h2>The Nickname<\\/h2><p>A few days before Christmas in 1890, Joseph Jefferson, an actor renowned for his portrayal of Rip Van Winkle, approached the rector of the now-defunct Church of the Atonement to request a funeral for his friend and fellow actor, George Holland. &nbsp;Upon learning that the deceased was an actor, the rector refused to hold a funeral for the man in his church. &nbsp;Joseph Jefferson persisted, and asked if there was a church in the area that would hold services for his friend. &nbsp;The rector said, \\u201cI believe there is a little church around the corner where it might be done.\\u201d &nbsp;Jefferson replied,&nbsp;<\\/p><blockquote>\\u201cThen I say to you, sir, God bless the little church around the corner.\\u201d<\\/blockquote>\"}}},\"11\":[\"235\"],\"12\":\"<blockquote>Church of the Transfiguration parish was founded in 1848. &nbsp;The building itself dates from 1850; it was made a national landmark in 1973. &nbsp;The founder, the Rev. Dr. George Hendric Houghton wanted to build a church that would serve the needs of the poor and marginalized, and would welcome all regardless of race, class or background.<\\/blockquote>\",\"27\":\"\"}}', '2017-09-04 20:51:38', '2017-09-04 20:51:38', '88ca2061-8b85-4ebd-be90-86faac1ad8fe'),
 ('122', '234', '7', '1', 'en_us', '8', '', '{\"typeId\":\"7\",\"authorId\":\"1\",\"title\":\"A Brief History\",\"slug\":\"our-history\",\"postDate\":1504211220,\"expiryDate\":null,\"enabled\":1,\"parentId\":null,\"fields\":{\"3\":\"\",\"13\":{\"236\":{\"type\":\"generalSection\",\"enabled\":\"1\",\"fields\":{\"text\":\"<h2>The Civil War<\\/h2>\\r\\n<p>The parish had only been established for a few years, when the Civil War broke out. &nbsp;During this time, the church was a stop on the Underground Railroad, sheltering escaped slaves on their journey north. It was a place of refuge for African Americans during the New York Draft Riots of 1863&mdash;three days of lawlessness, destruction, bloodshed, and lynchings.<\\/p>\\r\\n<h2>The Nickname<\\/h2>\\r\\n<p>A few days before Christmas in 1890, Joseph Jefferson, an actor renowned for his portrayal of Rip Van Winkle, approached the rector of the now-defunct Church of the Atonement to request a funeral for his friend and fellow actor, George Holland. &nbsp;Upon learning that the deceased was an actor, the rector refused to hold a funeral for the man in his church. &nbsp;Joseph Jefferson persisted, and asked if there was a church in the area that would hold services for his friend. &nbsp;The rector said, \\u201cI believe there is a little church around the corner where it might be done.\\u201d &nbsp;Jefferson replied,&nbsp;<\\/p>\\r\\n<blockquote>\\u201cThen I say to you, sir, God bless the little church around the corner.\\u201d<\\/blockquote>\"}}},\"11\":[\"235\"],\"12\":\"<p>Church of the Transfiguration parish was founded in 1848. &nbsp;The building itself dates from 1850; it was made a national landmark in 1973. &nbsp;The founder, the Rev. Dr. George Hendric Houghton wanted to build a church that would serve the needs of the poor and marginalized, and would welcome all regardless of race, class or background.<\\/p>\",\"27\":\"\"}}', '2017-09-04 20:51:54', '2017-09-04 20:51:54', '5b23d52a-f7c1-4ee3-930f-8a473ebee53c'),
 ('123', '234', '7', '1', 'en_us', '9', '', '{\"typeId\":\"7\",\"authorId\":\"1\",\"title\":\"A Brief History\",\"slug\":\"our-history\",\"postDate\":1504211220,\"expiryDate\":null,\"enabled\":1,\"parentId\":null,\"fields\":{\"3\":\"\",\"13\":{\"236\":{\"type\":\"generalSection\",\"enabled\":\"1\",\"fields\":{\"text\":\"<h2>The Civil War<\\/h2>\\r\\n<p>The parish had only been established for a few years, when the Civil War broke out. During this time, the church was a stop on the Underground Railroad, sheltering escaped slaves on their journey north. It was a place of refuge for African Americans during the New York Draft Riots of 1863&mdash;three days of lawlessness, destruction, bloodshed, and lynchings.<\\/p>\\r\\n<h2>The Nickname<\\/h2>\\r\\n<p>A few days before Christmas in 1890, Joseph Jefferson, an actor renowned for his portrayal of Rip Van Winkle, approached the rector of the now-defunct Church of the Atonement to request a funeral for his friend and fellow actor, George Holland. &nbsp;Upon learning that the deceased was an actor, the rector refused to hold a funeral for the man in his church. Joseph Jefferson persisted, and asked if there was a church in the area that would hold services for his friend. The rector said, \\u201cI believe there is a little church around the corner where it might be done.\\u201d Jefferson replied,&nbsp;<\\/p>\\r\\n<blockquote>\\u201cThen I say to you, sir, God bless the little church around the corner.\\u201d<\\/blockquote>\"}}},\"11\":[\"235\"],\"12\":\"<p>Church of the Transfiguration parish was founded in 1848. The building itself dates from 1850; it was made a national landmark in 1973. The founder, the Rev. Dr. George Hendric Houghton wanted to build a church that would serve the needs of the poor and marginalized, and would welcome all regardless of race, class or background.<\\/p>\",\"27\":\"\"}}', '2017-09-04 20:54:34', '2017-09-04 20:54:34', 'ef38c97e-e72c-4a84-bcf7-2d5d1aebabf0'),
 ('124', '234', '7', '1', 'en_us', '10', '', '{\"typeId\":\"7\",\"authorId\":\"1\",\"title\":\"A Brief History\",\"slug\":\"our-history\",\"postDate\":1504211220,\"expiryDate\":null,\"enabled\":1,\"parentId\":null,\"fields\":{\"3\":\"\",\"13\":{\"236\":{\"type\":\"generalSection\",\"enabled\":\"1\",\"fields\":{\"text\":\"<h2>The Civil War<\\/h2>\\r\\n<p>The parish had only been established for a few years, when the Civil War broke out. During this time, the church was a stop on the Underground Railroad, sheltering escaped slaves on their journey north. It was a place of refuge for African Americans during the New York Draft Riots of 1863&mdash;three days of lawlessness, destruction, bloodshed, and lynchings.<\\/p>\\r\\n<h2>The Nickname<\\/h2>\\r\\n<p>A few days before Christmas in 1890, Joseph Jefferson, an actor renowned for his portrayal of Rip Van Winkle, approached the rector of the now-defunct Church of the Atonement to request a funeral for his friend and fellow actor, George Holland. &nbsp;Upon learning that the deceased was an actor, the rector refused to hold a funeral for the man in his church. Joseph Jefferson persisted, and asked if there was a church in the area that would hold services for his friend. The rector said, \\u201cI believe there is a little church around the corner where it might be done.\\u201d Jefferson replied,&nbsp;<\\/p>\\r\\n<blockquote>\\u201cThen I say to you, sir, God bless the little church around the corner.\\u201d<\\/blockquote>\"}},\"new1\":{\"type\":\"figureFull\",\"enabled\":\"1\",\"fields\":{\"image\":[\"204\"],\"altAttribute\":\"\",\"caption\":\"\",\"credit\":\"\"}}},\"11\":[\"235\"],\"12\":\"<p>Church of the Transfiguration parish was founded in 1848. The building itself dates from 1850; it was made a national landmark in 1973. The founder, the Rev. Dr. George Hendric Houghton wanted to build a church that would serve the needs of the poor and marginalized, and would welcome all regardless of race, class or background.<\\/p>\",\"27\":\"\"}}', '2017-09-04 20:55:33', '2017-09-04 20:55:33', '9859281b-6119-4454-ac63-52f3b4b65fe5'),
 ('125', '234', '7', '1', 'en_us', '11', '', '{\"typeId\":\"7\",\"authorId\":\"1\",\"title\":\"A Brief History\",\"slug\":\"our-history\",\"postDate\":1504211220,\"expiryDate\":null,\"enabled\":1,\"parentId\":null,\"fields\":{\"3\":\"\",\"13\":{\"236\":{\"type\":\"generalSection\",\"enabled\":\"1\",\"fields\":{\"text\":\"<h2>The Civil War<\\/h2>\\r\\n<p>The parish had only been established for a few years, when the Civil War broke out. During this time, the church was a stop on the Underground Railroad, sheltering escaped slaves on their journey north. It was a place of refuge for African Americans during the New York Draft Riots of 1863&mdash;three days of lawlessness, destruction, bloodshed, and lynchings.<\\/p>\\r\\n<h2>The Nickname<\\/h2>\\r\\n<p>A few days before Christmas in 1890, Joseph Jefferson, an actor renowned for his portrayal of Rip Van Winkle, approached the rector of the now-defunct Church of the Atonement to request a funeral for his friend and fellow actor, George Holland. &nbsp;Upon learning that the deceased was an actor, the rector refused to hold a funeral for the man in his church. Joseph Jefferson persisted, and asked if there was a church in the area that would hold services for his friend. The rector said, \\u201cI believe there is a little church around the corner where it might be done.\\u201d Jefferson replied,&nbsp;<\\/p>\\r\\n<blockquote>\\u201cThen I say to you, sir, God bless the little church around the corner.\\u201d<\\/blockquote>\"}},\"269\":{\"type\":\"figureFull\",\"enabled\":\"1\",\"fields\":{\"image\":[\"204\"],\"altAttribute\":\"\",\"caption\":\"\",\"credit\":\"\"}},\"new1\":{\"type\":\"generalSection\",\"enabled\":\"1\",\"fields\":{\"text\":\"<p>The Theatre<\\/p>\\r\\n<p><span class=\\\"s1\\\">To this day, the church maintains close ties with the theater. It has served as the national headquarters of the Episcopal Actors\' Guild since its&nbsp;<\\/span>founding in 1923, by the third rector, Dr. Randolph Ray.<\\/p>\\r\\n<p><span class=\\\"s1\\\"><\\/span>\\r\\n<\\/p>\\r\\n<h2>Weddings<\\/h2><p>Our historic buildings and lovely garden have drawn couples from all over the world to be married here. These couples are members of the \\\"Little Family,\\\" and many have stayed in touch with us over the years.&nbsp;Continuing its long tradition of inclusiveness, the \\\"Little Church\\\" is proud to have celebrated the first same-sex wedding in the Diocese of New York in July 2012 and has performed several more since the formal rite of Blessing of a Lifelong Covenant was adopted by the General Convention.<\\/p>\\r\\n<p><span class=\\\"s1\\\"><\\/span>\\r\\n<\\/p>\\r\\n<p><span class=\\\"s1\\\">We invite you to stop by for a visit, join us in worship, or simply contact us for more information.<\\/span><\\/p>\"}}},\"11\":[\"235\"],\"12\":\"<p>Church of the Transfiguration parish was founded in 1848. The building itself dates from 1850; it was made a national landmark in 1973. The founder, the Rev. Dr. George Hendric Houghton wanted to build a church that would serve the needs of the poor and marginalized, and would welcome all regardless of race, class or background.<\\/p>\",\"27\":\"\"}}', '2017-09-04 20:56:38', '2017-09-04 20:56:38', 'f2abbede-792f-4b2e-a872-744c518e6ef8'),
 ('126', '239', '7', '1', 'en_us', '6', '', '{\"typeId\":\"7\",\"authorId\":\"1\",\"title\":\"Parish Life\",\"slug\":\"parish-life\",\"postDate\":1504211760,\"expiryDate\":null,\"enabled\":1,\"parentId\":null,\"fields\":{\"3\":\"\",\"13\":{\"240\":{\"type\":\"generalSection\",\"enabled\":\"1\",\"fields\":{\"text\":\"<p>Sunday&nbsp;Coffee Hours also afford parishioners and newcomers opportunities to interact and to build relationships that often result in invitations to break bread or to take advantage of the many cultural events in New York. Fundraisers, like our Spring Music Gala, are also a great way to interact with fellow parishioners and to enjoy the talent and hospitality of our parish.<\\/p>\\r\\n<p>Sign up for our&nbsp;<a href=\\\"http:\\/\\/lc-craft\\/grace\\/entries\\/about\\/new#\\\">weekly&nbsp;Friday&nbsp;blasts<\\/a>&nbsp;and check&nbsp;<a href=\\\"http:\\/\\/lc-craft\\/grace\\/entries\\/about\\/new#\\\">our calendar<\\/a>&nbsp;for upcoming events and opportunities to participate in the robust Parish Life of Church of the Transfiguration.<\\/p>\"}}},\"11\":[\"238\"],\"12\":\"<p>Building community is an important part of Church of the Transfiguration both spiritually and socially. Many of our parishioners gather each week&nbsp;on Thursday&nbsp;to participate in worship and Bible Study, while others enjoy going to a local restaurant after&nbsp;Sunday&nbsp;mass to enjoy brunch and social fellowship.<\\/p>\",\"27\":\"\"}}', '2017-09-04 20:56:44', '2017-09-04 20:56:44', '95bcb00d-60ac-45d4-8c98-bb6f55637da4'),
 ('127', '234', '7', '1', 'en_us', '12', '', '{\"typeId\":\"7\",\"authorId\":\"1\",\"title\":\"A Brief History\",\"slug\":\"our-history\",\"postDate\":1504211220,\"expiryDate\":null,\"enabled\":1,\"parentId\":null,\"fields\":{\"3\":\"\",\"13\":{\"236\":{\"type\":\"generalSection\",\"enabled\":\"1\",\"fields\":{\"text\":\"<h2>The Civil War<\\/h2>\\r\\n<p>The parish had only been established for a few years, when the Civil War broke out. During this time, the church was a stop on the Underground Railroad, sheltering escaped slaves on their journey north. It was a place of refuge for African Americans during the New York Draft Riots of 1863&mdash;three days of lawlessness, destruction, bloodshed, and lynchings.<\\/p>\\r\\n<h2>The Nickname<\\/h2>\\r\\n<p>A few days before Christmas in 1890, Joseph Jefferson, an actor renowned for his portrayal of Rip Van Winkle, approached the rector of the now-defunct Church of the Atonement to request a funeral for his friend and fellow actor, George Holland. &nbsp;Upon learning that the deceased was an actor, the rector refused to hold a funeral for the man in his church. Joseph Jefferson persisted, and asked if there was a church in the area that would hold services for his friend. The rector said, \\u201cI believe there is a little church around the corner where it might be done.\\u201d Jefferson replied,&nbsp;<\\/p>\\r\\n<blockquote>\\u201cThen I say to you, sir, God bless the little church around the corner.\\u201d<\\/blockquote>\"}},\"269\":{\"type\":\"figureFull\",\"enabled\":\"1\",\"fields\":{\"image\":[\"204\"],\"altAttribute\":\"\",\"caption\":\"\",\"credit\":\"\"}},\"270\":{\"type\":\"generalSection\",\"enabled\":\"1\",\"fields\":{\"text\":\"<h2>The Theatre<\\/h2>\\r\\n<p>To this day, the church maintains close ties with the theater. It has served as the national headquarters of the Episcopal Actors\' Guild since its&nbsp;founding in 1923, by the third rector, Dr. Randolph Ray.<\\/p>\\r\\n<p>\\r\\n<\\/p>\\r\\n<h2>Weddings<\\/h2>\\r\\n<p>Our historic buildings and lovely garden have drawn couples from all over the world to be married here. These couples are members of the \\\"Little Family,\\\" and many have stayed in touch with us over the years.&nbsp;Continuing its long tradition of inclusiveness, the \\\"Little Church\\\" is proud to have celebrated the first same-sex wedding in the Diocese of New York in July 2012 and has performed several more since the formal rite of Blessing of a Lifelong Covenant was adopted by the General Convention.<\\/p>\\r\\n<p>\\r\\n<\\/p>\\r\\n<p>We invite you to stop by for a visit, join us in worship, or simply contact us for more information.<\\/p>\"}}},\"11\":[\"235\"],\"12\":\"<p>Church of the Transfiguration parish was founded in 1848. The building itself dates from 1850; it was made a national landmark in 1973. The founder, the Rev. Dr. George Hendric Houghton wanted to build a church that would serve the needs of the poor and marginalized, and would welcome all regardless of race, class or background.<\\/p>\",\"27\":\"\"}}', '2017-09-04 20:57:19', '2017-09-04 20:57:19', 'f5fb4b85-3f9e-4f06-8c74-001cf14478f6'),
 ('128', '234', '7', '1', 'en_us', '13', '', '{\"typeId\":\"7\",\"authorId\":\"1\",\"title\":\"A Brief History\",\"slug\":\"our-history\",\"postDate\":1504211220,\"expiryDate\":null,\"enabled\":1,\"parentId\":null,\"fields\":{\"3\":\"\",\"13\":{\"236\":{\"type\":\"generalSection\",\"enabled\":\"1\",\"fields\":{\"text\":\"<h2>The Civil War<\\/h2>\\r\\n<p>The parish had only been established for a few years, when the Civil War broke out. During this time, the church was a stop on the Underground Railroad, sheltering escaped slaves on their journey north. It was a place of refuge for African Americans during the New York Draft Riots of 1863&mdash;three days of lawlessness, destruction, bloodshed, and lynchings.<\\/p>\\r\\n<h2>The Nickname<\\/h2>\\r\\n<p>A few days before Christmas in 1890, Joseph Jefferson, an actor renowned for his portrayal of Rip Van Winkle, approached the rector of the now-defunct Church of the Atonement to request a funeral for his friend and fellow actor, George Holland. &nbsp;Upon learning that the deceased was an actor, the rector refused to hold a funeral for the man in his church. Joseph Jefferson persisted, and asked if there was a church in the area that would hold services for his friend. The rector said, \\u201cI believe there is a little church around the corner where it might be done.\\u201d Jefferson replied,&nbsp;<\\/p>\\r\\n<blockquote>\\u201cThen I say to you, sir, God bless the little church around the corner.\\u201d<\\/blockquote>\"}},\"269\":{\"type\":\"figureFull\",\"enabled\":\"1\",\"fields\":{\"image\":[\"204\"],\"altAttribute\":\"\",\"caption\":\"\",\"credit\":\"\"}},\"270\":{\"type\":\"generalSection\",\"enabled\":\"1\",\"fields\":{\"text\":\"<h2>The Theatre<\\/h2>\\r\\n<p>To this day, the church maintains close ties with the theater. It has served as the national headquarters of the Episcopal Actors\' Guild since its&nbsp;founding in 1923, by the third rector, Dr. Randolph Ray.<\\/p>\\r\\n<p>\\r\\n<\\/p>\\r\\n<h2>Weddings<\\/h2>\\r\\n<p>Our historic buildings and lovely garden have drawn couples from all over the world to be married here. These couples are members of the \\\"Little Family,\\\" and many have stayed in touch with us over the years.&nbsp;Continuing its long tradition of inclusiveness, the \\\"Little Church\\\" is proud to have celebrated the first same-sex wedding in the Diocese of New York in July 2012 and has performed several more since the formal rite of Blessing of a Lifelong Covenant was adopted by the General Convention.<\\/p>\\r\\n<p>\\r\\n<\\/p>\\r\\n<p>We invite you to stop by for a <a href=\\\"#\\\">visit<\\/a>, join us in <a href=\\\"http:\\/\\/lc-craft\\/worship\\/worship-schedule#entry:244\\\">worship<\\/a>, or simply contact us for more information.<\\/p>\"}}},\"11\":[\"235\"],\"12\":\"<p>Church of the Transfiguration parish was founded in 1848. The building itself dates from 1850; it was made a national landmark in 1973. The founder, the Rev. Dr. George Hendric Houghton wanted to build a church that would serve the needs of the poor and marginalized, and would welcome all regardless of race, class or background.<\\/p>\",\"27\":\"\"}}', '2017-09-04 20:58:26', '2017-09-04 20:58:26', 'f3d78b72-fae3-4441-9ab6-fb8f8218f209'),
 ('129', '271', '7', '1', 'en_us', '1', '', '{\"typeId\":null,\"authorId\":\"1\",\"title\":\"Outreach\",\"slug\":\"outreach\",\"postDate\":1504623411,\"expiryDate\":null,\"enabled\":1,\"parentId\":null,\"fields\":{\"3\":\"\",\"13\":\"\",\"11\":\"\",\"12\":\"<h2>Ecclesia Ministries<\\/h2><p>takes religious services to the homeless in Madison Square Park. It is a cooperative program supported by various churches and clergy in the NoMad (North of Madison Square Park) area. Transfiguration is one of those congregations; it is also the alternate location when inclement weather makes an outdoor service impractical. Last Christmas, our parishioners donated an abundance of warm gloves, scarves, gloves, hats, long underwear, and other items to people served by Ecclesia Ministries.<\\/p><p><\\/p>\",\"27\":\"\"}}', '2017-09-05 14:56:51', '2017-09-05 14:56:51', '783f958c-ff9c-4fa5-8f10-610bf397dcea'),
 ('130', '271', '7', '1', 'en_us', '2', '', '{\"typeId\":\"7\",\"authorId\":\"1\",\"title\":\"Outreach\",\"slug\":\"outreach\",\"postDate\":1504623360,\"expiryDate\":null,\"enabled\":1,\"parentId\":null,\"fields\":{\"3\":\"\",\"13\":{\"new1\":{\"type\":\"generalSection\",\"enabled\":\"1\",\"fields\":{\"text\":\"<h2>Ecclesia Ministries<\\/h2>\\r\\n<p>takes religious services to the homeless in Madison Square Park. It is a cooperative program supported by various churches and clergy in the NoMad (North of Madison Square Park) area. Transfiguration is one of those congregations; it is also the alternate location when inclement weather makes an outdoor service impractical. Last Christmas, our parishioners donated an abundance of warm gloves, scarves, gloves, hats, long underwear, and other items to people served by Ecclesia Ministries.<\\/p>\"}}},\"11\":\"\",\"12\":\"<h2><\\/h2>\",\"27\":\"\"}}', '2017-09-05 15:02:17', '2017-09-05 15:02:17', '67eeb4bb-9c4b-4a17-a2aa-b3d07893cf32'),
 ('131', '271', '7', '1', 'en_us', '3', '', '{\"typeId\":\"7\",\"authorId\":\"1\",\"title\":\"Outreach\",\"slug\":\"outreach\",\"postDate\":1504623360,\"expiryDate\":null,\"enabled\":1,\"parentId\":null,\"fields\":{\"3\":\"\",\"13\":{\"272\":{\"type\":\"generalSection\",\"enabled\":\"1\",\"fields\":{\"text\":\"<p><a href=\\\"#\\\"><strong>Ecclesia Ministries<\\/strong><\\/a><strong><\\/strong> takes religious services to the homeless in Madison Square Park. It is a cooperative program supported by various churches and clergy in the NoMad (North of Madison Square Park) area. Transfiguration is one of those congregations; it is also the alternate location when inclement weather makes an outdoor service impractical. Last Christmas, our parishioners donated an abundance of warm gloves, scarves, gloves, hats, long underwear, and other items to people served by Ecclesia Ministries.<\\/p><p><strong><a href=\\\"#\\\">The Episcopal Actors Guild<\\/a>&nbsp;<\\/strong>was founded in 1923 by our third rector,&nbsp;the Rev. Dr. Randolph Ray to bridge the worlds of church and theater. Today,&nbsp;the Guild is a philanthropic organization that raises money and dispenses&nbsp;emergency funds to members of the acting profession facing severe financial&nbsp;hardship. It also has entertainment programs, educational, career development&nbsp;and social events for its members.<\\/p><p>Each November, the Guild holds a memorial service in the church dedicated to members of the profession who died in the previous year. In December, they present a Service of Lessons and Carols with outstanding music, often performed by Broadway veterans. Both events are open to the public.<\\/p><p><br><\\/p>\"}}},\"11\":\"\",\"12\":\"\",\"27\":\"\"}}', '2017-09-05 15:08:31', '2017-09-05 15:08:31', 'bd180617-caf0-4940-9d1b-b0d06ed681f8'),
 ('132', '271', '7', '1', 'en_us', '4', '', '{\"typeId\":\"7\",\"authorId\":\"1\",\"title\":\"Outreach\",\"slug\":\"outreach\",\"postDate\":1504623360,\"expiryDate\":null,\"enabled\":1,\"parentId\":null,\"fields\":{\"3\":\"\",\"13\":{\"272\":{\"type\":\"generalSection\",\"enabled\":\"1\",\"fields\":{\"text\":\"<h2>Ecclesia Ministries<\\/h2><p><strong><a href=\\\"#\\\">Ecclesia Ministries<\\/a><\\/strong> takes religious services to the homeless in Madison Square Park. It is a cooperative program supported by various churches and clergy in the NoMad (North of Madison Square Park) area. Transfiguration is one of those congregations; it is also the alternate location when inclement weather makes an outdoor service impractical. Last Christmas, our parishioners donated an abundance of warm gloves, scarves, gloves, hats, long underwear, and other items to people served by Ecclesia Ministries.<\\/p><h2>The Episcopal Actors Guild<\\/h2>\\r\\n<p><strong><a href=\\\"#\\\">The Episcopal Actors Guild<\\/a>&nbsp;<\\/strong>was founded in 1923 by our third rector,&nbsp;the Rev. Dr. Randolph Ray to bridge the worlds of church and theater. Today,&nbsp;the Guild is a philanthropic organization that raises money and dispenses&nbsp;emergency funds to members of the acting profession facing severe financial&nbsp;hardship. It also has entertainment programs, educational, career development&nbsp;and social events for its members.<\\/p>\\r\\n<p>Each November, the Guild holds a memorial service in the church dedicated to members of the profession who died in the previous year. In December, they present a Service of Lessons and Carols with outstanding music, often performed by Broadway veterans. Both events are open to the public.<\\/p><p><br><\\/p><h3>Actor\\u2019s Pantry Food Bank<\\/h3><p><\\/p><p>Our parishioners support the Episcopal Actors Guild\\u2019s Actors Pantry (hyperlink)<br>program. Each Sunday, we collect non-perishable food. The Guild then fills<br>bags with the donated items and gives them to artists in need who have applied<br>to the Guild for help. No one leaves empty-handed.<\\/p>\\r\\n<p><br><\\/p>\"}}},\"11\":\"\",\"12\":\"\",\"27\":\"\"}}', '2017-09-05 15:14:30', '2017-09-05 15:14:30', 'c336488a-c9e3-4719-836e-c687d77a87ac'),
 ('133', '271', '7', '1', 'en_us', '5', '', '{\"typeId\":\"7\",\"authorId\":\"1\",\"title\":\"Outreach\",\"slug\":\"outreach\",\"postDate\":1504623360,\"expiryDate\":null,\"enabled\":1,\"parentId\":null,\"fields\":{\"3\":\"\",\"13\":{\"272\":{\"type\":\"generalSection\",\"enabled\":\"1\",\"fields\":{\"text\":\"<h2>Ecclesia Ministries<\\/h2>\\r\\n<p><strong><a href=\\\"#\\\">Ecclesia Ministries<\\/a><\\/strong> takes religious services to the homeless in Madison Square Park. It is a cooperative program supported by various churches and clergy in the NoMad (North of Madison Square Park) area. Transfiguration is one of those congregations; it is also the alternate location when inclement weather makes an outdoor service impractical. Last Christmas, our parishioners donated an abundance of warm gloves, scarves, gloves, hats, long underwear, and other items to people served by Ecclesia Ministries.<\\/p>\\r\\n<h2>The Episcopal Actors Guild<\\/h2>\\r\\n<p><strong><a href=\\\"#\\\">The Episcopal Actors Guild<\\/a>&nbsp;<\\/strong>was founded in 1923 by our third rector,&nbsp;the Rev. Dr. Randolph Ray to bridge the worlds of church and theater. Today,&nbsp;the Guild is a philanthropic organization that raises money and dispenses&nbsp;emergency funds to members of the acting profession facing severe financial&nbsp;hardship. It also has entertainment programs, educational, career development&nbsp;and social events for its members.<\\/p>\\r\\n<p>Each November, the Guild holds a memorial service in the church dedicated to members of the profession who died in the previous year. In December, they present a Service of Lessons and Carols with outstanding music, often performed by Broadway veterans. Both events are open to the public.<\\/p>\\r\\n<h3>Actor\\u2019s Pantry Food Bank<\\/h3>\\r\\n<p>Our parishioners support the Episcopal Actors Guild\\u2019s Actors Pantry (hyperlink) program. Each Sunday, we collect non-perishable food. The Guild then fills bags with the donated items and gives them to artists in need who have applied to the Guild for help. No one leaves empty-handed.<\\/p>\"}}},\"11\":\"\",\"12\":\"\",\"27\":\"\"}}', '2017-09-06 16:30:07', '2017-09-06 16:30:07', 'ab407756-0944-4194-a6ee-36bbbaadce1a'),
 ('135', '239', '7', '1', 'en_us', '7', '', '{\"typeId\":\"7\",\"authorId\":\"1\",\"title\":\"Parish Life\",\"slug\":\"parish-life\",\"postDate\":1504211760,\"expiryDate\":null,\"enabled\":1,\"parentId\":null,\"fields\":{\"3\":\"\",\"13\":{\"240\":{\"type\":\"generalSection\",\"enabled\":\"1\",\"fields\":{\"text\":\"<h2>Coffee, conversation, and culture<\\/h2><p>Sunday&nbsp;Coffee Hours also afford parishioners and newcomers opportunities to interact and to build relationships that often result in invitations to break bread or to take advantage of the many cultural events in New York. Fundraisers, like our Spring Music Gala, are also a great way to interact with fellow parishioners and to enjoy the talent and hospitality of our parish.<\\/p>\\r\\n<p>Sign up for our&nbsp;<a href=\\\"http:\\/\\/lc-craft\\/grace\\/entries\\/about\\/new#\\\">weekly&nbsp;Friday&nbsp;blasts<\\/a>&nbsp;and check&nbsp;<a href=\\\"http:\\/\\/lc-craft\\/grace\\/entries\\/about\\/new#\\\">our calendar<\\/a>&nbsp;for upcoming events and opportunities to participate in the robust Parish Life of Church of the Transfiguration.<\\/p>\"}}},\"11\":[\"238\"],\"12\":\"<p>Building community is an important part of Church of the Transfiguration both spiritually and socially. Many of our parishioners gather each week&nbsp;on Thursday&nbsp;to participate in worship and Bible Study, while others enjoy going to a local restaurant after&nbsp;Sunday&nbsp;mass to enjoy brunch and social fellowship.<\\/p>\",\"27\":\"\"}}', '2017-09-06 16:54:15', '2017-09-06 16:54:15', 'b9e0d79b-6e05-43c6-be40-d6d90d49b0a0'),
 ('136', '278', '12', '1', 'en_us', '1', NULL, '{\"typeId\":\"12\",\"authorId\":null,\"title\":\"Events Landing\",\"slug\":\"events-landing\",\"postDate\":1504721176,\"expiryDate\":null,\"enabled\":1,\"parentId\":null,\"fields\":[]}', '2017-09-06 18:06:17', '2017-09-06 18:06:17', '5f719fff-9a57-42f3-952c-27e8b821e76d'),
 ('138', '287', '10', '1', 'en_us', '1', '', '{\"typeId\":null,\"authorId\":\"1\",\"title\":\"Audio Sermons\",\"slug\":\"audio-sermons\",\"postDate\":1505209599,\"expiryDate\":null,\"enabled\":1,\"parentId\":null,\"fields\":{\"3\":\"\",\"13\":{\"new1\":{\"type\":\"sermonAudio\",\"enabled\":\"1\",\"fields\":{\"mp3\":[\"284\"]}}},\"11\":\"\",\"12\":\"\",\"27\":\"\"}}', '2017-09-12 09:46:39', '2017-09-12 09:46:39', 'c2f733db-aa00-430e-86ca-5d232f0ad16b'),
 ('139', '287', '10', '1', 'en_us', '2', '', '{\"typeId\":\"10\",\"authorId\":\"1\",\"title\":\"Audio Sermons\",\"slug\":\"audio-sermons\",\"postDate\":1505209560,\"expiryDate\":null,\"enabled\":1,\"parentId\":null,\"fields\":{\"3\":\"\",\"13\":{\"288\":{\"type\":\"sermonAudio\",\"enabled\":\"1\",\"fields\":{\"mp3\":[\"284\"]}}},\"11\":\"\",\"12\":\"\",\"27\":\"\"}}', '2017-09-12 09:46:47', '2017-09-12 09:46:47', '71e91e5f-910f-4e81-9f9b-af3b3a3128c2'),
 ('140', '287', '10', '1', 'en_us', '3', '', '{\"typeId\":\"10\",\"authorId\":\"1\",\"title\":\"Audio Sermons\",\"slug\":\"audio-sermons\",\"postDate\":1505209560,\"expiryDate\":null,\"enabled\":1,\"parentId\":null,\"fields\":{\"3\":\"\",\"13\":{\"288\":{\"type\":\"sermonAudio\",\"enabled\":\"1\",\"fields\":{\"currentSermons\":[\"289\"]}}},\"11\":\"\",\"12\":\"\",\"27\":\"\"}}', '2017-09-12 10:24:49', '2017-09-12 10:24:49', '0fb0b09f-1120-4541-8539-cedcc2048e83'),
 ('141', '287', '10', '1', 'en_us', '4', '', '{\"typeId\":\"10\",\"authorId\":\"1\",\"title\":\"Audio Sermons\",\"slug\":\"audio-sermons\",\"postDate\":1505209560,\"expiryDate\":null,\"enabled\":1,\"parentId\":null,\"fields\":{\"3\":\"\",\"13\":{\"288\":{\"type\":\"sermonAudio\",\"enabled\":\"1\",\"fields\":{\"currentSermons\":[\"292\",\"289\"]}}},\"11\":\"\",\"12\":\"\",\"27\":\"\"}}', '2017-09-12 12:30:03', '2017-09-12 12:30:03', '19c1dd74-d6a2-4d99-a68f-07b01692954c'),
 ('142', '287', '10', '1', 'en_us', '5', '', '{\"typeId\":\"10\",\"authorId\":\"1\",\"title\":\"Audio Sermons\",\"slug\":\"audio-sermons\",\"postDate\":1505209560,\"expiryDate\":null,\"enabled\":1,\"parentId\":null,\"fields\":{\"3\":\"\",\"13\":{\"288\":{\"type\":\"sermonAudio\",\"enabled\":\"1\",\"fields\":{\"currentSermons\":[\"292\",\"289\"]}}},\"11\":\"\",\"12\":\"<p>Orci orci non condimentum elit scelerisque facilisis non a velit facilisi parturient a curae a non id scelerisque ut a malesuada elementum eget egestas ultrices ut scelerisque vehicula.<\\/p>\",\"27\":\"\"}}', '2017-09-12 12:37:28', '2017-09-12 12:37:28', '938644ae-0fea-44d1-be11-27ee4bc48519'),
 ('143', '287', '10', '1', 'en_us', '6', '', '{\"typeId\":\"10\",\"authorId\":\"1\",\"title\":\"Audio Sermons\",\"slug\":\"audio-sermons\",\"postDate\":1505209560,\"expiryDate\":null,\"enabled\":1,\"parentId\":null,\"fields\":{\"3\":\"\",\"13\":{\"288\":{\"type\":\"sermonAudio\",\"enabled\":\"1\",\"fields\":{\"currentSermons\":[\"292\",\"289\",\"294\"]}}},\"11\":\"\",\"12\":\"<p>Orci orci non condimentum elit scelerisque facilisis non a velit facilisi parturient a curae a non id scelerisque ut a malesuada elementum eget egestas ultrices ut scelerisque vehicula.<\\/p>\",\"27\":\"\"}}', '2017-09-12 12:52:08', '2017-09-12 12:52:08', 'f99de031-0848-431f-b993-d56cea36cd66'),
 ('144', '287', '10', '1', 'en_us', '7', '', '{\"typeId\":\"10\",\"authorId\":\"1\",\"title\":\"Audio Sermons\",\"slug\":\"audio-sermons\",\"postDate\":1505209560,\"expiryDate\":null,\"enabled\":1,\"parentId\":null,\"fields\":{\"3\":\"\",\"13\":{\"288\":{\"type\":\"sermonAudio\",\"enabled\":\"1\",\"fields\":{\"currentSermons\":[\"289\",\"302\"]}}},\"11\":\"\",\"12\":\"<p>Orci orci non condimentum elit scelerisque facilisis non a velit facilisi parturient a curae a non id scelerisque ut a malesuada elementum eget egestas ultrices ut scelerisque vehicula.<\\/p>\",\"27\":\"\"}}', '2017-09-12 16:51:40', '2017-09-12 16:51:40', '1f2f619e-165c-4a55-bcc0-e5de07db9998'),
 ('145', '287', '10', '1', 'en_us', '8', '', '{\"typeId\":\"10\",\"authorId\":\"1\",\"title\":\"Audio Sermons\",\"slug\":\"audio-sermons\",\"postDate\":1505209560,\"expiryDate\":null,\"enabled\":1,\"parentId\":null,\"fields\":{\"3\":\"\",\"13\":{\"288\":{\"type\":\"sermonAudio\",\"enabled\":\"1\",\"fields\":{\"currentSermons\":[\"289\",\"302\",\"303\"]}}},\"11\":\"\",\"12\":\"<p>Orci orci non condimentum elit scelerisque facilisis non a velit facilisi parturient a curae a non id scelerisque ut a malesuada elementum eget egestas ultrices ut scelerisque vehicula.<\\/p>\",\"27\":\"\"}}', '2017-09-12 16:55:12', '2017-09-12 16:55:12', '0c246bd9-7ea1-4dee-94a9-1fc20b4f68ac'),
 ('146', '287', '10', '1', 'en_us', '9', '', '{\"typeId\":\"10\",\"authorId\":\"1\",\"title\":\"Audio Sermons\",\"slug\":\"audio-sermons\",\"postDate\":1505209560,\"expiryDate\":null,\"enabled\":1,\"parentId\":null,\"fields\":{\"3\":\"\",\"13\":{\"288\":{\"type\":\"sermonAudio\",\"enabled\":\"1\",\"fields\":{\"currentSermons\":[\"289\",\"302\",\"303\",\"304\"]}}},\"11\":\"\",\"12\":\"<p>Orci orci non condimentum elit scelerisque facilisis non a velit facilisi parturient a curae a non id scelerisque ut a malesuada elementum eget egestas ultrices ut scelerisque vehicula.<\\/p>\",\"27\":\"\"}}', '2017-09-12 16:59:56', '2017-09-12 16:59:56', '24907362-b101-4b2f-ad7c-046801c75ca0'),
 ('147', '287', '10', '1', 'en_us', '10', '', '{\"typeId\":\"10\",\"authorId\":\"1\",\"title\":\"Audio Sermons\",\"slug\":\"audio-sermons\",\"postDate\":1505209560,\"expiryDate\":null,\"enabled\":1,\"parentId\":null,\"fields\":{\"3\":\"\",\"13\":{\"288\":{\"type\":\"sermonAudio\",\"enabled\":\"1\",\"fields\":{\"currentSermons\":[\"289\",\"302\",\"303\",\"304\"]}}},\"11\":\"\",\"12\":\"<p>Never miss a message. &nbsp;Malesuada elementum eget egestas ultrices ut scelerisque vehicula.<\\/p>\",\"27\":\"\"}}', '2017-09-12 17:10:16', '2017-09-12 17:10:16', 'd22d7e4e-2e1c-491d-aefc-4bf8cbff5004'),
 ('148', '287', '10', '1', 'en_us', '11', '', '{\"typeId\":\"10\",\"authorId\":\"1\",\"title\":\"Audio Sermons\",\"slug\":\"audio-sermons\",\"postDate\":1505209560,\"expiryDate\":null,\"enabled\":1,\"parentId\":null,\"fields\":{\"3\":\"\",\"13\":{\"288\":{\"type\":\"sermonAudio\",\"enabled\":\"1\",\"fields\":{\"currentSermons\":[\"289\",\"302\",\"303\",\"304\"]}}},\"11\":[\"306\"],\"12\":\"<p>Never miss the message. &nbsp;Malesuada elementum eget egestas ultrices ut scelerisque vehicula.<\\/p>\",\"27\":\"\"}}', '2017-09-12 17:17:47', '2017-09-12 17:17:47', 'be4df143-66f8-4f94-809c-1d0efd7c0f09'),
 ('149', '287', '10', '1', 'en_us', '12', '', '{\"typeId\":\"10\",\"authorId\":\"1\",\"title\":\"Audio Sermons\",\"slug\":\"audio-sermons\",\"postDate\":1505209560,\"expiryDate\":null,\"enabled\":1,\"parentId\":null,\"fields\":{\"3\":\"\",\"13\":{\"288\":{\"type\":\"sermonAudio\",\"enabled\":\"1\",\"fields\":{\"currentSermons\":[\"289\",\"302\",\"303\",\"304\"]}}},\"11\":[\"306\"],\"12\":\"<p>Never miss the message. Play our sermons directly in your browser or download them to listen on-the-go. Already heard the message? Listen again \\u2013 you might here something new.&nbsp;<\\/p>\",\"27\":\"\"}}', '2017-09-12 17:25:01', '2017-09-12 17:25:01', '869b7208-31e0-49a5-a72f-752b9c4b7a70'),
 ('150', '287', '10', '1', 'en_us', '13', '', '{\"typeId\":\"10\",\"authorId\":\"1\",\"title\":\"Audio Sermons\",\"slug\":\"audio-sermons\",\"postDate\":1505209560,\"expiryDate\":null,\"enabled\":1,\"parentId\":null,\"fields\":{\"3\":\"\",\"13\":{\"288\":{\"type\":\"sermonAudio\",\"enabled\":\"1\",\"fields\":{\"currentSermons\":[\"289\",\"302\",\"303\",\"304\"]}}},\"11\":[\"306\"],\"12\":\"<p>Never miss the message. Play our sermons directly in your browser or download them for listening on-the-go. Already heard the message? Listen again for you might discover something new.<\\/p>\",\"27\":\"\"}}', '2017-09-12 17:27:31', '2017-09-12 17:27:31', 'cb7ed055-b8ba-404f-8ccb-f1f6c3b614b6'),
 ('151', '287', '10', '1', 'en_us', '14', '', '{\"typeId\":\"10\",\"authorId\":\"1\",\"title\":\"Audio Sermons\",\"slug\":\"audio-sermons\",\"postDate\":1505209560,\"expiryDate\":null,\"enabled\":1,\"parentId\":null,\"fields\":{\"3\":\"\",\"13\":{\"288\":{\"type\":\"sermonAudio\",\"enabled\":\"1\",\"fields\":{\"currentSermons\":[\"289\",\"302\",\"303\",\"304\"]}}},\"11\":\"\",\"12\":\"<p>Never miss the message. Play our sermons directly in your browser or download them for listening on-the-go. Already heard the message? Listen again for you might discover something new.<\\/p>\",\"27\":\"\"}}', '2017-09-12 19:08:11', '2017-09-12 19:08:11', '522359cf-ca51-4e58-936a-7b2678ac3775'),
 ('152', '287', '10', '1', 'en_us', '15', '', '{\"typeId\":\"10\",\"authorId\":\"1\",\"title\":\"Audio Sermons\",\"slug\":\"audio-sermons\",\"postDate\":1505209560,\"expiryDate\":null,\"enabled\":1,\"parentId\":null,\"fields\":{\"3\":\"\",\"13\":{\"288\":{\"type\":\"sermonAudio\",\"enabled\":\"1\",\"fields\":{\"currentSermons\":[\"289\",\"302\",\"303\",\"304\"]}}},\"11\":\"\",\"12\":\"<p>Never miss the message. Play our sermons directly in your browser or download them for listening on-the-go. Already heard the message? Refresh your memory and listen again.<\\/p>\",\"27\":\"\"}}', '2017-09-12 19:11:02', '2017-09-12 19:11:02', 'cee3a0d4-02c0-48f8-aa12-1ac3d72a7820'),
 ('153', '87', '7', '1', 'en_us', '8', '', '{\"typeId\":\"7\",\"authorId\":\"1\",\"title\":\"Who We Are\",\"slug\":\"who-we-are\",\"postDate\":1503949200,\"expiryDate\":null,\"enabled\":1,\"parentId\":null,\"fields\":{\"3\":\"Who We Are\",\"13\":{\"88\":{\"type\":\"bioGroup\",\"enabled\":\"1\",\"fields\":{\"bioType\":\"Leadership\",\"individual\":[\"78\",\"76\",\"229\"]}}},\"11\":[\"208\"],\"12\":\"<p>Consequat orci a cum suspendisse pretium orci dui dapibus ultricies nisi vulputate erat a dui. Ultricies enim a ut per egestas augue dis ad tellus mus a hac ac a scelerisque ullamcorper eupraesent quisque adipiscing. Erat purus ante habitasse mus interdum scelerisque a hac fermentum cum conguesuspendisse scelerisque auctor condimentum eu ipsum varius cursus a tempus aenean consectetur et a. Cubilia scelerisque ligula fusce a consequat vel fames a arcu mi nisl et at ultrices nunc. Sem inceptos sociosqu interdum adipiscing quis aliquam adipiscing vel taciti enim penatibus et ullamcorper venenatis.<\\/p>\",\"27\":\"\"}}', '2017-09-13 07:31:57', '2017-09-13 07:31:57', 'f3c5db86-f1c3-4e2b-9a6b-f4791c42da21'),
 ('154', '87', '7', '1', 'en_us', '9', '', '{\"typeId\":\"7\",\"authorId\":\"1\",\"title\":\"Who We Are\",\"slug\":\"who-we-are\",\"postDate\":1503949200,\"expiryDate\":null,\"enabled\":1,\"parentId\":null,\"fields\":{\"3\":\"Who We Are\",\"13\":{\"88\":{\"type\":\"bioGroup\",\"enabled\":\"1\",\"fields\":{\"bioType\":\"Leadership\",\"individual\":[\"78\",\"229\",\"76\"]}}},\"11\":[\"208\"],\"12\":\"<p>Consequat orci a cum suspendisse pretium orci dui dapibus ultricies nisi vulputate erat a dui. Ultricies enim a ut per egestas augue dis ad tellus mus a hac ac a scelerisque ullamcorper eupraesent quisque adipiscing. Erat purus ante habitasse mus interdum scelerisque a hac fermentum cum conguesuspendisse scelerisque auctor condimentum eu ipsum varius cursus a tempus aenean consectetur et a. Cubilia scelerisque ligula fusce a consequat vel fames a arcu mi nisl et at ultrices nunc. Sem inceptos sociosqu interdum adipiscing quis aliquam adipiscing vel taciti enim penatibus et ullamcorper venenatis.<\\/p>\",\"27\":\"\"}}', '2017-09-13 07:32:40', '2017-09-13 07:32:40', 'b91e1757-40d4-4e76-9952-ca10687a9d52'),
 ('155', '87', '7', '1', 'en_us', '10', '', '{\"typeId\":\"7\",\"authorId\":\"1\",\"title\":\"Who We Are\",\"slug\":\"who-we-are\",\"postDate\":1503949200,\"expiryDate\":null,\"enabled\":1,\"parentId\":null,\"fields\":{\"3\":\"Who We Are\",\"13\":{\"88\":{\"type\":\"bioGroup\",\"enabled\":\"1\",\"fields\":{\"bioType\":\"Leadership\",\"individual\":[\"78\",\"229\",\"76\"]}}},\"11\":[\"208\"],\"12\":\"<p>Consequat orci a cum suspendisse pretium orci dui dapibus ultricies nisi vulputate erat a dui. Ultricies enim a ut per egestas augue dis ad tellus mus a hac ac a scelerisque ullamcorper eupraesent quisque adipiscing. Erat purus ante habitasse mus interdum scelerisque a hac fermentum cum conguesuspendisse scelerisque auctor condimentum eu ipsum varius cursus a tempus aenean consectetur.<\\/p>\",\"27\":\"\"}}', '2017-09-13 08:28:31', '2017-09-13 08:28:31', '77808614-2548-4276-8fbf-ddf7a924f918'),
 ('156', '87', '7', '1', 'en_us', '11', '', '{\"typeId\":\"7\",\"authorId\":\"1\",\"title\":\"Who We Are\",\"slug\":\"who-we-are\",\"postDate\":1503949200,\"expiryDate\":null,\"enabled\":1,\"parentId\":null,\"fields\":{\"3\":\"Who We Are\",\"13\":{\"88\":{\"type\":\"bioGroup\",\"enabled\":\"1\",\"fields\":{\"bioType\":\"Leadership\",\"individual\":[\"78\",\"229\",\"76\",\"321\"]}}},\"11\":[\"208\"],\"12\":\"<p>Consequat orci a cum suspendisse pretium orci dui dapibus ultricies nisi vulputate erat a dui. Ultricies enim a ut per egestas augue dis ad tellus mus a hac ac a scelerisque ullamcorper eupraesent quisque adipiscing. Erat purus ante habitasse mus interdum scelerisque a hac fermentum cum conguesuspendisse scelerisque auctor condimentum eu ipsum varius cursus a tempus aenean consectetur.<\\/p>\",\"27\":\"\"}}', '2017-09-13 08:50:17', '2017-09-13 08:50:17', 'df139a9d-77c9-40d0-86f5-dbe510a64861'),
 ('157', '87', '7', '1', 'en_us', '12', '', '{\"typeId\":\"7\",\"authorId\":\"1\",\"title\":\"Who We Are\",\"slug\":\"who-we-are\",\"postDate\":1503949200,\"expiryDate\":null,\"enabled\":1,\"parentId\":null,\"fields\":{\"3\":\"Who We Are\",\"13\":{\"88\":{\"type\":\"bioGroup\",\"enabled\":\"1\",\"fields\":{\"bioType\":\"Leadership\",\"individual\":[\"78\",\"229\",\"321\",\"76\"]}},\"new1\":{\"type\":\"bioGroup\",\"enabled\":\"1\",\"fields\":{\"bioType\":\"Staff\",\"individual\":[\"322\"]}}},\"11\":[\"208\"],\"12\":\"<p>Consequat orci a cum suspendisse pretium orci dui dapibus ultricies nisi vulputate erat a dui. Ultricies enim a ut per egestas augue dis ad tellus mus a hac ac a scelerisque ullamcorper eupraesent quisque adipiscing. Erat purus ante habitasse mus interdum scelerisque a hac fermentum cum conguesuspendisse scelerisque auctor condimentum eu ipsum varius cursus a tempus aenean consectetur.<\\/p>\",\"27\":\"\"}}', '2017-09-13 08:53:56', '2017-09-13 08:53:56', 'aa8fb348-d8f4-41c4-b8a5-ef9b3700c199'),
 ('158', '355', '10', '1', 'en_us', '1', '', '{\"typeId\":null,\"authorId\":\"1\",\"title\":\"Liturgy\",\"slug\":\"liturgy\",\"postDate\":1505416828,\"expiryDate\":null,\"enabled\":1,\"parentId\":null,\"fields\":{\"3\":\"\",\"13\":\"\",\"11\":[\"251\"],\"12\":\"<p>Aenean ac velit phasellus vivamus condimentum habitant vestibulum nibh parturient tincidunt mi malesuada cursus nunc risus parturient a condimentum augue gravida metus. Ut at a a turpis facilisi parturient ac non quisque a parturient habitasse cubilia adipiscing imperdiet.<\\/p>\",\"27\":\"\"}}', '2017-09-14 19:20:28', '2017-09-14 19:20:28', 'b6ecc06b-23ad-4b5c-83ed-1124c7fded9a'),
 ('159', '355', '10', '1', 'en_us', '2', '', '{\"typeId\":\"10\",\"authorId\":\"1\",\"title\":\"Liturgy\",\"slug\":\"liturgy\",\"postDate\":1505416800,\"expiryDate\":null,\"enabled\":1,\"parentId\":null,\"fields\":{\"3\":\"\",\"13\":\"\",\"11\":[\"251\"],\"12\":\"<p>Aenean ac velit phasellus vivamus condimentum habitant vestibulum nibh parturient tincidunt mi malesuada cursus nunc risus parturient a condimentum augue gravida metus. Ut at a a turpis facilisi parturient ac non quisque a parturient habitasse cubilia adipiscing imperdiet.<\\/p>\",\"27\":\"\"}}', '2017-09-14 19:20:35', '2017-09-14 19:20:35', '8b3a5bf3-1f3c-4a0f-b3fb-8039c7d6fc83'),
 ('160', '244', '10', '1', 'en_us', '5', '', '{\"typeId\":\"10\",\"authorId\":\"1\",\"title\":\"Worship Schedule\",\"slug\":\"worship-schedule\",\"postDate\":1504260780,\"expiryDate\":null,\"enabled\":1,\"parentId\":null,\"fields\":{\"3\":\"\",\"13\":{\"245\":{\"type\":\"generalSection\",\"enabled\":\"1\",\"fields\":{\"text\":\"<p>At the center of our worship is emphasis on both Word and Table. Little Church clergy are considered <a href=\\\"#\\\">excellent preachers<\\/a>&nbsp;who connect lectionary readings with Biblical context and current challenges with a smattering of personal stories and humor. Transfiguration acolytes do an extraordinary job in ensuring the Eucharist is celebrated with majesty and dignity, and the authentic expertise of <a href=\\\"#\\\">our choirs<\\/a>&nbsp;draws worshippers closer to the love of Jesus Christ through some of the most beloved hymns of the Church.&nbsp;Below is the current worship schedule. Please consider joining us<\\/p><h2>Worship Schedule<\\/h2>\"}}},\"11\":[\"243\"],\"12\":\"<p>The cornerstone of Transfiguration\\u2019s spirituality is how we express and demonstrate God\\u2019s inclusive love through liturgy, music and worship. As an Anglo-Catholic parish, Transfiguration honors traditional liturgy with a full complement of meaningful preaching and music.<\\/p>\",\"27\":\"\"}}', '2017-09-14 19:22:37', '2017-09-14 19:22:37', '2c821006-cb7f-43ec-8b35-a230ff144b68'),
 ('161', '244', '10', '1', 'en_us', '6', '', '{\"typeId\":\"10\",\"authorId\":\"1\",\"title\":\"Worship Schedule\",\"slug\":\"worship-schedule\",\"postDate\":1504260780,\"expiryDate\":null,\"enabled\":1,\"parentId\":null,\"fields\":{\"3\":\"\",\"13\":{\"245\":{\"type\":\"generalSection\",\"enabled\":\"1\",\"fields\":{\"text\":\"<p>At the center of our worship is emphasis on both Word and Table. Little Church clergy are considered <a href=\\\"#\\\">excellent preachers<\\/a>&nbsp;who connect lectionary readings with Biblical context and current challenges with a smattering of personal stories and humor. Transfiguration acolytes do an extraordinary job in ensuring the Eucharist is celebrated with majesty and dignity, and the authentic expertise of <a href=\\\"#\\\">our choirs<\\/a>&nbsp;draws worshippers closer to the love of Jesus Christ through some of the most beloved hymns of the Church.&nbsp;Below is the current worship schedule. Please consider joining us!<\\/p>\\r\\n<h2>Worship Schedule<\\/h2>\"}}},\"11\":[\"243\"],\"12\":\"<p>The cornerstone of Transfiguration\\u2019s spirituality is how we express and demonstrate God\\u2019s inclusive love through liturgy, music and worship. As an Anglo-Catholic parish, Transfiguration honors traditional liturgy with a full complement of meaningful preaching and music.<\\/p>\",\"27\":\"\"}}', '2017-09-14 19:22:55', '2017-09-14 19:22:55', 'db0cfb18-37b1-4f44-98a3-aaa915cdcfc8'),
 ('162', '355', '10', '1', 'en_us', '3', '', '{\"typeId\":\"10\",\"authorId\":\"1\",\"title\":\"Liturgy\",\"slug\":\"liturgy\",\"postDate\":1505416800,\"expiryDate\":null,\"enabled\":1,\"parentId\":null,\"fields\":{\"3\":\"\",\"13\":{\"new1\":{\"type\":\"generalSection\",\"enabled\":\"1\",\"fields\":{\"text\":\"<p>Vestibulum Consequat Ullamcorper<\\/p>\"}}},\"11\":[\"251\"],\"12\":\"<p>Aenean ac velit phasellus vivamus condimentum habitant vestibulum nibh parturient tincidunt mi malesuada cursus nunc risus parturient a condimentum augue gravida metus. Ut at a a turpis facilisi parturient ac non quisque a parturient habitasse cubilia adipiscing imperdiet.<\\/p>\",\"27\":\"\"}}', '2017-09-14 19:23:56', '2017-09-14 19:23:56', '6dd2a217-906d-4d67-bd7a-92b2735782d4'),
 ('163', '355', '10', '1', 'en_us', '4', '', '{\"typeId\":\"10\",\"authorId\":\"1\",\"title\":\"Liturgy\",\"slug\":\"liturgy\",\"postDate\":1505416800,\"expiryDate\":null,\"enabled\":1,\"parentId\":null,\"fields\":{\"3\":\"\",\"13\":{\"356\":{\"type\":\"generalSection\",\"enabled\":\"1\",\"fields\":{\"text\":\"<h2>Vestibulum Consequat Ullamcorper<\\/h2><p>Torquent magnis sagittis elit a per duis convallis a vitae phasellus vestibulum adipiscing habitant a id elit. Torquent parturient parturient facilisis dis mi ultrices facilisis accumsan facilisis phasellus lobortis lacus sodales a a erat. Leo hendrerit nulla vestibulum scelerisque ultricies vestibulum inceptos sapien ut aenean consectetur ullamcorper a metus a tristique vulputate sagittis.&nbsp;<\\/p><p>Ad nunc et adipiscing quisque conubia condimentum a consectetur eu ultrices ullamcorper parturient vestibulum a volutpat faucibus elit enim non platea suspendisse a posuere adipiscing ullamcorper adipiscing ac vel. Taciti aliquet metus natoque libero nunc tempor a vestibulum accumsan cubilia nullam duis quam in ad at a consectetur non laoreet scelerisque ac ridiculus cum sodales quisque a mi.<\\/p>\"}}},\"11\":[\"251\"],\"12\":\"<p>Aenean ac velit phasellus vivamus condimentum habitant vestibulum nibh parturient tincidunt mi malesuada cursus nunc risus parturient a condimentum augue gravida metus. Ut at a a turpis facilisi parturient ac non quisque a parturient habitasse cubilia adipiscing imperdiet.<\\/p>\",\"27\":\"\"}}', '2017-09-14 19:24:45', '2017-09-14 19:24:45', 'e473545b-97cf-4da6-b01f-afbf45ec0918'),
 ('164', '359', '10', '1', 'en_us', '1', '', '{\"typeId\":null,\"authorId\":\"1\",\"title\":\"Bible Study\",\"slug\":\"bible-study\",\"postDate\":1505417800,\"expiryDate\":null,\"enabled\":1,\"parentId\":null,\"fields\":{\"3\":\"\",\"13\":{\"new1\":{\"type\":\"generalSection\",\"enabled\":\"1\",\"fields\":{\"text\":\"<p>The Thursday night study will resume on September 21st. The next series will be focusing on the book of Revelation. If interested, please purchase this&nbsp;<a href=\\\"https:\\/\\/www.amazon.com\\/Book-Revelation-COLLEGEVILLE-COMMENTARY-TESTAMENT\\/dp\\/0814628850\\\" target=\\\"_blank\\\"><u>commentary<\\/u><\\/a>&nbsp;and stay tuned for more updates on the new series.<\\/p>\"}}},\"11\":[\"358\"],\"12\":\"<p>Aenean ac velit phasellus vivamus condimentum habitant vestibulum nibh parturient tincidunt mi malesuada cursus nunc risus parturient a condimentum augue gravida metus. Ut at a a turpis facilisi parturient ac non quisque a parturient habitasse cubilia adipiscing imperdiet.<\\/p>\",\"27\":\"\"}}', '2017-09-14 19:36:40', '2017-09-14 19:36:40', '14759996-f623-405a-81ea-427cbf130d5c'),
 ('165', '359', '10', '1', 'en_us', '2', '', '{\"typeId\":\"10\",\"authorId\":\"1\",\"title\":\"Bible Study\",\"slug\":\"bible-study\",\"postDate\":1505417760,\"expiryDate\":null,\"enabled\":1,\"parentId\":null,\"fields\":{\"3\":\"\",\"13\":{\"360\":{\"type\":\"generalSection\",\"enabled\":\"1\",\"fields\":{\"text\":\"<h2>Revelations<\\/h2><p>The Thursday night study will resume on September 21st. The next series will be focusing on the book of Revelation. If interested, please purchase this&nbsp;<a href=\\\"https:\\/\\/www.amazon.com\\/Book-Revelation-COLLEGEVILLE-COMMENTARY-TESTAMENT\\/dp\\/0814628850\\\" target=\\\"_blank\\\" rel=\\\"noreferrer noopener\\\"><u>commentary<\\/u><\\/a>&nbsp;and stay tuned for more updates on the new series.<\\/p>\"}}},\"11\":[\"358\"],\"12\":\"<p>Aenean ac velit phasellus vivamus condimentum habitant vestibulum nibh parturient tincidunt mi malesuada cursus nunc risus parturient a condimentum augue gravida metus. Ut at a a turpis facilisi parturient ac non quisque a parturient habitasse cubilia adipiscing imperdiet.<\\/p>\",\"27\":\"\"}}', '2017-09-14 19:37:28', '2017-09-14 19:37:28', 'f9ef3f9f-e08f-40a8-992c-5b3590c90ca8'),
 ('166', '359', '10', '1', 'en_us', '3', '', '{\"typeId\":\"10\",\"authorId\":\"1\",\"title\":\"Bible Study\",\"slug\":\"bible-study\",\"postDate\":1505417760,\"expiryDate\":null,\"enabled\":1,\"parentId\":null,\"fields\":{\"3\":\"\",\"13\":{\"360\":{\"type\":\"generalSection\",\"enabled\":\"1\",\"fields\":{\"text\":\"<h2>The Book of Revelations<\\/h2>\\r\\n<p>The Thursday night study will resume on September 21st. The next series will be focusing on the book of Revelation. If interested, please purchase this&nbsp;<a href=\\\"https:\\/\\/www.amazon.com\\/Book-Revelation-COLLEGEVILLE-COMMENTARY-TESTAMENT\\/dp\\/0814628850\\\" target=\\\"_blank\\\" rel=\\\"noreferrer noopener\\\"><u>commentary<\\/u><\\/a>&nbsp;and stay tuned for more updates on the new series.<\\/p>\"}}},\"11\":[\"358\"],\"12\":\"<p>Aenean ac velit phasellus vivamus condimentum habitant vestibulum nibh parturient tincidunt mi malesuada cursus nunc risus parturient a condimentum augue gravida metus. Ut at a a turpis facilisi parturient ac non quisque a parturient habitasse cubilia adipiscing imperdiet.<\\/p>\",\"27\":\"\"}}', '2017-09-14 19:38:43', '2017-09-14 19:38:43', 'b1ada9b1-14bb-4c07-9939-fda83a3b2ef1'),
 ('167', '363', '10', '1', 'en_us', '1', '', '{\"typeId\":null,\"authorId\":\"1\",\"title\":\"Weddings\",\"slug\":\"weddings\",\"postDate\":1505423681,\"expiryDate\":null,\"enabled\":1,\"parentId\":null,\"fields\":{\"3\":\"\",\"13\":\"\",\"11\":[\"362\"],\"12\":\"<p>Aenean ac velit phasellus vivamus condimentum habitant vestibulum nibh parturient tincidunt mi malesuada cursus nunc risus parturient a condimentum augue gravida metus. Ut at a a turpis facilisi parturient ac non quisque a parturient habitasse cubilia adipiscing imperdiet.<\\/p>\",\"27\":\"Jesse Anders \\/On Point Images \"}}', '2017-09-14 21:14:41', '2017-09-14 21:14:41', '58e79789-55ec-4fa9-a3fe-67d744a3f5c5'),
 ('168', '363', '10', '1', 'en_us', '2', '', '{\"typeId\":\"10\",\"authorId\":\"1\",\"title\":\"Weddings\",\"slug\":\"weddings\",\"postDate\":1505423640,\"expiryDate\":null,\"enabled\":1,\"parentId\":null,\"fields\":{\"3\":\"\",\"13\":\"\",\"11\":[\"362\"],\"12\":\"<p>Congratulations on your engagement, and thanks for your interest in becoming married at The Church of the Transfiguration. Our little church is a beautiful place with a century-old reputation for marrying couples from all over the world. At one time, Transfiguration solemnized more marriages than any other church! We welcome you to join in our story, and we hope to become a part of yours.<\\/p>\",\"27\":\"Jesse Anders \\/On Point Images \"}}', '2017-09-14 21:20:05', '2017-09-14 21:20:05', 'e313d03a-6f3d-4fac-b2d8-a2ebdfcc47c8'),
 ('169', '363', '10', '1', 'en_us', '3', '', '{\"typeId\":\"10\",\"authorId\":\"1\",\"title\":\"Weddings\",\"slug\":\"weddings\",\"postDate\":1505423640,\"expiryDate\":null,\"enabled\":1,\"parentId\":null,\"fields\":{\"3\":\"\",\"13\":{\"new1\":{\"type\":\"generalSection\",\"enabled\":\"1\",\"fields\":{\"text\":\"<h2>Weddings at Transfiguration<\\/h2>\\r\\n<p>How Transfiguration became famous as a place to exchange vows remains something of a mystery, but it is generally attributed to the overall openness of the church to people from different Christian denominations, personal situations and backgrounds. Every Saturday in&nbsp;<a href=\\\"https:\\/\\/www.nytimes.com\\/interactive\\/projects\\/cp\\/weddings\\/165-years-of-wedding-announcements\\/world-war-two-weddings\\\" target=\\\"_blank\\\">the 1930s and 40s<\\/a>&mdash;and often on weekdays&mdash;couples would gather in the garden, awaiting their turn to be married in the Holy Family Chapel. The Rector in that era would marry as many as <strong>seven couples a day<\\/strong>.<br><\\/p>\\r\\n<p>We hear from those couples to this day as part of our&nbsp;<em>Little Family<\\/em>&nbsp;community.&nbsp;We send out several newsletters to them each year and a card goes to all those married here on their anniversaries.<\\/p>\\r\\n<h3>The Space<\\/h3>\\r\\n<p>Tucked behind a lovely English garden with a fountain, Transfiguration is a neo-Gothic church rich with architectural detail. There are two spaces in which you may choose to be married:<\\/p>\\r\\n<p><strong>The Holy Family Chapel<\\/strong> is a quaint room panelled with dark wood that seats up to 50 people&mdash;is appropriate for smaller weddings. The altar piece is a painted depiction of the betrothal of Mary and Joseph. It is in the Holy Family Chapel that thousands of couples in the post-war years became married, making the Little Church famous for weddings.<\\/p><p><em>I can fill this out further, tomorrow, Mary Jane.<\\/em><\\/p>\\r\\n<p><strong><em><em><br><\\/em><\\/em><\\/strong><\\/p>\"}}},\"11\":[\"362\"],\"12\":\"<p>Congratulations on your engagement, and thanks for your interest in becoming married at The Church of the Transfiguration. Our church is a beautiful place with a century-old reputation for marrying couples from all over the world. At one time, Transfiguration solemnized more marriages than any other church! We welcome you to join our \\\"little family\\\", and we hope to become a part of yours.<\\/p>\",\"27\":\"Jesse Anders \\/On Point Images \"}}', '2017-09-14 21:32:47', '2017-09-14 21:32:47', 'd54cf78e-bf1d-4eeb-a497-40ba9757c6f9'),
 ('170', '363', '10', '1', 'en_us', '4', '', '{\"typeId\":\"10\",\"authorId\":\"1\",\"title\":\"Weddings\",\"slug\":\"weddings\",\"postDate\":1505423640,\"expiryDate\":null,\"enabled\":1,\"parentId\":null,\"fields\":{\"3\":\"\",\"13\":{\"364\":{\"type\":\"generalSection\",\"enabled\":\"1\",\"fields\":{\"text\":\"<h2>Weddings at Transfiguration<\\/h2>\\r\\n<p>How Transfiguration became famous as a place to exchange vows remains something of a mystery, but it is generally attributed to the overall openness of the church to people from different Christian denominations, personal situations and backgrounds. Every Saturday in&nbsp;<a href=\\\"https:\\/\\/www.nytimes.com\\/interactive\\/projects\\/cp\\/weddings\\/165-years-of-wedding-announcements\\/world-war-two-weddings\\\" target=\\\"_blank\\\" rel=\\\"noreferrer noopener\\\">the 1930s and 40s<\\/a>&mdash;and often on weekdays&mdash;couples would gather in the garden, awaiting their turn to be married in the Holy Family Chapel. The Rector in that era would marry as many as <strong>seven couples a day<\\/strong>.<br><\\/p>\\r\\n<p>We hear from those couples to this day as part of our&nbsp;<em>Little Family<\\/em>&nbsp;community.&nbsp;We send out several newsletters to them each year and a card goes to all those married here on their anniversaries.<\\/p>\\r\\n<h3>The Space<\\/h3>\\r\\n<p>Tucked behind a lovely English garden with a fountain, Transfiguration is a neo-Gothic church rich with architectural detail. There are two spaces in which you may choose to be married:<\\/p>\\r\\n<p><strong>The Holy Family Chapel<\\/strong> is a quaint room panelled with dark wood that seats up to 50 people&mdash;is appropriate for smaller weddings. The altar piece is a painted depiction of the betrothal of Mary and Joseph. It is in the Holy Family Chapel that thousands of couples in the post-war years became married, making the Little Church famous for weddings.<\\/p>\\r\\n<p><em>I can fill this out further, tomorrow, Mary Jane.<\\/em><\\/p>\"}}},\"11\":[\"362\"],\"12\":\"<p>Congratulations on your engagement, and thanks for your interest in becoming married at The Church of the Transfiguration. Our church is a beautiful place with a century-old reputation for marrying couples from all over the world. At one time, Transfiguration solemnized more marriages than any other church! We welcome you to join our \\\"little family\\\", and we hope to become a part of yours.<\\/p>\",\"27\":\"Jesse Anders \\/On Point Images \"}}', '2017-09-14 21:34:20', '2017-09-14 21:34:20', 'a1dc0d3d-3828-4fbc-8ca9-b71fbc5214b2'),
 ('171', '363', '10', '1', 'en_us', '5', '', '{\"typeId\":\"10\",\"authorId\":\"1\",\"title\":\"Weddings\",\"slug\":\"weddings\",\"postDate\":1505423640,\"expiryDate\":null,\"enabled\":1,\"parentId\":null,\"fields\":{\"3\":\"\",\"13\":{\"364\":{\"type\":\"generalSection\",\"enabled\":\"1\",\"fields\":{\"text\":\"<h2>Weddings at Transfiguration<\\/h2>\\r\\n<p>How Transfiguration became famous as a place to exchange vows remains something of a mystery, but it is generally attributed to the overall openness of the church to people from different Christian denominations, personal situations and backgrounds. Every Saturday in&nbsp;<a href=\\\"https:\\/\\/www.nytimes.com\\/interactive\\/projects\\/cp\\/weddings\\/165-years-of-wedding-announcements\\/world-war-two-weddings\\\" target=\\\"_blank\\\" rel=\\\"noreferrer noopener\\\">the 1930s and 40s<\\/a>&mdash;and often on weekdays&mdash;couples would gather in the garden, awaiting their turn to be married in the Holy Family Chapel. The Rector in that era would marry as many as <strong>seven couples a day<\\/strong>.<br><\\/p>\\r\\n<p>We hear from those couples to this day as part of our&nbsp;<em>Little Family<\\/em>&nbsp;community.&nbsp;We send out several newsletters to them each year and a card goes to all those married here on their anniversaries.<\\/p>\\r\\n<h3>The Space<\\/h3>\\r\\n<p>Tucked behind a lovely English garden with a fountain, Transfiguration is a neo-Gothic church rich with architectural detail. There are two spaces in which you may choose to be married:<\\/p>\\r\\n<p><strong>The Holy Family Chapel<\\/strong> is a quaint room panelled with dark wood that seats up to 50 people&mdash;is appropriate for smaller weddings. The altar piece is a painted depiction of the betrothal of Mary and Joseph. It is in the Holy Family Chapel that thousands of couples in the post-war years became married, making the Little Church famous for weddings.<\\/p>\\r\\n<p><em>I would like to include some images here, so can fill this out further, tomorrow, Mary Jane. We can also include downloads to the newsletters, as it is on the existing wedding page.<\\/em><\\/p>\"}}},\"11\":[\"362\"],\"12\":\"<p>Congratulations on your engagement, and thanks for your interest in becoming married at The Church of the Transfiguration. Our church is a beautiful place with a century-old reputation for marrying couples from all over the world. At one time, Transfiguration solemnized more marriages than any other church! We welcome you to join our \\\"little family\\\", and we hope to become a part of yours.<\\/p>\",\"27\":\"Jesse Anders \\/On Point Images \"}}', '2017-09-14 21:36:03', '2017-09-14 21:36:03', '845c602a-9647-4739-b3ce-da7531b48fb9'),
 ('172', '363', '10', '1', 'en_us', '6', '', '{\"typeId\":\"10\",\"authorId\":\"1\",\"title\":\"Weddings\",\"slug\":\"weddings\",\"postDate\":1505423640,\"expiryDate\":null,\"enabled\":1,\"parentId\":null,\"fields\":{\"3\":\"\",\"13\":{\"364\":{\"type\":\"generalSection\",\"enabled\":\"1\",\"fields\":{\"text\":\"<h2>Weddings at Transfiguration<\\/h2>\\r\\n<p>How Transfiguration became famous as a place to exchange vows remains something of a mystery, but it is generally attributed to the overall openness of the church to people from different Christian denominations, personal situations and backgrounds. Every Saturday in&nbsp;<a href=\\\"https:\\/\\/www.nytimes.com\\/interactive\\/projects\\/cp\\/weddings\\/165-years-of-wedding-announcements\\/world-war-two-weddings\\\" target=\\\"_blank\\\" rel=\\\"noreferrer noopener\\\">the 1930s and 40s<\\/a>&mdash;and often on weekdays&mdash;couples would gather in the garden, awaiting their turn to be married in the Holy Family Chapel. The Rector in that era would marry as many as <strong>seven couples a day<\\/strong>.<br><\\/p>\\r\\n<p>We hear from those couples to this day as part of our&nbsp;<em>Little Family<\\/em>&nbsp;community.&nbsp;We send out several newsletters to them each year and a card goes to all those married here on their anniversaries.<\\/p>\\r\\n<h3>The Space<\\/h3>\\r\\n<p>Tucked behind a lovely English garden with a fountain, Transfiguration is a neo-Gothic church rich with architectural detail. There are two spaces in which you may choose to be married:<\\/p>\\r\\n<p><strong>The Holy Family Chapel<\\/strong> is a quaint room panelled with dark wood that seats up to 50 people&mdash;is appropriate for smaller weddings. The altar piece is a painted depiction of the betrothal of Mary and Joseph. It is in the Holy Family Chapel that thousands of couples in the post-war years became married, making the Little Church famous for weddings.<\\/p>\\r\\n<p><em>I would like to include some images here, so can fill this out further, tomorrow, Mary Jane. We can also include downloads to the newsletters, as it is on the existing wedding page.<\\/em><\\/p>\"}}},\"11\":[\"362\"],\"12\":\"<p>Congratulations on your engagement, and thanks for your interest in becoming married at The Church of the Transfiguration. Our church is a beautiful place with a century-old reputation for marrying couples from all over the world. At one time, Transfiguration solemnized more marriages than any other church! We welcome you to join our \\\"little family\\\", and we hope to become a part of yours.<\\/p>\",\"27\":\"Jesse Anders \\/On Point Images \"}}', '2017-09-14 21:36:12', '2017-09-14 21:36:12', '2a516e8d-a2a1-40d1-bde7-43649f8286f1'),
 ('173', '363', '10', '1', 'en_us', '7', '', '{\"typeId\":\"10\",\"authorId\":\"1\",\"title\":\"Weddings\",\"slug\":\"weddings\",\"postDate\":1505423640,\"expiryDate\":null,\"enabled\":1,\"parentId\":null,\"fields\":{\"3\":\"\",\"13\":{\"364\":{\"type\":\"generalSection\",\"enabled\":\"1\",\"fields\":{\"text\":\"<h2>Weddings at Transfiguration<\\/h2>\\r\\n<p>How Transfiguration became famous as a place to exchange vows remains something of a mystery, but it is generally attributed to the overall openness of the church to people from different Christian denominations, personal situations and backgrounds. Every Saturday in&nbsp;<a href=\\\"https:\\/\\/www.nytimes.com\\/interactive\\/projects\\/cp\\/weddings\\/165-years-of-wedding-announcements\\/world-war-two-weddings\\\" target=\\\"_blank\\\" rel=\\\"noreferrer noopener\\\">the 1930s and 40s<\\/a>&mdash;and often on weekdays&mdash;couples would gather in the garden, awaiting their turn to be married in the Holy Family Chapel. The Rector in that era would marry as many as seven couples a day.<br><\\/p>\\r\\n<p>We hear from those couples to this day as part of our&nbsp;<em>Little Family<\\/em>&nbsp;community.&nbsp;We send out several newsletters to them each year and a card goes to all those married here on their anniversaries.<\\/p>\\r\\n<h3>The Space<\\/h3>\\r\\n<p>Tucked behind a lovely English garden with a fountain, Transfiguration is a neo-Gothic church rich with architectural detail. There are two spaces in which you may choose to be married:<\\/p>\\r\\n<p><strong>The Holy Family Chapel<\\/strong> is a quaint room panelled with dark wood that seats up to 50 people&mdash;is appropriate for smaller weddings. The altar piece is a painted depiction of the betrothal of Mary and Joseph. It is in the Holy Family Chapel that thousands of couples in the post-war years became married, making the Little Church famous for weddings.<\\/p>\\r\\n<p><em>I would like to include some images here, so can fill this out further, tomorrow, Mary Jane. We can also include downloads to the newsletters, as it is on the existing wedding page.<\\/em><\\/p>\"}}},\"11\":[\"362\"],\"12\":\"<p>Congratulations on your engagement, and thanks for your interest in becoming married at The Church of the Transfiguration. Our church is a beautiful place with a century-old reputation for marrying couples from all over the world. At one time, Transfiguration solemnized more marriages than any other church! We welcome you to join our \\\"little family\\\", and we hope to become a part of yours.<\\/p>\",\"27\":\"Jesse Anders \\/On Point Images \"}}', '2017-09-14 21:40:46', '2017-09-14 21:40:46', '302685b4-168f-469f-8844-6a8496c8e3c8'),
 ('174', '359', '10', '1', 'en_us', '4', '', '{\"typeId\":\"10\",\"authorId\":\"1\",\"title\":\"Bible Study\",\"slug\":\"bible-study\",\"postDate\":1505417760,\"expiryDate\":null,\"enabled\":1,\"parentId\":null,\"fields\":{\"3\":\"\",\"13\":{\"360\":{\"type\":\"generalSection\",\"enabled\":\"1\",\"fields\":{\"text\":\"<h2>The Book of Revelations<\\/h2>\\r\\n<p>The Thursday night study will resume on September 21st. Our current series focuses on the book of Revelation. If interested, please purchase this&nbsp;<a href=\\\"https:\\/\\/www.amazon.com\\/Book-Revelation-COLLEGEVILLE-COMMENTARY-TESTAMENT\\/dp\\/0814628850\\\" target=\\\"_blank\\\" rel=\\\"noreferrer noopener\\\"><u>commentary<\\/u><\\/a>&nbsp;and stay tuned for more updates on the new series.<\\/p>\"}}},\"11\":[\"358\"],\"12\":\"<p>Aenean ac velit phasellus vivamus condimentum habitant vestibulum nibh parturient tincidunt mi malesuada cursus nunc risus parturient a condimentum augue gravida metus. Ut at a a turpis facilisi parturient ac non quisque a parturient habitasse cubilia adipiscing imperdiet.<\\/p>\",\"27\":\"\"}}', '2017-09-14 21:44:04', '2017-09-14 21:44:04', 'b790718b-8cb7-4267-af9f-572f9ae6fd37'),
 ('175', '359', '10', '1', 'en_us', '5', '', '{\"typeId\":\"10\",\"authorId\":\"1\",\"title\":\"Bible Study\",\"slug\":\"bible-study\",\"postDate\":1505417760,\"expiryDate\":null,\"enabled\":1,\"parentId\":null,\"fields\":{\"3\":\"\",\"13\":{\"360\":{\"type\":\"generalSection\",\"enabled\":\"1\",\"fields\":{\"text\":\"<h2>The Book of Revelations<\\/h2>\\r\\n<p>The Thursday night study which resumed on September 21st, continues throughout October. The evening begins with a mass in the chapel at 6:30 PM. Following the mass, the study will begin at 7:00 in the common room. This series is focused on the Book of Revelation.&nbsp;<b>Newcomers Welcome<\\/b>.<\\/p>\"}}},\"11\":[\"358\"],\"12\":\"\",\"27\":\"\"}}', '2017-09-16 15:47:11', '2017-09-16 15:47:11', 'be5a5b14-cb4d-4e94-a26d-bdf257cd7508'),
 ('176', '359', '10', '1', 'en_us', '6', '', '{\"typeId\":\"10\",\"authorId\":\"1\",\"title\":\"Bible Study\",\"slug\":\"bible-study\",\"postDate\":1505417760,\"expiryDate\":null,\"enabled\":1,\"parentId\":null,\"fields\":{\"3\":\"\",\"13\":{\"360\":{\"type\":\"generalSection\",\"enabled\":\"1\",\"fields\":{\"text\":\"<h2>The Book of Revelation<\\/h2>\\r\\n<p>The Thursday night study which resumed on September 21st, continues throughout October. The evening begins with a mass in the chapel at 6:30 PM. Following the mass, the study will begin at 7:00 in the common room. This series is focused on the Book of Revelation.&nbsp;<strong>Newcomers Welcome<\\/strong>.<\\/p>\"}}},\"11\":[\"358\"],\"12\":\"<p>The Thursday night study which resumed on September 21st, continues throughout October. The evening begins with a mass in the chapel at 6:30 pm. Following the mass, the study will begin at 7:00 pm in the common room.&nbsp;<b>Newcomers Welcome<\\/b>.<\\/p>\",\"27\":\"\"}}', '2017-09-16 15:55:03', '2017-09-16 15:55:03', '4d4c30d7-15e8-4388-9c80-ead8db892b9f'),
 ('177', '359', '10', '1', 'en_us', '7', '', '{\"typeId\":\"10\",\"authorId\":\"1\",\"title\":\"Bible Study\",\"slug\":\"bible-study\",\"postDate\":1505417760,\"expiryDate\":null,\"enabled\":1,\"parentId\":null,\"fields\":{\"3\":\"\",\"13\":{\"360\":{\"type\":\"generalSection\",\"enabled\":\"1\",\"fields\":{\"text\":\"<h2>The Book of Revelation<\\/h2>\\r\\n<p>The Thursday night study which resumed on September 21st, continues throughout October. The evening begins with a mass in the chapel at 6:30 PM. Following the mass, the study will begin at 7:00 in the common room. This series is focused on the Book of Revelation.&nbsp;<strong>Newcomers Welcome<\\/strong>.<\\/p>\"}}},\"11\":[\"358\"],\"12\":\"<p>The Thursday night study, which resumed on September 21st, continues throughout October. The evening begins with a mass in the chapel at 6:30 pm. Following the mass, the study will begin at 7:00 pm in the common room.&nbsp;<strong>Newcomers Welcome<\\/strong>.<\\/p>\",\"27\":\"\"}}', '2017-09-16 16:01:10', '2017-09-16 16:01:10', 'c46dd601-48e4-4667-b184-6d6f8fff3f7a'),
 ('178', '359', '10', '1', 'en_us', '8', '', '{\"typeId\":\"10\",\"authorId\":\"1\",\"title\":\"Bible Study\",\"slug\":\"bible-study\",\"postDate\":1505417760,\"expiryDate\":null,\"enabled\":1,\"parentId\":null,\"fields\":{\"3\":\"\",\"13\":{\"360\":{\"type\":\"generalSection\",\"enabled\":\"1\",\"fields\":{\"text\":\"<h2>The Book of Revelation<\\/h2>\\r\\n<p>Our current series is focused on&nbsp;the Book of Revelations.&nbsp;The group will be using this commentary:&nbsp;<em>The Book of Revelation: Volume 12<\\/em> (NEW COLLEGEVILLE BIBLE COMMENTARY: NEW TESTAMENT) (Pt. 12). <a href=\\\"https:\\/\\/www.amazon.com\\/Book-Revelation-COLLEGEVILLE-COMMENTARY-TESTAMENT\\/dp\\/0814628850\\\" target=\\\"_blank\\\">Purchase on Amazon<\\/a>.<\\/p>\\r\\n<p>For any questions about this series, please contact Fr. Cheng at AssociateRector@littlechurch.org.<\\/p>\"}}},\"11\":[\"358\"],\"12\":\"<p>The Thursday night study, which resumed on September 21st, continues throughout October. The evening begins with a mass in the chapel at 6:30 pm. Following the mass, the study will begin at 7:00 pm in the common room.&nbsp;<strong>Newcomers Welcome<\\/strong>.<\\/p>\",\"27\":\"\"}}', '2017-09-16 16:06:11', '2017-09-16 16:06:11', 'dd8f7c0f-a57a-4236-a762-3d8af51c4e5f'),
 ('179', '359', '10', '1', 'en_us', '9', '', '{\"typeId\":\"10\",\"authorId\":\"1\",\"title\":\"Bible Study\",\"slug\":\"bible-study\",\"postDate\":1505417760,\"expiryDate\":null,\"enabled\":1,\"parentId\":null,\"fields\":{\"3\":\"\",\"13\":{\"360\":{\"type\":\"generalSection\",\"enabled\":\"1\",\"fields\":{\"text\":\"<h2>The Book of Revelation<\\/h2>\\r\\n<p>Our current series is focused on&nbsp;the Book of Revelations.&nbsp;The group will be using this commentary:&nbsp;<em>The Book of Revelation: Volume 12<\\/em> (NEW COLLEGEVILLE BIBLE COMMENTARY: NEW TESTAMENT) (Pt. 12). <a href=\\\"https:\\/\\/www.amazon.com\\/Book-Revelation-COLLEGEVILLE-COMMENTARY-TESTAMENT\\/dp\\/0814628850\\\" target=\\\"_blank\\\" rel=\\\"noreferrer noopener\\\">Purchase on Amazon<\\/a>.<\\/p>\\r\\n<p>For any questions about this series, please contact Fr. Cheng at AssociateRector@littlechurch.org.<\\/p>\"}}},\"11\":[\"358\"],\"12\":\"<p>The Thursday night study, which resumed on September 21st, continues throughout October. The evening begins with a mass in the chapel at 6:30 pm. Following the mass, the study will begin at 7:00 pm in the common room.&nbsp;<strong>Newcomers Welcome<\\/strong>.<\\/p>\",\"27\":\"\"}}', '2017-09-16 16:17:13', '2017-09-16 16:17:13', 'fe1f844c-4537-4586-b67a-267d4f3de2e5'),
 ('180', '375', '10', '1', 'en_us', '1', '', '{\"typeId\":null,\"authorId\":\"1\",\"title\":\"Adult Education\",\"slug\":\"adult-education\",\"postDate\":1505579103,\"expiryDate\":null,\"enabled\":1,\"parentId\":null,\"fields\":{\"3\":\"\",\"13\":{\"new1\":{\"type\":\"generalSection\",\"enabled\":\"1\",\"fields\":{\"text\":\"<h2>The Bible and Sexuality<\\/h2><p>Adult Christian education classes at Transfiguration will resume in October with a five-week series on the Bible and sexuality. Come explore what the Hebrew Bible, Apocrypha, and New Testament have to say to us today about topics such as marriage, sexual ethics, and LGBT issues.<\\/p>\"}}},\"11\":[\"374\"],\"12\":\"<p>Our Adult Education forums cover a wide variety of spiritual topics both within the Church and elsewhere. The series hosts a number of guest speakers and facilitators and promises an hour of entertaining and informational learning and discussion.<br><\\/p>\",\"27\":\"\"}}', '2017-09-16 16:25:03', '2017-09-16 16:25:03', '5f22ecd1-527b-4f5a-8f3a-742bccc14ed1');



DROP TABLE IF EXISTS `craft_fieldgroups`;


--
-- Schema for table `craft_fieldgroups`
--
CREATE TABLE `craft_fieldgroups` (
  `id` int(11) NOT NULL AUTO_INCREMENT,
  `name` varchar(255) COLLATE utf8_unicode_ci NOT NULL,
  `dateCreated` datetime NOT NULL,
  `dateUpdated` datetime NOT NULL,
  `uid` char(36) COLLATE utf8_unicode_ci NOT NULL DEFAULT '0',
  PRIMARY KEY (`id`),
  UNIQUE KEY `craft_fieldgroups_name_unq_idx` (`name`)
) ENGINE=InnoDB AUTO_INCREMENT=8 DEFAULT CHARSET=utf8 COLLATE=utf8_unicode_ci;

--
-- Data for table `craft_fieldgroups`
--

INSERT INTO `craft_fieldgroups` (`id`, `name`, `dateCreated`, `dateUpdated`, `uid`) VALUES
 ('2', 'Global', '2017-08-25 13:22:49', '2017-08-25 13:22:49', '5bbb7df9-3629-441d-94ca-1e475713b87c'),
 ('3', 'Articles', '2017-08-26 11:18:13', '2017-08-26 11:18:13', '5167b424-a132-4ee9-86aa-6f16ee7d21e7'),
 ('4', 'Home', '2017-08-26 13:35:39', '2017-08-26 13:35:39', '76dd409f-94d6-4afe-b3e0-404a5d8fd380'),
 ('5', 'Blog', '2017-08-30 09:02:32', '2017-08-30 09:02:32', 'b4df1a20-743c-4d04-b83e-f56a6117157a'),
 ('6', 'Virtual Tour', '2017-09-01 11:35:27', '2017-09-01 11:35:27', '2215f8f7-e3e3-46b9-b48d-2e980ded1190'),
 ('7', 'Events', '2017-09-12 13:56:55', '2017-09-12 13:56:55', '8a26d4c2-0d4a-417d-8444-a83a7428f36a');



DROP TABLE IF EXISTS `craft_fieldlayoutfields`;


--
-- Schema for table `craft_fieldlayoutfields`
--
CREATE TABLE `craft_fieldlayoutfields` (
  `id` int(11) NOT NULL AUTO_INCREMENT,
  `layoutId` int(11) NOT NULL,
  `tabId` int(11) NOT NULL,
  `fieldId` int(11) NOT NULL,
  `required` tinyint(1) unsigned NOT NULL DEFAULT '0',
  `sortOrder` smallint(6) unsigned DEFAULT NULL,
  `dateCreated` datetime NOT NULL,
  `dateUpdated` datetime NOT NULL,
  `uid` char(36) COLLATE utf8_unicode_ci NOT NULL DEFAULT '0',
  PRIMARY KEY (`id`),
  UNIQUE KEY `craft_fieldlayoutfields_layoutId_fieldId_unq_idx` (`layoutId`,`fieldId`),
  KEY `craft_fieldlayoutfields_sortOrder_idx` (`sortOrder`),
  KEY `craft_fieldlayoutfields_tabId_fk` (`tabId`),
  KEY `craft_fieldlayoutfields_fieldId_fk` (`fieldId`)
) ENGINE=InnoDB AUTO_INCREMENT=494 DEFAULT CHARSET=utf8 COLLATE=utf8_unicode_ci;

--
-- Data for table `craft_fieldlayoutfields`
--

INSERT INTO `craft_fieldlayoutfields` (`id`, `layoutId`, `tabId`, `fieldId`, `required`, `sortOrder`, `dateCreated`, `dateUpdated`, `uid`) VALUES
 ('52', '25', '14', '6', '0', '1', '2017-08-25 18:22:17', '2017-08-25 18:22:17', '3ccb5d88-bcd1-4824-bbda-9153c620c02a'),
 ('53', '25', '14', '7', '0', '2', '2017-08-25 18:22:17', '2017-08-25 18:22:17', 'fa2a3174-39af-482d-a331-976c0acbdfd9'),
 ('54', '25', '14', '8', '0', '3', '2017-08-25 18:22:17', '2017-08-25 18:22:17', 'f7d4de49-6c8e-4e74-a5b7-42cae5aaf2d0'),
 ('55', '25', '14', '4', '0', '4', '2017-08-25 18:22:17', '2017-08-25 18:22:17', '1cd4bab7-1451-4805-a868-c4145d4769d9'),
 ('56', '25', '14', '5', '0', '5', '2017-08-25 18:22:17', '2017-08-25 18:22:17', 'e665a8a0-b5d7-4c07-b6a6-7edfed9824aa'),
 ('160', '75', '57', '24', '0', '1', '2017-08-28 15:13:24', '2017-08-28 15:13:24', 'c27f7fef-34da-48f2-9f1b-b347d066e68f'),
 ('161', '75', '57', '1', '0', '2', '2017-08-28 15:13:24', '2017-08-28 15:13:24', 'ec5e0b72-d1ca-4a5d-947d-26506a08d2d1'),
 ('162', '75', '57', '10', '0', '3', '2017-08-28 15:13:24', '2017-08-28 15:13:24', '4743e7ca-4dd2-419e-83e6-79f9af3391b7'),
 ('201', '97', '75', '10', '0', '1', '2017-08-30 11:31:05', '2017-08-30 11:31:05', '11aa5d5a-14fd-429a-a01e-b02b6d477b18'),
 ('202', '97', '75', '3', '0', '2', '2017-08-30 11:31:05', '2017-08-30 11:31:05', '37660127-e07d-40f4-be95-065643aa6764'),
 ('217', '106', '82', '11', '0', '1', '2017-08-30 12:14:39', '2017-08-30 12:14:39', '99262377-1ba4-45aa-84b0-55557b5f83b7'),
 ('218', '106', '82', '27', '0', '2', '2017-08-30 12:14:39', '2017-08-30 12:14:39', '77727224-b0a6-43ef-9551-2d58f4674c0b'),
 ('219', '106', '82', '3', '0', '3', '2017-08-30 12:14:39', '2017-08-30 12:14:39', '8ce0ea82-8edd-4beb-916a-484eb99e3566'),
 ('220', '106', '82', '12', '0', '4', '2017-08-30 12:14:39', '2017-08-30 12:14:39', '4c9db177-c921-4858-a483-9b11bde0544b'),
 ('221', '106', '82', '13', '0', '5', '2017-08-30 12:14:39', '2017-08-30 12:14:39', '097305b7-d4af-4d32-96b0-b7e79a3827d1'),
 ('226', '109', '85', '26', '0', '1', '2017-08-30 13:54:24', '2017-08-30 13:54:24', '6ac738d1-2b93-4e29-9c75-68ddab38cb52'),
 ('227', '109', '85', '25', '0', '2', '2017-08-30 13:54:24', '2017-08-30 13:54:24', 'd30e3ee8-b32c-41ad-b092-c60553905482'),
 ('228', '109', '85', '27', '0', '3', '2017-08-30 13:54:24', '2017-08-30 13:54:24', 'f05733e4-f676-4dcf-962d-0d5fb11f5fd1'),
 ('229', '109', '85', '28', '0', '4', '2017-08-30 13:54:24', '2017-08-30 13:54:24', '0dc02f71-a11c-4054-bc35-22a2456a10b3'),
 ('290', '141', '113', '36', '0', '1', '2017-08-31 11:33:36', '2017-08-31 11:33:36', '47aef18d-07c0-4b67-b1f3-4032f8550114'),
 ('291', '141', '113', '3', '0', '2', '2017-08-31 11:33:36', '2017-08-31 11:33:36', '98324118-0937-49b2-ac83-e0d1d9fc26ab'),
 ('292', '141', '113', '5', '0', '3', '2017-08-31 11:33:36', '2017-08-31 11:33:36', '83c03938-0ac3-4003-9b9f-777e09a2e957'),
 ('293', '142', '114', '29', '0', '1', '2017-08-31 11:53:28', '2017-08-31 11:53:28', 'dc5f9802-a0dc-495c-a5a1-054ec588f7d6'),
 ('294', '143', '115', '30', '1', '1', '2017-08-31 11:53:28', '2017-08-31 11:53:28', '747c643e-1820-410d-a517-a9d86c2c2d7d'),
 ('295', '143', '115', '31', '0', '2', '2017-08-31 11:53:28', '2017-08-31 11:53:28', '5c4c1609-4aab-40a7-aada-306b6c3859e8'),
 ('296', '143', '115', '32', '0', '3', '2017-08-31 11:53:28', '2017-08-31 11:53:28', '40de48ce-2ee5-4e8c-9756-da06e99fa366'),
 ('297', '143', '115', '33', '0', '4', '2017-08-31 11:53:28', '2017-08-31 11:53:28', '8d97f52e-d6d9-4c3b-a533-60b7c5145eba'),
 ('298', '143', '115', '34', '0', '5', '2017-08-31 11:53:28', '2017-08-31 11:53:28', '7b7479ba-3d0a-4488-afcd-21338c0034a7'),
 ('299', '144', '116', '35', '0', '1', '2017-08-31 11:53:28', '2017-08-31 11:53:28', '528ad799-058f-4364-b1f9-222812febb43'),
 ('309', '149', '120', '7', '0', '1', '2017-08-31 18:57:51', '2017-08-31 18:57:51', 'acce8f92-0016-473a-8c72-39cb6cf31887'),
 ('310', '149', '120', '8', '0', '2', '2017-08-31 18:57:51', '2017-08-31 18:57:51', '156eba3d-0ea2-4e22-a763-62631faaad89'),
 ('311', '149', '121', '37', '0', '1', '2017-08-31 18:57:51', '2017-08-31 18:57:51', '9526d03b-2090-4afb-ae97-4c4036f61abf'),
 ('312', '149', '121', '3', '0', '2', '2017-08-31 18:57:51', '2017-08-31 18:57:51', 'bd0db75b-6281-4844-b12d-7c1daa723fb2'),
 ('313', '149', '121', '38', '0', '3', '2017-08-31 18:57:51', '2017-08-31 18:57:51', 'e028352f-2b7c-4d94-8a72-420aa0b9fa85'),
 ('314', '149', '121', '39', '0', '4', '2017-08-31 18:57:51', '2017-08-31 18:57:51', '0e690646-a2e2-44d9-a8bd-6a81072e81f5'),
 ('315', '149', '121', '4', '0', '5', '2017-08-31 18:57:51', '2017-08-31 18:57:51', '9d79b62a-30ca-4dd7-9424-819fe7d2a190'),
 ('316', '149', '121', '5', '0', '6', '2017-08-31 18:57:51', '2017-08-31 18:57:51', 'ecd4a993-d403-4654-93a8-c6f40b702a76'),
 ('317', '151', '122', '11', '0', '1', '2017-09-01 10:07:56', '2017-09-01 10:07:56', '1b309674-75e7-4806-8e6c-eef12d12eabf'),
 ('318', '151', '122', '27', '0', '2', '2017-09-01 10:07:56', '2017-09-01 10:07:56', 'f71d1156-b13c-481e-a00b-826828a7aba6'),
 ('319', '151', '122', '3', '0', '3', '2017-09-01 10:07:56', '2017-09-01 10:07:56', 'a8f227e3-6387-4627-abb1-e461619211dc'),
 ('320', '151', '122', '12', '0', '4', '2017-09-01 10:07:56', '2017-09-01 10:07:56', 'be4fd761-6c27-4c27-80eb-71b19a86b040'),
 ('321', '151', '122', '13', '0', '5', '2017-09-01 10:07:56', '2017-09-01 10:07:56', 'ab4b2e0c-74f5-414a-bd55-9fb7a54d1a06'),
 ('340', '158', '127', '41', '0', '1', '2017-09-01 11:42:38', '2017-09-01 11:42:38', '18d2ccd1-80ce-4493-a0d4-3ebe8215c5ac'),
 ('341', '158', '127', '3', '0', '2', '2017-09-01 11:42:38', '2017-09-01 11:42:38', 'eb60ac0b-7ba0-42f2-bf5e-a0589282905f'),
 ('342', '158', '127', '27', '0', '3', '2017-09-01 11:42:38', '2017-09-01 11:42:38', '68841d8c-4d93-454e-bca0-83f9292ee3a7'),
 ('343', '158', '127', '42', '0', '4', '2017-09-01 11:42:38', '2017-09-01 11:42:38', 'b0675816-5b76-40a9-8be6-ff52dcc9297b'),
 ('421', '205', '166', '23', '0', '1', '2017-09-12 16:43:47', '2017-09-12 16:43:47', 'd569cc47-23db-496e-8b84-cdf7a4d7905a'),
 ('422', '205', '166', '46', '0', '2', '2017-09-12 16:43:47', '2017-09-12 16:43:47', '1ba95994-7c20-4161-b013-928ed7f03c51'),
 ('423', '206', '167', '14', '0', '1', '2017-09-12 16:44:53', '2017-09-12 16:44:53', '45ebf358-34da-48b7-a02a-73d0b07472cf'),
 ('424', '207', '168', '15', '1', '1', '2017-09-12 16:44:53', '2017-09-12 16:44:53', 'b2efc9ab-0cc3-40dc-903a-4b55f3837c12'),
 ('425', '207', '168', '16', '0', '2', '2017-09-12 16:44:53', '2017-09-12 16:44:53', 'bf396584-851d-4a76-9b0c-503fc7695bb6'),
 ('426', '207', '168', '17', '0', '3', '2017-09-12 16:44:53', '2017-09-12 16:44:53', '4bd30156-6ed7-4e14-bb42-d7446654d0f5'),
 ('427', '207', '168', '18', '0', '4', '2017-09-12 16:44:53', '2017-09-12 16:44:53', 'f218c6d1-90a1-4914-8e37-88bc1f4d2a87'),
 ('428', '208', '169', '21', '1', '1', '2017-09-12 16:44:53', '2017-09-12 16:44:53', 'd53e7f61-82f4-482d-a17c-20ee16da8e0f'),
 ('429', '208', '169', '22', '1', '2', '2017-09-12 16:44:53', '2017-09-12 16:44:53', '54b2d3aa-1587-4d6b-94d1-a25169d70191'),
 ('430', '209', '170', '45', '0', '1', '2017-09-12 16:44:53', '2017-09-12 16:44:53', 'ed196502-72c2-47ba-86de-d34838c4b16d'),
 ('431', '211', '171', '11', '0', '1', '2017-09-13 09:22:28', '2017-09-13 09:22:28', '9fdb6803-2678-4a82-b6f1-790b81471693'),
 ('432', '211', '171', '27', '0', '2', '2017-09-13 09:22:28', '2017-09-13 09:22:28', 'e0a0bfa4-6b9d-41be-8763-c99cb07443f9'),
 ('433', '211', '171', '3', '0', '3', '2017-09-13 09:22:28', '2017-09-13 09:22:28', 'f5d676b5-9963-4ed6-bbde-86323c410de2'),
 ('434', '211', '171', '12', '0', '4', '2017-09-13 09:22:28', '2017-09-13 09:22:28', '961d63da-0f65-4505-b8f6-c624b953e961'),
 ('435', '211', '171', '13', '0', '5', '2017-09-13 09:22:28', '2017-09-13 09:22:28', '5a1d5085-1948-4dc1-aaea-4fc1e3522f4e'),
 ('487', '224', '182', '49', '0', '1', '2017-09-16 22:00:07', '2017-09-16 22:00:07', 'fe713d28-a06e-4f70-bede-c1fae9a16d60'),
 ('488', '224', '182', '3', '0', '2', '2017-09-16 22:00:07', '2017-09-16 22:00:07', '2a34e1d2-f7c0-4a12-ad50-d9b06baa96ee'),
 ('489', '224', '182', '50', '0', '3', '2017-09-16 22:00:07', '2017-09-16 22:00:07', 'b7bbefd2-28b0-440f-a98f-aef77c314f02'),
 ('490', '224', '182', '52', '0', '4', '2017-09-16 22:00:07', '2017-09-16 22:00:07', '59015faf-d637-435a-bb71-bd464cbb7898'),
 ('491', '224', '182', '48', '0', '5', '2017-09-16 22:00:07', '2017-09-16 22:00:07', '30f22f62-127b-4fdb-a7a5-ed796874d05e'),
 ('492', '224', '182', '5', '0', '6', '2017-09-16 22:00:07', '2017-09-16 22:00:07', '8a469f66-54b3-4204-ae0a-79c12617032a'),
 ('493', '224', '182', '51', '0', '7', '2017-09-16 22:00:07', '2017-09-16 22:00:07', 'c8e1a895-4f06-4609-b074-697aa3012dfe');



DROP TABLE IF EXISTS `craft_fieldlayouts`;


--
-- Schema for table `craft_fieldlayouts`
--
CREATE TABLE `craft_fieldlayouts` (
  `id` int(11) NOT NULL AUTO_INCREMENT,
  `type` varchar(150) COLLATE utf8_unicode_ci NOT NULL,
  `dateCreated` datetime NOT NULL,
  `dateUpdated` datetime NOT NULL,
  `uid` char(36) COLLATE utf8_unicode_ci NOT NULL DEFAULT '0',
  PRIMARY KEY (`id`),
  KEY `craft_fieldlayouts_type_idx` (`type`)
) ENGINE=InnoDB AUTO_INCREMENT=225 DEFAULT CHARSET=utf8 COLLATE=utf8_unicode_ci;

--
-- Data for table `craft_fieldlayouts`
--

INSERT INTO `craft_fieldlayouts` (`id`, `type`, `dateCreated`, `dateUpdated`, `uid`) VALUES
 ('1', 'Tag', '2017-08-24 19:10:40', '2017-08-24 19:10:40', 'b64f6a25-1e38-4d36-becc-401696d4a7d1'),
 ('6', 'Asset', '2017-08-25 13:18:29', '2017-08-25 13:18:29', '51a9be07-1b5e-40fa-a289-74ae0d8eec56'),
 ('25', 'Entry', '2017-08-25 18:22:17', '2017-08-25 18:22:17', '9e65b547-de05-4d59-8014-5768a7b43927'),
 ('54', 'Asset', '2017-08-28 12:31:18', '2017-08-28 12:31:18', 'd0a191e2-1395-440e-9a80-8718aa1fc2f0'),
 ('75', 'Entry', '2017-08-28 15:13:24', '2017-08-28 15:13:24', '81da0517-57fa-40a9-b654-4caf169d2b88'),
 ('88', 'Venti_Event', '2017-08-28 20:06:31', '2017-08-28 20:06:31', 'a7d2a976-66e4-4a89-ae10-230748cdfd6c'),
 ('93', 'Asset', '2017-08-30 09:01:33', '2017-08-30 09:01:33', 'a3d9d513-ab0c-4cfb-8087-e6cda88dcc26'),
 ('97', 'Asset', '2017-08-30 11:31:04', '2017-08-30 11:31:04', '07999349-0eb0-40f9-83d5-2a77ab7c0f73'),
 ('98', 'Asset', '2017-08-30 11:39:40', '2017-08-30 11:39:40', '2eed3c73-f8fd-4a3a-9838-60f5d11d47aa'),
 ('99', 'Asset', '2017-08-30 11:51:19', '2017-08-30 11:51:19', '147854ef-dce9-4338-9622-aa63d40b96dc'),
 ('106', 'Entry', '2017-08-30 12:14:39', '2017-08-30 12:14:39', '3df8a9b0-df05-46a3-b1f8-26b71feb4c4a'),
 ('109', 'Entry', '2017-08-30 13:54:24', '2017-08-30 13:54:24', 'f04c5c96-6658-4f33-880f-79e1db271c5f'),
 ('112', 'Asset', '2017-08-30 14:06:23', '2017-08-30 14:06:23', '59079d1b-3f09-42e9-b414-e929249b2831'),
 ('140', 'Asset', '2017-08-31 11:31:06', '2017-08-31 11:31:06', '349fe8ae-54f0-4471-8e9f-8b3ddefdf442'),
 ('141', 'Entry', '2017-08-31 11:33:36', '2017-08-31 11:33:36', '7744e4ec-3cd7-4b8e-9ffe-8c8e811113ba'),
 ('142', 'MatrixBlock', '2017-08-31 11:53:28', '2017-08-31 11:53:28', '4b0b491e-24b3-4c73-bacc-de5c347dd8bc'),
 ('143', 'MatrixBlock', '2017-08-31 11:53:28', '2017-08-31 11:53:28', 'b5501d73-7611-4ac7-a390-c934352af7e0'),
 ('144', 'MatrixBlock', '2017-08-31 11:53:28', '2017-08-31 11:53:28', '3f4ad625-3121-4ad4-bccb-437500d9549c'),
 ('148', 'Asset', '2017-08-31 18:49:23', '2017-08-31 18:49:23', '4f4f5fb1-e8ee-4b2f-b58d-c77dbebed564'),
 ('149', 'Entry', '2017-08-31 18:57:51', '2017-08-31 18:57:51', '67a717d4-15df-4790-a2bc-2fca276bd4b5'),
 ('151', 'Entry', '2017-09-01 10:07:56', '2017-09-01 10:07:56', 'bedbc8a5-80de-4da0-956c-20dc94d5bbb4'),
 ('155', 'Asset', '2017-09-01 11:34:41', '2017-09-01 11:34:41', '1a70a28a-aaee-486e-adcb-cf8231e2b456'),
 ('158', 'Entry', '2017-09-01 11:42:38', '2017-09-01 11:42:38', 'f0744eba-def2-4808-a946-440fc655f0a0'),
 ('159', 'Entry', '2017-09-06 18:06:16', '2017-09-06 18:06:16', '320f6580-6642-43f3-9baf-84cf14c86bbb'),
 ('169', 'Asset', '2017-09-12 09:39:45', '2017-09-12 09:39:45', 'fe11942e-b49f-49d0-879d-58ab812df1bf'),
 ('205', 'Entry', '2017-09-12 16:43:47', '2017-09-12 16:43:47', 'a6f9069f-57f0-4410-b954-6aea667eefd2'),
 ('206', 'MatrixBlock', '2017-09-12 16:44:53', '2017-09-12 16:44:53', '52fe1e8e-9e32-4b37-8a8b-8671ad3f915c'),
 ('207', 'MatrixBlock', '2017-09-12 16:44:53', '2017-09-12 16:44:53', 'a3c53d77-bb0a-4b7c-ad34-c9b69b67d5c8'),
 ('208', 'MatrixBlock', '2017-09-12 16:44:53', '2017-09-12 16:44:53', 'dfe3742c-0c1d-4dfa-a2f9-9a48937cac8c'),
 ('209', 'MatrixBlock', '2017-09-12 16:44:53', '2017-09-12 16:44:53', '5f5fe6b3-cac9-4138-a9ed-eff857fba8b0'),
 ('211', 'Entry', '2017-09-13 09:22:28', '2017-09-13 09:22:28', '140d19cb-d00a-4be2-8e7b-636d26da80b7'),
 ('217', 'Asset', '2017-09-14 08:14:20', '2017-09-14 08:14:20', '2b59a621-f3a7-4387-90fe-7d5d8c5decf9'),
 ('224', 'Venti_Event_Default', '2017-09-16 22:00:07', '2017-09-16 22:00:07', '1a93d484-2793-47a2-9117-0d1edcba5092');



DROP TABLE IF EXISTS `craft_fieldlayouttabs`;


--
-- Schema for table `craft_fieldlayouttabs`
--
CREATE TABLE `craft_fieldlayouttabs` (
  `id` int(11) NOT NULL AUTO_INCREMENT,
  `layoutId` int(11) NOT NULL,
  `name` varchar(255) COLLATE utf8_unicode_ci NOT NULL,
  `sortOrder` smallint(6) unsigned DEFAULT NULL,
  `dateCreated` datetime NOT NULL,
  `dateUpdated` datetime NOT NULL,
  `uid` char(36) COLLATE utf8_unicode_ci NOT NULL DEFAULT '0',
  PRIMARY KEY (`id`),
  KEY `craft_fieldlayouttabs_sortOrder_idx` (`sortOrder`),
  KEY `craft_fieldlayouttabs_layoutId_fk` (`layoutId`)
) ENGINE=InnoDB AUTO_INCREMENT=183 DEFAULT CHARSET=utf8 COLLATE=utf8_unicode_ci;

--
-- Data for table `craft_fieldlayouttabs`
--

INSERT INTO `craft_fieldlayouttabs` (`id`, `layoutId`, `name`, `sortOrder`, `dateCreated`, `dateUpdated`, `uid`) VALUES
 ('14', '25', 'Marquee', '1', '2017-08-25 18:22:17', '2017-08-25 18:22:17', '3370beda-26a5-4df8-ac3c-43c3fc02f693'),
 ('57', '75', 'Bio', '1', '2017-08-28 15:13:24', '2017-08-28 15:13:24', 'b9eac052-0190-41c1-8b07-f7f6cc2eb3f2'),
 ('75', '97', 'Content', '1', '2017-08-30 11:31:04', '2017-08-30 11:31:04', '1ce05f23-a4d0-42fc-9c75-87953e457596'),
 ('82', '106', 'Article Body', '1', '2017-08-30 12:14:39', '2017-08-30 12:14:39', 'fa46117a-eea4-48a6-9f9a-509a350f5059'),
 ('85', '109', 'Content', '1', '2017-08-30 13:54:24', '2017-08-30 13:54:24', 'e4d2272d-73b7-41a8-93d0-1b1565851cd8'),
 ('113', '141', 'Quadrants', '1', '2017-08-31 11:33:36', '2017-08-31 11:33:36', 'f3d4698b-952e-4319-a2a6-271a4635f53b'),
 ('114', '142', 'Content', '1', '2017-08-31 11:53:28', '2017-08-31 11:53:28', '737caa71-5641-4504-8673-79a87a16a260'),
 ('115', '143', 'Content', '1', '2017-08-31 11:53:28', '2017-08-31 11:53:28', 'e4f0fb33-7b3c-48b3-9174-2ebf6432ff5a'),
 ('116', '144', 'Content', '1', '2017-08-31 11:53:28', '2017-08-31 11:53:28', '39decd06-5903-4590-9f67-2b1d04b0b33a'),
 ('120', '149', 'Introduction', '1', '2017-08-31 18:57:51', '2017-08-31 18:57:51', '36891fcb-d2fc-4220-9985-0a5a7323ab36'),
 ('121', '149', 'Graphic  Feature', '2', '2017-08-31 18:57:51', '2017-08-31 18:57:51', 'e0673e51-c8bb-424d-bbfb-030b60fc3bdc'),
 ('122', '151', 'Article Body', '1', '2017-09-01 10:07:56', '2017-09-01 10:07:56', '4c5adf87-4fa3-4fed-9d32-6a29cb1a279d'),
 ('127', '158', 'Tour Slides', '1', '2017-09-01 11:42:38', '2017-09-01 11:42:38', '5ec5ed0f-d724-4ac9-9f34-4b39977aea6c'),
 ('166', '205', 'Sermon', '1', '2017-09-12 16:43:47', '2017-09-12 16:43:47', 'b0ce6b1c-4842-42e4-a808-06f5715300dc'),
 ('167', '206', 'Content', '1', '2017-09-12 16:44:53', '2017-09-12 16:44:53', 'b53fc0a7-9102-448f-9e75-22b4d1d938d2'),
 ('168', '207', 'Content', '1', '2017-09-12 16:44:53', '2017-09-12 16:44:53', '64dc6d59-0e6a-4d8e-8669-cfebdc643e4e'),
 ('169', '208', 'Content', '1', '2017-09-12 16:44:53', '2017-09-12 16:44:53', '707403e1-312f-4c13-b013-a910af11b827'),
 ('170', '209', 'Content', '1', '2017-09-12 16:44:53', '2017-09-12 16:44:53', 'c13ad5cb-68e5-4742-a729-e9d574af2e3e'),
 ('171', '211', 'Article Body', '1', '2017-09-13 09:22:28', '2017-09-13 09:22:28', '3b36b741-d556-48b9-801c-d12bfb7584a4'),
 ('182', '224', 'Events', '1', '2017-09-16 22:00:07', '2017-09-16 22:00:07', 'ac1f773e-9410-4c3a-b31a-71b602eff1b9');



DROP TABLE IF EXISTS `craft_fields`;


--
-- Schema for table `craft_fields`
--
CREATE TABLE `craft_fields` (
  `id` int(11) NOT NULL AUTO_INCREMENT,
  `groupId` int(11) DEFAULT NULL,
  `name` varchar(255) COLLATE utf8_unicode_ci NOT NULL,
  `handle` varchar(58) COLLATE utf8_unicode_ci NOT NULL,
  `context` varchar(255) COLLATE utf8_unicode_ci NOT NULL DEFAULT 'global',
  `instructions` text COLLATE utf8_unicode_ci,
  `translatable` tinyint(1) unsigned NOT NULL DEFAULT '0',
  `type` varchar(150) COLLATE utf8_unicode_ci NOT NULL,
  `settings` text COLLATE utf8_unicode_ci,
  `dateCreated` datetime NOT NULL,
  `dateUpdated` datetime NOT NULL,
  `uid` char(36) COLLATE utf8_unicode_ci NOT NULL DEFAULT '0',
  PRIMARY KEY (`id`),
  UNIQUE KEY `craft_fields_handle_context_unq_idx` (`handle`,`context`),
  KEY `craft_fields_context_idx` (`context`),
  KEY `craft_fields_groupId_fk` (`groupId`)
) ENGINE=InnoDB AUTO_INCREMENT=53 DEFAULT CHARSET=utf8 COLLATE=utf8_unicode_ci;

--
-- Data for table `craft_fields`
--

INSERT INTO `craft_fields` (`id`, `groupId`, `name`, `handle`, `context`, `instructions`, `translatable`, `type`, `settings`, `dateCreated`, `dateUpdated`, `uid`) VALUES
 ('1', '2', 'Body', 'body', 'global', '', '0', 'RichText', '{\"configFile\":\"Standard.json\",\"availableAssetSources\":\"*\",\"availableTransforms\":\"*\",\"cleanupHtml\":\"1\",\"purifyHtml\":\"1\",\"purifierConfig\":\"\",\"columnType\":\"text\"}', '2017-08-24 19:10:40', '2017-09-13 08:14:29', '367e63a7-d510-4a13-ae5c-1eb2f453eb12'),
 ('3', '2', 'Alt Attribute', 'altAttribute', 'global', '', '0', 'PlainText', '{\"placeholder\":\"\",\"maxLength\":\"\",\"multiline\":\"\",\"initialRows\":\"4\"}', '2017-08-25 13:25:45', '2017-08-25 13:25:45', 'b9d5a2e7-4d40-4aa5-a7d4-75e2210afb13'),
 ('4', '2', 'Link Text', 'linkText', 'global', '', '0', 'PlainText', '{\"placeholder\":\"\",\"maxLength\":\"\",\"multiline\":\"\",\"initialRows\":\"4\"}', '2017-08-25 13:26:15', '2017-08-26 13:34:54', 'cf31b716-a079-4068-a2a4-e5d593574515'),
 ('5', '2', 'Link URL', 'linkUrl', 'global', '', '0', 'PlainText', '{\"placeholder\":\"\",\"maxLength\":\"\",\"multiline\":\"\",\"initialRows\":\"4\"}', '2017-08-25 13:26:41', '2017-08-25 13:26:41', 'b6d8960e-c300-4ca4-b891-6a52f37155d9'),
 ('6', '4', 'Marquee Image', 'marqueeImage', 'global', '', '0', 'Assets', '{\"useSingleFolder\":\"1\",\"sources\":\"*\",\"defaultUploadLocationSource\":\"2\",\"defaultUploadLocationSubpath\":\"\",\"singleUploadLocationSource\":\"2\",\"singleUploadLocationSubpath\":\"\",\"restrictFiles\":\"\",\"limit\":\"1\",\"viewMode\":\"large\",\"selectionLabel\":\"\"}', '2017-08-25 13:33:59', '2017-08-30 11:40:54', '430db206-7da4-468b-94a5-facba41df475'),
 ('7', '2', 'Headline A', 'headlineA', 'global', '', '0', 'PlainText', '{\"placeholder\":\"\",\"maxLength\":\"\",\"multiline\":\"\",\"initialRows\":\"4\"}', '2017-08-25 13:35:09', '2017-08-26 13:34:38', '546e3c4a-2017-485c-9ae2-0f409df800d1'),
 ('8', '2', 'Headline B', 'headlineB', 'global', '', '0', 'PlainText', '{\"placeholder\":\"\",\"maxLength\":\"\",\"multiline\":\"\",\"initialRows\":\"4\"}', '2017-08-25 13:35:19', '2017-08-26 13:34:46', '2ef0dd93-a4fc-4f3f-9c3a-cf00fb12068a'),
 ('10', '2', 'Single Image', 'singleImage', 'global', '', '0', 'Assets', '{\"useSingleFolder\":\"\",\"sources\":\"*\",\"defaultUploadLocationSource\":\"1\",\"defaultUploadLocationSubpath\":\"\",\"singleUploadLocationSource\":\"1\",\"singleUploadLocationSubpath\":\"\",\"restrictFiles\":\"\",\"limit\":\"1\",\"viewMode\":\"large\",\"selectionLabel\":\"\"}', '2017-08-25 16:39:51', '2017-08-26 11:10:11', '1891ffd5-5618-4b58-989b-ce9c6412d669'),
 ('11', '3', 'Hero', 'hero', 'global', '', '0', 'Assets', '{\"useSingleFolder\":\"1\",\"sources\":[\"folder:5\"],\"defaultUploadLocationSource\":\"3\",\"defaultUploadLocationSubpath\":\"\",\"singleUploadLocationSource\":\"3\",\"singleUploadLocationSubpath\":\"\",\"restrictFiles\":\"\",\"limit\":\"1\",\"viewMode\":\"large\",\"selectionLabel\":\"\"}', '2017-08-26 11:17:20', '2017-08-30 11:32:01', 'a614b82f-9332-4add-94b1-06f7c354f59b'),
 ('12', '3', 'Introduction', 'introduction', 'global', '', '0', 'RichText', '{\"configFile\":\"Standard.json\",\"availableAssetSources\":\"*\",\"availableTransforms\":\"*\",\"cleanupHtml\":\"1\",\"purifyHtml\":\"1\",\"purifierConfig\":\"\",\"columnType\":\"text\"}', '2017-08-28 11:47:07', '2017-08-28 11:57:27', '4468a89a-cbcb-4a2b-b008-345dd0c19c15'),
 ('13', '3', 'Content Matrix', 'contentMatrix', 'global', '', '0', 'Matrix', '{\"maxBlocks\":null}', '2017-08-28 12:09:51', '2017-09-12 16:44:52', 'fffa7d9c-a544-453e-8f83-24210817017e'),
 ('14', NULL, 'Text', 'text', 'matrixBlockType:1', '', '0', 'RichText', '{\"configFile\":\"Standard.json\",\"availableAssetSources\":\"*\",\"availableTransforms\":\"*\",\"cleanupHtml\":\"1\",\"purifyHtml\":\"1\",\"purifierConfig\":\"\",\"columnType\":\"text\"}', '2017-08-28 12:09:51', '2017-09-12 16:44:53', '69421993-5125-4c00-8928-5864fd7cf20a'),
 ('15', NULL, 'Image', 'image', 'matrixBlockType:2', '', '0', 'Assets', '{\"useSingleFolder\":\"\",\"sources\":[\"folder:7\"],\"defaultUploadLocationSource\":\"4\",\"defaultUploadLocationSubpath\":\"\",\"singleUploadLocationSource\":\"1\",\"singleUploadLocationSubpath\":\"\",\"restrictFiles\":\"1\",\"allowedKinds\":[\"image\"],\"limit\":\"1\",\"viewMode\":\"large\",\"selectionLabel\":\"\"}', '2017-08-28 12:09:51', '2017-09-12 16:44:53', '3c20f7f5-a4d7-4b7b-9ad5-d97ca9475a03'),
 ('16', NULL, 'Alt Attribute', 'altAttribute', 'matrixBlockType:2', '', '0', 'PlainText', '{\"placeholder\":\"\",\"maxLength\":\"\",\"multiline\":\"\",\"initialRows\":\"4\"}', '2017-08-28 12:13:49', '2017-09-12 16:44:53', '3cd0b646-b5d3-426a-8ca0-c232d8d11130'),
 ('17', NULL, 'Caption', 'caption', 'matrixBlockType:2', '', '0', 'RichText', '{\"configFile\":\"Simple.json\",\"availableAssetSources\":\"*\",\"availableTransforms\":\"*\",\"cleanupHtml\":\"\",\"purifyHtml\":\"\",\"purifierConfig\":\"\",\"columnType\":\"text\"}', '2017-08-28 12:13:49', '2017-09-12 16:44:53', '149d31c8-6e42-4e09-9362-84d478692c0f'),
 ('18', NULL, 'Credit', 'credit', 'matrixBlockType:2', '', '0', 'PlainText', '{\"placeholder\":\"\",\"maxLength\":\"\",\"multiline\":\"\",\"initialRows\":\"4\"}', '2017-08-28 12:15:44', '2017-09-12 16:44:53', 'b3e897e3-575e-4c8c-a944-e4132221f837'),
 ('21', NULL, 'Bio Type', 'bioType', 'matrixBlockType:3', '', '0', 'PlainText', '{\"placeholder\":\"\",\"maxLength\":\"\",\"multiline\":\"\",\"initialRows\":\"4\"}', '2017-08-28 15:03:35', '2017-09-12 16:44:53', 'cf71662c-1050-4054-82ba-231eec580918'),
 ('22', NULL, 'Individual', 'individual', 'matrixBlockType:3', '', '0', 'Entries', '{\"sources\":[\"section:8\"],\"limit\":\"\",\"selectionLabel\":\"\"}', '2017-08-28 15:03:35', '2017-09-12 16:44:53', 'a49c16ee-1100-4769-9d67-fdf4f03ba1bb'),
 ('23', '2', 'Full Name', 'fullName', 'global', '', '0', 'PlainText', '{\"placeholder\":\"\",\"maxLength\":\"\",\"multiline\":\"\",\"initialRows\":\"4\"}', '2017-08-28 15:07:56', '2017-08-28 15:07:56', '666c90bb-3cda-49f7-935c-9cb19ffb47ff'),
 ('24', '2', 'Professional Title', 'professionalTitle', 'global', '', '0', 'PlainText', '{\"placeholder\":\"\",\"maxLength\":\"\",\"multiline\":\"\",\"initialRows\":\"4\"}', '2017-08-28 15:08:26', '2017-08-28 15:08:26', '62724c56-6ec2-456e-ade7-7fa5b1c4986f'),
 ('25', '5', 'Blog Feature', 'blogFeature', 'global', '', '0', 'Assets', '{\"useSingleFolder\":\"1\",\"sources\":[\"folder:11\"],\"defaultUploadLocationSource\":\"1\",\"defaultUploadLocationSubpath\":\"\",\"singleUploadLocationSource\":\"6\",\"singleUploadLocationSubpath\":\"\",\"restrictFiles\":\"\",\"limit\":\"1\",\"viewMode\":\"large\",\"selectionLabel\":\"\"}', '2017-08-30 09:03:15', '2017-08-30 09:05:32', 'e9d777d7-df9a-4263-9094-d6f8361bbf9f'),
 ('26', '5', 'By Line', 'byLine', 'global', '', '0', 'PlainText', '{\"placeholder\":\"\",\"maxLength\":\"\",\"multiline\":\"\",\"initialRows\":\"4\"}', '2017-08-30 09:06:56', '2017-08-30 09:06:56', 'a464962f-c094-468b-a48f-5a797897dda1'),
 ('27', '2', 'Photo Credit', 'photoCredit', 'global', '', '0', 'PlainText', '{\"placeholder\":\"\",\"maxLength\":\"\",\"multiline\":\"\",\"initialRows\":\"4\"}', '2017-08-30 12:14:01', '2017-08-30 12:14:01', '667d34f1-cb1d-4f9b-a3d2-f63c662b81ed'),
 ('28', '5', 'Blog Article Matrix', 'blogArticleMatrix', 'global', '', '0', 'Matrix', '{\"maxBlocks\":null}', '2017-08-30 13:48:23', '2017-08-31 11:53:28', 'bed625c3-cdd1-4ffc-a549-86253b9a7762'),
 ('29', NULL, 'Text', 'text', 'matrixBlockType:4', '', '0', 'RichText', '{\"configFile\":\"Standard.json\",\"availableAssetSources\":\"*\",\"availableTransforms\":\"*\",\"cleanupHtml\":\"1\",\"purifyHtml\":\"1\",\"purifierConfig\":\"\",\"columnType\":\"text\"}', '2017-08-30 13:48:23', '2017-08-31 11:53:28', 'ffe55a34-9e74-40df-a1ba-fc9d3db7c328'),
 ('30', NULL, 'Image', 'image', 'matrixBlockType:5', '', '0', 'Assets', '{\"useSingleFolder\":\"1\",\"sources\":\"*\",\"defaultUploadLocationSource\":\"1\",\"defaultUploadLocationSubpath\":\"\",\"singleUploadLocationSource\":\"7\",\"singleUploadLocationSubpath\":\"\",\"restrictFiles\":\"\",\"limit\":\"1\",\"viewMode\":\"large\",\"selectionLabel\":\"\"}', '2017-08-30 14:04:53', '2017-08-31 11:53:28', '7b2d4d67-aaf8-4394-a1a1-1c37ad42cca7'),
 ('31', NULL, 'Alt Attribute', 'altAttribute', 'matrixBlockType:5', '', '0', 'PlainText', '{\"placeholder\":\"\",\"maxLength\":\"\",\"multiline\":\"\",\"initialRows\":\"4\"}', '2017-08-30 14:07:19', '2017-08-31 11:53:28', '61a7e16a-5c86-4d24-858f-bfa9bf99fa25'),
 ('32', NULL, 'Caption', 'caption', 'matrixBlockType:5', '', '0', 'RichText', '{\"configFile\":\"Simple.json\",\"availableAssetSources\":\"*\",\"availableTransforms\":\"*\",\"cleanupHtml\":\"\",\"purifyHtml\":\"\",\"purifierConfig\":\"\",\"columnType\":\"text\"}', '2017-08-30 14:08:31', '2017-08-31 11:53:28', 'a1364d44-bb9b-482f-ac88-d0e5395b389b'),
 ('33', NULL, 'Enlarge', 'enlarge', 'matrixBlockType:5', '', '0', 'Lightswitch', '{\"default\":\"\"}', '2017-08-30 14:10:03', '2017-08-31 11:53:28', 'b289026d-f128-4ea6-8f26-cafe42548350'),
 ('34', NULL, 'Orientation', 'orientation', 'matrixBlockType:5', '', '0', 'Dropdown', '{\"options\":[{\"label\":\"Horizontal\",\"value\":\"horizontal\",\"default\":\"1\"},{\"label\":\"Vertical\",\"value\":\"vertical\",\"default\":\"\"},{\"label\":\"Full Width\",\"value\":\"fullWidth\",\"default\":\"\"}]}', '2017-08-30 22:50:49', '2017-08-31 11:53:28', '28fad6b5-3c04-40c6-8e0d-a7dc62a21ba4'),
 ('35', NULL, 'Text', 'text', 'matrixBlockType:6', '', '0', 'RichText', '{\"configFile\":\"Simple.json\",\"availableAssetSources\":\"*\",\"availableTransforms\":\"*\",\"cleanupHtml\":\"1\",\"purifyHtml\":\"1\",\"purifierConfig\":\"\",\"columnType\":\"text\"}', '2017-08-30 23:35:32', '2017-08-31 11:53:28', 'f49ea587-ff87-47a7-8f02-1278a81b4cdc'),
 ('36', '4', 'Home Quadtrant', 'homeQuadtrant', 'global', '', '0', 'Assets', '{\"useSingleFolder\":\"1\",\"sources\":\"*\",\"defaultUploadLocationSource\":\"1\",\"defaultUploadLocationSubpath\":\"\",\"singleUploadLocationSource\":\"8\",\"singleUploadLocationSubpath\":\"\",\"restrictFiles\":\"\",\"limit\":\"\",\"viewMode\":\"list\",\"selectionLabel\":\"\"}', '2017-08-31 11:29:41', '2017-08-31 11:29:41', '417ec210-e26d-47a7-b30f-834830bf7cd0'),
 ('37', '4', 'Graphic Feature Image ', 'graphicFeatureImage', 'global', '', '0', 'Assets', '{\"useSingleFolder\":\"1\",\"sources\":\"*\",\"defaultUploadLocationSource\":\"1\",\"defaultUploadLocationSubpath\":\"\",\"singleUploadLocationSource\":\"9\",\"singleUploadLocationSubpath\":\"\",\"restrictFiles\":\"\",\"limit\":\"1\",\"viewMode\":\"large\",\"selectionLabel\":\"\"}', '2017-08-31 18:44:16', '2017-08-31 18:44:16', '4d7f649d-4aaa-458e-b2cb-0ff7c00f46de'),
 ('38', '4', 'Graphic Feature Headline', 'graphicFeatureHeadline', 'global', '', '0', 'RichText', '{\"configFile\":\"Simple.json\",\"availableAssetSources\":\"*\",\"availableTransforms\":\"*\",\"cleanupHtml\":\"\",\"purifyHtml\":\"\",\"purifierConfig\":\"\",\"columnType\":\"text\"}', '2017-08-31 18:55:33', '2017-08-31 18:55:33', '8d502b60-28f5-4ee2-99bd-68eddf572bc4'),
 ('39', '4', 'Graphic Feature Text', 'graphicFeatureText', 'global', '', '0', 'RichText', '{\"configFile\":\"Simple.json\",\"availableAssetSources\":\"*\",\"availableTransforms\":\"*\",\"cleanupHtml\":\"\",\"purifyHtml\":\"\",\"purifierConfig\":\"\",\"columnType\":\"text\"}', '2017-08-31 18:56:13', '2017-08-31 18:56:13', 'acd2314e-5131-47bf-b2d2-c3130428d2f3'),
 ('40', '2', 'Headline', 'headline', 'global', '', '0', 'RichText', '{\"configFile\":\"Simple.json\",\"availableAssetSources\":\"\",\"availableTransforms\":\"\",\"cleanupHtml\":\"\",\"purifyHtml\":\"\",\"purifierConfig\":\"\",\"columnType\":\"text\"}', '2017-09-01 11:29:09', '2017-09-01 11:29:09', '13a9f409-351c-4cd5-8ef4-dc069359d1c0'),
 ('41', '6', 'Tour Image', 'tourImage', 'global', '', '0', 'Assets', '{\"useSingleFolder\":\"1\",\"sources\":\"*\",\"defaultUploadLocationSource\":\"1\",\"defaultUploadLocationSubpath\":\"\",\"singleUploadLocationSource\":\"10\",\"singleUploadLocationSubpath\":\"\",\"restrictFiles\":\"\",\"limit\":\"1\",\"viewMode\":\"large\",\"selectionLabel\":\"\"}', '2017-09-01 11:36:03', '2017-09-01 11:36:27', '1cfbf6cb-4966-48d3-97eb-56ef3e2a1701'),
 ('42', '6', 'Tour Description', 'tourDescription', 'global', '', '0', 'RichText', '{\"configFile\":\"Simple.json\",\"availableAssetSources\":\"*\",\"availableTransforms\":\"*\",\"cleanupHtml\":\"\",\"purifyHtml\":\"\",\"purifierConfig\":\"\",\"columnType\":\"text\"}', '2017-09-01 11:41:44', '2017-09-01 11:42:08', 'cab246f1-6c6f-49b5-966f-6aef1b2e3260'),
 ('45', NULL, 'Current Sermons', 'currentSermons', 'matrixBlockType:7', '', '0', 'Entries', '{\"sources\":[\"section:13\"],\"limit\":\"\",\"selectionLabel\":\"\"}', '2017-09-12 10:16:25', '2017-09-12 16:44:53', 'ffb17a48-929b-4b01-b741-6407c857837b'),
 ('46', '3', 'Audio File', 'audioFile', 'global', '', '0', 'Assets', '{\"useSingleFolder\":\"1\",\"sources\":\"*\",\"defaultUploadLocationSource\":\"1\",\"defaultUploadLocationSubpath\":\"\",\"singleUploadLocationSource\":\"11\",\"singleUploadLocationSubpath\":\"\",\"restrictFiles\":\"\",\"limit\":\"1\",\"viewMode\":\"list\",\"selectionLabel\":\"\"}', '2017-09-12 10:17:27', '2017-09-12 16:59:30', '23df8452-f9c5-4c8e-bb01-2fc2a99e2d0e'),
 ('47', '2', 'Date', 'date', 'global', '', '0', 'PlainText', '{\"placeholder\":\"\",\"maxLength\":\"\",\"multiline\":\"\",\"initialRows\":\"4\"}', '2017-09-12 10:21:36', '2017-09-12 10:21:36', '6b43921a-281a-43c8-8443-370d2cb466ca'),
 ('48', '7', 'Detail Page', 'detailPage', 'global', '', '0', 'Lightswitch', '{\"default\":\"\"}', '2017-09-12 13:57:39', '2017-09-12 13:57:39', '1006c0e2-1dc7-4d35-aebb-cb8f0927670a'),
 ('49', '7', 'Event Image', 'eventImage', 'global', '', '0', 'Assets', '{\"useSingleFolder\":\"1\",\"sources\":\"*\",\"defaultUploadLocationSource\":\"1\",\"defaultUploadLocationSubpath\":\"\",\"singleUploadLocationSource\":\"12\",\"singleUploadLocationSubpath\":\"\",\"restrictFiles\":\"\",\"limit\":\"1\",\"viewMode\":\"large\",\"selectionLabel\":\"\"}', '2017-09-14 08:15:19', '2017-09-14 08:15:19', '80eea018-db66-4cfe-8321-17527e1b6abe'),
 ('50', '7', 'Event Description', 'eventDescription', 'global', '', '0', 'RichText', '{\"configFile\":\"Simple.json\",\"availableAssetSources\":\"*\",\"availableTransforms\":\"*\",\"cleanupHtml\":\"1\",\"purifyHtml\":\"1\",\"purifierConfig\":\"\",\"columnType\":\"text\"}', '2017-09-14 08:19:20', '2017-09-14 08:19:20', '9850ddde-5cfd-4196-82c2-65db911d391e'),
 ('51', '7', 'Event Spotlight', 'eventSpotlight', 'global', '', '0', 'Lightswitch', '{\"default\":\"\"}', '2017-09-16 20:22:59', '2017-09-16 20:22:59', '2663c48f-905e-4c06-9e34-1291b9fc41f5'),
 ('52', '7', 'Event Teaser', 'eventTeaser', 'global', '', '0', 'RichText', '{\"configFile\":\"Simple.json\",\"availableAssetSources\":\"\",\"availableTransforms\":\"\",\"cleanupHtml\":\"1\",\"purifyHtml\":\"1\",\"purifierConfig\":\"\",\"columnType\":\"text\"}', '2017-09-16 21:59:35', '2017-09-16 21:59:35', 'c32bcaee-9c31-41ae-a9ed-9da43aa7cecc');



DROP TABLE IF EXISTS `craft_globalsets`;


--
-- Schema for table `craft_globalsets`
--
CREATE TABLE `craft_globalsets` (
  `id` int(11) NOT NULL,
  `name` varchar(255) COLLATE utf8_unicode_ci NOT NULL,
  `handle` varchar(255) COLLATE utf8_unicode_ci NOT NULL,
  `fieldLayoutId` int(10) DEFAULT NULL,
  `dateCreated` datetime NOT NULL,
  `dateUpdated` datetime NOT NULL,
  `uid` char(36) COLLATE utf8_unicode_ci NOT NULL DEFAULT '0',
  PRIMARY KEY (`id`),
  UNIQUE KEY `craft_globalsets_name_unq_idx` (`name`),
  UNIQUE KEY `craft_globalsets_handle_unq_idx` (`handle`),
  KEY `craft_globalsets_fieldLayoutId_fk` (`fieldLayoutId`)
) ENGINE=InnoDB DEFAULT CHARSET=utf8 COLLATE=utf8_unicode_ci;

DROP TABLE IF EXISTS `craft_info`;


--
-- Schema for table `craft_info`
--
CREATE TABLE `craft_info` (
  `id` int(11) NOT NULL AUTO_INCREMENT,
  `version` varchar(50) COLLATE utf8_unicode_ci NOT NULL,
  `schemaVersion` varchar(15) COLLATE utf8_unicode_ci NOT NULL,
  `edition` tinyint(1) unsigned NOT NULL DEFAULT '0',
  `siteName` varchar(100) COLLATE utf8_unicode_ci NOT NULL,
  `siteUrl` varchar(255) COLLATE utf8_unicode_ci NOT NULL,
  `timezone` varchar(30) COLLATE utf8_unicode_ci DEFAULT NULL,
  `on` tinyint(1) unsigned NOT NULL DEFAULT '0',
  `maintenance` tinyint(1) unsigned NOT NULL DEFAULT '0',
  `dateCreated` datetime NOT NULL,
  `dateUpdated` datetime NOT NULL,
  `uid` char(36) COLLATE utf8_unicode_ci NOT NULL DEFAULT '0',
  PRIMARY KEY (`id`)
) ENGINE=InnoDB AUTO_INCREMENT=2 DEFAULT CHARSET=utf8 COLLATE=utf8_unicode_ci;

--
-- Data for table `craft_info`
--

INSERT INTO `craft_info` (`id`, `version`, `schemaVersion`, `edition`, `siteName`, `siteUrl`, `timezone`, `on`, `maintenance`, `dateCreated`, `dateUpdated`, `uid`) VALUES
 ('1', '2.6.2990', '2.6.10', '2', 'Little Church', 'http://lc-craft/', 'UTC', '1', '0', '2017-08-24 19:10:34', '2017-09-16 15:42:41', 'e014da8e-4145-4e41-bdff-568093b2f68f');



DROP TABLE IF EXISTS `craft_locales`;


--
-- Schema for table `craft_locales`
--
CREATE TABLE `craft_locales` (
  `locale` char(12) COLLATE utf8_unicode_ci NOT NULL,
  `sortOrder` smallint(6) unsigned DEFAULT NULL,
  `dateCreated` datetime NOT NULL,
  `dateUpdated` datetime NOT NULL,
  `uid` char(36) COLLATE utf8_unicode_ci NOT NULL DEFAULT '0',
  PRIMARY KEY (`locale`),
  KEY `craft_locales_sortOrder_idx` (`sortOrder`)
) ENGINE=InnoDB DEFAULT CHARSET=utf8 COLLATE=utf8_unicode_ci;

--
-- Data for table `craft_locales`
--

INSERT INTO `craft_locales` (`locale`, `sortOrder`, `dateCreated`, `dateUpdated`, `uid`) VALUES
 ('en_us', '1', '2017-08-24 19:10:34', '2017-08-24 19:10:34', '094ac592-ce1d-4949-a2f5-cf5b0903ee9d');



DROP TABLE IF EXISTS `craft_matrixblocks`;


--
-- Schema for table `craft_matrixblocks`
--
CREATE TABLE `craft_matrixblocks` (
  `id` int(11) NOT NULL,
  `ownerId` int(11) NOT NULL,
  `fieldId` int(11) NOT NULL,
  `typeId` int(11) DEFAULT NULL,
  `sortOrder` smallint(6) unsigned DEFAULT NULL,
  `ownerLocale` char(12) COLLATE utf8_unicode_ci DEFAULT NULL,
  `dateCreated` datetime NOT NULL,
  `dateUpdated` datetime NOT NULL,
  `uid` char(36) COLLATE utf8_unicode_ci NOT NULL DEFAULT '0',
  PRIMARY KEY (`id`),
  KEY `craft_matrixblocks_ownerId_idx` (`ownerId`),
  KEY `craft_matrixblocks_fieldId_idx` (`fieldId`),
  KEY `craft_matrixblocks_typeId_idx` (`typeId`),
  KEY `craft_matrixblocks_sortOrder_idx` (`sortOrder`),
  KEY `craft_matrixblocks_ownerLocale_fk` (`ownerLocale`)
) ENGINE=InnoDB DEFAULT CHARSET=utf8 COLLATE=utf8_unicode_ci;

--
-- Data for table `craft_matrixblocks`
--

INSERT INTO `craft_matrixblocks` (`id`, `ownerId`, `fieldId`, `typeId`, `sortOrder`, `ownerLocale`, `dateCreated`, `dateUpdated`, `uid`) VALUES
 ('71', '69', '13', '1', '1', NULL, '2017-08-28 12:21:30', '2017-09-14 19:49:02', '7532dd13-b3ac-42ea-b51d-69629dbf7ec4'),
 ('88', '87', '13', '3', '1', NULL, '2017-08-28 19:41:48', '2017-09-17 09:23:33', 'bdfd7b9f-16d2-499c-861a-31abfbbd22f7'),
 ('107', '94', '28', '4', '1', NULL, '2017-08-30 13:55:36', '2017-08-31 17:46:16', 'af29d29d-b86d-4123-996a-e6b35c496832'),
 ('108', '94', '28', '4', '3', NULL, '2017-08-30 14:03:42', '2017-08-31 17:46:16', '8e43b66d-be77-4534-bc8d-2a11c0a092de'),
 ('111', '94', '28', '5', '2', NULL, '2017-08-30 14:11:22', '2017-08-31 17:46:16', 'ab2e898a-26bd-4d41-b7f7-18e958cfacd4'),
 ('116', '115', '28', '4', '1', NULL, '2017-08-30 15:21:41', '2017-08-31 14:04:55', 'c257a56e-8952-43d1-9ccb-2776dfafae71'),
 ('122', '94', '28', '5', '5', NULL, '2017-08-30 23:13:51', '2017-08-31 17:46:16', '1fecd9ea-f3e4-4531-a1b7-7b78b7f632c2'),
 ('123', '94', '28', '4', '4', NULL, '2017-08-30 23:13:51', '2017-08-31 17:46:16', 'e440aedf-368a-4199-99c4-40218d6c2b50'),
 ('126', '94', '28', '4', '6', NULL, '2017-08-30 23:20:46', '2017-08-31 17:46:16', '8c54d6f9-d268-4adf-91b1-2b6ec4e59e64'),
 ('218', '94', '28', '6', '7', NULL, '2017-08-31 11:49:46', '2017-08-31 17:46:16', 'bf2253c8-c7b9-438c-afd9-3b9c57044ecb'),
 ('224', '221', '28', '4', '1', NULL, '2017-08-31 14:22:23', '2017-08-31 14:24:08', 'e9d89430-bfb7-4d7e-8119-abb22fc660b6'),
 ('236', '234', '13', '1', '1', NULL, '2017-08-31 20:29:51', '2017-09-04 20:58:26', '2b5c2e41-5ebc-49b4-9dab-4606f1188291'),
 ('240', '239', '13', '1', '1', NULL, '2017-08-31 20:36:16', '2017-09-16 23:19:26', 'e25f7b3e-3f2b-42ce-8ccb-6099a14cb216'),
 ('245', '244', '13', '1', '1', NULL, '2017-09-01 10:13:16', '2017-09-14 19:22:55', 'd02a6170-0061-4c28-9d67-2deae5030f2c'),
 ('269', '234', '13', '2', '2', NULL, '2017-09-04 20:55:33', '2017-09-04 20:58:26', '4ff2d0d1-98ab-458c-993c-96d785c74f87'),
 ('270', '234', '13', '1', '3', NULL, '2017-09-04 20:56:38', '2017-09-04 20:58:26', '9e0d5470-dc97-4665-bb17-7ac10b6d9275'),
 ('272', '271', '13', '1', '1', NULL, '2017-09-05 15:02:17', '2017-09-16 16:19:52', '1faca2a7-6b26-49f0-9646-528ccbde5544'),
 ('288', '287', '13', '7', '1', NULL, '2017-09-12 09:46:39', '2017-09-12 19:11:02', '10ac46ae-584f-431d-b2ea-319971f3c763'),
 ('323', '87', '13', '3', '2', NULL, '2017-09-13 08:53:56', '2017-09-17 09:23:33', '018a9c54-6d6d-4194-9c58-5b29c74195ff'),
 ('330', '329', '13', '1', '1', NULL, '2017-09-13 09:42:53', '2017-09-13 10:47:26', '8a1a8f55-d0d3-4050-9024-4f0d0ab96aa7'),
 ('336', '329', '13', '2', '3', NULL, '2017-09-13 10:42:19', '2017-09-13 10:47:26', 'f8d7e10a-e6ae-4f13-bfda-0b5d924ab774'),
 ('337', '329', '13', '1', '2', NULL, '2017-09-13 10:45:04', '2017-09-13 10:47:26', 'bdf40617-b804-4764-9082-de27c7d0ab3f'),
 ('340', '333', '13', '1', '1', NULL, '2017-09-13 11:04:37', '2017-09-13 11:50:57', '6438c067-dffe-4e1e-a57c-94b4156dba91'),
 ('356', '355', '13', '1', '1', NULL, '2017-09-14 19:23:56', '2017-09-14 19:24:45', '63f78704-e445-4afb-aa7b-3085590c0e46'),
 ('360', '359', '13', '1', '1', NULL, '2017-09-14 19:36:40', '2017-09-16 16:17:13', 'b743ccd4-51fc-449e-a1ad-064677e654f6'),
 ('364', '363', '13', '1', '1', NULL, '2017-09-14 21:32:47', '2017-09-14 21:40:46', '3cdfec58-1a21-4467-a5dc-23a17ceac05b'),
 ('376', '375', '13', '1', '1', NULL, '2017-09-16 16:25:03', '2017-09-16 16:25:03', 'eb9a6acf-3772-4aec-a827-aac76bf96fa5');



DROP TABLE IF EXISTS `craft_matrixblocktypes`;


--
-- Schema for table `craft_matrixblocktypes`
--
CREATE TABLE `craft_matrixblocktypes` (
  `id` int(11) NOT NULL AUTO_INCREMENT,
  `fieldId` int(11) NOT NULL,
  `fieldLayoutId` int(11) DEFAULT NULL,
  `name` varchar(255) COLLATE utf8_unicode_ci NOT NULL,
  `handle` varchar(255) COLLATE utf8_unicode_ci NOT NULL,
  `sortOrder` smallint(6) unsigned DEFAULT NULL,
  `dateCreated` datetime NOT NULL,
  `dateUpdated` datetime NOT NULL,
  `uid` char(36) COLLATE utf8_unicode_ci NOT NULL DEFAULT '0',
  PRIMARY KEY (`id`),
  UNIQUE KEY `craft_matrixblocktypes_name_fieldId_unq_idx` (`name`,`fieldId`),
  UNIQUE KEY `craft_matrixblocktypes_handle_fieldId_unq_idx` (`handle`,`fieldId`),
  KEY `craft_matrixblocktypes_fieldId_fk` (`fieldId`),
  KEY `craft_matrixblocktypes_fieldLayoutId_fk` (`fieldLayoutId`)
) ENGINE=InnoDB AUTO_INCREMENT=8 DEFAULT CHARSET=utf8 COLLATE=utf8_unicode_ci;

--
-- Data for table `craft_matrixblocktypes`
--

INSERT INTO `craft_matrixblocktypes` (`id`, `fieldId`, `fieldLayoutId`, `name`, `handle`, `sortOrder`, `dateCreated`, `dateUpdated`, `uid`) VALUES
 ('1', '13', '206', 'General Section', 'generalSection', '1', '2017-08-28 12:09:51', '2017-09-12 16:44:53', '926f404b-304d-464e-af6a-ea5eeb3ec55d'),
 ('2', '13', '207', 'Figure Full', 'figureFull', '2', '2017-08-28 12:09:51', '2017-09-12 16:44:53', '17618ed5-b008-460e-893e-6e7dbccde69a'),
 ('3', '13', '208', 'Bio Group', 'bioGroup', '3', '2017-08-28 14:54:03', '2017-09-12 16:44:53', '196cea1f-83d6-42e5-bd6f-38e2a00f8166'),
 ('4', '28', '142', 'Paragraph', 'paragraph', '1', '2017-08-30 13:48:23', '2017-08-31 11:53:28', '40bbaf07-c93c-42b3-ad0f-a4b4899ddbc1'),
 ('5', '28', '143', 'Figure', 'figure', '2', '2017-08-30 14:04:53', '2017-08-31 11:53:28', '4af8e5d1-19dc-481f-b24e-7344b2192aa6'),
 ('6', '28', '144', 'Footnote', 'footnote', '3', '2017-08-30 23:35:32', '2017-08-31 11:53:28', '08133eea-053f-488f-b18c-305f1d89f6b2'),
 ('7', '13', '209', 'Sermon Audio', 'sermonAudio', '4', '2017-09-12 09:37:37', '2017-09-12 16:44:53', 'dfa32fcd-7556-4c8b-bbba-a734d7177268');



DROP TABLE IF EXISTS `craft_matrixcontent_blogarticlematrix`;


--
-- Schema for table `craft_matrixcontent_blogarticlematrix`
--
CREATE TABLE `craft_matrixcontent_blogarticlematrix` (
  `id` int(11) NOT NULL AUTO_INCREMENT,
  `elementId` int(11) NOT NULL,
  `locale` char(12) COLLATE utf8_unicode_ci NOT NULL,
  `field_paragraph_text` text COLLATE utf8_unicode_ci,
  `field_figure_altAttribute` text COLLATE utf8_unicode_ci,
  `field_figure_caption` text COLLATE utf8_unicode_ci,
  `field_figure_enlarge` tinyint(1) unsigned NOT NULL DEFAULT '0',
  `field_figure_orientation` varchar(255) COLLATE utf8_unicode_ci DEFAULT 'horizontal',
  `field_footnote_text` text COLLATE utf8_unicode_ci,
  `dateCreated` datetime NOT NULL,
  `dateUpdated` datetime NOT NULL,
  `uid` char(36) COLLATE utf8_unicode_ci NOT NULL DEFAULT '0',
  PRIMARY KEY (`id`),
  UNIQUE KEY `craft_matrixcontent_blogarticlematrix_elementId_locale_unq_idx` (`elementId`,`locale`),
  KEY `craft_matrixcontent_blogarticlematrix_locale_fk` (`locale`)
) ENGINE=InnoDB AUTO_INCREMENT=11 DEFAULT CHARSET=utf8 COLLATE=utf8_unicode_ci;

--
-- Data for table `craft_matrixcontent_blogarticlematrix`
--

INSERT INTO `craft_matrixcontent_blogarticlematrix` (`id`, `elementId`, `locale`, `field_paragraph_text`, `field_figure_altAttribute`, `field_figure_caption`, `field_figure_enlarge`, `field_figure_orientation`, `field_footnote_text`, `dateCreated`, `dateUpdated`, `uid`) VALUES
 ('1', '107', 'en_us', '<p>I was paging my way through <em>Holy Men, Holy Women</em> on a fact-checking mission when I came across the entry for December 16<sup>th</sup>.</p>\n<p>\n</p>\n<p>I was stunned to see that this day had been set apart to honor two architects and an artist whose work was represented here at Transfiguration:  Ralph Adams Cram, designer of St. Thomas Church NYC and the nave of the Cathedral of St. John the Divine, Richard Upjohn, the designer of Trinity Church on Wall Street in lower Manhattan, and John Lafarge, painter of murals and designer of many notable stained glass windows.</p>\n<p>\n</p>\n<p><em>Holy Men, Holy Women</em> encourages us to offer thanks for “the vision of Ralph Adams Cram, John LaFarge and Richard Upjohn, whose harmonious revival of the Gothic enriched our churches with a sacramental understanding of reality in the face of secular materialism…” *</p>', NULL, NULL, '0', NULL, NULL, '2017-08-30 13:55:36', '2017-08-31 17:46:16', 'ef686f01-e96c-4d61-abf2-889167ff0e4e'),
 ('2', '108', 'en_us', '<p><em>Holy Men, Holy Women</em> encourages us to offer thanks for “the vision of Ralph Adams Cram, John LaFarge and Richard Upjohn, whose harmonious revival of the Gothic enriched our churches with a sacramental understanding of reality in the face of secular materialism…” *<br /></p>\n<p>Ralph Adams Cram was the designer of our beautiful polychromed wood Madonna Shrine, located in the Transept. It was donated by Mr. F. E. Saxham Drury in memory of Elbridge T. Gerry and Mabel Gerry Drury.<br /></p>\n<p>Turn to your right, and there is John LaFarge’s magnificent window depicting Edwin Booth, the leading Shakespearean actor of his time, holding a mask and dressed in Greco-Roman costume.  (Edwin Booth was the brother of the notorious John Wilkes Booth, President Lincoln’s assassin.) The window was given in his memory in 1898 by members of the Players Club, which he founded.</p>', NULL, NULL, '0', NULL, NULL, '2017-08-30 14:03:42', '2017-08-31 17:46:16', 'a6c9e6ea-3785-4259-b4b1-4116dee5c543'),
 ('3', '111', 'en_us', NULL, 'John LaFarge’s magnificent window depicting Edwin Booth', '<p>John LaFarge’s magnificent window depicting Edwin Booth</p>', '1', 'vertical', NULL, '2017-08-30 14:11:22', '2017-08-31 17:46:16', '388c54de-7872-4860-9c23-4a26626f9fa0'),
 ('4', '116', 'en_us', '<p>Sem natoque nulla ligula ullamcorper facilisi semper conubia inceptos a risus aptent egestas dictumst vulputate at ultrices fermentum pretium hendrerit ad a. Suspendisse tristique consequat torquent ipsum hac cum a at ac at phasellus id fringilla dis risus auctor himenaeos parturient ac vestibulum dis faucibus litora. Ultrices et facilisi neque suscipit ad torquent convallis cras nisl condimentum a suspendisse felis vestibulum ridiculus suscipit nunc dapibus ac velit a. </p>\n<h2>Blessing of the Animals</h2><p>Eleifend ut vivamus parturient hendrerit est parturient a nec elit a ante nec adipiscing condimentum velit montes metus eu sagittis enim. Turpis a diam ultricies arcu curabitur dignissim eleifend non aliquam interdum ad nulla tincidunt aenean aptent fringilla consectetur primis neque. Id scelerisque laoreet ad scelerisque ligula ut vestibulum praesent cras a habitant consectetur purus parturient. Eu laoreet nam in hac inceptos in hendrerit lobortis sociosqu cum elit aliquam condimentum ad a. </p>\n<p>Vestibulum mi parturient auctor lectus suscipit curae litora lectus condimentum cubilia dui porttitor blandit ut. Faucibus penatibus a eros etiam pulvinar ultricies in a egestas vestibulum cum massa quisque interdum. Ullamcorper vestibulum parturient et mattis mi parturient sagittis praesent morbi netus condimentum fermentum ullamcorper ligula ante molestie hac phasellus facilisi class mattis blandit urna ridiculus ante magnis sociosqu a. Aliquet turpis ligula eros ad parturient parturient malesuada penatibus aliquet mi adipiscing ad pulvinar cubilia scelerisque laoreet penatibus vivamus a a scelerisque. Parturient ad massa cum nisi senectus massa taciti vestibulum accumsan magna in parturient nibh odio. A mi velit erat ullamcorper rutrum lacus vestibulum donec sit duis maecenas nam hendrerit gravida sed turpis enim scelerisque senectus laoreet quam lectus id adipiscing. </p>\n<p>Adipiscing parturient ad condimentum at a ac lacus montes rhoncus arcu vel condimentum magnis venenatis praesent sem scelerisque dis eleifend urna gravida a ullamcorper a nisi ullamcorper sed lacus. Natoque vel nullam curabitur eu sem eu purus suspendisse et accumsan scelerisque adipiscing sit adipiscing suspendisse consectetur lacinia sociis commodo vestibulum natoque egestas. Ut faucibus fringilla habitasse elementum odio euismod adipiscing varius massa in parturient a gravida nostra sit. <br /></p>\n<p>Facilisi parturient tempus parturient interdum leo dis ullamcorper scelerisque odio vulputate feugiat suspendisse a eu varius hac diam neque phasellus tempor. Aenean maecenas a neque sed a a tortor vestibulum ad eu aptent consectetur nullam tortor. Vestibulum facilisis pharetra imperdiet nullam rutrum sem suspendisse a litora a id eu lacinia elit mus morbi a in in sociosqu ad in id torquent sodales.</p>', NULL, NULL, '0', NULL, NULL, '2017-08-30 15:21:41', '2017-08-31 14:04:55', '4810b30c-013b-4ebc-8657-70f5da206132'),
 ('5', '122', 'en_us', NULL, 'Richard Upjohn’s beautiful and intricate brass filigree pulpit', '<p>Richard Upjohn’s beautiful and intricate brass filigree pulpit</p>', '1', 'horizontal', NULL, '2017-08-30 23:13:51', '2017-08-31 17:46:16', '32537d6d-5330-4097-b52d-e842bdd7dd27'),
 ('6', '123', 'en_us', '<p>Ralph Adams Cram was the designer of our beautiful polychromed wood Madonna Shrine, located in the Transept.  It was donated by Mr. F. E. Saxham Drury in memory of Elbridge T. Gerry and Mabel Gerry Drury.</p>\n<p>And a few steps away, near the chancel on the northeast side of the nave, stands Richard Upjohn’s beautiful and intricate brass filigree pulpit.</p>', NULL, NULL, '0', NULL, NULL, '2017-08-30 23:13:51', '2017-08-31 17:46:16', '2427c040-21be-412c-9813-366c60df2a60'),
 ('7', '126', 'en_us', '<p>How fortunate we are to have works by all three of these masters under the roof of the “Little Church”.  I will give thanks when December 16<sup>th</sup> rolls around.</p>', NULL, NULL, '0', NULL, NULL, '2017-08-30 23:20:46', '2017-08-31 17:46:16', 'ac98a5c2-7bca-4ca5-9e8b-29c9d67d081c'),
 ('9', '218', 'en_us', NULL, NULL, NULL, '0', NULL, '<p><em>Holy Women, Holy Men: Celebrating the Saints</em> by Church Publishing Incorporated</p>', '2017-08-31 11:49:46', '2017-08-31 17:46:16', 'dd4379b0-0e26-4f52-b243-74e7ca4f240c'),
 ('10', '224', 'en_us', '<p>Besides being an oasis of rest and comfort for one and all, the garden provides a small but significant ecological benefit for everyone. The wide expanse of plants, shrubs and trees offsets carbon emissions, and the peace and quiet of the garden offer relief from the city’s noise pollution. </p>\n<p>Birds stop by to dip their beaks in the fountain. During the week, it’s a popular lunch spot for people who work in the neighborhood, and on Sundays in warm weather, it’s the site of coffee hour. This past summer, the garden was enhanced with the generous gift of a young tree from a friend at the nearby James Hotel. Please stop by if you’re in the neighborhood. You will always be welcome here.</p>', NULL, NULL, '0', NULL, NULL, '2017-08-31 14:22:23', '2017-08-31 14:24:08', '620562e0-11f6-4f4f-9512-0b3889505ca3');



DROP TABLE IF EXISTS `craft_matrixcontent_contentmatrix`;


--
-- Schema for table `craft_matrixcontent_contentmatrix`
--
CREATE TABLE `craft_matrixcontent_contentmatrix` (
  `id` int(11) NOT NULL AUTO_INCREMENT,
  `elementId` int(11) NOT NULL,
  `locale` char(12) COLLATE utf8_unicode_ci NOT NULL,
  `field_generalSection_text` text COLLATE utf8_unicode_ci,
  `field_figureFull_altAttribute` text COLLATE utf8_unicode_ci,
  `field_figureFull_caption` text COLLATE utf8_unicode_ci,
  `field_figureFull_credit` text COLLATE utf8_unicode_ci,
  `field_bioGroup_bioType` text COLLATE utf8_unicode_ci,
  `dateCreated` datetime NOT NULL,
  `dateUpdated` datetime NOT NULL,
  `uid` char(36) COLLATE utf8_unicode_ci NOT NULL DEFAULT '0',
  PRIMARY KEY (`id`),
  UNIQUE KEY `craft_matrixcontent_contentmatrix_elementId_locale_unq_idx` (`elementId`,`locale`),
  KEY `craft_matrixcontent_contentmatrix_locale_idx` (`locale`)
) ENGINE=InnoDB AUTO_INCREMENT=25 DEFAULT CHARSET=utf8 COLLATE=utf8_unicode_ci;

--
-- Data for table `craft_matrixcontent_contentmatrix`
--

INSERT INTO `craft_matrixcontent_contentmatrix` (`id`, `elementId`, `locale`, `field_generalSection_text`, `field_figureFull_altAttribute`, `field_figureFull_caption`, `field_figureFull_credit`, `field_bioGroup_bioType`, `dateCreated`, `dateUpdated`, `uid`) VALUES
 ('1', '71', 'en_us', '<h2>Faith and Works</h2>\n<p>From the time of our founding in the mid 19th century, our motto has remained Fides Opera (Faith and Works). Our faith is expressed in the depth of resplendent worship, offering our very best in praise of God in the person of Jesus Christ. From this worship flows an outward ministry of works to a city and world crying for mindful and responsive hands, feet, and hearts.  </p>\n<p>“In God, that which is ancient never becomes old,” and we embrace this sentiment combining traditional liturgical worship with a radical inclusiveness deeply rooted in our parish’s history and celebrated by a vibrant diocese in which we serve.  Please consider this parish as you look for a spiritual home. All are welcome.</p>\n<p>With loving wishes, </p>\n<p>Fr. John David van Dooren<br />Rector</p>', NULL, NULL, NULL, NULL, '2017-08-28 12:21:29', '2017-09-14 19:49:02', '4efea349-f217-4160-85b7-fb6fad4d8eea'),
 ('6', '88', 'en_us', NULL, NULL, NULL, NULL, 'Leadership', '2017-08-28 19:41:48', '2017-09-17 09:23:33', '0e26c93d-dfb4-4626-ab43-0a809e7e7f98'),
 ('8', '236', 'en_us', '<h2>The Civil War</h2>\n<p>The parish had only been established for a few years, when the Civil War broke out. During this time, the church was a stop on the Underground Railroad, sheltering escaped slaves on their journey north. It was a place of refuge for African Americans during the New York Draft Riots of 1863—three days of lawlessness, destruction, bloodshed, and lynchings.</p>\n<h2>The Nickname</h2>\n<p>A few days before Christmas in 1890, Joseph Jefferson, an actor renowned for his portrayal of Rip Van Winkle, approached the rector of the now-defunct Church of the Atonement to request a funeral for his friend and fellow actor, George Holland.  Upon learning that the deceased was an actor, the rector refused to hold a funeral for the man in his church. Joseph Jefferson persisted, and asked if there was a church in the area that would hold services for his friend. The rector said, “I believe there is a little church around the corner where it might be done.” Jefferson replied, </p>\n<blockquote>“Then I say to you, sir, God bless the little church around the corner.”</blockquote>', NULL, NULL, NULL, NULL, '2017-08-31 20:29:51', '2017-09-04 20:58:26', '95a47034-3045-4f2f-a8c1-23423df1e32d'),
 ('9', '240', 'en_us', '<h2>Coffee, conversation, and community</h2>\n<p>Sunday Coffee Hours also afford parishioners and newcomers opportunities to interact and to build relationships that often result in invitations to break bread or to take advantage of the many cultural events in New York. Fundraisers, like our Spring Music Gala, are also a great way to interact with fellow parishioners and to enjoy the talent and hospitality of our parish.</p>\n<p>Sign up for our <a href=\"http://lc-craft/grace/entries/about/new#\">weekly Friday blasts</a> and check <a href=\"http://lc-craft/grace/entries/about/new#\">our calendar</a> for upcoming events and opportunities to participate in the robust Parish Life of Church of the Transfiguration.</p>', NULL, NULL, NULL, NULL, '2017-08-31 20:36:16', '2017-09-16 23:19:26', 'a5bedbb0-9db6-4341-a650-1b3dead7ad93'),
 ('10', '245', 'en_us', '<p>At the center of our worship is emphasis on both Word and Table. Little Church clergy are considered <a href=\"#\">excellent preachers</a> who connect lectionary readings with Biblical context and current challenges with a smattering of personal stories and humor. Transfiguration acolytes do an extraordinary job in ensuring the Eucharist is celebrated with majesty and dignity, and the authentic expertise of <a href=\"#\">our choirs</a> draws worshippers closer to the love of Jesus Christ through some of the most beloved hymns of the Church. Below is the current worship schedule. Please consider joining us!</p>\n<h2>Worship Schedule</h2>', NULL, NULL, NULL, NULL, '2017-09-01 10:13:16', '2017-09-14 19:22:55', '5a3b9ab1-6b50-436d-9ec0-0bda511fb980'),
 ('11', '269', 'en_us', NULL, '', '', '', NULL, '2017-09-04 20:55:33', '2017-09-04 20:58:26', '5703149d-2cd0-4258-877f-5ccaf187433a'),
 ('12', '270', 'en_us', '<h2>The Theatre</h2>\n<p>To this day, the church maintains close ties with the theater. It has served as the national headquarters of the Episcopal Actors\' Guild since its founding in 1923, by the third rector, Dr. Randolph Ray.</p>\n<p>\n</p>\n<h2>Weddings</h2>\n<p>Our historic buildings and lovely garden have drawn couples from all over the world to be married here. These couples are members of the \"Little Family,\" and many have stayed in touch with us over the years. Continuing its long tradition of inclusiveness, the \"Little Church\" is proud to have celebrated the first same-sex wedding in the Diocese of New York in July 2012 and has performed several more since the formal rite of Blessing of a Lifelong Covenant was adopted by the General Convention.</p>\n<p>\n</p>\n<p>We invite you to stop by for a <a href=\"#\">visit</a>, join us in <a href=\"{entry:244:url}\">worship</a>, or simply contact us for more information.</p>', NULL, NULL, NULL, NULL, '2017-09-04 20:56:38', '2017-09-04 20:58:26', 'efba149f-13c7-4754-9131-9173a196425e'),
 ('13', '272', 'en_us', '<h2>Ecclesia Ministries</h2>\n<p><strong><a href=\"#\">Ecclesia Ministries</a></strong> takes religious services to the homeless in Madison Square Park. It is a cooperative program supported by various churches and clergy in the NoMad (North of Madison Square Park) area. Transfiguration is one of those congregations; it is also the alternate location when inclement weather makes an outdoor service impractical. Last Christmas, our parishioners donated an abundance of warm gloves, scarves, gloves, hats, long underwear, and other items to people served by Ecclesia Ministries.</p>\n<h2>The Episcopal Actors Guild</h2>\n<p><strong><a href=\"#\">The Episcopal Actors Guild</a> </strong>was founded in 1923 by our third rector, the Rev. Dr. Randolph Ray to bridge the worlds of church and theater. Today, the Guild is a philanthropic organization that raises money and dispenses emergency funds to members of the acting profession facing severe financial hardship. It also has entertainment programs, educational, career development and social events for its members.</p>\n<p>Each November, the Guild holds a memorial service in the church dedicated to members of the profession who died in the previous year. In December, they present a Service of Lessons and Carols with outstanding music, often performed by Broadway veterans. Both events are open to the public.</p>\n<h3>Actor’s Pantry Food Bank</h3>\n<p>Our parishioners support the Episcopal Actors Guild’s Actors Pantry (hyperlink) program. Each Sunday, we collect non-perishable food. The Guild then fills bags with the donated items and gives them to artists in need who have applied to the Guild for help. No one leaves empty-handed.</p>', NULL, NULL, NULL, NULL, '2017-09-05 15:02:17', '2017-09-16 16:19:52', 'd269c35a-7d61-4f78-b51f-d35ccc4c178a'),
 ('15', '288', 'en_us', NULL, NULL, NULL, NULL, NULL, '2017-09-12 09:46:39', '2017-09-12 19:11:02', '0b6ed260-9933-4606-a4f8-cef261f784bd'),
 ('16', '323', 'en_us', NULL, NULL, NULL, NULL, 'Staff', '2017-09-13 08:53:56', '2017-09-17 09:23:33', '9525d455-7952-4d17-a26c-4a2b21d7a021'),
 ('17', '330', 'en_us', '<h2>About Claudia</h2>\n<p>Dr. Dumschat received her doctorate from the Manhattan School of Music and has performed organ concerts throughout the United States and Europe. She is the recipient of many awards and has been recorded on CD and is heard frequently on the radio. Many of her performances may also be viewed on <a href=\"https://www.youtube.com/channel/UCtDTSov-BBN5dNcG7OlKn5A\" target=\"_blank\" rel=\"noreferrer noopener\">her YouTube channel</a>.</p>\n<p>She is currently on the Board of the New York Chapter of the American Guild of Organists, a Council member of the Episcopal Actors Guild, and Chair of the Music Committee of the Greenwich Pen Women.</p>', NULL, NULL, NULL, NULL, '2017-09-13 09:42:53', '2017-09-13 10:47:26', '165b7b17-941d-4526-b5e0-2b3d7627f62d'),
 ('18', '336', 'en_us', NULL, 'The Arnold Schwartz Memorial Organ', '', 'Carl Avidano', NULL, '2017-09-13 10:42:19', '2017-09-13 10:47:26', '64cd04ed-22f3-4c39-a3d2-32bb74ff5313'),
 ('19', '337', 'en_us', '<h2>The Arnold Schwartz Memorial Organ</h2>\n<p>Our beautiful organ is named for the major donor, is Opus 92 of the C. B. Fiske Company. Church of the Transfiguration has an extensive music program including a Men and Boys Choir and a Girls Choir. Our Music Director, Dr. Claudia Dumschat auditions children from all over the city. Those accepted for the choirs receive an excellent musical education and ample opportunities to perform.</p>', NULL, NULL, NULL, NULL, '2017-09-13 10:45:04', '2017-09-13 10:47:26', 'e6232f71-97d0-4a31-9a10-ffa3daa2da9a'),
 ('20', '340', 'en_us', '<h2>A Litte Midday Music</h2>\n<p>Lunchtime concerts at Little Church <strong>Tuesdays at 12:30 pm</strong>. $5 suggested donation. </p>\n<h3>2017 Fall Schedule </h3>\n<p>Schedule here</p>\n<h3>2018 Spring Schedule </h3>\n<p>Schedule here</p><p><br /></p>', NULL, NULL, NULL, NULL, '2017-09-13 11:04:37', '2017-09-13 11:50:57', '2b967c7c-a3e5-4b3b-bbe9-4e691d714397'),
 ('21', '356', 'en_us', '<h2>Vestibulum Consequat Ullamcorper</h2><p>Torquent magnis sagittis elit a per duis convallis a vitae phasellus vestibulum adipiscing habitant a id elit. Torquent parturient parturient facilisis dis mi ultrices facilisis accumsan facilisis phasellus lobortis lacus sodales a a erat. Leo hendrerit nulla vestibulum scelerisque ultricies vestibulum inceptos sapien ut aenean consectetur ullamcorper a metus a tristique vulputate sagittis. </p><p>Ad nunc et adipiscing quisque conubia condimentum a consectetur eu ultrices ullamcorper parturient vestibulum a volutpat faucibus elit enim non platea suspendisse a posuere adipiscing ullamcorper adipiscing ac vel. Taciti aliquet metus natoque libero nunc tempor a vestibulum accumsan cubilia nullam duis quam in ad at a consectetur non laoreet scelerisque ac ridiculus cum sodales quisque a mi.</p>', NULL, NULL, NULL, NULL, '2017-09-14 19:23:56', '2017-09-14 19:24:45', '3651d139-0d1a-4482-accb-814d36ecd0cd'),
 ('22', '360', 'en_us', '<h2>The Book of Revelation</h2>\n<p>Our current series is focused on the Book of Revelations. The group will be using this commentary: <em>The Book of Revelation: Volume 12</em> (NEW COLLEGEVILLE BIBLE COMMENTARY: NEW TESTAMENT) (Pt. 12). <a href=\"https://www.amazon.com/Book-Revelation-COLLEGEVILLE-COMMENTARY-TESTAMENT/dp/0814628850\" target=\"_blank\" rel=\"noreferrer noopener\">Purchase on Amazon</a>.</p>\n<p>For any questions about this series, please contact Fr. Cheng at AssociateRector@littlechurch.org.</p>', NULL, NULL, NULL, NULL, '2017-09-14 19:36:40', '2017-09-16 16:17:13', '4d7c0143-035b-4a37-85c0-2854e9bb998f'),
 ('23', '364', 'en_us', '<h2>Weddings at Transfiguration</h2>\n<p>How Transfiguration became famous as a place to exchange vows remains something of a mystery, but it is generally attributed to the overall openness of the church to people from different Christian denominations, personal situations and backgrounds. Every Saturday in <a href=\"https://www.nytimes.com/interactive/projects/cp/weddings/165-years-of-wedding-announcements/world-war-two-weddings\" target=\"_blank\" rel=\"noreferrer noopener\">the 1930s and 40s</a>—and often on weekdays—couples would gather in the garden, awaiting their turn to be married in the Holy Family Chapel. The Rector in that era would marry as many as seven couples a day.<br /></p>\n<p>We hear from those couples to this day as part of our <em>Little Family</em> community. We send out several newsletters to them each year and a card goes to all those married here on their anniversaries.</p>\n<h3>The Space</h3>\n<p>Tucked behind a lovely English garden with a fountain, Transfiguration is a neo-Gothic church rich with architectural detail. There are two spaces in which you may choose to be married:</p>\n<p><strong>The Holy Family Chapel</strong> is a quaint room panelled with dark wood that seats up to 50 people—is appropriate for smaller weddings. The altar piece is a painted depiction of the betrothal of Mary and Joseph. It is in the Holy Family Chapel that thousands of couples in the post-war years became married, making the Little Church famous for weddings.</p>\n<p><em>I would like to include some images here, so can fill this out further, tomorrow, Mary Jane. We can also include downloads to the newsletters, as it is on the existing wedding page.</em></p>', NULL, NULL, NULL, NULL, '2017-09-14 21:32:47', '2017-09-14 21:40:46', '97b76907-dcfa-4001-ad7a-7cf573421990'),
 ('24', '376', 'en_us', '<h2>The Bible and Sexuality</h2><p>Adult Christian education classes at Transfiguration will resume in October with a five-week series on the Bible and sexuality. Come explore what the Hebrew Bible, Apocrypha, and New Testament have to say to us today about topics such as marriage, sexual ethics, and LGBT issues.</p>', NULL, NULL, NULL, NULL, '2017-09-16 16:25:03', '2017-09-16 16:25:03', 'af0193bf-6c2e-4721-887d-a66b26d57a7b');



DROP TABLE IF EXISTS `craft_migrations`;


--
-- Schema for table `craft_migrations`
--
CREATE TABLE `craft_migrations` (
  `id` int(11) NOT NULL AUTO_INCREMENT,
  `pluginId` int(11) DEFAULT NULL,
  `version` varchar(255) COLLATE utf8_unicode_ci NOT NULL,
  `applyTime` datetime NOT NULL,
  `dateCreated` datetime NOT NULL,
  `dateUpdated` datetime NOT NULL,
  `uid` char(36) COLLATE utf8_unicode_ci NOT NULL DEFAULT '0',
  PRIMARY KEY (`id`),
  UNIQUE KEY `craft_migrations_version_unq_idx` (`version`),
  KEY `craft_migrations_pluginId_fk` (`pluginId`)
) ENGINE=InnoDB AUTO_INCREMENT=40 DEFAULT CHARSET=utf8 COLLATE=utf8_unicode_ci;

--
-- Data for table `craft_migrations`
--

INSERT INTO `craft_migrations` (`id`, `pluginId`, `version`, `applyTime`, `dateCreated`, `dateUpdated`, `uid`) VALUES
 ('1', NULL, 'm000000_000000_base', '2017-08-24 19:10:34', '2017-08-24 19:10:34', '2017-08-24 19:10:34', '43d57137-a5d6-44e0-a045-3bd0347bda4b'),
 ('2', NULL, 'm140730_000001_add_filename_and_format_to_transformindex', '2017-08-24 19:10:34', '2017-08-24 19:10:34', '2017-08-24 19:10:34', 'd4460481-12ff-43e7-a9ce-a03a97e8adc2'),
 ('3', NULL, 'm140815_000001_add_format_to_transforms', '2017-08-24 19:10:34', '2017-08-24 19:10:34', '2017-08-24 19:10:34', '542d40a3-a407-40dd-9d29-dd75c1a9d9e1'),
 ('4', NULL, 'm140822_000001_allow_more_than_128_items_per_field', '2017-08-24 19:10:34', '2017-08-24 19:10:34', '2017-08-24 19:10:34', '061e8eea-f600-4e92-9ff8-1738b1fa2b0f'),
 ('5', NULL, 'm140829_000001_single_title_formats', '2017-08-24 19:10:34', '2017-08-24 19:10:34', '2017-08-24 19:10:34', '15bfbc2b-8288-433b-ad61-11f78a8553e7'),
 ('6', NULL, 'm140831_000001_extended_cache_keys', '2017-08-24 19:10:34', '2017-08-24 19:10:34', '2017-08-24 19:10:34', 'b629be8e-ab58-4980-a463-3bac54110192'),
 ('7', NULL, 'm140922_000001_delete_orphaned_matrix_blocks', '2017-08-24 19:10:34', '2017-08-24 19:10:34', '2017-08-24 19:10:34', 'c4c01dfd-1b28-41dd-ad89-5a26bbacde29'),
 ('8', NULL, 'm141008_000001_elements_index_tune', '2017-08-24 19:10:34', '2017-08-24 19:10:34', '2017-08-24 19:10:34', '4e47aaa2-7483-4c9c-aaae-9d797fc17983'),
 ('9', NULL, 'm141009_000001_assets_source_handle', '2017-08-24 19:10:34', '2017-08-24 19:10:34', '2017-08-24 19:10:34', '05cfb61c-f760-45e1-9fa8-dd2b349a9d12'),
 ('10', NULL, 'm141024_000001_field_layout_tabs', '2017-08-24 19:10:34', '2017-08-24 19:10:34', '2017-08-24 19:10:34', '7034b383-e650-4445-8f83-5727a0e25b9e'),
 ('11', NULL, 'm141030_000000_plugin_schema_versions', '2017-08-24 19:10:34', '2017-08-24 19:10:34', '2017-08-24 19:10:34', 'ce9a3c34-a0d8-4466-8b4b-55d0075f9a8c'),
 ('12', NULL, 'm141030_000001_drop_structure_move_permission', '2017-08-24 19:10:34', '2017-08-24 19:10:34', '2017-08-24 19:10:34', 'a66b6f3c-74a1-4463-a147-0852ce935b33'),
 ('13', NULL, 'm141103_000001_tag_titles', '2017-08-24 19:10:34', '2017-08-24 19:10:34', '2017-08-24 19:10:34', 'f13b7ba2-e968-4fd3-b7ca-84a316e1002c'),
 ('14', NULL, 'm141109_000001_user_status_shuffle', '2017-08-24 19:10:34', '2017-08-24 19:10:34', '2017-08-24 19:10:34', '08e1db66-4053-4529-8fb8-420b7fcdc70a'),
 ('15', NULL, 'm141126_000001_user_week_start_day', '2017-08-24 19:10:34', '2017-08-24 19:10:34', '2017-08-24 19:10:34', '5ff8e4fa-b95a-442e-b0ef-ddd38cde39d4'),
 ('16', NULL, 'm150210_000001_adjust_user_photo_size', '2017-08-24 19:10:34', '2017-08-24 19:10:34', '2017-08-24 19:10:34', '5498da80-0774-4c2e-a95f-5b4bf9ea827c'),
 ('17', NULL, 'm150724_000001_adjust_quality_settings', '2017-08-24 19:10:34', '2017-08-24 19:10:34', '2017-08-24 19:10:34', '5b787e9e-ab57-4e9a-91d1-2e2315b2904d'),
 ('18', NULL, 'm150827_000000_element_index_settings', '2017-08-24 19:10:34', '2017-08-24 19:10:34', '2017-08-24 19:10:34', '09e89f08-fd10-496a-a3a3-1f6b1f9eee5f'),
 ('19', NULL, 'm150918_000001_add_colspan_to_widgets', '2017-08-24 19:10:34', '2017-08-24 19:10:34', '2017-08-24 19:10:34', 'e0f89c72-6103-447b-948a-796363556412'),
 ('20', NULL, 'm151007_000000_clear_asset_caches', '2017-08-24 19:10:34', '2017-08-24 19:10:34', '2017-08-24 19:10:34', '5f07b49e-9a30-45e7-a736-0856a0bcc4e8'),
 ('21', NULL, 'm151109_000000_text_url_formats', '2017-08-24 19:10:34', '2017-08-24 19:10:34', '2017-08-24 19:10:34', 'ed95dfed-3317-47d8-9844-9a6e007ec43c'),
 ('22', NULL, 'm151110_000000_move_logo', '2017-08-24 19:10:34', '2017-08-24 19:10:34', '2017-08-24 19:10:34', '59298f92-79f7-4f84-af68-64aa50dfeb95'),
 ('23', NULL, 'm151117_000000_adjust_image_widthheight', '2017-08-24 19:10:34', '2017-08-24 19:10:34', '2017-08-24 19:10:34', '383b7350-b40c-4473-bb50-0f500d535f00'),
 ('24', NULL, 'm151127_000000_clear_license_key_status', '2017-08-24 19:10:34', '2017-08-24 19:10:34', '2017-08-24 19:10:34', '5a333940-2a77-4f5c-9e4f-8164a882938c'),
 ('25', NULL, 'm151127_000000_plugin_license_keys', '2017-08-24 19:10:34', '2017-08-24 19:10:34', '2017-08-24 19:10:34', '62c56e24-3cb9-4986-baad-6dc999b455a1'),
 ('26', NULL, 'm151130_000000_update_pt_widget_feeds', '2017-08-24 19:10:34', '2017-08-24 19:10:34', '2017-08-24 19:10:34', '34de4e3e-cc49-4f6c-a1a3-f60e40591c67'),
 ('27', NULL, 'm160114_000000_asset_sources_public_url_default_true', '2017-08-24 19:10:34', '2017-08-24 19:10:34', '2017-08-24 19:10:34', '5d26c1cd-435a-442c-a858-1619a69952f3'),
 ('28', NULL, 'm160223_000000_sortorder_to_smallint', '2017-08-24 19:10:34', '2017-08-24 19:10:34', '2017-08-24 19:10:34', 'e3a16a16-f902-4763-a049-32cc9ca76a78'),
 ('29', NULL, 'm160229_000000_set_default_entry_statuses', '2017-08-24 19:10:34', '2017-08-24 19:10:34', '2017-08-24 19:10:34', '568dacaf-aba6-49b9-a554-cfa7bfecfb7c'),
 ('30', NULL, 'm160304_000000_client_permissions', '2017-08-24 19:10:34', '2017-08-24 19:10:34', '2017-08-24 19:10:34', 'a5e20ed5-911b-41b9-8f6f-1cfae823bb37'),
 ('31', NULL, 'm160322_000000_asset_filesize', '2017-08-24 19:10:34', '2017-08-24 19:10:34', '2017-08-24 19:10:34', '4086adeb-d9e7-423b-a423-0ec57ad00e4d'),
 ('32', NULL, 'm160503_000000_orphaned_fieldlayouts', '2017-08-24 19:10:34', '2017-08-24 19:10:34', '2017-08-24 19:10:34', '7de096ff-6f56-41d8-aeda-2c17cf1af250'),
 ('33', NULL, 'm160510_000000_tasksettings', '2017-08-24 19:10:34', '2017-08-24 19:10:34', '2017-08-24 19:10:34', '1998dc8b-4562-43ed-93c8-3d812754bef5'),
 ('34', NULL, 'm160829_000000_pending_user_content_cleanup', '2017-08-24 19:10:34', '2017-08-24 19:10:34', '2017-08-24 19:10:34', '8ffa5313-de86-4042-8624-70d6bd08710d'),
 ('35', NULL, 'm160830_000000_asset_index_uri_increase', '2017-08-24 19:10:34', '2017-08-24 19:10:34', '2017-08-24 19:10:34', 'f48ab237-4db6-4115-a73c-1c39ce9ed281'),
 ('36', NULL, 'm160919_000000_usergroup_handle_title_unique', '2017-08-24 19:10:34', '2017-08-24 19:10:34', '2017-08-24 19:10:34', 'f5db8caf-eeb5-46d8-92f3-529aa260c2ac'),
 ('37', NULL, 'm161108_000000_new_version_format', '2017-08-24 19:10:34', '2017-08-24 19:10:34', '2017-08-24 19:10:34', 'd72dc5c6-b6db-4c13-9f48-962a3da30dc7'),
 ('38', NULL, 'm161109_000000_index_shuffle', '2017-08-24 19:10:34', '2017-08-24 19:10:34', '2017-08-24 19:10:34', 'b98dc815-fc3d-461b-856f-9fa9e034d8ac'),
 ('39', NULL, 'm170612_000000_route_index_shuffle', '2017-08-24 19:10:34', '2017-08-24 19:10:34', '2017-08-24 19:10:34', 'cbbe85b8-0344-4822-a8e9-2b47b3d7fd34');



DROP TABLE IF EXISTS `craft_plugins`;


--
-- Schema for table `craft_plugins`
--
CREATE TABLE `craft_plugins` (
  `id` int(11) NOT NULL AUTO_INCREMENT,
  `class` varchar(150) COLLATE utf8_unicode_ci NOT NULL,
  `version` varchar(15) COLLATE utf8_unicode_ci NOT NULL,
  `schemaVersion` varchar(15) COLLATE utf8_unicode_ci DEFAULT NULL,
  `licenseKey` char(24) COLLATE utf8_unicode_ci DEFAULT NULL,
  `licenseKeyStatus` enum('valid','invalid','mismatched','unknown') COLLATE utf8_unicode_ci NOT NULL DEFAULT 'unknown',
  `enabled` tinyint(1) unsigned NOT NULL DEFAULT '0',
  `settings` text COLLATE utf8_unicode_ci,
  `installDate` datetime NOT NULL,
  `dateCreated` datetime NOT NULL,
  `dateUpdated` datetime NOT NULL,
  `uid` char(36) COLLATE utf8_unicode_ci NOT NULL DEFAULT '0',
  PRIMARY KEY (`id`)
) ENGINE=InnoDB AUTO_INCREMENT=5 DEFAULT CHARSET=utf8 COLLATE=utf8_unicode_ci;

--
-- Data for table `craft_plugins`
--

INSERT INTO `craft_plugins` (`id`, `class`, `version`, `schemaVersion`, `licenseKey`, `licenseKeyStatus`, `enabled`, `settings`, `installDate`, `dateCreated`, `dateUpdated`, `uid`) VALUES
 ('2', 'jSocial', '1.1.0a', NULL, NULL, 'unknown', '1', NULL, '2017-08-26 15:29:35', '2017-08-26 15:29:35', '2017-09-17 10:35:22', '2dff082b-08f1-4aae-8222-a4d650b2cf8f'),
 ('4', 'Venti', '2.0.26', '2.0.0', NULL, 'unknown', '1', '{\"timeInterval\":30,\"eventDuration\":60,\"pluginName\":\"Venti Calendar\",\"translate\":false,\"license\":\"E729E04A-D2054165-ADCDFDE1-C3386068\",\"googleMapsApiKey\":\"\",\"country\":\"US\",\"hideRegistration\":\"1\",\"hideLocation\":\"1\"}', '2017-09-06 09:49:41', '2017-09-06 09:49:41', '2017-09-17 10:35:22', '9b4adbf0-388e-46fe-961c-fdbbfd41a3a8');



DROP TABLE IF EXISTS `craft_rackspaceaccess`;


--
-- Schema for table `craft_rackspaceaccess`
--
CREATE TABLE `craft_rackspaceaccess` (
  `id` int(11) NOT NULL AUTO_INCREMENT,
  `connectionKey` varchar(255) COLLATE utf8_unicode_ci NOT NULL,
  `token` varchar(255) COLLATE utf8_unicode_ci NOT NULL,
  `storageUrl` varchar(255) COLLATE utf8_unicode_ci NOT NULL,
  `cdnUrl` varchar(255) COLLATE utf8_unicode_ci NOT NULL,
  `dateCreated` datetime NOT NULL,
  `dateUpdated` datetime NOT NULL,
  `uid` char(36) COLLATE utf8_unicode_ci NOT NULL DEFAULT '0',
  PRIMARY KEY (`id`),
  UNIQUE KEY `craft_rackspaceaccess_connectionKey_unq_idx` (`connectionKey`)
) ENGINE=InnoDB DEFAULT CHARSET=utf8 COLLATE=utf8_unicode_ci;

DROP TABLE IF EXISTS `craft_relations`;


--
-- Schema for table `craft_relations`
--
CREATE TABLE `craft_relations` (
  `id` int(11) NOT NULL AUTO_INCREMENT,
  `fieldId` int(11) NOT NULL,
  `sourceId` int(11) NOT NULL,
  `sourceLocale` char(12) COLLATE utf8_unicode_ci DEFAULT NULL,
  `targetId` int(11) NOT NULL,
  `sortOrder` smallint(6) DEFAULT NULL,
  `dateCreated` datetime NOT NULL,
  `dateUpdated` datetime NOT NULL,
  `uid` char(36) COLLATE utf8_unicode_ci NOT NULL DEFAULT '0',
  PRIMARY KEY (`id`),
  UNIQUE KEY `craft_relations_fieldId_sourceId_sourceLocale_targetId_unq_idx` (`fieldId`,`sourceId`,`sourceLocale`,`targetId`),
  KEY `craft_relations_sourceId_fk` (`sourceId`),
  KEY `craft_relations_sourceLocale_fk` (`sourceLocale`),
  KEY `craft_relations_targetId_fk` (`targetId`)
) ENGINE=InnoDB AUTO_INCREMENT=461 DEFAULT CHARSET=utf8 COLLATE=utf8_unicode_ci;

--
-- Data for table `craft_relations`
--

INSERT INTO `craft_relations` (`id`, `fieldId`, `sourceId`, `sourceLocale`, `targetId`, `sortOrder`, `dateCreated`, `dateUpdated`, `uid`) VALUES
 ('211', '25', '115', NULL, '206', '1', '2017-08-31 14:04:55', '2017-08-31 14:04:55', '2992fa22-dc0d-49e0-a274-184c94dffa3a'),
 ('216', '25', '221', NULL, '223', '1', '2017-08-31 14:24:08', '2017-08-31 14:24:08', '811b448e-affc-44d1-8142-98471f1a2406'),
 ('221', '25', '94', NULL, '205', '1', '2017-08-31 17:46:16', '2017-08-31 17:46:16', '5a7fb31d-d4fd-440a-887c-c8d842d29b66'),
 ('222', '30', '111', NULL, '211', '1', '2017-08-31 17:46:16', '2017-08-31 17:46:16', '7ac10886-97b9-4f82-b856-b1d830b47d16'),
 ('223', '30', '122', NULL, '216', '1', '2017-08-31 17:46:16', '2017-08-31 17:46:16', '808b2b16-35f4-4a32-90c5-76561d5bdb47'),
 ('248', '6', '7', NULL, '131', '1', '2017-09-01 11:23:12', '2017-09-01 11:23:12', '92b80f0f-c2a5-4502-9e72-f675ffebf507'),
 ('269', '11', '234', NULL, '235', '1', '2017-09-04 20:58:26', '2017-09-04 20:58:26', 'cd559278-6bad-489d-8264-2f8daf5323b3'),
 ('270', '15', '269', NULL, '204', '1', '2017-09-04 20:58:26', '2017-09-04 20:58:26', '1e6b7c76-3f96-47b3-bbcc-cc6a7ceeaffe'),
 ('288', '46', '289', NULL, '301', '1', '2017-09-12 16:50:56', '2017-09-12 16:50:56', 'e96e299f-71b5-4daf-86bb-38da2e4c956a'),
 ('291', '46', '302', NULL, '299', '1', '2017-09-12 16:53:13', '2017-09-12 16:53:13', '43002bc7-610a-4313-9a68-c61b322f7322'),
 ('292', '46', '303', NULL, '296', '1', '2017-09-12 16:54:31', '2017-09-12 16:54:31', '86935e96-5ce2-46c3-9cd4-712b1863c71f'),
 ('301', '46', '304', NULL, '297', '1', '2017-09-12 17:00:22', '2017-09-12 17:00:22', '51686694-be63-4c68-b22f-c5203a0f9f0c'),
 ('325', '45', '288', NULL, '289', '1', '2017-09-12 19:11:02', '2017-09-12 19:11:02', '303a6fcc-cc86-4de7-98f6-1276e14bc6c5'),
 ('326', '45', '288', NULL, '302', '2', '2017-09-12 19:11:02', '2017-09-12 19:11:02', '29bd4ecd-6ddc-4af1-92eb-2b3992dc54e3'),
 ('327', '45', '288', NULL, '303', '3', '2017-09-12 19:11:02', '2017-09-12 19:11:02', '32726b40-99ca-4a1d-824d-e59ecd17a8cd'),
 ('328', '45', '288', NULL, '304', '4', '2017-09-12 19:11:02', '2017-09-12 19:11:02', '62da8999-ed9c-403c-8d36-51b2cd16d4f1'),
 ('380', '11', '329', NULL, '328', '1', '2017-09-13 10:47:26', '2017-09-13 10:47:26', '3d0253ac-d26d-4014-ac13-b5c3bfefbf95'),
 ('381', '15', '336', NULL, '335', '1', '2017-09-13 10:47:26', '2017-09-13 10:47:26', '0a631494-2b0b-400f-959f-840e3f299516'),
 ('382', '11', '324', NULL, '326', '1', '2017-09-13 10:52:00', '2017-09-13 10:52:00', '838c3b72-08b8-4e2e-9b3f-9f21e313cb5b'),
 ('388', '11', '333', NULL, '339', '1', '2017-09-13 11:50:57', '2017-09-13 11:50:57', '7ce4c139-bf0d-4694-a516-8a5ebc8b7d9f'),
 ('390', '6', '60', NULL, '133', '1', '2017-09-14 17:23:46', '2017-09-14 17:23:46', 'bec71c6d-88f1-4a0a-b0b6-7879cb05da61'),
 ('392', '6', '352', NULL, '351', '1', '2017-09-14 17:24:57', '2017-09-14 17:24:57', '816c4445-976d-4b5d-808a-34122995a539'),
 ('393', '41', '254', NULL, '253', '1', '2017-09-14 18:15:16', '2017-09-14 18:15:16', '81477bc4-4639-4f26-8271-c9f4aa448999'),
 ('395', '41', '267', NULL, '261', '1', '2017-09-14 18:17:34', '2017-09-14 18:17:34', 'b39a4657-74b4-498f-9ad2-86e6c322c55f'),
 ('396', '41', '268', NULL, '262', '1', '2017-09-14 18:18:52', '2017-09-14 18:18:52', '77690916-42fd-47a5-8dc0-b77f22ab518e'),
 ('397', '41', '353', NULL, '263', '1', '2017-09-14 18:21:01', '2017-09-14 18:21:01', '6af44e83-8af6-4f67-999c-bb94969ac4bc'),
 ('405', '11', '244', NULL, '243', '1', '2017-09-14 19:22:55', '2017-09-14 19:22:55', '04040100-a929-45ed-bae7-45c530f79d6c'),
 ('407', '11', '355', NULL, '251', '1', '2017-09-14 19:24:45', '2017-09-14 19:24:45', '75fb19d7-9f18-412d-9d20-f5166cb0568d'),
 ('411', '11', '69', NULL, '207', '1', '2017-09-14 19:49:02', '2017-09-14 19:49:02', 'b6cf1ba0-34e4-4453-9686-b795c53f8ec3'),
 ('412', '36', '63', NULL, '138', '1', '2017-09-14 21:01:53', '2017-09-14 21:01:53', '03dd5bd5-65e5-4101-95fb-76662bb86b77'),
 ('413', '36', '62', NULL, '141', '1', '2017-09-14 21:02:54', '2017-09-14 21:02:54', '134403e7-2eef-4452-b7f5-6bf7bb3e5859'),
 ('414', '36', '65', NULL, '140', '1', '2017-09-14 21:04:15', '2017-09-14 21:04:15', 'a1066b49-9f82-444e-846f-1a37b2525664'),
 ('415', '6', '59', NULL, '132', '1', '2017-09-14 21:06:47', '2017-09-14 21:06:47', '98c99861-db7e-4dcf-a886-0a07ff3c87ae'),
 ('422', '37', '61', NULL, '227', '1', '2017-09-14 21:36:54', '2017-09-14 21:36:54', 'a0772417-1774-4cd3-862e-8339cd64f335'),
 ('423', '11', '363', NULL, '362', '1', '2017-09-14 21:40:46', '2017-09-14 21:40:46', '8db5ef92-4008-4d83-ba50-5af3a2e0f7c2'),
 ('426', '36', '64', NULL, '139', '1', '2017-09-15 12:53:51', '2017-09-15 12:53:51', 'a07301b0-3ea3-4d82-8691-edf6b4e99cbc'),
 ('431', '11', '359', NULL, '358', '1', '2017-09-16 16:17:13', '2017-09-16 16:17:13', '7da60df2-1f9b-48bc-b8dd-4c0e8e192405'),
 ('432', '11', '375', NULL, '374', '1', '2017-09-16 16:25:03', '2017-09-16 16:25:03', '1c5a1aa8-e731-4643-91ff-c5231ed9cfe4'),
 ('437', '49', '387', NULL, '386', '1', '2017-09-16 22:32:15', '2017-09-16 22:32:15', '50f3f31d-8df1-462a-96df-137decdaff4a'),
 ('438', '49', '388', NULL, '390', '1', '2017-09-16 22:38:13', '2017-09-16 22:38:13', '263258b2-a858-4246-a680-be4ca3920a6e'),
 ('445', '11', '239', NULL, '238', '1', '2017-09-16 23:19:26', '2017-09-16 23:19:26', 'c01b84a1-6075-4722-8f29-6f92d432735e'),
 ('446', '11', '87', NULL, '208', '1', '2017-09-17 09:23:33', '2017-09-17 09:23:33', 'b5b55416-3767-475c-b1b1-a518e2cc4353'),
 ('447', '22', '88', NULL, '78', '1', '2017-09-17 09:23:33', '2017-09-17 09:23:33', '15f03a25-b291-4980-9f13-56abebc2343e'),
 ('448', '22', '88', NULL, '229', '2', '2017-09-17 09:23:33', '2017-09-17 09:23:33', 'e9cf11c5-7583-44c5-97f4-cb45c74aa0b6'),
 ('449', '22', '88', NULL, '321', '3', '2017-09-17 09:23:33', '2017-09-17 09:23:33', '72d6a2db-29e3-4a1e-8f45-884dda3653b0'),
 ('450', '22', '88', NULL, '76', '4', '2017-09-17 09:23:33', '2017-09-17 09:23:33', 'cd056ee3-7c99-41d8-8db7-f1224bbe87ac'),
 ('451', '22', '323', NULL, '322', '1', '2017-09-17 09:23:33', '2017-09-17 09:23:33', '0bc304bb-3e8a-4791-95d8-03277d0b912d'),
 ('454', '10', '321', NULL, '311', '1', '2017-09-17 09:28:01', '2017-09-17 09:28:01', 'b10a3f82-3587-45c6-9cf2-8a84e6ad4aa3'),
 ('455', '10', '76', NULL, '209', '1', '2017-09-17 09:28:21', '2017-09-17 09:28:21', '1b345108-e505-4cb1-8e60-6e3af855e2ac'),
 ('456', '10', '229', NULL, '309', '1', '2017-09-17 09:28:41', '2017-09-17 09:28:41', '099c21b3-1a69-48e4-97c6-4756c8c3f319'),
 ('457', '10', '78', NULL, '210', '1', '2017-09-17 09:28:56', '2017-09-17 09:28:56', '4b0bba07-6c5c-4b12-bef8-5328fccb9c46'),
 ('458', '10', '322', NULL, '313', '1', '2017-09-17 09:35:08', '2017-09-17 09:35:08', 'efe141c5-341c-4a97-9025-2c0db3ed4e72'),
 ('460', '49', '384', NULL, '381', '1', '2017-09-17 12:31:27', '2017-09-17 12:31:27', 'ddf43c3d-bbc9-4f85-8b9e-5faf770d428f');



DROP TABLE IF EXISTS `craft_routes`;


--
-- Schema for table `craft_routes`
--
CREATE TABLE `craft_routes` (
  `id` int(11) NOT NULL AUTO_INCREMENT,
  `locale` char(12) COLLATE utf8_unicode_ci DEFAULT NULL,
  `urlParts` varchar(255) COLLATE utf8_unicode_ci NOT NULL,
  `urlPattern` varchar(255) COLLATE utf8_unicode_ci NOT NULL,
  `template` varchar(255) COLLATE utf8_unicode_ci NOT NULL,
  `sortOrder` smallint(6) unsigned DEFAULT NULL,
  `dateCreated` datetime NOT NULL,
  `dateUpdated` datetime NOT NULL,
  `uid` char(36) COLLATE utf8_unicode_ci NOT NULL DEFAULT '0',
  PRIMARY KEY (`id`),
  KEY `craft_routes_locale_idx` (`locale`),
  KEY `craft_routes_urlPattern_idx` (`urlPattern`)
) ENGINE=InnoDB AUTO_INCREMENT=4 DEFAULT CHARSET=utf8 COLLATE=utf8_unicode_ci;

--
-- Data for table `craft_routes`
--

INSERT INTO `craft_routes` (`id`, `locale`, `urlParts`, `urlPattern`, `template`, `sortOrder`, `dateCreated`, `dateUpdated`, `uid`) VALUES
 ('1', NULL, '[\"ajax\\/calendar\\/\",[\"year\",\"\\\\d{4}\"],\"\\/\",[\"month\",\"(?:0?[1-9]|1[012])\"],\"\\/\",[\"*\",\"[^\\\\\\/]+\"]]', 'ajax\\/calendar\\/(?P<year>\\d{4})\\/(?P<month>(?:0?[1-9]|1[012]))\\/([^\\/]+)', 'events/ajax/_calendar', '1', '2017-09-06 18:08:15', '2017-09-16 17:32:17', 'b96779e2-f353-4482-87a8-4692e82b4a4a'),
 ('2', NULL, '[\"ajax\\/events\\/\",[\"year\",\"\\\\d{4}\"],\"\\/\",[\"month\",\"(?:0?[1-9]|1[012])\"],\"\\/\",[\"*\",\"[^\\\\\\/]+\"]]', 'ajax\\/events\\/(?P<year>\\d{4})\\/(?P<month>(?:0?[1-9]|1[012]))\\/([^\\/]+)', 'events/ajax/_events', '2', '2017-09-06 18:09:25', '2017-09-16 17:32:17', '26c86e5f-ada1-4935-b84d-e500b2624d64'),
 ('3', NULL, '[\"calendar\"]', 'calendar', 'events/eventsLanding', '4', '2017-09-06 18:10:07', '2017-09-16 17:32:17', 'a4a17492-cc75-4bc1-8214-59f256dd41be');



DROP TABLE IF EXISTS `craft_searchindex`;


--
-- Schema for table `craft_searchindex`
--
CREATE TABLE `craft_searchindex` (
  `elementId` int(11) NOT NULL,
  `attribute` varchar(25) COLLATE utf8_unicode_ci NOT NULL,
  `fieldId` int(11) NOT NULL,
  `locale` char(12) COLLATE utf8_unicode_ci NOT NULL,
  `keywords` text COLLATE utf8_unicode_ci NOT NULL,
  PRIMARY KEY (`elementId`,`attribute`,`fieldId`,`locale`),
  FULLTEXT KEY `craft_searchindex_keywords_idx` (`keywords`)
) ENGINE=MyISAM DEFAULT CHARSET=utf8 COLLATE=utf8_unicode_ci;

--
-- Data for table `craft_searchindex`
--

INSERT INTO `craft_searchindex` (`elementId`, `attribute`, `fieldId`, `locale`, `keywords`) VALUES
 ('1', 'username', '0', 'en_us', ' cavidano1 '),
 ('1', 'firstname', '0', 'en_us', ''),
 ('1', 'lastname', '0', 'en_us', ''),
 ('1', 'fullname', '0', 'en_us', ''),
 ('1', 'email', '0', 'en_us', ' carl avidanodigital com '),
 ('1', 'slug', '0', 'en_us', ''),
 ('65', 'field', '10', 'en_us', ' tout parish life '),
 ('63', 'field', '5', 'en_us', ' worship liturgy '),
 ('63', 'slug', '0', 'en_us', ' liturgy '),
 ('63', 'title', '0', 'en_us', ' liturgy '),
 ('64', 'field', '10', 'en_us', ' tout music '),
 ('64', 'field', '3', 'en_us', ' music '),
 ('64', 'field', '5', 'en_us', ' music music at transfiguration '),
 ('64', 'slug', '0', 'en_us', ' music '),
 ('64', 'title', '0', 'en_us', ' music '),
 ('63', 'field', '3', 'en_us', ' liturgy '),
 ('61', 'field', '8', 'en_us', ' god s inclusive love '),
 ('62', 'field', '10', 'en_us', ' tout who we are '),
 ('62', 'field', '3', 'en_us', ' who we are '),
 ('62', 'field', '4', 'en_us', ''),
 ('62', 'field', '5', 'en_us', ' about who we are '),
 ('62', 'slug', '0', 'en_us', ' who we are '),
 ('62', 'title', '0', 'en_us', ' who we are '),
 ('63', 'field', '10', 'en_us', ' tout liturgy '),
 ('61', 'field', '7', 'en_us', ' we embrace all who seek '),
 ('61', 'slug', '0', 'en_us', ' introduction '),
 ('61', 'title', '0', 'en_us', ' home '),
 ('140', 'title', '0', 'en_us', ' parish life '),
 ('133', 'filename', '0', 'en_us', ' marquee 03 jpg '),
 ('133', 'extension', '0', 'en_us', ' jpg '),
 ('133', 'kind', '0', 'en_us', ' image '),
 ('133', 'slug', '0', 'en_us', ' marquee 03 '),
 ('133', 'title', '0', 'en_us', ' marquee 03 '),
 ('142', 'kind', '0', 'en_us', ' image '),
 ('132', 'filename', '0', 'en_us', ' marquee 02 jpg '),
 ('132', 'extension', '0', 'en_us', ' jpg '),
 ('132', 'kind', '0', 'en_us', ' image '),
 ('132', 'slug', '0', 'en_us', ' marquee 02 '),
 ('132', 'title', '0', 'en_us', ' marquee 02 '),
 ('7', 'field', '6', 'en_us', ' marquee 01 '),
 ('7', 'field', '3', 'en_us', ''),
 ('7', 'field', '7', 'en_us', ' an anglo catholic parish in manhattan s '),
 ('7', 'field', '8', 'en_us', ' nomad neighborhood '),
 ('7', 'field', '4', 'en_us', ' worship schedule '),
 ('7', 'field', '5', 'en_us', ' worship worship schedule '),
 ('7', 'slug', '0', 'en_us', ' an anglo catholic parish in manhattans nomad neighborhood '),
 ('7', 'title', '0', 'en_us', ' an anglo catholic parish in manhattan s nomad neighborhood '),
 ('183', 'filename', '0', 'en_us', ' little church logo png '),
 ('182', 'slug', '0', 'en_us', ' hero worship schedule '),
 ('182', 'title', '0', 'en_us', ' hero worship schedule '),
 ('182', 'kind', '0', 'en_us', ' image '),
 ('182', 'extension', '0', 'en_us', ' jpg '),
 ('182', 'filename', '0', 'en_us', ' hero worship schedule jpg '),
 ('181', 'title', '0', 'en_us', ' hero who we are '),
 ('181', 'kind', '0', 'en_us', ' image '),
 ('181', 'slug', '0', 'en_us', ' hero who we are '),
 ('181', 'extension', '0', 'en_us', ' jpg '),
 ('181', 'filename', '0', 'en_us', ' hero who we are jpg '),
 ('180', 'title', '0', 'en_us', ' hero welcome '),
 ('180', 'slug', '0', 'en_us', ' hero welcome '),
 ('180', 'kind', '0', 'en_us', ' image '),
 ('180', 'extension', '0', 'en_us', ' jpg '),
 ('180', 'filename', '0', 'en_us', ' hero welcome jpg '),
 ('254', 'field', '3', 'en_us', ' lynchgate at the church of the transfiguration '),
 ('254', 'field', '27', 'en_us', ''),
 ('254', 'field', '42', 'en_us', ' a lychgate is a type of medieval portal covered by a roof lychgates are rare in the united states but are still found in england mostly in rural areas in days past it was a place where preliminary prayers were offered for the deceased before the coffin was carried into the church our lychgate was built in 1896 it was designed by frederick clark withers and was the gift of mrs franklin delano it was restored and re dedicated on may 5 2013 '),
 ('178', 'title', '0', 'en_us', ' hero our history '),
 ('178', 'kind', '0', 'en_us', ' image '),
 ('178', 'slug', '0', 'en_us', ' hero our history '),
 ('178', 'extension', '0', 'en_us', ' jpg '),
 ('178', 'filename', '0', 'en_us', ' hero our history jpg '),
 ('177', 'title', '0', 'en_us', ' hero who we are '),
 ('177', 'kind', '0', 'en_us', ' image '),
 ('177', 'slug', '0', 'en_us', ' hero who we are '),
 ('177', 'extension', '0', 'en_us', ' jpg '),
 ('177', 'filename', '0', 'en_us', ' hero who we are jpg '),
 ('176', 'title', '0', 'en_us', ' hero welcome '),
 ('176', 'slug', '0', 'en_us', ' hero welcome '),
 ('176', 'extension', '0', 'en_us', ' jpg '),
 ('176', 'kind', '0', 'en_us', ' image '),
 ('176', 'filename', '0', 'en_us', ' hero welcome jpg '),
 ('175', 'title', '0', 'en_us', ' figure window '),
 ('175', 'kind', '0', 'en_us', ' image '),
 ('175', 'slug', '0', 'en_us', ' figure window '),
 ('175', 'extension', '0', 'en_us', ' jpg '),
 ('175', 'filename', '0', 'en_us', ' figure window jpg '),
 ('174', 'title', '0', 'en_us', ' figure window '),
 ('174', 'kind', '0', 'en_us', ' image '),
 ('174', 'slug', '0', 'en_us', ' figure window '),
 ('174', 'extension', '0', 'en_us', ' jpg '),
 ('174', 'filename', '0', 'en_us', ' figure window jpg '),
 ('173', 'title', '0', 'en_us', ' feature little church '),
 ('173', 'slug', '0', 'en_us', ' feature little church '),
 ('173', 'kind', '0', 'en_us', ' image '),
 ('173', 'extension', '0', 'en_us', ' jpg '),
 ('173', 'filename', '0', 'en_us', ' feature little church jpg '),
 ('172', 'slug', '0', 'en_us', ' episcopal badge '),
 ('172', 'title', '0', 'en_us', ' episcopal badge '),
 ('172', 'kind', '0', 'en_us', ' image '),
 ('172', 'extension', '0', 'en_us', ' svg ');
INSERT INTO `craft_searchindex` (`elementId`, `attribute`, `fieldId`, `locale`, `keywords`) VALUES
 ('172', 'filename', '0', 'en_us', ' episcopal badge svg '),
 ('171', 'title', '0', 'en_us', ' episcopal badge '),
 ('171', 'kind', '0', 'en_us', ' image '),
 ('171', 'slug', '0', 'en_us', ' episcopal badge '),
 ('171', 'extension', '0', 'en_us', ' png '),
 ('171', 'filename', '0', 'en_us', ' episcopal badge png '),
 ('170', 'title', '0', 'en_us', ' btn youtube '),
 ('170', 'slug', '0', 'en_us', ' btn youtube '),
 ('170', 'kind', '0', 'en_us', ' image '),
 ('170', 'extension', '0', 'en_us', ' svg '),
 ('170', 'filename', '0', 'en_us', ' btn youtube svg '),
 ('169', 'title', '0', 'en_us', ' btn youtube '),
 ('169', 'kind', '0', 'en_us', ' image '),
 ('169', 'slug', '0', 'en_us', ' btn youtube '),
 ('169', 'extension', '0', 'en_us', ' png '),
 ('169', 'filename', '0', 'en_us', ' btn youtube png '),
 ('168', 'slug', '0', 'en_us', ' btn twitter '),
 ('168', 'title', '0', 'en_us', ' btn twitter '),
 ('168', 'kind', '0', 'en_us', ' image '),
 ('168', 'extension', '0', 'en_us', ' svg '),
 ('168', 'filename', '0', 'en_us', ' btn twitter svg '),
 ('167', 'title', '0', 'en_us', ' btn twitter '),
 ('167', 'kind', '0', 'en_us', ' image '),
 ('167', 'slug', '0', 'en_us', ' btn twitter '),
 ('142', 'slug', '0', 'en_us', ' bio ian betts '),
 ('142', 'title', '0', 'en_us', ' bio ian betts '),
 ('144', 'filename', '0', 'en_us', ' edwin booth window verticle jpg '),
 ('144', 'extension', '0', 'en_us', ' jpg '),
 ('144', 'kind', '0', 'en_us', ' image '),
 ('144', 'slug', '0', 'en_us', ' edwin booth window verticle '),
 ('144', 'title', '0', 'en_us', ' edwin booth window verticle '),
 ('145', 'filename', '0', 'en_us', ' bio john david van dooren jpg '),
 ('145', 'extension', '0', 'en_us', ' jpg '),
 ('145', 'kind', '0', 'en_us', ' image '),
 ('145', 'slug', '0', 'en_us', ' bio john david van dooren '),
 ('145', 'title', '0', 'en_us', ' bio john david van dooren '),
 ('146', 'filename', '0', 'en_us', ' fr patrick and dog jpg '),
 ('146', 'extension', '0', 'en_us', ' jpg '),
 ('146', 'kind', '0', 'en_us', ' image '),
 ('146', 'slug', '0', 'en_us', ' fr patrick and dog '),
 ('146', 'title', '0', 'en_us', ' fr patrick and dog '),
 ('147', 'filename', '0', 'en_us', ' fr patrick and dog jpg '),
 ('147', 'extension', '0', 'en_us', ' jpg '),
 ('147', 'kind', '0', 'en_us', ' image '),
 ('147', 'slug', '0', 'en_us', ' fr patrick and dog '),
 ('147', 'title', '0', 'en_us', ' fr patrick and dog '),
 ('148', 'filename', '0', 'en_us', ' placeholder jpg '),
 ('148', 'extension', '0', 'en_us', ' jpg '),
 ('148', 'kind', '0', 'en_us', ' image '),
 ('148', 'slug', '0', 'en_us', ' placeholder '),
 ('148', 'title', '0', 'en_us', ' placeholder '),
 ('149', 'filename', '0', 'en_us', ' richard upjohn brass filigree pulpit jpg '),
 ('149', 'extension', '0', 'en_us', ' jpg '),
 ('149', 'kind', '0', 'en_us', ' image '),
 ('149', 'slug', '0', 'en_us', ' richard upjohn brass filigree pulpit '),
 ('149', 'title', '0', 'en_us', ' richard upjohn brass filigree pulpit '),
 ('150', 'filename', '0', 'en_us', ' blog 01 jpg '),
 ('150', 'extension', '0', 'en_us', ' jpg '),
 ('150', 'kind', '0', 'en_us', ' image '),
 ('150', 'slug', '0', 'en_us', ' blog 01 '),
 ('150', 'title', '0', 'en_us', ' blog 01 '),
 ('151', 'filename', '0', 'en_us', ' btn facebook png '),
 ('151', 'extension', '0', 'en_us', ' png '),
 ('151', 'kind', '0', 'en_us', ' image '),
 ('151', 'slug', '0', 'en_us', ' btn facebook '),
 ('151', 'title', '0', 'en_us', ' btn facebook '),
 ('152', 'filename', '0', 'en_us', ' btn facebook svg '),
 ('152', 'extension', '0', 'en_us', ' svg '),
 ('152', 'kind', '0', 'en_us', ' image '),
 ('152', 'slug', '0', 'en_us', ' btn facebook '),
 ('152', 'title', '0', 'en_us', ' btn facebook '),
 ('153', 'filename', '0', 'en_us', ' btn instagram png '),
 ('153', 'extension', '0', 'en_us', ' png '),
 ('153', 'kind', '0', 'en_us', ' image '),
 ('153', 'slug', '0', 'en_us', ' btn instagram '),
 ('153', 'title', '0', 'en_us', ' btn instagram '),
 ('154', 'filename', '0', 'en_us', ' btn instagram svg '),
 ('154', 'extension', '0', 'en_us', ' svg '),
 ('154', 'kind', '0', 'en_us', ' image '),
 ('154', 'slug', '0', 'en_us', ' btn instagram '),
 ('154', 'title', '0', 'en_us', ' btn instagram '),
 ('155', 'filename', '0', 'en_us', ' btn share email png '),
 ('155', 'extension', '0', 'en_us', ' png '),
 ('155', 'kind', '0', 'en_us', ' image '),
 ('155', 'slug', '0', 'en_us', ' btn share email '),
 ('155', 'title', '0', 'en_us', ' btn share email '),
 ('156', 'filename', '0', 'en_us', ' btn share email svg '),
 ('156', 'extension', '0', 'en_us', ' svg '),
 ('156', 'kind', '0', 'en_us', ' image '),
 ('156', 'slug', '0', 'en_us', ' btn share email '),
 ('156', 'title', '0', 'en_us', ' btn share email '),
 ('157', 'filename', '0', 'en_us', ' btn share facebook png '),
 ('157', 'extension', '0', 'en_us', ' png '),
 ('157', 'kind', '0', 'en_us', ' image '),
 ('157', 'slug', '0', 'en_us', ' btn share facebook '),
 ('157', 'title', '0', 'en_us', ' btn share facebook '),
 ('158', 'filename', '0', 'en_us', ' btn share facebook svg '),
 ('158', 'extension', '0', 'en_us', ' svg '),
 ('158', 'kind', '0', 'en_us', ' image '),
 ('158', 'slug', '0', 'en_us', ' btn share facebook ');
INSERT INTO `craft_searchindex` (`elementId`, `attribute`, `fieldId`, `locale`, `keywords`) VALUES
 ('158', 'title', '0', 'en_us', ' btn share facebook '),
 ('159', 'filename', '0', 'en_us', ' btn share google plus png '),
 ('159', 'extension', '0', 'en_us', ' png '),
 ('159', 'kind', '0', 'en_us', ' image '),
 ('159', 'slug', '0', 'en_us', ' btn share google plus '),
 ('159', 'title', '0', 'en_us', ' btn share google plus '),
 ('160', 'filename', '0', 'en_us', ' btn share google plus svg '),
 ('160', 'extension', '0', 'en_us', ' svg '),
 ('160', 'kind', '0', 'en_us', ' image '),
 ('160', 'slug', '0', 'en_us', ' btn share google plus '),
 ('160', 'title', '0', 'en_us', ' btn share google plus '),
 ('161', 'filename', '0', 'en_us', ' btn share twitter png '),
 ('161', 'extension', '0', 'en_us', ' png '),
 ('161', 'kind', '0', 'en_us', ' image '),
 ('59', 'field', '6', 'en_us', ' marquee 02 '),
 ('59', 'field', '3', 'en_us', ''),
 ('59', 'field', '7', 'en_us', ' your next quiet moment is '),
 ('59', 'field', '8', 'en_us', ' right around the corner '),
 ('59', 'field', '4', 'en_us', ' visit '),
 ('59', 'field', '5', 'en_us', ' visit '),
 ('59', 'slug', '0', 'en_us', ' your quiet moment is right around the corner '),
 ('59', 'title', '0', 'en_us', ' your next quiet moment is right around the corner '),
 ('60', 'field', '6', 'en_us', ' marquee 03 '),
 ('60', 'field', '3', 'en_us', ''),
 ('60', 'field', '7', 'en_us', ' discover the art and architecture '),
 ('60', 'field', '8', 'en_us', ' of our church and grounds '),
 ('60', 'field', '4', 'en_us', ' virtual tour '),
 ('60', 'field', '5', 'en_us', ' virtual tour '),
 ('60', 'slug', '0', 'en_us', ' our churchs art and architecture at a glance '),
 ('60', 'title', '0', 'en_us', ' discover the art and architecture of our church and grounds '),
 ('65', 'field', '3', 'en_us', ' parish life '),
 ('65', 'field', '5', 'en_us', ' about parish life '),
 ('65', 'slug', '0', 'en_us', ' parish life '),
 ('65', 'title', '0', 'en_us', ' parish life '),
 ('189', 'slug', '0', 'en_us', ' marquee 02 '),
 ('189', 'title', '0', 'en_us', ' marquee 02 '),
 ('190', 'filename', '0', 'en_us', ' marquee 03 jpg '),
 ('189', 'kind', '0', 'en_us', ' image '),
 ('189', 'extension', '0', 'en_us', ' jpg '),
 ('69', 'field', '11', 'en_us', ' hero welcome '),
 ('69', 'field', '3', 'en_us', ' welcome to our little church '),
 ('69', 'field', '1', 'en_us', ' mi aptent suspendisse sociis augue pretium eleifend ante suspendisse ad condimentum a a scelerisque a sem tempor tristique vestibulum ultrices lectus consectetur potenti fusce ipsum parturient fermentum tincidunt aliquet tellus urna pretium a mus quis adipiscing a a porta eget aliquet ullamcorper mollis leo natoque class a a tellus condimentum purus curabitur a fusce arcu congue conubia mus natoque at '),
 ('69', 'slug', '0', 'en_us', ' welcome '),
 ('69', 'title', '0', 'en_us', ' welcome '),
 ('69', 'field', '12', 'en_us', ' greetings and welcome to the church of the transfiguration also known affectionately as the little church around the corner our parish combines the beauty and depth of the anglo catholic tradition with the warmth of a dear community of people seeking the presence of christ in the center of the nomad neighborhood in manhattan '),
 ('69', 'field', '13', 'en_us', ' faith and works from the time of our founding in the mid 19th century our motto has remained fides opera faith and works our faith is expressed in the depth of resplendent worship offering our very best in praise of god in the person of jesus christ from this worship flows an outward ministry of works to a city and world crying for mindful and responsive hands feet and hearts in god that which is ancient never becomes old and we embrace this sentiment combining traditional liturgical worship with a radical inclusiveness deeply rooted in our parish s history and celebrated by a vibrant diocese in which we serve please consider this parish as you look for a spiritual home all are welcome with loving wishes fr john david van doorenrector '),
 ('71', 'field', '14', 'en_us', ' faith and works from the time of our founding in the mid 19th century our motto has remained fides opera faith and works our faith is expressed in the depth of resplendent worship offering our very best in praise of god in the person of jesus christ from this worship flows an outward ministry of works to a city and world crying for mindful and responsive hands feet and hearts in god that which is ancient never becomes old and we embrace this sentiment combining traditional liturgical worship with a radical inclusiveness deeply rooted in our parish s history and celebrated by a vibrant diocese in which we serve please consider this parish as you look for a spiritual home all are welcome with loving wishes fr john david van doorenrector '),
 ('71', 'slug', '0', 'en_us', ''),
 ('163', 'filename', '0', 'en_us', ' btn toggle menu png '),
 ('163', 'extension', '0', 'en_us', ' png '),
 ('183', 'slug', '0', 'en_us', ' little church logo '),
 ('183', 'title', '0', 'en_us', ' little church logo '),
 ('183', 'kind', '0', 'en_us', ' image '),
 ('183', 'extension', '0', 'en_us', ' png '),
 ('229', 'title', '0', 'en_us', ' rev d dr patrick s cheng '),
 ('229', 'field', '10', 'en_us', ' bio patrick cheng '),
 ('229', 'slug', '0', 'en_us', ' fr patrick cheng '),
 ('220', 'filename', '0', 'en_us', ' ralph adams cram madonna shrine jpg '),
 ('220', 'extension', '0', 'en_us', ' jpg '),
 ('220', 'kind', '0', 'en_us', ' image '),
 ('220', 'slug', '0', 'en_us', ' ralph adams cram madonna shrine '),
 ('220', 'title', '0', 'en_us', ' ralph adams cram madonna shrine '),
 ('224', 'slug', '0', 'en_us', ''),
 ('225', 'filename', '0', 'en_us', ' the garden jpg '),
 ('225', 'extension', '0', 'en_us', ' jpg '),
 ('225', 'kind', '0', 'en_us', ' image '),
 ('225', 'slug', '0', 'en_us', ' the garden '),
 ('225', 'title', '0', 'en_us', ' the garden '),
 ('226', 'filename', '0', 'en_us', ' the garden jpg '),
 ('226', 'extension', '0', 'en_us', ' jpg '),
 ('226', 'kind', '0', 'en_us', ' image '),
 ('226', 'slug', '0', 'en_us', ' the garden '),
 ('226', 'title', '0', 'en_us', ' the garden '),
 ('61', 'field', '37', 'en_us', ' feature little church '),
 ('61', 'field', '3', 'en_us', ' the little church around the corner '),
 ('61', 'field', '4', 'en_us', ' a brief history '),
 ('61', 'field', '5', 'en_us', ' about our history '),
 ('61', 'field', '1', 'en_us', ' how we became the little church around the corner ad ullamcorper cursus vestibulum suspendisse parturient accumsan dignissim parturient accumsan adipiscing eget lectus condimentum aliquet lectus ullamcorper '),
 ('227', 'filename', '0', 'en_us', ' feature little church jpg '),
 ('227', 'extension', '0', 'en_us', ' jpg '),
 ('227', 'kind', '0', 'en_us', ' image '),
 ('227', 'slug', '0', 'en_us', ' feature little church '),
 ('227', 'title', '0', 'en_us', ' feature little church '),
 ('61', 'field', '38', 'en_us', ' how we became the little church around the corner '),
 ('61', 'field', '39', 'en_us', ' from our founding in 1848 to the civil war and our longstanding ties to the theater discover the vibrant history of our little church '),
 ('228', 'filename', '0', 'en_us', ' feature little church jpg '),
 ('228', 'extension', '0', 'en_us', ' jpg '),
 ('228', 'kind', '0', 'en_us', ' image '),
 ('228', 'slug', '0', 'en_us', ' feature little church '),
 ('228', 'title', '0', 'en_us', ' feature little church '),
 ('229', 'field', '24', 'en_us', ' associate rector '),
 ('229', 'field', '1', 'en_us', ' fr patrick cheng has served on the staff of the church of the transfiguration since 2015 first as an associate priest and currently as the associate rector prior to his arrival at the little church fr cheng taught historical and systematic theology at the episcopal divinity school in cambridge massachusetts and served as the pastoral assistant at emmanuel church in the city of boston in addition to his ministry at transfiguration fr cheng works for a national agency of the episcopal church and he serves on the board of trustees of the anglican theological review he holds degrees from yale college harvard law school and union theological seminary in the city of new york for more information about fr cheng please see his website at www patrickcheng net '),
 ('94', 'field', '28', 'en_us', ' i was paging my way through holy men holy women on a fact checking mission when i came across the entry for december 16th i was stunned to see that this day had been set apart to honor two architects and an artist whose work was represented here at transfiguration ralph adams cram designer of st thomas church nyc and the nave of the cathedral of st john the divine richard upjohn the designer of trinity church on wall street in lower manhattan and john lafarge painter of murals and designer of many notable stained glass windows holy men holy women encourages us to offer thanks for the vision of ralph adams cram john lafarge and richard upjohn whose harmonious revival of the gothic enriched our churches with a sacramental understanding of reality in the face of secular materialism john lafarge s magnificent window depicting edwin booth john lafarge s magnificent window depicting edwin booth 1 edwin booth window verticle vertical holy men holy women encourages us to offer thanks for the vision of ralph adams cram john lafarge and richard upjohn whose harmonious revival of the gothic enriched our churches with a sacramental understanding of reality in the face of secular materialism ralph adams cram was the designer of our beautiful polychromed wood madonna shrine located in the transept it was donated by mr f e saxham drury in memory of elbridge t gerry and mabel gerry drury turn to your right and there is john lafarge s magnificent window depicting edwin booth the leading shakespearean actor of his time holding a mask and dressed in greco roman costume edwin booth was the brother of the notorious john wilkes booth president lincoln s assassin the window was given in his memory in 1898 by members of the players club which he founded ralph adams cram was the designer of our beautiful polychromed wood madonna shrine located in the transept it was donated by mr f e saxham drury in memory of elbridge t gerry and mabel gerry drury and a few steps away near the chancel on the northeast side of the nave stands richard upjohn s beautiful and intricate brass filigree pulpit richard upjohn s beautiful and intricate brass filigree pulpit richard upjohn s beautiful and intricate brass filigree pulpit 1 richard upjohn brass filigree pulpit horizontal how fortunate we are to have works by all three of these masters under the roof of the little church i will give thanks when december 16th rolls around holy women holy men celebrating the saints by church publishing incorporated '),
 ('219', 'filename', '0', 'en_us', ' ralph adams cram madonna shrine jpg '),
 ('219', 'extension', '0', 'en_us', ' jpg '),
 ('76', 'field', '24', 'en_us', ' deacon '),
 ('76', 'field', '1', 'en_us', ' dictum sit sed venenatis magnis nulla per parturient a dictumst urna a parturient velit scelerisque ullamcorper nec orci eu himenaeos mus amet adipiscing metus ut duis vitae parturient a sit ut quisque accumsan scelerisque in a a hac mattis a felis scelerisque blandit suspendisse mus montes a at adipiscing ullamcorper ipsum lobortis facilisi scelerisque a vestibulum nascetur id mattis tincidunt dictum netus dictumst pulvinar risus sagittis consectetur leo dolor cras laoreet facilisis leo ullamcorper a cursus interdum proin ad habitasse diam ridiculus a parturient mi parturient parturient scelerisque parturient suspendisse vestibulum '),
 ('76', 'field', '10', 'en_us', ' bio ian betts '),
 ('76', 'slug', '0', 'en_us', ' ian betts '),
 ('76', 'title', '0', 'en_us', ' rev d ian betts ');
INSERT INTO `craft_searchindex` (`elementId`, `attribute`, `fieldId`, `locale`, `keywords`) VALUES
 ('78', 'field', '24', 'en_us', ' rector '),
 ('78', 'field', '1', 'en_us', ' fr john david van dooren is a native of north carolina and was graduated from the university of north carolina 1982 and the virginia theological seminary 1987 his first field assignment was to an anglo catholic parish one of the only few in the the area there fr van dooren was introduced to a spirituality that would define his eventual priesthood and lead him to a lifelong commitment to urban ministry after beginning his ordained life as chaplain and track and field coach at st stephen s episcopal school in alexandria va a happy period of life other than wrecking two school busses fr van dooren served as curate of all souls episcopal church in washington dc he then served as an assistant priest at st martin s in the field severna park md before being called back to all souls as their sixth rector after 14 years as rector fr van dooren accepted the call to the church of the atonement in chicago where he served as rector for eleven and half years fr van dooren was elected the eighth rector of transfiguration in early 2017 he has shared the past 30 years of life with gary norcross '),
 ('78', 'field', '10', 'en_us', ' bio john david van dooren '),
 ('78', 'slug', '0', 'en_us', ' carl avidano '),
 ('78', 'title', '0', 'en_us', ' rev d john david van dooren '),
 ('94', 'field', '27', 'en_us', ' corey schneider '),
 ('188', 'extension', '0', 'en_us', ' jpg '),
 ('188', 'filename', '0', 'en_us', ' marquee 01 jpg '),
 ('187', 'title', '0', 'en_us', ' marquee 03 '),
 ('167', 'extension', '0', 'en_us', ' png '),
 ('167', 'filename', '0', 'en_us', ' btn twitter png '),
 ('166', 'title', '0', 'en_us', ' btn twiiter '),
 ('87', 'field', '27', 'en_us', ''),
 ('69', 'field', '27', 'en_us', ''),
 ('187', 'kind', '0', 'en_us', ' image '),
 ('187', 'slug', '0', 'en_us', ' marquee 03 '),
 ('187', 'extension', '0', 'en_us', ' jpg '),
 ('186', 'title', '0', 'en_us', ' marquee 02 '),
 ('187', 'filename', '0', 'en_us', ' marquee 03 jpg '),
 ('189', 'filename', '0', 'en_us', ' marquee 02 jpg '),
 ('188', 'title', '0', 'en_us', ' marquee 01 '),
 ('188', 'slug', '0', 'en_us', ' marquee 01 '),
 ('188', 'kind', '0', 'en_us', ' image '),
 ('87', 'field', '11', 'en_us', ' hero who we are '),
 ('87', 'field', '3', 'en_us', ' who we are '),
 ('87', 'field', '12', 'en_us', ' meet the little church staff '),
 ('391', 'filename', '0', 'en_us', ' featured 02 jpg '),
 ('391', 'extension', '0', 'en_us', ' jpg '),
 ('391', 'kind', '0', 'en_us', ' image '),
 ('391', 'slug', '0', 'en_us', ' featured 02 '),
 ('391', 'title', '0', 'en_us', ' featured 02 '),
 ('321', 'field', '24', 'en_us', ' associate priest '),
 ('321', 'field', '1', 'en_us', ' dictum sit sed venenatis magnis nulla per parturient a dictumst urna a parturient velit scelerisque ullamcorper nec orci eu himenaeos mus amet adipiscing metus ut duis vitae parturient a sit ut quisque accumsan scelerisque in a a hac mattis a felis scelerisque blandit suspendisse mus montes a at adipiscing ullamcorper ipsum lobortis facilisi scelerisque a vestibulum nascetur id mattis tincidunt dictum netus dictumst pulvinar risus sagittis consectetur leo dolor cras laoreet facilisis leo ullamcorper a cursus interdum proin ad habitasse diam ridiculus a parturient mi parturient parturient scelerisque parturient suspendisse vestibulum ullamcorper ipsum lobortis facilisi scelerisque a vestibulum nascetur id mattis tincidunt dictum netus dictumst pulvinar risus sagittis consectetur leo dolor cras laoreet facilisis leo ullamcorper a cursus interdum proin ad habitasse diam ridiculus a parturient mi parturient parturient scelerisque parturient suspendisse vestibulum '),
 ('87', 'field', '13', 'en_us', ' leadership fr john david van dooren the rev dr patrick s cheng fr warren c platt ian betts staff grace kobryn '),
 ('87', 'slug', '0', 'en_us', ' who we are '),
 ('87', 'title', '0', 'en_us', ' who we are '),
 ('88', 'field', '21', 'en_us', ' leadership '),
 ('88', 'field', '22', 'en_us', ' fr john david van dooren the rev dr patrick s cheng fr warren c platt ian betts '),
 ('88', 'slug', '0', 'en_us', ''),
 ('89', 'startdate', '0', 'en_us', ' 2017 08 01 '),
 ('89', 'enddate', '0', 'en_us', ' 2017 08 31 '),
 ('89', 'summary', '0', 'en_us', ' undefined '),
 ('89', 'title', '0', 'en_us', ' this is a concert '),
 ('89', 'slug', '0', 'en_us', ' this is a concert '),
 ('163', 'kind', '0', 'en_us', ' image '),
 ('163', 'slug', '0', 'en_us', ' btn toggle menu '),
 ('163', 'title', '0', 'en_us', ' btn toggle menu '),
 ('94', 'slug', '0', 'en_us', ' good things come in threes '),
 ('94', 'field', '26', 'en_us', ' mary jane gocher '),
 ('94', 'field', '25', 'en_us', ' ralph adams cram madonna shrine '),
 ('184', 'title', '0', 'en_us', ' little church logo '),
 ('184', 'slug', '0', 'en_us', ' little church logo '),
 ('184', 'kind', '0', 'en_us', ' image '),
 ('94', 'title', '0', 'en_us', ' good things come in threes '),
 ('166', 'kind', '0', 'en_us', ' image '),
 ('166', 'slug', '0', 'en_us', ' btn twiiter '),
 ('166', 'extension', '0', 'en_us', ' svg '),
 ('166', 'filename', '0', 'en_us', ' btn twiiter svg '),
 ('165', 'title', '0', 'en_us', ' btn twiiter '),
 ('165', 'slug', '0', 'en_us', ' btn twiiter '),
 ('165', 'kind', '0', 'en_us', ' image '),
 ('165', 'extension', '0', 'en_us', ' png '),
 ('165', 'filename', '0', 'en_us', ' btn twiiter png '),
 ('164', 'title', '0', 'en_us', ' btn toggle menu '),
 ('164', 'kind', '0', 'en_us', ' image '),
 ('164', 'slug', '0', 'en_us', ' btn toggle menu '),
 ('164', 'extension', '0', 'en_us', ' svg '),
 ('164', 'filename', '0', 'en_us', ' btn toggle menu svg '),
 ('162', 'title', '0', 'en_us', ' btn share twitter '),
 ('162', 'slug', '0', 'en_us', ' btn share twitter '),
 ('162', 'kind', '0', 'en_us', ' image '),
 ('162', 'extension', '0', 'en_us', ' svg '),
 ('162', 'filename', '0', 'en_us', ' btn share twitter svg '),
 ('161', 'title', '0', 'en_us', ' btn share twitter '),
 ('161', 'slug', '0', 'en_us', ' btn share twitter '),
 ('107', 'field', '29', 'en_us', ' i was paging my way through holy men holy women on a fact checking mission when i came across the entry for december 16th i was stunned to see that this day had been set apart to honor two architects and an artist whose work was represented here at transfiguration ralph adams cram designer of st thomas church nyc and the nave of the cathedral of st john the divine richard upjohn the designer of trinity church on wall street in lower manhattan and john lafarge painter of murals and designer of many notable stained glass windows holy men holy women encourages us to offer thanks for the vision of ralph adams cram john lafarge and richard upjohn whose harmonious revival of the gothic enriched our churches with a sacramental understanding of reality in the face of secular materialism '),
 ('108', 'field', '29', 'en_us', ' holy men holy women encourages us to offer thanks for the vision of ralph adams cram john lafarge and richard upjohn whose harmonious revival of the gothic enriched our churches with a sacramental understanding of reality in the face of secular materialism ralph adams cram was the designer of our beautiful polychromed wood madonna shrine located in the transept it was donated by mr f e saxham drury in memory of elbridge t gerry and mabel gerry drury turn to your right and there is john lafarge s magnificent window depicting edwin booth the leading shakespearean actor of his time holding a mask and dressed in greco roman costume edwin booth was the brother of the notorious john wilkes booth president lincoln s assassin the window was given in his memory in 1898 by members of the players club which he founded '),
 ('122', 'field', '31', 'en_us', ' richard upjohn s beautiful and intricate brass filigree pulpit '),
 ('122', 'field', '32', 'en_us', ' richard upjohn s beautiful and intricate brass filigree pulpit '),
 ('122', 'field', '33', 'en_us', ' 1 '),
 ('107', 'slug', '0', 'en_us', ''),
 ('122', 'field', '30', 'en_us', ' richard upjohn brass filigree pulpit '),
 ('108', 'slug', '0', 'en_us', ''),
 ('111', 'field', '31', 'en_us', ' john lafarge s magnificent window depicting edwin booth '),
 ('111', 'field', '30', 'en_us', ' edwin booth window verticle '),
 ('186', 'kind', '0', 'en_us', ' image '),
 ('186', 'slug', '0', 'en_us', ' marquee 02 '),
 ('186', 'extension', '0', 'en_us', ' jpg '),
 ('185', 'title', '0', 'en_us', ' marquee 01 '),
 ('186', 'filename', '0', 'en_us', ' marquee 02 jpg '),
 ('111', 'field', '32', 'en_us', ' john lafarge s magnificent window depicting edwin booth '),
 ('111', 'field', '33', 'en_us', ' 1 '),
 ('111', 'slug', '0', 'en_us', ''),
 ('138', 'slug', '0', 'en_us', ' liturgy '),
 ('138', 'title', '0', 'en_us', ' liturgy '),
 ('138', 'kind', '0', 'en_us', ' image '),
 ('141', 'extension', '0', 'en_us', ' jpg '),
 ('141', 'filename', '0', 'en_us', ' who we are jpg '),
 ('65', 'field', '36', 'en_us', ' parish life '),
 ('142', 'filename', '0', 'en_us', ' bio ian betts jpg ');
INSERT INTO `craft_searchindex` (`elementId`, `attribute`, `fieldId`, `locale`, `keywords`) VALUES
 ('64', 'field', '36', 'en_us', ' music '),
 ('63', 'field', '36', 'en_us', ' liturgy '),
 ('62', 'field', '36', 'en_us', ' who we are '),
 ('138', 'filename', '0', 'en_us', ' liturgy jpg '),
 ('138', 'extension', '0', 'en_us', ' jpg '),
 ('115', 'field', '26', 'en_us', ' mary jane gocher '),
 ('115', 'field', '25', 'en_us', ' fr patrick and dog '),
 ('115', 'field', '27', 'en_us', ''),
 ('115', 'field', '28', 'en_us', ' sem natoque nulla ligula ullamcorper facilisi semper conubia inceptos a risus aptent egestas dictumst vulputate at ultrices fermentum pretium hendrerit ad a suspendisse tristique consequat torquent ipsum hac cum a at ac at phasellus id fringilla dis risus auctor himenaeos parturient ac vestibulum dis faucibus litora ultrices et facilisi neque suscipit ad torquent convallis cras nisl condimentum a suspendisse felis vestibulum ridiculus suscipit nunc dapibus ac velit a blessing of the animalseleifend ut vivamus parturient hendrerit est parturient a nec elit a ante nec adipiscing condimentum velit montes metus eu sagittis enim turpis a diam ultricies arcu curabitur dignissim eleifend non aliquam interdum ad nulla tincidunt aenean aptent fringilla consectetur primis neque id scelerisque laoreet ad scelerisque ligula ut vestibulum praesent cras a habitant consectetur purus parturient eu laoreet nam in hac inceptos in hendrerit lobortis sociosqu cum elit aliquam condimentum ad a vestibulum mi parturient auctor lectus suscipit curae litora lectus condimentum cubilia dui porttitor blandit ut faucibus penatibus a eros etiam pulvinar ultricies in a egestas vestibulum cum massa quisque interdum ullamcorper vestibulum parturient et mattis mi parturient sagittis praesent morbi netus condimentum fermentum ullamcorper ligula ante molestie hac phasellus facilisi class mattis blandit urna ridiculus ante magnis sociosqu a aliquet turpis ligula eros ad parturient parturient malesuada penatibus aliquet mi adipiscing ad pulvinar cubilia scelerisque laoreet penatibus vivamus a a scelerisque parturient ad massa cum nisi senectus massa taciti vestibulum accumsan magna in parturient nibh odio a mi velit erat ullamcorper rutrum lacus vestibulum donec sit duis maecenas nam hendrerit gravida sed turpis enim scelerisque senectus laoreet quam lectus id adipiscing adipiscing parturient ad condimentum at a ac lacus montes rhoncus arcu vel condimentum magnis venenatis praesent sem scelerisque dis eleifend urna gravida a ullamcorper a nisi ullamcorper sed lacus natoque vel nullam curabitur eu sem eu purus suspendisse et accumsan scelerisque adipiscing sit adipiscing suspendisse consectetur lacinia sociis commodo vestibulum natoque egestas ut faucibus fringilla habitasse elementum odio euismod adipiscing varius massa in parturient a gravida nostra sit facilisi parturient tempus parturient interdum leo dis ullamcorper scelerisque odio vulputate feugiat suspendisse a eu varius hac diam neque phasellus tempor aenean maecenas a neque sed a a tortor vestibulum ad eu aptent consectetur nullam tortor vestibulum facilisis pharetra imperdiet nullam rutrum sem suspendisse a litora a id eu lacinia elit mus morbi a in in sociosqu ad in id torquent sodales '),
 ('224', 'field', '29', 'en_us', ' besides being an oasis of rest and comfort for one and all the garden provides a small but significant ecological benefit for everyone the wide expanse of plants shrubs and trees offsets carbon emissions and the peace and quiet of the garden offer relief from the city s noise pollution birds stop by to dip their beaks in the fountain during the week it s a popular lunch spot for people who work in the neighborhood and on sundays in warm weather it s the site of coffee hour this past summer the garden was enhanced with the generous gift of a young tree from a friend at the nearby james hotel please stop by if you re in the neighborhood you will always be welcome here '),
 ('115', 'slug', '0', 'en_us', ' this is another article '),
 ('115', 'title', '0', 'en_us', ' do all dogs go to heaven '),
 ('116', 'field', '29', 'en_us', ' sem natoque nulla ligula ullamcorper facilisi semper conubia inceptos a risus aptent egestas dictumst vulputate at ultrices fermentum pretium hendrerit ad a suspendisse tristique consequat torquent ipsum hac cum a at ac at phasellus id fringilla dis risus auctor himenaeos parturient ac vestibulum dis faucibus litora ultrices et facilisi neque suscipit ad torquent convallis cras nisl condimentum a suspendisse felis vestibulum ridiculus suscipit nunc dapibus ac velit a blessing of the animalseleifend ut vivamus parturient hendrerit est parturient a nec elit a ante nec adipiscing condimentum velit montes metus eu sagittis enim turpis a diam ultricies arcu curabitur dignissim eleifend non aliquam interdum ad nulla tincidunt aenean aptent fringilla consectetur primis neque id scelerisque laoreet ad scelerisque ligula ut vestibulum praesent cras a habitant consectetur purus parturient eu laoreet nam in hac inceptos in hendrerit lobortis sociosqu cum elit aliquam condimentum ad a vestibulum mi parturient auctor lectus suscipit curae litora lectus condimentum cubilia dui porttitor blandit ut faucibus penatibus a eros etiam pulvinar ultricies in a egestas vestibulum cum massa quisque interdum ullamcorper vestibulum parturient et mattis mi parturient sagittis praesent morbi netus condimentum fermentum ullamcorper ligula ante molestie hac phasellus facilisi class mattis blandit urna ridiculus ante magnis sociosqu a aliquet turpis ligula eros ad parturient parturient malesuada penatibus aliquet mi adipiscing ad pulvinar cubilia scelerisque laoreet penatibus vivamus a a scelerisque parturient ad massa cum nisi senectus massa taciti vestibulum accumsan magna in parturient nibh odio a mi velit erat ullamcorper rutrum lacus vestibulum donec sit duis maecenas nam hendrerit gravida sed turpis enim scelerisque senectus laoreet quam lectus id adipiscing adipiscing parturient ad condimentum at a ac lacus montes rhoncus arcu vel condimentum magnis venenatis praesent sem scelerisque dis eleifend urna gravida a ullamcorper a nisi ullamcorper sed lacus natoque vel nullam curabitur eu sem eu purus suspendisse et accumsan scelerisque adipiscing sit adipiscing suspendisse consectetur lacinia sociis commodo vestibulum natoque egestas ut faucibus fringilla habitasse elementum odio euismod adipiscing varius massa in parturient a gravida nostra sit facilisi parturient tempus parturient interdum leo dis ullamcorper scelerisque odio vulputate feugiat suspendisse a eu varius hac diam neque phasellus tempor aenean maecenas a neque sed a a tortor vestibulum ad eu aptent consectetur nullam tortor vestibulum facilisis pharetra imperdiet nullam rutrum sem suspendisse a litora a id eu lacinia elit mus morbi a in in sociosqu ad in id torquent sodales '),
 ('221', 'field', '26', 'en_us', ' mary jane gocher '),
 ('221', 'field', '25', 'en_us', ' the garden '),
 ('221', 'field', '27', 'en_us', ''),
 ('221', 'field', '28', 'en_us', ' besides being an oasis of rest and comfort for one and all the garden provides a small but significant ecological benefit for everyone the wide expanse of plants shrubs and trees offsets carbon emissions and the peace and quiet of the garden offer relief from the city s noise pollution birds stop by to dip their beaks in the fountain during the week it s a popular lunch spot for people who work in the neighborhood and on sundays in warm weather it s the site of coffee hour this past summer the garden was enhanced with the generous gift of a young tree from a friend at the nearby james hotel please stop by if you re in the neighborhood you will always be welcome here '),
 ('221', 'slug', '0', 'en_us', ' the garden '),
 ('221', 'title', '0', 'en_us', ' the garden '),
 ('223', 'filename', '0', 'en_us', ' the garden jpg '),
 ('223', 'extension', '0', 'en_us', ' jpg '),
 ('223', 'kind', '0', 'en_us', ' image '),
 ('223', 'slug', '0', 'en_us', ' the garden '),
 ('223', 'title', '0', 'en_us', ' the garden '),
 ('116', 'slug', '0', 'en_us', ''),
 ('184', 'extension', '0', 'en_us', ' svg '),
 ('184', 'filename', '0', 'en_us', ' little church logo svg '),
 ('142', 'extension', '0', 'en_us', ' jpg '),
 ('141', 'kind', '0', 'en_us', ' image '),
 ('141', 'slug', '0', 'en_us', ' who we are '),
 ('140', 'filename', '0', 'en_us', ' parish life jpg '),
 ('141', 'title', '0', 'en_us', ' who we are '),
 ('140', 'slug', '0', 'en_us', ' parish life '),
 ('140', 'extension', '0', 'en_us', ' jpg '),
 ('140', 'kind', '0', 'en_us', ' image '),
 ('139', 'title', '0', 'en_us', ' music '),
 ('139', 'slug', '0', 'en_us', ' music '),
 ('139', 'filename', '0', 'en_us', ' music jpg '),
 ('139', 'extension', '0', 'en_us', ' jpg '),
 ('139', 'kind', '0', 'en_us', ' image '),
 ('131', 'filename', '0', 'en_us', ' marquee 01 jpg '),
 ('131', 'extension', '0', 'en_us', ' jpg '),
 ('131', 'kind', '0', 'en_us', ' image '),
 ('131', 'slug', '0', 'en_us', ' marquee 01 '),
 ('131', 'title', '0', 'en_us', ' marquee 01 '),
 ('111', 'field', '34', 'en_us', ' vertical '),
 ('122', 'field', '34', 'en_us', ' horizontal '),
 ('122', 'slug', '0', 'en_us', ''),
 ('123', 'field', '29', 'en_us', ' ralph adams cram was the designer of our beautiful polychromed wood madonna shrine located in the transept it was donated by mr f e saxham drury in memory of elbridge t gerry and mabel gerry drury and a few steps away near the chancel on the northeast side of the nave stands richard upjohn s beautiful and intricate brass filigree pulpit '),
 ('126', 'field', '29', 'en_us', ' how fortunate we are to have works by all three of these masters under the roof of the little church i will give thanks when december 16th rolls around '),
 ('123', 'slug', '0', 'en_us', ''),
 ('126', 'slug', '0', 'en_us', ''),
 ('185', 'kind', '0', 'en_us', ' image '),
 ('185', 'slug', '0', 'en_us', ' marquee 01 '),
 ('185', 'extension', '0', 'en_us', ' jpg '),
 ('185', 'filename', '0', 'en_us', ' marquee 01 jpg '),
 ('219', 'kind', '0', 'en_us', ' image '),
 ('219', 'slug', '0', 'en_us', ' ralph adams cram madonna shrine '),
 ('190', 'extension', '0', 'en_us', ' jpg '),
 ('190', 'kind', '0', 'en_us', ' image '),
 ('190', 'slug', '0', 'en_us', ' marquee 03 '),
 ('190', 'title', '0', 'en_us', ' marquee 03 '),
 ('191', 'filename', '0', 'en_us', ' liturgy jpg '),
 ('191', 'extension', '0', 'en_us', ' jpg '),
 ('191', 'kind', '0', 'en_us', ' image '),
 ('191', 'slug', '0', 'en_us', ' liturgy '),
 ('191', 'title', '0', 'en_us', ' liturgy '),
 ('192', 'filename', '0', 'en_us', ' music jpg '),
 ('192', 'extension', '0', 'en_us', ' jpg '),
 ('192', 'kind', '0', 'en_us', ' image '),
 ('192', 'slug', '0', 'en_us', ' music '),
 ('192', 'title', '0', 'en_us', ' music '),
 ('193', 'filename', '0', 'en_us', ' parish life jpg '),
 ('193', 'extension', '0', 'en_us', ' jpg '),
 ('193', 'kind', '0', 'en_us', ' image '),
 ('193', 'slug', '0', 'en_us', ' parish life '),
 ('193', 'title', '0', 'en_us', ' parish life '),
 ('194', 'filename', '0', 'en_us', ' who we are jpg '),
 ('194', 'extension', '0', 'en_us', ' jpg '),
 ('194', 'kind', '0', 'en_us', ' image '),
 ('194', 'slug', '0', 'en_us', ' who we are '),
 ('194', 'title', '0', 'en_us', ' who we are '),
 ('195', 'filename', '0', 'en_us', ' 01 jpg '),
 ('195', 'extension', '0', 'en_us', ' jpg '),
 ('195', 'kind', '0', 'en_us', ' image '),
 ('195', 'slug', '0', 'en_us', ' 01 '),
 ('195', 'title', '0', 'en_us', ' 01 '),
 ('196', 'filename', '0', 'en_us', ' 02 jpg '),
 ('196', 'extension', '0', 'en_us', ' jpg '),
 ('196', 'kind', '0', 'en_us', ' image '),
 ('196', 'slug', '0', 'en_us', ' 02 '),
 ('196', 'title', '0', 'en_us', ' 02 '),
 ('197', 'filename', '0', 'en_us', ' 03 jpg '),
 ('197', 'extension', '0', 'en_us', ' jpg '),
 ('197', 'kind', '0', 'en_us', ' image '),
 ('197', 'slug', '0', 'en_us', ' 03 '),
 ('197', 'title', '0', 'en_us', ' 03 '),
 ('198', 'filename', '0', 'en_us', ' 04 jpg '),
 ('198', 'extension', '0', 'en_us', ' jpg '),
 ('198', 'kind', '0', 'en_us', ' image ');
INSERT INTO `craft_searchindex` (`elementId`, `attribute`, `fieldId`, `locale`, `keywords`) VALUES
 ('198', 'slug', '0', 'en_us', ' 04 '),
 ('198', 'title', '0', 'en_us', ' 04 '),
 ('199', 'filename', '0', 'en_us', ' 05 jpg '),
 ('199', 'extension', '0', 'en_us', ' jpg '),
 ('199', 'kind', '0', 'en_us', ' image '),
 ('199', 'slug', '0', 'en_us', ' 05 '),
 ('199', 'title', '0', 'en_us', ' 05 '),
 ('200', 'filename', '0', 'en_us', ' 06 jpg '),
 ('200', 'extension', '0', 'en_us', ' jpg '),
 ('200', 'kind', '0', 'en_us', ' image '),
 ('200', 'slug', '0', 'en_us', ' 06 '),
 ('200', 'title', '0', 'en_us', ' 06 '),
 ('201', 'filename', '0', 'en_us', ' 07 jpg '),
 ('201', 'extension', '0', 'en_us', ' jpg '),
 ('201', 'kind', '0', 'en_us', ' image '),
 ('201', 'slug', '0', 'en_us', ' 07 '),
 ('201', 'title', '0', 'en_us', ' 07 '),
 ('202', 'filename', '0', 'en_us', ' wheelchair access png '),
 ('202', 'extension', '0', 'en_us', ' png '),
 ('202', 'kind', '0', 'en_us', ' image '),
 ('202', 'slug', '0', 'en_us', ' wheelchair access '),
 ('202', 'title', '0', 'en_us', ' wheelchair access '),
 ('203', 'filename', '0', 'en_us', ' wheelchair access svg '),
 ('203', 'extension', '0', 'en_us', ' svg '),
 ('203', 'kind', '0', 'en_us', ' image '),
 ('203', 'slug', '0', 'en_us', ' wheelchair access '),
 ('203', 'title', '0', 'en_us', ' wheelchair access '),
 ('204', 'filename', '0', 'en_us', ' figure window jpg '),
 ('204', 'extension', '0', 'en_us', ' jpg '),
 ('204', 'kind', '0', 'en_us', ' image '),
 ('204', 'slug', '0', 'en_us', ' figure window '),
 ('204', 'title', '0', 'en_us', ' figure window '),
 ('205', 'filename', '0', 'en_us', ' ralph adams cram madonna shrine jpg '),
 ('205', 'extension', '0', 'en_us', ' jpg '),
 ('205', 'kind', '0', 'en_us', ' image '),
 ('205', 'slug', '0', 'en_us', ' blog 01 '),
 ('205', 'title', '0', 'en_us', ' ralph adams cram madonna shrine '),
 ('206', 'filename', '0', 'en_us', ' fr patrick and dog jpg '),
 ('206', 'extension', '0', 'en_us', ' jpg '),
 ('206', 'kind', '0', 'en_us', ' image '),
 ('206', 'slug', '0', 'en_us', ' fr patrick and dog '),
 ('206', 'title', '0', 'en_us', ' fr patrick and dog '),
 ('207', 'field', '10', 'en_us', ''),
 ('207', 'field', '3', 'en_us', ''),
 ('207', 'filename', '0', 'en_us', ' hero welcome jpg '),
 ('207', 'extension', '0', 'en_us', ' jpg '),
 ('207', 'kind', '0', 'en_us', ' image '),
 ('207', 'slug', '0', 'en_us', ' hero welcome '),
 ('207', 'title', '0', 'en_us', ' hero welcome '),
 ('208', 'field', '10', 'en_us', ''),
 ('208', 'field', '3', 'en_us', ''),
 ('208', 'filename', '0', 'en_us', ' hero who we are jpg '),
 ('208', 'extension', '0', 'en_us', ' jpg '),
 ('208', 'kind', '0', 'en_us', ' image '),
 ('208', 'slug', '0', 'en_us', ' hero who we are '),
 ('208', 'title', '0', 'en_us', ' hero who we are '),
 ('209', 'filename', '0', 'en_us', ' bio ian betts jpg '),
 ('209', 'extension', '0', 'en_us', ' jpg '),
 ('209', 'kind', '0', 'en_us', ' image '),
 ('209', 'slug', '0', 'en_us', ' bio ian betts '),
 ('209', 'title', '0', 'en_us', ' bio ian betts '),
 ('210', 'filename', '0', 'en_us', ' bio john david van dooren jpg '),
 ('210', 'extension', '0', 'en_us', ' jpg '),
 ('210', 'kind', '0', 'en_us', ' image '),
 ('210', 'slug', '0', 'en_us', ' bio john david van dooren '),
 ('210', 'title', '0', 'en_us', ' bio john david van dooren '),
 ('211', 'filename', '0', 'en_us', ' edwin booth window verticle jpg '),
 ('211', 'extension', '0', 'en_us', ' jpg '),
 ('211', 'kind', '0', 'en_us', ' image '),
 ('211', 'slug', '0', 'en_us', ' edwin booth window verticle '),
 ('211', 'title', '0', 'en_us', ' edwin booth window verticle '),
 ('213', 'filename', '0', 'en_us', ' fr patrick and dog jpg '),
 ('213', 'extension', '0', 'en_us', ' jpg '),
 ('213', 'kind', '0', 'en_us', ' image '),
 ('213', 'slug', '0', 'en_us', ' fr patrick and dog '),
 ('213', 'title', '0', 'en_us', ' fr patrick and dog '),
 ('214', 'filename', '0', 'en_us', ' fr patrick and dog jpg '),
 ('214', 'extension', '0', 'en_us', ' jpg '),
 ('214', 'kind', '0', 'en_us', ' image '),
 ('214', 'slug', '0', 'en_us', ' fr patrick and dog '),
 ('214', 'title', '0', 'en_us', ' fr patrick and dog '),
 ('215', 'filename', '0', 'en_us', ' placeholder jpg '),
 ('215', 'extension', '0', 'en_us', ' jpg '),
 ('215', 'kind', '0', 'en_us', ' image '),
 ('215', 'slug', '0', 'en_us', ' placeholder '),
 ('215', 'title', '0', 'en_us', ' placeholder '),
 ('216', 'filename', '0', 'en_us', ' richard upjohn brass filigree pulpit jpg '),
 ('216', 'extension', '0', 'en_us', ' jpg '),
 ('216', 'kind', '0', 'en_us', ' image '),
 ('216', 'slug', '0', 'en_us', ' richard upjohn brass filigree pulpit '),
 ('216', 'title', '0', 'en_us', ' richard upjohn brass filigree pulpit '),
 ('219', 'title', '0', 'en_us', ' ralph adams cram madonna shrine '),
 ('218', 'field', '35', 'en_us', ' holy women holy men celebrating the saints by church publishing incorporated '),
 ('218', 'slug', '0', 'en_us', ''),
 ('313', 'kind', '0', 'en_us', ' image '),
 ('311', 'filename', '0', 'en_us', ' bio warren c platt jpg '),
 ('311', 'extension', '0', 'en_us', ' jpg '),
 ('311', 'kind', '0', 'en_us', ' image '),
 ('311', 'slug', '0', 'en_us', ' bio warren c platt '),
 ('311', 'title', '0', 'en_us', ' bio warren c platt ');
INSERT INTO `craft_searchindex` (`elementId`, `attribute`, `fieldId`, `locale`, `keywords`) VALUES
 ('313', 'filename', '0', 'en_us', ' bio grace kobryn jpg '),
 ('313', 'extension', '0', 'en_us', ' jpg '),
 ('309', 'slug', '0', 'en_us', ' bio patrick cheng '),
 ('309', 'title', '0', 'en_us', ' bio patrick cheng '),
 ('231', 'field', '10', 'en_us', ''),
 ('231', 'field', '3', 'en_us', ''),
 ('231', 'filename', '0', 'en_us', ' hero our mission jpg '),
 ('231', 'extension', '0', 'en_us', ' jpg '),
 ('231', 'kind', '0', 'en_us', ' image '),
 ('231', 'slug', '0', 'en_us', ' hero our mission '),
 ('231', 'title', '0', 'en_us', ' hero our mission '),
 ('309', 'kind', '0', 'en_us', ' image '),
 ('309', 'extension', '0', 'en_us', ' jpg '),
 ('317', 'filename', '0', 'en_us', ' bio grace kobryn jpg '),
 ('316', 'title', '0', 'en_us', ' bio claudia dumschat '),
 ('316', 'slug', '0', 'en_us', ' bio claudia dumschat '),
 ('316', 'filename', '0', 'en_us', ' bio claudia dumschat jpg '),
 ('316', 'extension', '0', 'en_us', ' jpg '),
 ('309', 'filename', '0', 'en_us', ' bio patrick cheng jpg '),
 ('345', 'field', '49', 'en_us', ''),
 ('313', 'slug', '0', 'en_us', ' bio grace kobryn '),
 ('234', 'field', '11', 'en_us', ' hero our history '),
 ('234', 'field', '27', 'en_us', ''),
 ('234', 'field', '3', 'en_us', ''),
 ('234', 'field', '12', 'en_us', ' church of the transfiguration parish was founded in 1848 the building itself dates from 1850 it was made a national landmark in 1973 the founder the rev dr george hendric houghton wanted to build a church that would serve the needs of the poor and marginalized and would welcome all regardless of race class or background '),
 ('234', 'field', '13', 'en_us', ' the civil war the parish had only been established for a few years when the civil war broke out during this time the church was a stop on the underground railroad sheltering escaped slaves on their journey north it was a place of refuge for african americans during the new york draft riots of 1863 three days of lawlessness destruction bloodshed and lynchings the nickname a few days before christmas in 1890 joseph jefferson an actor renowned for his portrayal of rip van winkle approached the rector of the now defunct church of the atonement to request a funeral for his friend and fellow actor george holland upon learning that the deceased was an actor the rector refused to hold a funeral for the man in his church joseph jefferson persisted and asked if there was a church in the area that would hold services for his friend the rector said i believe there is a little church around the corner where it might be done jefferson replied then i say to you sir god bless the little church around the corner figure window the theatre to this day the church maintains close ties with the theater it has served as the national headquarters of the episcopal actors guild since its founding in 1923 by the third rector dr randolph ray weddings our historic buildings and lovely garden have drawn couples from all over the world to be married here these couples are members of the little family and many have stayed in touch with us over the years continuing its long tradition of inclusiveness the little church is proud to have celebrated the first same sex wedding in the diocese of new york in july 2012 and has performed several more since the formal rite of blessing of a lifelong covenant was adopted by the general convention we invite you to stop by for a visit join us in worship or simply contact us for more information '),
 ('234', 'slug', '0', 'en_us', ' our history '),
 ('234', 'title', '0', 'en_us', ' a brief history '),
 ('235', 'field', '10', 'en_us', ''),
 ('235', 'field', '3', 'en_us', ''),
 ('235', 'filename', '0', 'en_us', ' hero our history jpg '),
 ('235', 'extension', '0', 'en_us', ' jpg '),
 ('235', 'kind', '0', 'en_us', ' image '),
 ('235', 'slug', '0', 'en_us', ' hero our history '),
 ('235', 'title', '0', 'en_us', ' hero our history '),
 ('236', 'field', '14', 'en_us', ' the civil war the parish had only been established for a few years when the civil war broke out during this time the church was a stop on the underground railroad sheltering escaped slaves on their journey north it was a place of refuge for african americans during the new york draft riots of 1863 three days of lawlessness destruction bloodshed and lynchings the nickname a few days before christmas in 1890 joseph jefferson an actor renowned for his portrayal of rip van winkle approached the rector of the now defunct church of the atonement to request a funeral for his friend and fellow actor george holland upon learning that the deceased was an actor the rector refused to hold a funeral for the man in his church joseph jefferson persisted and asked if there was a church in the area that would hold services for his friend the rector said i believe there is a little church around the corner where it might be done jefferson replied then i say to you sir god bless the little church around the corner '),
 ('236', 'slug', '0', 'en_us', ''),
 ('239', 'field', '3', 'en_us', ''),
 ('239', 'field', '12', 'en_us', ' building community is an important part of church of the transfiguration both spiritually and socially many of our parishioners gather each week on thursday to participate in worship and bible study while others enjoy going to a local restaurant after sunday mass to enjoy brunch and social fellowship '),
 ('239', 'field', '27', 'en_us', ''),
 ('239', 'field', '11', 'en_us', ' hero parish life '),
 ('238', 'field', '10', 'en_us', ''),
 ('238', 'field', '3', 'en_us', ''),
 ('238', 'filename', '0', 'en_us', ' hero parish life jpg '),
 ('238', 'extension', '0', 'en_us', ' jpg '),
 ('238', 'kind', '0', 'en_us', ' image '),
 ('238', 'slug', '0', 'en_us', ' hero parish life '),
 ('238', 'title', '0', 'en_us', ' hero parish life '),
 ('239', 'field', '13', 'en_us', ' coffee conversation and community sunday coffee hours also afford parishioners and newcomers opportunities to interact and to build relationships that often result in invitations to break bread or to take advantage of the many cultural events in new york fundraisers like our spring music gala are also a great way to interact with fellow parishioners and to enjoy the talent and hospitality of our parish sign up for our weekly friday blasts and check our calendar for upcoming events and opportunities to participate in the robust parish life of church of the transfiguration '),
 ('239', 'slug', '0', 'en_us', ' parish life '),
 ('239', 'title', '0', 'en_us', ' parish life '),
 ('240', 'field', '14', 'en_us', ' coffee conversation and community sunday coffee hours also afford parishioners and newcomers opportunities to interact and to build relationships that often result in invitations to break bread or to take advantage of the many cultural events in new york fundraisers like our spring music gala are also a great way to interact with fellow parishioners and to enjoy the talent and hospitality of our parish sign up for our weekly friday blasts and check our calendar for upcoming events and opportunities to participate in the robust parish life of church of the transfiguration '),
 ('240', 'slug', '0', 'en_us', ''),
 ('243', 'extension', '0', 'en_us', ' jpg '),
 ('243', 'kind', '0', 'en_us', ' image '),
 ('243', 'slug', '0', 'en_us', ' hero worship schedule '),
 ('243', 'title', '0', 'en_us', ' hero worship schedule '),
 ('243', 'filename', '0', 'en_us', ' hero worship schedule jpg '),
 ('243', 'field', '10', 'en_us', ''),
 ('243', 'field', '3', 'en_us', ''),
 ('244', 'field', '11', 'en_us', ' hero worship schedule '),
 ('244', 'field', '27', 'en_us', ''),
 ('244', 'field', '3', 'en_us', ''),
 ('244', 'field', '12', 'en_us', ' the cornerstone of transfiguration s spirituality is how we express and demonstrate god s inclusive love through liturgy music and worship as an anglo catholic parish transfiguration honors traditional liturgy with a full complement of meaningful preaching and music '),
 ('244', 'field', '13', 'en_us', ' at the center of our worship is emphasis on both word and table little church clergy are considered excellent preachers who connect lectionary readings with biblical context and current challenges with a smattering of personal stories and humor transfiguration acolytes do an extraordinary job in ensuring the eucharist is celebrated with majesty and dignity and the authentic expertise of our choirs draws worshippers closer to the love of jesus christ through some of the most beloved hymns of the church below is the current worship schedule please consider joining us worship schedule '),
 ('244', 'slug', '0', 'en_us', ' worship schedule '),
 ('244', 'title', '0', 'en_us', ' worship schedule '),
 ('245', 'field', '14', 'en_us', ' at the center of our worship is emphasis on both word and table little church clergy are considered excellent preachers who connect lectionary readings with biblical context and current challenges with a smattering of personal stories and humor transfiguration acolytes do an extraordinary job in ensuring the eucharist is celebrated with majesty and dignity and the authentic expertise of our choirs draws worshippers closer to the love of jesus christ through some of the most beloved hymns of the church below is the current worship schedule please consider joining us worship schedule '),
 ('245', 'slug', '0', 'en_us', ''),
 ('246', 'filename', '0', 'en_us', ' hero liturgy jpg '),
 ('246', 'extension', '0', 'en_us', ' jpg '),
 ('246', 'kind', '0', 'en_us', ' image '),
 ('246', 'slug', '0', 'en_us', ' hero liturgy '),
 ('246', 'title', '0', 'en_us', ' hero liturgy '),
 ('247', 'filename', '0', 'en_us', ' hero our history jpg '),
 ('247', 'extension', '0', 'en_us', ' jpg '),
 ('247', 'kind', '0', 'en_us', ' image '),
 ('247', 'slug', '0', 'en_us', ' hero our history '),
 ('247', 'title', '0', 'en_us', ' hero our history '),
 ('248', 'filename', '0', 'en_us', ' hero our mission jpg '),
 ('248', 'extension', '0', 'en_us', ' jpg '),
 ('248', 'kind', '0', 'en_us', ' image '),
 ('248', 'slug', '0', 'en_us', ' hero our mission '),
 ('248', 'title', '0', 'en_us', ' hero our mission '),
 ('249', 'filename', '0', 'en_us', ' hero parish life jpg '),
 ('249', 'extension', '0', 'en_us', ' jpg '),
 ('249', 'kind', '0', 'en_us', ' image '),
 ('249', 'slug', '0', 'en_us', ' hero parish life '),
 ('249', 'title', '0', 'en_us', ' hero parish life '),
 ('250', 'filename', '0', 'en_us', ' hero worship schedule jpg '),
 ('250', 'extension', '0', 'en_us', ' jpg '),
 ('250', 'kind', '0', 'en_us', ' image '),
 ('250', 'slug', '0', 'en_us', ' hero worship schedule '),
 ('250', 'title', '0', 'en_us', ' hero worship schedule '),
 ('251', 'field', '10', 'en_us', ''),
 ('251', 'field', '3', 'en_us', ''),
 ('251', 'filename', '0', 'en_us', ' hero liturgy jpg '),
 ('251', 'extension', '0', 'en_us', ' jpg '),
 ('251', 'kind', '0', 'en_us', ' image '),
 ('251', 'slug', '0', 'en_us', ' hero liturgy ');
INSERT INTO `craft_searchindex` (`elementId`, `attribute`, `fieldId`, `locale`, `keywords`) VALUES
 ('251', 'title', '0', 'en_us', ' hero liturgy '),
 ('254', 'field', '41', 'en_us', ' 01 '),
 ('253', 'filename', '0', 'en_us', ' 01 jpg '),
 ('253', 'extension', '0', 'en_us', ' jpg '),
 ('253', 'kind', '0', 'en_us', ' image '),
 ('253', 'slug', '0', 'en_us', ' 01 '),
 ('253', 'title', '0', 'en_us', ' 01 '),
 ('254', 'slug', '0', 'en_us', ' lich gate '),
 ('254', 'title', '0', 'en_us', ' lynchgate '),
 ('262', 'kind', '0', 'en_us', ' image '),
 ('262', 'slug', '0', 'en_us', ' 03 '),
 ('262', 'extension', '0', 'en_us', ' jpg '),
 ('262', 'filename', '0', 'en_us', ' 03 jpg '),
 ('263', 'kind', '0', 'en_us', ' image '),
 ('263', 'slug', '0', 'en_us', ' 04 '),
 ('263', 'extension', '0', 'en_us', ' jpg '),
 ('263', 'filename', '0', 'en_us', ' 04 jpg '),
 ('264', 'kind', '0', 'en_us', ' image '),
 ('264', 'slug', '0', 'en_us', ' 05 '),
 ('264', 'extension', '0', 'en_us', ' jpg '),
 ('264', 'filename', '0', 'en_us', ' 05 jpg '),
 ('265', 'kind', '0', 'en_us', ' image '),
 ('265', 'slug', '0', 'en_us', ' 06 '),
 ('265', 'extension', '0', 'en_us', ' jpg '),
 ('265', 'filename', '0', 'en_us', ' 06 jpg '),
 ('266', 'kind', '0', 'en_us', ' image '),
 ('266', 'slug', '0', 'en_us', ' 07 '),
 ('266', 'extension', '0', 'en_us', ' jpg '),
 ('266', 'filename', '0', 'en_us', ' 07 jpg '),
 ('267', 'field', '27', 'en_us', ''),
 ('267', 'field', '42', 'en_us', ' the holy family chapel is open monday through friday every day it receives a steady stream of visitors who come in for a quiet moment to light a candle or to attend the daily mass or prayer services its most memorable feature is the brides altar which was installed in 1926 the painting above the altar is the betrothal of the blessed virgin and st joseph tens of thousands of marriages have taken place before this altar '),
 ('267', 'field', '3', 'en_us', ' holy family chapel at the church of the transfiguration '),
 ('267', 'field', '41', 'en_us', ' 02 '),
 ('261', 'filename', '0', 'en_us', ' 02 jpg '),
 ('261', 'extension', '0', 'en_us', ' jpg '),
 ('261', 'kind', '0', 'en_us', ' image '),
 ('261', 'slug', '0', 'en_us', ' 02 '),
 ('261', 'title', '0', 'en_us', ' 02 '),
 ('262', 'title', '0', 'en_us', ' 03 '),
 ('263', 'title', '0', 'en_us', ' 04 '),
 ('264', 'title', '0', 'en_us', ' 05 '),
 ('265', 'title', '0', 'en_us', ' 06 '),
 ('266', 'title', '0', 'en_us', ' 07 '),
 ('267', 'slug', '0', 'en_us', ' holy family chapel '),
 ('267', 'title', '0', 'en_us', ' holy family chapel '),
 ('268', 'field', '41', 'en_us', ' 03 '),
 ('268', 'field', '3', 'en_us', ' the westmacott madonna at the church of the transfiguration '),
 ('268', 'field', '27', 'en_us', ''),
 ('268', 'field', '42', 'en_us', ' the westmacott madonna is located in the southwest corner of the chapel this beautiful marble statue of the madonna and child is by sir richard westmacott r a who also did the portico sculptures at buckingham palace celebrating the battles of trafalgar and waterloo '),
 ('268', 'slug', '0', 'en_us', ' sir richard westmacott madonna '),
 ('268', 'title', '0', 'en_us', ' the westmacott madonna '),
 ('269', 'field', '15', 'en_us', ' figure window '),
 ('269', 'field', '16', 'en_us', ''),
 ('269', 'field', '17', 'en_us', ''),
 ('269', 'field', '18', 'en_us', ''),
 ('269', 'slug', '0', 'en_us', ''),
 ('270', 'field', '14', 'en_us', ' the theatre to this day the church maintains close ties with the theater it has served as the national headquarters of the episcopal actors guild since its founding in 1923 by the third rector dr randolph ray weddings our historic buildings and lovely garden have drawn couples from all over the world to be married here these couples are members of the little family and many have stayed in touch with us over the years continuing its long tradition of inclusiveness the little church is proud to have celebrated the first same sex wedding in the diocese of new york in july 2012 and has performed several more since the formal rite of blessing of a lifelong covenant was adopted by the general convention we invite you to stop by for a visit join us in worship or simply contact us for more information '),
 ('270', 'slug', '0', 'en_us', ''),
 ('271', 'field', '11', 'en_us', ''),
 ('271', 'field', '27', 'en_us', ''),
 ('271', 'field', '3', 'en_us', ''),
 ('271', 'field', '12', 'en_us', ' our parish was founded to serve the needs of the poor and marginalized and this tradition continues today through several programs perhaps our most important outreach however is the holy family chapel which is open and welcoming to all who are in search of spiritual refreshment '),
 ('271', 'field', '13', 'en_us', ' ecclesia ministries ecclesia ministries takes religious services to the homeless in madison square park it is a cooperative program supported by various churches and clergy in the nomad north of madison square park area transfiguration is one of those congregations it is also the alternate location when inclement weather makes an outdoor service impractical last christmas our parishioners donated an abundance of warm gloves scarves gloves hats long underwear and other items to people served by ecclesia ministries the episcopal actors guild the episcopal actors guild was founded in 1923 by our third rector the rev dr randolph ray to bridge the worlds of church and theater today the guild is a philanthropic organization that raises money and dispenses emergency funds to members of the acting profession facing severe financial hardship it also has entertainment programs educational career development and social events for its members each november the guild holds a memorial service in the church dedicated to members of the profession who died in the previous year in december they present a service of lessons and carols with outstanding music often performed by broadway veterans both events are open to the public actor s pantry food bank our parishioners support the episcopal actors guild s actors pantry hyperlink program each sunday we collect non perishable food the guild then fills bags with the donated items and gives them to artists in need who have applied to the guild for help no one leaves empty handed '),
 ('271', 'slug', '0', 'en_us', ' outreach '),
 ('271', 'title', '0', 'en_us', ' outreach '),
 ('272', 'field', '14', 'en_us', ' ecclesia ministries ecclesia ministries takes religious services to the homeless in madison square park it is a cooperative program supported by various churches and clergy in the nomad north of madison square park area transfiguration is one of those congregations it is also the alternate location when inclement weather makes an outdoor service impractical last christmas our parishioners donated an abundance of warm gloves scarves gloves hats long underwear and other items to people served by ecclesia ministries the episcopal actors guild the episcopal actors guild was founded in 1923 by our third rector the rev dr randolph ray to bridge the worlds of church and theater today the guild is a philanthropic organization that raises money and dispenses emergency funds to members of the acting profession facing severe financial hardship it also has entertainment programs educational career development and social events for its members each november the guild holds a memorial service in the church dedicated to members of the profession who died in the previous year in december they present a service of lessons and carols with outstanding music often performed by broadway veterans both events are open to the public actor s pantry food bank our parishioners support the episcopal actors guild s actors pantry hyperlink program each sunday we collect non perishable food the guild then fills bags with the donated items and gives them to artists in need who have applied to the guild for help no one leaves empty handed '),
 ('272', 'slug', '0', 'en_us', ''),
 ('273', 'filename', '0', 'en_us', ' hero visit jpg '),
 ('273', 'extension', '0', 'en_us', ' jpg '),
 ('273', 'kind', '0', 'en_us', ' image '),
 ('273', 'slug', '0', 'en_us', ' hero visit '),
 ('273', 'title', '0', 'en_us', ' hero visit '),
 ('274', 'filename', '0', 'en_us', ' select arrows png '),
 ('274', 'extension', '0', 'en_us', ' png '),
 ('274', 'kind', '0', 'en_us', ' image '),
 ('274', 'slug', '0', 'en_us', ' select arrows '),
 ('274', 'title', '0', 'en_us', ' select arrows '),
 ('275', 'filename', '0', 'en_us', ' select arrows svg '),
 ('275', 'extension', '0', 'en_us', ' svg '),
 ('275', 'kind', '0', 'en_us', ' image '),
 ('275', 'slug', '0', 'en_us', ' select arrows '),
 ('275', 'title', '0', 'en_us', ' select arrows '),
 ('278', 'slug', '0', 'en_us', ' events landing '),
 ('278', 'title', '0', 'en_us', ' events landing '),
 ('344', 'slug', '0', 'en_us', ' midday music '),
 ('344', 'field', '5', 'en_us', ''),
 ('344', 'startdate', '0', 'en_us', ' 2017 09 12 '),
 ('347', 'field', '50', 'en_us', ' yen yu chen soprano and henry lee organ music of faure the boulanger sisters and vierne '),
 ('347', 'field', '49', 'en_us', ''),
 ('347', 'field', '3', 'en_us', ''),
 ('288', 'field', '43', 'en_us', ' 64 '),
 ('287', 'field', '12', 'en_us', ' never miss the message play our sermons directly in your browser or download them for listening on the go already heard the message refresh your memory and listen again '),
 ('287', 'field', '13', 'en_us', ' the fourteenth sunday after pentecost the thirteenth sunday after pentecost the twelfth sunday after pentecost the eleventh sunday after pentecost '),
 ('287', 'slug', '0', 'en_us', ' audio sermons '),
 ('348', 'summary', '0', 'en_us', ' weekly on sunday '),
 ('348', 'enddate', '0', 'en_us', ' 2017 08 27 '),
 ('287', 'title', '0', 'en_us', ' audio sermons '),
 ('301', 'title', '0', 'en_us', ' 09 10 17 '),
 ('301', 'slug', '0', 'en_us', ' 09 10 17 '),
 ('301', 'kind', '0', 'en_us', ' audio ');
INSERT INTO `craft_searchindex` (`elementId`, `attribute`, `fieldId`, `locale`, `keywords`) VALUES
 ('287', 'field', '3', 'en_us', ''),
 ('287', 'field', '11', 'en_us', ''),
 ('287', 'field', '27', 'en_us', ''),
 ('288', 'slug', '0', 'en_us', ''),
 ('289', 'field', '23', 'en_us', ' father patrick cheng '),
 ('289', 'field', '47', 'en_us', ' september 10 2017 '),
 ('289', 'field', '46', 'en_us', ' 09 10 17 '),
 ('289', 'slug', '0', 'en_us', ' the fourteenth sunday after pentecost '),
 ('289', 'title', '0', 'en_us', ' the fourteenth sunday after pentecost '),
 ('288', 'field', '45', 'en_us', ' the fourteenth sunday after pentecost the thirteenth sunday after pentecost the twelfth sunday after pentecost the eleventh sunday after pentecost '),
 ('296', 'slug', '0', 'en_us', ' 08 27 17 '),
 ('296', 'extension', '0', 'en_us', ' mp3 '),
 ('296', 'kind', '0', 'en_us', ' audio '),
 ('301', 'extension', '0', 'en_us', ' mp3 '),
 ('301', 'filename', '0', 'en_us', ' 09 10 17 mp3 '),
 ('296', 'filename', '0', 'en_us', ' 08 27 17 mp3 '),
 ('295', 'title', '0', 'en_us', ' 08 06 17 '),
 ('302', 'field', '46', 'en_us', ' 09 03 17 '),
 ('302', 'field', '23', 'en_us', ' father john david van dooren '),
 ('302', 'slug', '0', 'en_us', ' the thirteenth sunday after pentecost '),
 ('295', 'slug', '0', 'en_us', ' 08 06 17 '),
 ('295', 'kind', '0', 'en_us', ' audio '),
 ('295', 'extension', '0', 'en_us', ' mp3 '),
 ('295', 'filename', '0', 'en_us', ' 08 06 17 mp3 '),
 ('296', 'title', '0', 'en_us', ' 08 27 17 '),
 ('297', 'filename', '0', 'en_us', ' 08 20 17 mp3 '),
 ('297', 'extension', '0', 'en_us', ' mp3 '),
 ('297', 'kind', '0', 'en_us', ' audio '),
 ('297', 'slug', '0', 'en_us', ' 08 20 17 '),
 ('297', 'title', '0', 'en_us', ' 08 20 17 '),
 ('298', 'filename', '0', 'en_us', ' 08 13 17 mp3 '),
 ('298', 'extension', '0', 'en_us', ' mp3 '),
 ('298', 'kind', '0', 'en_us', ' audio '),
 ('298', 'slug', '0', 'en_us', ' 08 13 17 '),
 ('298', 'title', '0', 'en_us', ' 08 13 17 '),
 ('299', 'filename', '0', 'en_us', ' 09 03 17 mp3 '),
 ('299', 'extension', '0', 'en_us', ' mp3 '),
 ('299', 'kind', '0', 'en_us', ' audio '),
 ('299', 'slug', '0', 'en_us', ' 09 03 17 '),
 ('299', 'title', '0', 'en_us', ' 09 03 17 '),
 ('302', 'title', '0', 'en_us', ' the thirteenth sunday after pentecost '),
 ('303', 'field', '23', 'en_us', ' father patrick cheng '),
 ('303', 'field', '46', 'en_us', ' 08 27 17 '),
 ('303', 'slug', '0', 'en_us', ' the twelfth sunday after pentecost '),
 ('303', 'title', '0', 'en_us', ' the twelfth sunday after pentecost '),
 ('304', 'field', '23', 'en_us', ' father john david van dooren '),
 ('304', 'field', '46', 'en_us', ' 08 20 17 '),
 ('304', 'slug', '0', 'en_us', ' the eleventh sunday after pentecost '),
 ('304', 'title', '0', 'en_us', ' the eleventh sunday after pentecost '),
 ('316', 'kind', '0', 'en_us', ' image '),
 ('315', 'filename', '0', 'en_us', ' bio claudia dumschat jpg '),
 ('313', 'title', '0', 'en_us', ' bio grace kobryn '),
 ('375', 'field', '12', 'en_us', ' our adult education forums cover a wide variety of spiritual topics both within the church and elsewhere the series hosts a number of guest speakers and facilitators and promises an hour of entertaining and informational learning and discussion '),
 ('375', 'field', '3', 'en_us', ''),
 ('375', 'field', '27', 'en_us', ''),
 ('315', 'extension', '0', 'en_us', ' jpg '),
 ('315', 'kind', '0', 'en_us', ' image '),
 ('315', 'slug', '0', 'en_us', ' bio claudia dumschat '),
 ('315', 'title', '0', 'en_us', ' bio claudia dumschat '),
 ('317', 'extension', '0', 'en_us', ' jpg '),
 ('317', 'kind', '0', 'en_us', ' image '),
 ('317', 'slug', '0', 'en_us', ' bio grace kobryn '),
 ('317', 'title', '0', 'en_us', ' bio grace kobryn '),
 ('318', 'filename', '0', 'en_us', ' bio patrick cheng jpg '),
 ('318', 'extension', '0', 'en_us', ' jpg '),
 ('318', 'kind', '0', 'en_us', ' image '),
 ('318', 'slug', '0', 'en_us', ' bio patrick cheng '),
 ('318', 'title', '0', 'en_us', ' bio patrick cheng '),
 ('319', 'filename', '0', 'en_us', ' bio warren c platt jpg '),
 ('319', 'extension', '0', 'en_us', ' jpg '),
 ('319', 'kind', '0', 'en_us', ' image '),
 ('319', 'slug', '0', 'en_us', ' bio warren c platt '),
 ('319', 'title', '0', 'en_us', ' bio warren c platt '),
 ('379', 'kind', '0', 'en_us', ' image '),
 ('379', 'slug', '0', 'en_us', ' featured 01 '),
 ('379', 'extension', '0', 'en_us', ' jpg '),
 ('379', 'filename', '0', 'en_us', ' featured 01 jpg '),
 ('321', 'field', '10', 'en_us', ' bio warren c platt '),
 ('321', 'slug', '0', 'en_us', ' fr warren c platt '),
 ('321', 'title', '0', 'en_us', ' rev d dr warren c platt '),
 ('322', 'field', '24', 'en_us', ' parish administrator '),
 ('322', 'field', '1', 'en_us', ' ullamcorper ipsum lobortis facilisi scelerisque a vestibulum nascetur id mattis tincidunt dictum netus dictumst pulvinar risus sagittis consectetur leo dolor cras laoreet facilisis leo ullamcorper a cursus interdum proin ad habitasse diam ridiculus a parturient mi parturient parturient scelerisque parturient suspendisse vestibulum '),
 ('322', 'field', '10', 'en_us', ' bio grace kobryn '),
 ('322', 'slug', '0', 'en_us', ' grace kobryn '),
 ('322', 'title', '0', 'en_us', ' grace kobryn '),
 ('323', 'field', '21', 'en_us', ' staff '),
 ('323', 'field', '22', 'en_us', ' grace kobryn '),
 ('323', 'slug', '0', 'en_us', ''),
 ('324', 'slug', '0', 'en_us', ' music at transfiguration '),
 ('324', 'title', '0', 'en_us', ' music at transfiguration '),
 ('324', 'field', '12', 'en_us', ' music has always been a vital element of the church s anglo catholic worship style soon after the church was founded the rev george houghton established the choir of men and boys the oldest such choir in america the choir sings a vast repertoire of liturgical music appropriate to the day in recent years the church established a girls choir and a cherub choir '),
 ('324', 'field', '3', 'en_us', ''),
 ('324', 'field', '11', 'en_us', ' hero music at transfiguration '),
 ('324', 'field', '27', 'en_us', ' benjamin chasteen epoch times '),
 ('326', 'field', '10', 'en_us', ''),
 ('326', 'field', '3', 'en_us', ''),
 ('326', 'filename', '0', 'en_us', ' hero music at transfiguration jpg '),
 ('326', 'extension', '0', 'en_us', ' jpg '),
 ('326', 'kind', '0', 'en_us', ' image '),
 ('326', 'slug', '0', 'en_us', ' hero music at transfiguration ');
INSERT INTO `craft_searchindex` (`elementId`, `attribute`, `fieldId`, `locale`, `keywords`) VALUES
 ('326', 'title', '0', 'en_us', ' hero music at transfiguration '),
 ('329', 'field', '12', 'en_us', ' dr claudia dumschat brings over forty years of experience to her position as organist and choirmaster at transfiguration where she has served since 1999 she administers and conducts the choir of men and boys girls choir cherub choir and camerata she is also the artistic director and conductor of the church s concert series which has produced over fifty concerts music dramas and operas as well as the midday music and summer concerts series '),
 ('329', 'field', '3', 'en_us', ''),
 ('329', 'field', '27', 'en_us', ''),
 ('324', 'field', '13', 'en_us', ''),
 ('329', 'field', '11', 'en_us', ' hero organist and choirmaster '),
 ('328', 'field', '10', 'en_us', ''),
 ('328', 'field', '3', 'en_us', ''),
 ('328', 'filename', '0', 'en_us', ' hero organist and choirmaster jpg '),
 ('328', 'extension', '0', 'en_us', ' jpg '),
 ('328', 'kind', '0', 'en_us', ' image '),
 ('328', 'slug', '0', 'en_us', ' hero organist and choirmaster '),
 ('328', 'title', '0', 'en_us', ' hero organist and choirmaster '),
 ('329', 'field', '13', 'en_us', ' about claudia dr dumschat received her doctorate from the manhattan school of music and has performed organ concerts throughout the united states and europe she is the recipient of many awards and has been recorded on cd and is heard frequently on the radio many of her performances may also be viewed on her youtube channel she is currently on the board of the new york chapter of the american guild of organists a council member of the episcopal actors guild and chair of the music committee of the greenwich pen women the arnold schwartz memorial organ our beautiful organ is named for the major donor is opus 92 of the c b fiske company church of the transfiguration has an extensive music program including a men and boys choir and a girls choir our music director dr claudia dumschat auditions children from all over the city those accepted for the choirs receive an excellent musical education and ample opportunities to perform the arnold schwartz memorial organ carl avidano figure organ '),
 ('329', 'slug', '0', 'en_us', ' organist and choirmaster '),
 ('329', 'title', '0', 'en_us', ' organist choirmaster '),
 ('330', 'field', '14', 'en_us', ' about claudia dr dumschat received her doctorate from the manhattan school of music and has performed organ concerts throughout the united states and europe she is the recipient of many awards and has been recorded on cd and is heard frequently on the radio many of her performances may also be viewed on her youtube channel she is currently on the board of the new york chapter of the american guild of organists a council member of the episcopal actors guild and chair of the music committee of the greenwich pen women '),
 ('330', 'slug', '0', 'en_us', ''),
 ('331', 'filename', '0', 'en_us', ' hero music at transfiguration jpg '),
 ('331', 'extension', '0', 'en_us', ' jpg '),
 ('331', 'kind', '0', 'en_us', ' image '),
 ('331', 'slug', '0', 'en_us', ' hero music at transfiguration '),
 ('331', 'title', '0', 'en_us', ' hero music at transfiguration '),
 ('332', 'filename', '0', 'en_us', ' hero organist and choirmaster jpg '),
 ('332', 'extension', '0', 'en_us', ' jpg '),
 ('332', 'kind', '0', 'en_us', ' image '),
 ('332', 'slug', '0', 'en_us', ' hero organist and choirmaster '),
 ('332', 'title', '0', 'en_us', ' hero organist and choirmaster '),
 ('333', 'field', '11', 'en_us', ' hero concert series '),
 ('333', 'field', '27', 'en_us', ' benjamin chasteen epoch times '),
 ('333', 'field', '3', 'en_us', ''),
 ('333', 'field', '12', 'en_us', ' suspendisse fames dolor a ac diam aenean condimentum aliquet a a nam mattis vestibulum a at dictumst id eros consectetur sed quis sem vestibulum '),
 ('333', 'field', '13', 'en_us', ' a litte midday music lunchtime concerts at little church tuesdays at 12 30 pm $5 suggested donation 2017 fall schedule schedule here 2018 spring schedule schedule here '),
 ('333', 'slug', '0', 'en_us', ' concert series '),
 ('333', 'title', '0', 'en_us', ' concert series '),
 ('335', 'filename', '0', 'en_us', ' figure organ jpg '),
 ('335', 'extension', '0', 'en_us', ' jpg '),
 ('335', 'kind', '0', 'en_us', ' image '),
 ('335', 'slug', '0', 'en_us', ' figure organ '),
 ('335', 'title', '0', 'en_us', ' figure organ '),
 ('336', 'field', '15', 'en_us', ' figure organ '),
 ('336', 'field', '16', 'en_us', ' the arnold schwartz memorial organ '),
 ('336', 'field', '17', 'en_us', ''),
 ('336', 'field', '18', 'en_us', ' carl avidano '),
 ('336', 'slug', '0', 'en_us', ''),
 ('337', 'field', '14', 'en_us', ' the arnold schwartz memorial organ our beautiful organ is named for the major donor is opus 92 of the c b fiske company church of the transfiguration has an extensive music program including a men and boys choir and a girls choir our music director dr claudia dumschat auditions children from all over the city those accepted for the choirs receive an excellent musical education and ample opportunities to perform '),
 ('337', 'slug', '0', 'en_us', ''),
 ('339', 'field', '10', 'en_us', ''),
 ('339', 'field', '3', 'en_us', ''),
 ('339', 'filename', '0', 'en_us', ' hero concert series jpg '),
 ('339', 'extension', '0', 'en_us', ' jpg '),
 ('339', 'kind', '0', 'en_us', ' image '),
 ('339', 'slug', '0', 'en_us', ' hero concert series '),
 ('339', 'title', '0', 'en_us', ' hero concert series '),
 ('340', 'field', '14', 'en_us', ' a litte midday music lunchtime concerts at little church tuesdays at 12 30 pm $5 suggested donation 2017 fall schedule schedule here 2018 spring schedule schedule here '),
 ('340', 'slug', '0', 'en_us', ''),
 ('344', 'field', '49', 'en_us', ''),
 ('344', 'field', '3', 'en_us', ''),
 ('344', 'field', '50', 'en_us', ' claudia dumschat organ all glory be to god on high settings of the hymn by j s bach '),
 ('344', 'field', '48', 'en_us', ' 0 '),
 ('344', 'field', '4', 'en_us', ''),
 ('348', 'startdate', '0', 'en_us', ' 2017 08 27 '),
 ('344', 'title', '0', 'en_us', ' midday music '),
 ('342', 'filename', '0', 'en_us', ' figure organ jpg '),
 ('342', 'extension', '0', 'en_us', ' jpg '),
 ('342', 'kind', '0', 'en_us', ' image '),
 ('342', 'slug', '0', 'en_us', ' figure organ '),
 ('342', 'title', '0', 'en_us', ' figure organ '),
 ('343', 'filename', '0', 'en_us', ' hero concert series jpg '),
 ('343', 'extension', '0', 'en_us', ' jpg '),
 ('343', 'kind', '0', 'en_us', ' image '),
 ('343', 'slug', '0', 'en_us', ' hero concert series '),
 ('343', 'title', '0', 'en_us', ' hero concert series '),
 ('344', 'summary', '0', 'en_us', ''),
 ('344', 'enddate', '0', 'en_us', ' 2017 09 12 '),
 ('345', 'field', '3', 'en_us', ''),
 ('345', 'field', '50', 'en_us', ' bill gross baritone cristina madero mezzo and claudia dumschat piano broadway show tunes '),
 ('345', 'field', '48', 'en_us', ' 0 '),
 ('345', 'field', '4', 'en_us', ''),
 ('345', 'field', '5', 'en_us', ''),
 ('345', 'startdate', '0', 'en_us', ' 2017 09 19 '),
 ('345', 'enddate', '0', 'en_us', ' 2017 09 19 '),
 ('345', 'summary', '0', 'en_us', ''),
 ('345', 'title', '0', 'en_us', ' midday music '),
 ('345', 'slug', '0', 'en_us', ' midday music '),
 ('346', 'field', '49', 'en_us', ''),
 ('346', 'field', '3', 'en_us', ''),
 ('346', 'field', '50', 'en_us', ' audrey flores french horn liturgical horn music inspired by gregorian chant and biblical themes '),
 ('346', 'field', '48', 'en_us', ' 0 '),
 ('346', 'field', '4', 'en_us', ''),
 ('346', 'field', '5', 'en_us', ''),
 ('346', 'startdate', '0', 'en_us', ' 2017 09 26 '),
 ('346', 'enddate', '0', 'en_us', ' 2017 09 26 '),
 ('346', 'summary', '0', 'en_us', ''),
 ('346', 'title', '0', 'en_us', ' midday music '),
 ('346', 'slug', '0', 'en_us', ' new venti event '),
 ('347', 'field', '48', 'en_us', ' 0 '),
 ('347', 'field', '4', 'en_us', ''),
 ('347', 'field', '5', 'en_us', ''),
 ('347', 'startdate', '0', 'en_us', ' 2017 10 03 ');
INSERT INTO `craft_searchindex` (`elementId`, `attribute`, `fieldId`, `locale`, `keywords`) VALUES
 ('347', 'enddate', '0', 'en_us', ' 2017 10 03 '),
 ('347', 'summary', '0', 'en_us', ''),
 ('347', 'title', '0', 'en_us', ' midday music '),
 ('347', 'slug', '0', 'en_us', ' midday music '),
 ('348', 'title', '0', 'en_us', ' solemn mass '),
 ('348', 'slug', '0', 'en_us', ' solemn mass '),
 ('349', 'startdate', '0', 'en_us', ' 2017 09 01 '),
 ('349', 'enddate', '0', 'en_us', ' 2017 09 01 '),
 ('349', 'summary', '0', 'en_us', ' weekly on monday tuesday wednesday thursday and friday '),
 ('349', 'title', '0', 'en_us', ' morning prayer '),
 ('349', 'slug', '0', 'en_us', ' morning prayer '),
 ('352', 'field', '7', 'en_us', ' cubilia yolutpat dictum felis '),
 ('352', 'field', '6', 'en_us', ' marquee 04 '),
 ('351', 'filename', '0', 'en_us', ' marquee 04 jpg '),
 ('351', 'extension', '0', 'en_us', ' jpg '),
 ('351', 'kind', '0', 'en_us', ' image '),
 ('351', 'slug', '0', 'en_us', ' marquee 04 '),
 ('351', 'title', '0', 'en_us', ' marquee 04 '),
 ('352', 'field', '8', 'en_us', ' inceptos vestibulum lectus '),
 ('352', 'field', '4', 'en_us', ' weddings '),
 ('352', 'field', '5', 'en_us', ' worship weddings '),
 ('352', 'slug', '0', 'en_us', ' placeholder '),
 ('352', 'title', '0', 'en_us', ' weddings at transfiguration '),
 ('353', 'field', '41', 'en_us', ' 04 '),
 ('353', 'field', '3', 'en_us', ' the joseph jefferson window at the church of the transfiguration '),
 ('353', 'field', '27', 'en_us', ''),
 ('353', 'field', '42', 'en_us', ' the joseph jefferson window on the south wall of the main church building memorializes the renowned actor who gave the church of the transfiguration its nickname the little church around the corner jefferson is seen costumed as rip van winkle a role he was famous for he is accompanying his deceased friend george holland to the church where they are met by jesus standing at the lychgate the window is a gift of the episcopal actors guild and was installed in 1925 '),
 ('353', 'slug', '0', 'en_us', ' the joseph jefferson window '),
 ('353', 'title', '0', 'en_us', ' the joseph jefferson window '),
 ('355', 'field', '27', 'en_us', ''),
 ('355', 'field', '11', 'en_us', ' hero liturgy '),
 ('355', 'field', '3', 'en_us', ''),
 ('355', 'field', '12', 'en_us', ' aenean ac velit phasellus vivamus condimentum habitant vestibulum nibh parturient tincidunt mi malesuada cursus nunc risus parturient a condimentum augue gravida metus ut at a a turpis facilisi parturient ac non quisque a parturient habitasse cubilia adipiscing imperdiet '),
 ('355', 'field', '13', 'en_us', ' vestibulum consequat ullamcorpertorquent magnis sagittis elit a per duis convallis a vitae phasellus vestibulum adipiscing habitant a id elit torquent parturient parturient facilisis dis mi ultrices facilisis accumsan facilisis phasellus lobortis lacus sodales a a erat leo hendrerit nulla vestibulum scelerisque ultricies vestibulum inceptos sapien ut aenean consectetur ullamcorper a metus a tristique vulputate sagittis ad nunc et adipiscing quisque conubia condimentum a consectetur eu ultrices ullamcorper parturient vestibulum a volutpat faucibus elit enim non platea suspendisse a posuere adipiscing ullamcorper adipiscing ac vel taciti aliquet metus natoque libero nunc tempor a vestibulum accumsan cubilia nullam duis quam in ad at a consectetur non laoreet scelerisque ac ridiculus cum sodales quisque a mi '),
 ('355', 'slug', '0', 'en_us', ' liturgy '),
 ('355', 'title', '0', 'en_us', ' liturgy '),
 ('356', 'field', '14', 'en_us', ' vestibulum consequat ullamcorpertorquent magnis sagittis elit a per duis convallis a vitae phasellus vestibulum adipiscing habitant a id elit torquent parturient parturient facilisis dis mi ultrices facilisis accumsan facilisis phasellus lobortis lacus sodales a a erat leo hendrerit nulla vestibulum scelerisque ultricies vestibulum inceptos sapien ut aenean consectetur ullamcorper a metus a tristique vulputate sagittis ad nunc et adipiscing quisque conubia condimentum a consectetur eu ultrices ullamcorper parturient vestibulum a volutpat faucibus elit enim non platea suspendisse a posuere adipiscing ullamcorper adipiscing ac vel taciti aliquet metus natoque libero nunc tempor a vestibulum accumsan cubilia nullam duis quam in ad at a consectetur non laoreet scelerisque ac ridiculus cum sodales quisque a mi '),
 ('356', 'slug', '0', 'en_us', ''),
 ('359', 'field', '3', 'en_us', ''),
 ('359', 'field', '12', 'en_us', ' the thursday night study which resumed on september 21st continues throughout october the evening begins with a mass in the chapel at 6 30 pm following the mass the study will begin at 7 00 pm in the common room newcomers welcome '),
 ('359', 'field', '27', 'en_us', ''),
 ('359', 'field', '11', 'en_us', ' hero bible study '),
 ('358', 'field', '10', 'en_us', ''),
 ('358', 'field', '3', 'en_us', ''),
 ('358', 'filename', '0', 'en_us', ' hero bible study jpg '),
 ('358', 'extension', '0', 'en_us', ' jpg '),
 ('358', 'kind', '0', 'en_us', ' image '),
 ('358', 'slug', '0', 'en_us', ' hero bible study '),
 ('358', 'title', '0', 'en_us', ' hero bible study '),
 ('359', 'field', '13', 'en_us', ' the book of revelation our current series is focused on the book of revelations the group will be using this commentary the book of revelation volume 12 new collegeville bible commentary new testament pt 12 purchase on amazon for any questions about this series please contact fr cheng at associaterector littlechurch org '),
 ('359', 'slug', '0', 'en_us', ' bible study '),
 ('359', 'title', '0', 'en_us', ' bible study '),
 ('360', 'field', '14', 'en_us', ' the book of revelation our current series is focused on the book of revelations the group will be using this commentary the book of revelation volume 12 new collegeville bible commentary new testament pt 12 purchase on amazon for any questions about this series please contact fr cheng at associaterector littlechurch org '),
 ('360', 'slug', '0', 'en_us', ''),
 ('363', 'field', '12', 'en_us', ' congratulations on your engagement and thanks for your interest in becoming married at the church of the transfiguration our church is a beautiful place with a century old reputation for marrying couples from all over the world at one time transfiguration solemnized more marriages than any other church we welcome you to join our little family and we hope to become a part of yours '),
 ('363', 'field', '3', 'en_us', ''),
 ('363', 'field', '27', 'en_us', ' jesse anders on point images '),
 ('363', 'field', '11', 'en_us', ' hero weddings '),
 ('362', 'field', '10', 'en_us', ''),
 ('362', 'field', '3', 'en_us', ''),
 ('362', 'filename', '0', 'en_us', ' hero weddings jpg '),
 ('362', 'extension', '0', 'en_us', ' jpg '),
 ('362', 'kind', '0', 'en_us', ' image '),
 ('362', 'slug', '0', 'en_us', ' hero weddings '),
 ('362', 'title', '0', 'en_us', ' hero weddings '),
 ('363', 'field', '13', 'en_us', ' weddings at transfiguration how transfiguration became famous as a place to exchange vows remains something of a mystery but it is generally attributed to the overall openness of the church to people from different christian denominations personal situations and backgrounds every saturday in the 1930s and 40s and often on weekdays couples would gather in the garden awaiting their turn to be married in the holy family chapel the rector in that era would marry as many as seven couples a day we hear from those couples to this day as part of our little family community we send out several newsletters to them each year and a card goes to all those married here on their anniversaries the space tucked behind a lovely english garden with a fountain transfiguration is a neo gothic church rich with architectural detail there are two spaces in which you may choose to be married the holy family chapel is a quaint room panelled with dark wood that seats up to 50 people is appropriate for smaller weddings the altar piece is a painted depiction of the betrothal of mary and joseph it is in the holy family chapel that thousands of couples in the post war years became married making the little church famous for weddings i would like to include some images here so can fill this out further tomorrow mary jane we can also include downloads to the newsletters as it is on the existing wedding page '),
 ('363', 'slug', '0', 'en_us', ' weddings '),
 ('363', 'title', '0', 'en_us', ' weddings '),
 ('364', 'field', '14', 'en_us', ' weddings at transfiguration how transfiguration became famous as a place to exchange vows remains something of a mystery but it is generally attributed to the overall openness of the church to people from different christian denominations personal situations and backgrounds every saturday in the 1930s and 40s and often on weekdays couples would gather in the garden awaiting their turn to be married in the holy family chapel the rector in that era would marry as many as seven couples a day we hear from those couples to this day as part of our little family community we send out several newsletters to them each year and a card goes to all those married here on their anniversaries the space tucked behind a lovely english garden with a fountain transfiguration is a neo gothic church rich with architectural detail there are two spaces in which you may choose to be married the holy family chapel is a quaint room panelled with dark wood that seats up to 50 people is appropriate for smaller weddings the altar piece is a painted depiction of the betrothal of mary and joseph it is in the holy family chapel that thousands of couples in the post war years became married making the little church famous for weddings i would like to include some images here so can fill this out further tomorrow mary jane we can also include downloads to the newsletters as it is on the existing wedding page '),
 ('364', 'slug', '0', 'en_us', ''),
 ('366', 'kind', '0', 'en_us', ' image '),
 ('366', 'slug', '0', 'en_us', ' featured fpo '),
 ('366', 'extension', '0', 'en_us', ' jpg '),
 ('366', 'filename', '0', 'en_us', ' featured fpo jpg '),
 ('366', 'title', '0', 'en_us', ' featured fpo '),
 ('367', 'filename', '0', 'en_us', ' hero bible study jpg '),
 ('367', 'extension', '0', 'en_us', ' jpg '),
 ('367', 'kind', '0', 'en_us', ' image '),
 ('367', 'slug', '0', 'en_us', ' hero bible study '),
 ('367', 'title', '0', 'en_us', ' hero bible study '),
 ('368', 'filename', '0', 'en_us', ' hero weddings jpg '),
 ('368', 'extension', '0', 'en_us', ' jpg '),
 ('368', 'kind', '0', 'en_us', ' image '),
 ('368', 'slug', '0', 'en_us', ' hero weddings '),
 ('368', 'title', '0', 'en_us', ' hero weddings '),
 ('369', 'filename', '0', 'en_us', ' marquee 04 jpg '),
 ('369', 'extension', '0', 'en_us', ' jpg '),
 ('369', 'kind', '0', 'en_us', ' image '),
 ('369', 'slug', '0', 'en_us', ' marquee 04 '),
 ('369', 'title', '0', 'en_us', ' marquee 04 '),
 ('370', 'filename', '0', 'en_us', ' featured fpo jpg '),
 ('370', 'extension', '0', 'en_us', ' jpg '),
 ('370', 'kind', '0', 'en_us', ' image '),
 ('370', 'slug', '0', 'en_us', ' featured fpo '),
 ('370', 'title', '0', 'en_us', ' featured fpo '),
 ('374', 'field', '3', 'en_us', ''),
 ('375', 'field', '11', 'en_us', ' hero adult education '),
 ('374', 'field', '10', 'en_us', ''),
 ('374', 'filename', '0', 'en_us', ' hero adult education jpg '),
 ('374', 'extension', '0', 'en_us', ' jpg ');
INSERT INTO `craft_searchindex` (`elementId`, `attribute`, `fieldId`, `locale`, `keywords`) VALUES
 ('374', 'kind', '0', 'en_us', ' image '),
 ('374', 'slug', '0', 'en_us', ' hero adult education '),
 ('374', 'title', '0', 'en_us', ' hero adult education '),
 ('375', 'field', '13', 'en_us', ' the bible and sexualityadult christian education classes at transfiguration will resume in october with a five week series on the bible and sexuality come explore what the hebrew bible apocrypha and new testament have to say to us today about topics such as marriage sexual ethics and lgbt issues '),
 ('375', 'slug', '0', 'en_us', ' adult education '),
 ('375', 'title', '0', 'en_us', ' adult education '),
 ('376', 'field', '14', 'en_us', ' the bible and sexualityadult christian education classes at transfiguration will resume in october with a five week series on the bible and sexuality come explore what the hebrew bible apocrypha and new testament have to say to us today about topics such as marriage sexual ethics and lgbt issues '),
 ('376', 'slug', '0', 'en_us', ''),
 ('377', 'startdate', '0', 'en_us', ' 2017 10 01 '),
 ('377', 'enddate', '0', 'en_us', ' 2017 10 01 '),
 ('377', 'summary', '0', 'en_us', ''),
 ('377', 'title', '0', 'en_us', ' adult education '),
 ('377', 'slug', '0', 'en_us', ' adult education '),
 ('377', 'field', '49', 'en_us', ''),
 ('377', 'field', '3', 'en_us', ''),
 ('377', 'field', '50', 'en_us', ' sexuality and patriarchy in the old testament with karina martin hogan '),
 ('377', 'field', '48', 'en_us', ' 0 '),
 ('377', 'field', '4', 'en_us', ''),
 ('377', 'field', '5', 'en_us', ''),
 ('378', 'filename', '0', 'en_us', ' hero adult education jpg '),
 ('378', 'extension', '0', 'en_us', ' jpg '),
 ('378', 'kind', '0', 'en_us', ' image '),
 ('378', 'slug', '0', 'en_us', ' hero adult education '),
 ('378', 'title', '0', 'en_us', ' hero adult education '),
 ('379', 'title', '0', 'en_us', ' featured 01 '),
 ('380', 'filename', '0', 'en_us', ' featured fpo 01 jpg '),
 ('380', 'extension', '0', 'en_us', ' jpg '),
 ('380', 'kind', '0', 'en_us', ' image '),
 ('380', 'slug', '0', 'en_us', ' featured fpo 01 '),
 ('380', 'title', '0', 'en_us', ' featured fpo 01 '),
 ('381', 'filename', '0', 'en_us', ' featured 01 jpg '),
 ('381', 'extension', '0', 'en_us', ' jpg '),
 ('381', 'kind', '0', 'en_us', ' image '),
 ('381', 'slug', '0', 'en_us', ' featured 01 '),
 ('381', 'title', '0', 'en_us', ' featured 01 '),
 ('382', 'filename', '0', 'en_us', ' featured fpo 01 jpg '),
 ('382', 'extension', '0', 'en_us', ' jpg '),
 ('382', 'kind', '0', 'en_us', ' image '),
 ('382', 'slug', '0', 'en_us', ' featured fpo 01 '),
 ('382', 'title', '0', 'en_us', ' featured fpo 01 '),
 ('344', 'field', '51', 'en_us', ' 0 '),
 ('345', 'field', '51', 'en_us', ' 0 '),
 ('346', 'field', '51', 'en_us', ' 0 '),
 ('347', 'field', '51', 'en_us', ' 0 '),
 ('377', 'field', '51', 'en_us', ' 0 '),
 ('384', 'field', '50', 'en_us', ' on the first sunday in october 1848 george hendric houghton gathered a band of twenty four followers for a celebration of holy communion in the parlor of the home of the rev dr lawson carter an elderly priest on east 24th street none of those first worshipers could have imagined that they had just attended the first service of the church of the transfiguration later to be celebrated as the little church around the corner the twenty eight year old priest who called this small congregation into being however had a clear vision in mind to establish a parish that would minister to the poor and needy of new york city the first service in the new church was held on sunday march 28th 1850 excerpted from a parish guide to the church of the transfiguration by zulette m catir his motto was fides opera faith and works '),
 ('384', 'field', '3', 'en_us', ''),
 ('384', 'field', '49', 'en_us', ' featured 01 '),
 ('384', 'field', '48', 'en_us', ' 1 '),
 ('384', 'field', '5', 'en_us', ''),
 ('384', 'field', '51', 'en_us', ' 1 '),
 ('384', 'startdate', '0', 'en_us', ' 2017 10 01 '),
 ('384', 'enddate', '0', 'en_us', ' 2017 10 01 '),
 ('384', 'summary', '0', 'en_us', ''),
 ('384', 'title', '0', 'en_us', ' founder s day '),
 ('384', 'slug', '0', 'en_us', ' founders day '),
 ('344', 'field', '52', 'en_us', ''),
 ('345', 'field', '52', 'en_us', ''),
 ('346', 'field', '52', 'en_us', ''),
 ('347', 'field', '52', 'en_us', ''),
 ('377', 'field', '52', 'en_us', ''),
 ('384', 'field', '52', 'en_us', ' vivamus parturient per facilisis vitae himenaeos adipiscing lacus nulla mattis a ridiculus condimentum '),
 ('387', 'field', '50', 'en_us', ' vivamus parturient per facilisis vitae himenaeos adipiscing lacus nulla mattis a ridiculus condimentum '),
 ('387', 'field', '3', 'en_us', ''),
 ('387', 'field', '49', 'en_us', ' featured 02 '),
 ('386', 'filename', '0', 'en_us', ' featured 02 jpg '),
 ('386', 'extension', '0', 'en_us', ' jpg '),
 ('386', 'kind', '0', 'en_us', ' image '),
 ('386', 'slug', '0', 'en_us', ' featured 02 '),
 ('386', 'title', '0', 'en_us', ' featured 02 '),
 ('387', 'field', '52', 'en_us', ' vivamus parturient per facilisis vitae himenaeos adipiscing lacus nulla mattis a ridiculus condimentum '),
 ('387', 'field', '48', 'en_us', ' 0 '),
 ('387', 'field', '5', 'en_us', ''),
 ('387', 'field', '51', 'en_us', ' 1 '),
 ('387', 'startdate', '0', 'en_us', ' 2017 10 08 '),
 ('387', 'enddate', '0', 'en_us', ' 2017 10 08 '),
 ('387', 'summary', '0', 'en_us', ''),
 ('387', 'title', '0', 'en_us', ' blessing of the animals '),
 ('387', 'slug', '0', 'en_us', ' blessing of the animals '),
 ('388', 'field', '49', 'en_us', ' featured 03 '),
 ('388', 'field', '3', 'en_us', ''),
 ('388', 'field', '50', 'en_us', ' vivamus parturient per facilisis vitae himenaeos adipiscing lacus nulla mattis a ridiculus condimentum '),
 ('388', 'field', '52', 'en_us', ' vivamus parturient per facilisis vitae himenaeos adipiscing lacus nulla mattis a ridiculus condimentum '),
 ('388', 'field', '48', 'en_us', ' 0 '),
 ('388', 'field', '5', 'en_us', ''),
 ('388', 'field', '51', 'en_us', ' 1 '),
 ('388', 'startdate', '0', 'en_us', ' 2017 10 14 '),
 ('388', 'enddate', '0', 'en_us', ' 2017 10 15 '),
 ('388', 'summary', '0', 'en_us', ''),
 ('388', 'title', '0', 'en_us', ' open house new york '),
 ('388', 'slug', '0', 'en_us', ' open house new york '),
 ('392', 'extension', '0', 'en_us', ' jpg '),
 ('392', 'filename', '0', 'en_us', ' featured 03 jpg '),
 ('390', 'filename', '0', 'en_us', ' featured 03 jpg '),
 ('390', 'extension', '0', 'en_us', ' jpg '),
 ('390', 'kind', '0', 'en_us', ' image '),
 ('390', 'slug', '0', 'en_us', ' featured 03 '),
 ('390', 'title', '0', 'en_us', ' featured 03 '),
 ('392', 'kind', '0', 'en_us', ' image '),
 ('392', 'slug', '0', 'en_us', ' featured 03 ');
INSERT INTO `craft_searchindex` (`elementId`, `attribute`, `fieldId`, `locale`, `keywords`) VALUES
 ('392', 'title', '0', 'en_us', ' featured 03 '),
 ('348', 'field', '49', 'en_us', ''),
 ('348', 'field', '3', 'en_us', ''),
 ('348', 'field', '50', 'en_us', ''),
 ('348', 'field', '52', 'en_us', ''),
 ('348', 'field', '48', 'en_us', ' 0 '),
 ('348', 'field', '5', 'en_us', ''),
 ('348', 'field', '51', 'en_us', ' 0 '),
 ('349', 'field', '49', 'en_us', ''),
 ('349', 'field', '3', 'en_us', ''),
 ('349', 'field', '50', 'en_us', ''),
 ('349', 'field', '52', 'en_us', ''),
 ('349', 'field', '48', 'en_us', ' 0 '),
 ('349', 'field', '5', 'en_us', ''),
 ('349', 'field', '51', 'en_us', ' 0 '),
 ('393', 'filename', '0', 'en_us', ' featured 01_170916_214957 jpg '),
 ('393', 'extension', '0', 'en_us', ' jpg '),
 ('393', 'kind', '0', 'en_us', ' image '),
 ('393', 'slug', '0', 'en_us', ' featured 01 170916 214957 '),
 ('393', 'title', '0', 'en_us', ' featured 01 170916 214957 ');



DROP TABLE IF EXISTS `craft_sections`;


--
-- Schema for table `craft_sections`
--
CREATE TABLE `craft_sections` (
  `id` int(11) NOT NULL AUTO_INCREMENT,
  `structureId` int(11) DEFAULT NULL,
  `name` varchar(255) COLLATE utf8_unicode_ci NOT NULL,
  `handle` varchar(255) COLLATE utf8_unicode_ci NOT NULL,
  `type` enum('single','channel','structure') COLLATE utf8_unicode_ci NOT NULL DEFAULT 'channel',
  `hasUrls` tinyint(1) unsigned NOT NULL DEFAULT '1',
  `template` varchar(500) COLLATE utf8_unicode_ci DEFAULT NULL,
  `enableVersioning` tinyint(1) unsigned NOT NULL DEFAULT '0',
  `dateCreated` datetime NOT NULL,
  `dateUpdated` datetime NOT NULL,
  `uid` char(36) COLLATE utf8_unicode_ci NOT NULL DEFAULT '0',
  PRIMARY KEY (`id`),
  UNIQUE KEY `craft_sections_name_unq_idx` (`name`),
  UNIQUE KEY `craft_sections_handle_unq_idx` (`handle`),
  KEY `craft_sections_structureId_fk` (`structureId`)
) ENGINE=InnoDB AUTO_INCREMENT=15 DEFAULT CHARSET=utf8 COLLATE=utf8_unicode_ci;

--
-- Data for table `craft_sections`
--

INSERT INTO `craft_sections` (`id`, `structureId`, `name`, `handle`, `type`, `hasUrls`, `template`, `enableVersioning`, `dateCreated`, `dateUpdated`, `uid`) VALUES
 ('3', '1', 'Home Marquees', 'homeMarquees', 'structure', '0', NULL, '0', '2017-08-25 13:20:53', '2017-08-30 11:48:13', '02256ddc-d6c3-4dee-b3c7-95a019574990'),
 ('4', NULL, 'Home', 'home', 'single', '1', '', '0', '2017-08-25 16:28:45', '2017-08-25 16:56:41', '097ba04f-092b-4d06-9925-b6fb73917f8a'),
 ('5', '3', 'Home Quadrants', 'homeQuadrants', 'structure', '0', NULL, '0', '2017-08-25 16:57:57', '2017-08-25 18:30:03', '3a8c382e-b70d-4ab5-b195-5f9fcd6a33d5'),
 ('7', '6', 'About', 'about', 'structure', '1', 'about/_entry', '0', '2017-08-26 11:07:16', '2017-09-13 09:18:41', '665fdc1d-ae8e-407a-806d-2bbe9eebfb7b'),
 ('8', '5', 'Church Bios', 'churchBios', 'structure', '0', NULL, '0', '2017-08-28 15:07:07', '2017-08-28 18:54:42', '3ce3c43c-582a-4161-8211-547afa26a7df'),
 ('9', NULL, 'Blog', 'blog', 'channel', '1', 'blog/_entry', '1', '2017-08-30 09:04:27', '2017-08-30 09:05:41', 'e6ce6722-f9f2-48a5-a196-6a947c7ea8eb'),
 ('10', '7', 'Worship', 'worship', 'structure', '1', 'about/_entry', '1', '2017-09-01 10:04:40', '2017-09-01 10:09:32', 'f136e745-bcaf-4607-863b-4e1bad92b9a9'),
 ('11', '8', 'Virtual Tour', 'virtualTour', 'structure', '1', 'virtual-tour/_entry', '0', '2017-09-01 11:25:00', '2017-09-01 11:29:50', '251b35cc-c6d0-476d-aa3b-b8fb234e34ef'),
 ('12', NULL, 'Events Landing', 'eventsLanding', 'single', '1', 'events/_entry', '1', '2017-09-06 18:06:16', '2017-09-06 18:06:16', '8fb9238a-a4f4-4df5-a8cf-defb16563204'),
 ('13', NULL, 'Audio Sermons', 'audioSermons', 'channel', '0', NULL, '0', '2017-09-12 10:18:21', '2017-09-12 16:41:41', 'afca4c0f-3f5c-4cff-ba6b-222ad25f91b8'),
 ('14', '9', 'Music', 'music', 'structure', '1', 'about/_entry', '0', '2017-09-13 09:18:30', '2017-09-13 09:21:01', '51c04cd7-490e-4381-aaef-3f80370d9f8b');



DROP TABLE IF EXISTS `craft_sections_i18n`;


--
-- Schema for table `craft_sections_i18n`
--
CREATE TABLE `craft_sections_i18n` (
  `id` int(11) NOT NULL AUTO_INCREMENT,
  `sectionId` int(11) NOT NULL,
  `locale` char(12) COLLATE utf8_unicode_ci NOT NULL,
  `enabledByDefault` tinyint(1) unsigned NOT NULL DEFAULT '1',
  `urlFormat` text COLLATE utf8_unicode_ci,
  `nestedUrlFormat` text COLLATE utf8_unicode_ci,
  `dateCreated` datetime NOT NULL,
  `dateUpdated` datetime NOT NULL,
  `uid` char(36) COLLATE utf8_unicode_ci NOT NULL DEFAULT '0',
  PRIMARY KEY (`id`),
  UNIQUE KEY `craft_sections_i18n_sectionId_locale_unq_idx` (`sectionId`,`locale`),
  KEY `craft_sections_i18n_locale_fk` (`locale`)
) ENGINE=InnoDB AUTO_INCREMENT=15 DEFAULT CHARSET=utf8 COLLATE=utf8_unicode_ci;

--
-- Data for table `craft_sections_i18n`
--

INSERT INTO `craft_sections_i18n` (`id`, `sectionId`, `locale`, `enabledByDefault`, `urlFormat`, `nestedUrlFormat`, `dateCreated`, `dateUpdated`, `uid`) VALUES
 ('3', '3', 'en_us', '1', NULL, NULL, '2017-08-25 13:20:53', '2017-08-25 13:20:53', '363272e7-6719-47ae-b9e6-16a0f867a280'),
 ('4', '4', 'en_us', '1', '__home__', NULL, '2017-08-25 16:28:45', '2017-08-25 16:56:06', '34bf625d-1be8-4faf-8552-97dc695944a2'),
 ('5', '5', 'en_us', '1', NULL, NULL, '2017-08-25 16:57:57', '2017-08-25 16:57:57', '3b8445a0-2112-44a5-ba34-9686b52e7715'),
 ('7', '7', 'en_us', '1', 'about/{slug}', NULL, '2017-08-26 11:07:16', '2017-08-26 11:07:16', '782a5855-45bc-49b2-9ebe-84b3b15ff0de'),
 ('8', '8', 'en_us', '1', NULL, NULL, '2017-08-28 15:07:07', '2017-08-28 15:07:07', '9359ef37-423d-4c20-b4eb-881082600f46'),
 ('9', '9', 'en_us', '1', 'blog/{postDate.year}/{slug}', NULL, '2017-08-30 09:04:27', '2017-08-30 09:04:27', '60dbf11d-7e22-4b78-87e2-e5dc7dd97fad'),
 ('10', '10', 'en_us', '1', 'worship/{slug}', NULL, '2017-09-01 10:04:40', '2017-09-01 10:04:40', '6ae59797-14c4-464a-a0b3-302a14af6ddd'),
 ('11', '11', 'en_us', '1', 'virtual-tour/{slug}', NULL, '2017-09-01 11:25:00', '2017-09-01 11:25:00', 'f315c497-222c-41db-bbfa-56f6e41f365c'),
 ('12', '12', 'en_us', '1', 'events', NULL, '2017-09-06 18:06:16', '2017-09-06 18:06:16', '8d01fe69-96f2-4535-a564-22031cd7b20f'),
 ('13', '13', 'en_us', '1', NULL, NULL, '2017-09-12 10:18:21', '2017-09-12 10:18:21', '87a23df7-9df6-46a9-93f1-17a29b681c9e'),
 ('14', '14', 'en_us', '1', 'music/{slug}', NULL, '2017-09-13 09:18:30', '2017-09-13 09:18:30', 'f5688e24-16a4-4ccf-b7b1-69161e84385d');



DROP TABLE IF EXISTS `craft_sessions`;


--
-- Schema for table `craft_sessions`
--
CREATE TABLE `craft_sessions` (
  `id` int(11) NOT NULL AUTO_INCREMENT,
  `userId` int(11) NOT NULL,
  `token` char(100) COLLATE utf8_unicode_ci NOT NULL,
  `dateCreated` datetime NOT NULL,
  `dateUpdated` datetime NOT NULL,
  `uid` char(36) COLLATE utf8_unicode_ci NOT NULL DEFAULT '0',
  PRIMARY KEY (`id`),
  KEY `craft_sessions_uid_idx` (`uid`),
  KEY `craft_sessions_token_idx` (`token`),
  KEY `craft_sessions_dateUpdated_idx` (`dateUpdated`),
  KEY `craft_sessions_userId_fk` (`userId`)
) ENGINE=InnoDB AUTO_INCREMENT=76 DEFAULT CHARSET=utf8 COLLATE=utf8_unicode_ci;

DROP TABLE IF EXISTS `craft_shunnedmessages`;


--
-- Schema for table `craft_shunnedmessages`
--
CREATE TABLE `craft_shunnedmessages` (
  `id` int(11) NOT NULL AUTO_INCREMENT,
  `userId` int(11) NOT NULL,
  `message` varchar(255) COLLATE utf8_unicode_ci NOT NULL,
  `expiryDate` datetime DEFAULT NULL,
  `dateCreated` datetime NOT NULL,
  `dateUpdated` datetime NOT NULL,
  `uid` char(36) COLLATE utf8_unicode_ci NOT NULL DEFAULT '0',
  PRIMARY KEY (`id`),
  UNIQUE KEY `craft_shunnedmessages_userId_message_unq_idx` (`userId`,`message`)
) ENGINE=InnoDB DEFAULT CHARSET=utf8 COLLATE=utf8_unicode_ci;

DROP TABLE IF EXISTS `craft_structureelements`;


--
-- Schema for table `craft_structureelements`
--
CREATE TABLE `craft_structureelements` (
  `id` int(11) NOT NULL AUTO_INCREMENT,
  `structureId` int(11) NOT NULL,
  `elementId` int(11) DEFAULT NULL,
  `root` int(11) unsigned DEFAULT NULL,
  `lft` int(11) unsigned NOT NULL,
  `rgt` int(11) unsigned NOT NULL,
  `level` smallint(6) unsigned NOT NULL,
  `dateCreated` datetime NOT NULL,
  `dateUpdated` datetime NOT NULL,
  `uid` char(36) COLLATE utf8_unicode_ci NOT NULL DEFAULT '0',
  PRIMARY KEY (`id`),
  UNIQUE KEY `craft_structureelements_structureId_elementId_unq_idx` (`structureId`,`elementId`),
  KEY `craft_structureelements_root_idx` (`root`),
  KEY `craft_structureelements_lft_idx` (`lft`),
  KEY `craft_structureelements_rgt_idx` (`rgt`),
  KEY `craft_structureelements_level_idx` (`level`),
  KEY `craft_structureelements_elementId_fk` (`elementId`)
) ENGINE=InnoDB AUTO_INCREMENT=46 DEFAULT CHARSET=utf8 COLLATE=utf8_unicode_ci;

--
-- Data for table `craft_structureelements`
--

INSERT INTO `craft_structureelements` (`id`, `structureId`, `elementId`, `root`, `lft`, `rgt`, `level`, `dateCreated`, `dateUpdated`, `uid`) VALUES
 ('1', '1', NULL, '1', '1', '10', '0', '2017-08-25 13:52:11', '2017-08-25 13:52:11', '85377f42-a96f-41da-a05b-378705124a38'),
 ('2', '1', '7', '1', '2', '3', '1', '2017-08-25 13:52:11', '2017-08-25 13:52:11', '9ba43c01-ea5f-45cc-acdd-26f7cf4d5d39'),
 ('3', '1', '59', '1', '4', '5', '1', '2017-08-25 14:26:30', '2017-08-25 14:26:30', '37683643-3276-421e-86c6-254c7ebcd680'),
 ('4', '1', '60', '1', '6', '7', '1', '2017-08-25 14:47:50', '2017-08-25 14:47:50', 'e570db0f-fa64-4a44-ac30-0fc045cd432a'),
 ('7', '3', NULL, '7', '1', '10', '0', '2017-08-25 18:25:38', '2017-08-25 18:25:38', '41669b58-621c-4c67-9c23-2fd22b009140'),
 ('8', '3', '62', '7', '2', '3', '1', '2017-08-25 18:25:38', '2017-08-25 18:25:38', 'e673e92f-00bc-4527-a22c-aeaa51a82ca8'),
 ('9', '3', '63', '7', '4', '5', '1', '2017-08-25 18:49:23', '2017-08-25 18:49:23', 'cefa9fcd-22a1-4541-afa9-e15463514fe0'),
 ('10', '3', '64', '7', '6', '7', '1', '2017-08-25 18:50:18', '2017-08-25 18:50:18', 'edd47d14-55d0-465e-bf66-d202f07c46b5'),
 ('11', '3', '65', '7', '8', '9', '1', '2017-08-25 18:50:41', '2017-08-25 18:50:41', '74a38b03-11fe-4273-a776-207ecb5b8438'),
 ('15', '5', NULL, '15', '1', '12', '0', '2017-08-28 18:53:40', '2017-08-28 18:53:40', '9515488a-f2d4-4c4f-9956-d408c90a5cc1'),
 ('16', '5', '76', '15', '8', '9', '1', '2017-08-28 18:53:40', '2017-08-28 18:53:40', '2746bfa2-5ac6-4fe6-9d5b-5f1fd0da21dc'),
 ('17', '5', '78', '15', '2', '3', '1', '2017-08-28 18:53:40', '2017-08-28 18:53:40', '351a0643-9980-4322-a2a7-9e4d2ef5d6b4'),
 ('18', '6', NULL, '18', '1', '12', '0', '2017-08-30 12:22:42', '2017-08-30 12:22:42', '0b4cbda7-7523-46e9-abae-8cbe6ecc15b4'),
 ('19', '6', '69', '18', '2', '3', '1', '2017-08-30 12:22:42', '2017-08-30 12:22:42', 'ff34f1c9-86ac-45e4-995d-b65fed17ea36'),
 ('20', '6', '87', '18', '6', '7', '1', '2017-08-30 12:22:42', '2017-08-30 12:22:42', 'b23b2366-5d2e-48c8-8802-3fb25b141500'),
 ('21', '5', '229', '15', '4', '5', '1', '2017-08-31 19:57:03', '2017-08-31 19:57:03', 'd8d0c2f1-311d-46dd-98d2-79ded7d9c8a6'),
 ('23', '6', '234', '18', '4', '5', '1', '2017-08-31 20:27:54', '2017-08-31 20:27:54', '621b1b09-fa5a-4a18-b3f1-1ae1d2ae51be'),
 ('24', '6', '239', '18', '8', '9', '1', '2017-08-31 20:36:16', '2017-08-31 20:36:16', '051989b0-ed4c-4059-93b5-82620cd0b070'),
 ('25', '7', NULL, '25', '1', '14', '0', '2017-09-01 10:13:16', '2017-09-01 10:13:16', 'ce98e7e8-7e01-4ad6-ac6d-61327025c12e'),
 ('26', '7', '244', '25', '2', '3', '1', '2017-09-01 10:13:16', '2017-09-01 10:13:16', '4572937a-ca13-4e1c-be81-c73eb061951a'),
 ('27', '8', NULL, '27', '1', '10', '0', '2017-09-01 11:45:08', '2017-09-01 11:45:08', '778638be-51b2-4e06-aee9-bea956e6815c'),
 ('28', '8', '254', '27', '2', '3', '1', '2017-09-01 11:45:08', '2017-09-01 11:45:08', '4c6ed212-457f-450d-9426-072c6b1d6a23'),
 ('29', '8', '267', '27', '4', '5', '1', '2017-09-01 11:46:35', '2017-09-01 11:46:35', 'a75efaf9-74f2-4400-af14-1f3b17fd2249'),
 ('30', '8', '268', '27', '6', '7', '1', '2017-09-01 11:47:05', '2017-09-01 11:47:05', '22d87510-66b2-435f-af5c-8958309e9d18'),
 ('31', '6', '271', '18', '10', '11', '1', '2017-09-05 14:56:51', '2017-09-05 14:56:51', '71859bac-590d-4ec5-a470-888fef9302b1'),
 ('33', '7', '287', '25', '4', '5', '1', '2017-09-12 09:46:39', '2017-09-12 09:46:39', '277ca161-818d-4e08-8a74-21a018220d32'),
 ('34', '5', '321', '15', '6', '7', '1', '2017-09-13 08:49:10', '2017-09-13 08:49:10', 'a7418ccd-b1d0-4353-a458-3d562b86645a'),
 ('35', '5', '322', '15', '10', '11', '1', '2017-09-13 08:53:46', '2017-09-13 08:53:46', '29fd959e-dea6-4aaa-b5c6-1f41d628bb23'),
 ('36', '9', NULL, '36', '1', '8', '0', '2017-09-13 09:19:39', '2017-09-13 09:19:39', '51518ab1-c869-4a07-a088-96dbce5f22ab'),
 ('37', '9', '324', '36', '2', '3', '1', '2017-09-13 09:19:39', '2017-09-13 09:19:39', 'c5ebcec8-5227-4dda-87c3-7cb2e50101e7'),
 ('38', '9', '329', '36', '4', '5', '1', '2017-09-13 09:42:08', '2017-09-13 09:42:08', '59f01787-19fc-4104-959d-a131251c3235'),
 ('39', '9', '333', '36', '6', '7', '1', '2017-09-13 10:34:14', '2017-09-13 10:34:14', '5ca7cc21-2b7b-416f-9f5f-d23554967d60'),
 ('40', '1', '352', '1', '8', '9', '1', '2017-09-14 17:23:28', '2017-09-14 17:23:28', '6c9819c5-4998-40cb-a54a-338211d87ae5'),
 ('41', '8', '353', '27', '8', '9', '1', '2017-09-14 18:20:39', '2017-09-14 18:20:39', '086f10cc-4b47-477d-8b6a-7bdd671624f4'),
 ('42', '7', '355', '25', '6', '7', '1', '2017-09-14 19:20:28', '2017-09-14 19:20:28', 'd167cd0d-2093-4e70-83a7-afdbed2596f8'),
 ('43', '7', '359', '25', '8', '9', '1', '2017-09-14 19:36:40', '2017-09-14 19:36:40', '3e50e2da-570b-4812-96d4-eeb01def432b'),
 ('44', '7', '363', '25', '10', '11', '1', '2017-09-14 21:14:41', '2017-09-14 21:14:41', '030b96e6-c5eb-432b-b99d-4809ed3b584d'),
 ('45', '7', '375', '25', '12', '13', '1', '2017-09-16 16:25:03', '2017-09-16 16:25:03', '84172717-0a47-4d42-bc9b-86a6c5674ff8');



DROP TABLE IF EXISTS `craft_structures`;


--
-- Schema for table `craft_structures`
--
CREATE TABLE `craft_structures` (
  `id` int(11) NOT NULL AUTO_INCREMENT,
  `maxLevels` smallint(6) unsigned DEFAULT NULL,
  `dateCreated` datetime NOT NULL,
  `dateUpdated` datetime NOT NULL,
  `uid` char(36) COLLATE utf8_unicode_ci NOT NULL DEFAULT '0',
  PRIMARY KEY (`id`)
) ENGINE=InnoDB AUTO_INCREMENT=10 DEFAULT CHARSET=utf8 COLLATE=utf8_unicode_ci;

--
-- Data for table `craft_structures`
--

INSERT INTO `craft_structures` (`id`, `maxLevels`, `dateCreated`, `dateUpdated`, `uid`) VALUES
 ('1', '1', '2017-08-25 13:20:53', '2017-08-30 11:48:13', 'eb6e4752-8ec8-4495-a6cb-29257a887dc2'),
 ('3', '1', '2017-08-25 16:57:57', '2017-08-25 18:30:03', 'eb6ab25c-12e4-4fcf-8a90-19c2f76fa08c'),
 ('5', '1', '2017-08-28 18:53:40', '2017-08-28 18:54:42', '972e186f-efa4-44dd-b04a-b5d2f1f8665f'),
 ('6', '1', '2017-08-30 12:22:42', '2017-09-13 09:18:41', '5dae3427-a91c-4361-8404-df77709fa81a'),
 ('7', '1', '2017-09-01 10:04:40', '2017-09-01 10:09:32', 'af95ce5e-0bcc-4815-817f-809bf67143bc'),
 ('8', '1', '2017-09-01 11:25:00', '2017-09-01 11:29:50', '3453e552-f8e7-43ef-8be7-3ed13318f483'),
 ('9', '1', '2017-09-13 09:18:30', '2017-09-13 09:21:01', '86c74ee6-27a3-4854-9e61-53761d95af92');



DROP TABLE IF EXISTS `craft_systemsettings`;


--
-- Schema for table `craft_systemsettings`
--
CREATE TABLE `craft_systemsettings` (
  `id` int(11) NOT NULL AUTO_INCREMENT,
  `category` varchar(15) COLLATE utf8_unicode_ci NOT NULL,
  `settings` text COLLATE utf8_unicode_ci,
  `dateCreated` datetime NOT NULL,
  `dateUpdated` datetime NOT NULL,
  `uid` char(36) COLLATE utf8_unicode_ci NOT NULL DEFAULT '0',
  PRIMARY KEY (`id`),
  UNIQUE KEY `craft_systemsettings_category_unq_idx` (`category`)
) ENGINE=InnoDB AUTO_INCREMENT=2 DEFAULT CHARSET=utf8 COLLATE=utf8_unicode_ci;

--
-- Data for table `craft_systemsettings`
--

INSERT INTO `craft_systemsettings` (`id`, `category`, `settings`, `dateCreated`, `dateUpdated`, `uid`) VALUES
 ('1', 'email', '{\"protocol\":\"php\",\"emailAddress\":\"carl@avidanodigital.com\",\"senderName\":\"Lc\"}', '2017-08-24 19:10:40', '2017-08-24 19:10:40', '9ce3e934-a9d1-461b-b63f-552e1a2a3e57');



DROP TABLE IF EXISTS `craft_taggroups`;


--
-- Schema for table `craft_taggroups`
--
CREATE TABLE `craft_taggroups` (
  `id` int(11) NOT NULL AUTO_INCREMENT,
  `name` varchar(255) COLLATE utf8_unicode_ci NOT NULL,
  `handle` varchar(255) COLLATE utf8_unicode_ci NOT NULL,
  `fieldLayoutId` int(10) DEFAULT NULL,
  `dateCreated` datetime NOT NULL,
  `dateUpdated` datetime NOT NULL,
  `uid` char(36) COLLATE utf8_unicode_ci NOT NULL DEFAULT '0',
  PRIMARY KEY (`id`),
  UNIQUE KEY `craft_taggroups_name_unq_idx` (`name`),
  UNIQUE KEY `craft_taggroups_handle_unq_idx` (`handle`),
  KEY `craft_taggroups_fieldLayoutId_fk` (`fieldLayoutId`)
) ENGINE=InnoDB AUTO_INCREMENT=2 DEFAULT CHARSET=utf8 COLLATE=utf8_unicode_ci;

--
-- Data for table `craft_taggroups`
--

INSERT INTO `craft_taggroups` (`id`, `name`, `handle`, `fieldLayoutId`, `dateCreated`, `dateUpdated`, `uid`) VALUES
 ('1', 'Default', 'default', '1', '2017-08-24 19:10:40', '2017-08-24 19:10:40', '14f78ef4-3ec2-4ae5-9063-fa38e0184e99');



DROP TABLE IF EXISTS `craft_tags`;


--
-- Schema for table `craft_tags`
--
CREATE TABLE `craft_tags` (
  `id` int(11) NOT NULL,
  `groupId` int(11) NOT NULL,
  `dateCreated` datetime NOT NULL,
  `dateUpdated` datetime NOT NULL,
  `uid` char(36) COLLATE utf8_unicode_ci NOT NULL DEFAULT '0',
  PRIMARY KEY (`id`),
  KEY `craft_tags_groupId_fk` (`groupId`)
) ENGINE=InnoDB DEFAULT CHARSET=utf8 COLLATE=utf8_unicode_ci;

DROP TABLE IF EXISTS `craft_tasks`;


--
-- Schema for table `craft_tasks`
--
CREATE TABLE `craft_tasks` (
  `id` int(11) NOT NULL AUTO_INCREMENT,
  `root` int(11) unsigned DEFAULT NULL,
  `lft` int(11) unsigned NOT NULL,
  `rgt` int(11) unsigned NOT NULL,
  `level` smallint(6) unsigned NOT NULL,
  `currentStep` int(11) unsigned DEFAULT NULL,
  `totalSteps` int(11) unsigned DEFAULT NULL,
  `status` enum('pending','error','running') COLLATE utf8_unicode_ci DEFAULT NULL,
  `type` varchar(150) COLLATE utf8_unicode_ci NOT NULL,
  `description` varchar(255) COLLATE utf8_unicode_ci DEFAULT NULL,
  `settings` mediumtext COLLATE utf8_unicode_ci,
  `dateCreated` datetime NOT NULL,
  `dateUpdated` datetime NOT NULL,
  `uid` char(36) COLLATE utf8_unicode_ci NOT NULL DEFAULT '0',
  PRIMARY KEY (`id`),
  KEY `craft_tasks_root_idx` (`root`),
  KEY `craft_tasks_lft_idx` (`lft`),
  KEY `craft_tasks_rgt_idx` (`rgt`),
  KEY `craft_tasks_level_idx` (`level`)
) ENGINE=InnoDB AUTO_INCREMENT=25 DEFAULT CHARSET=utf8 COLLATE=utf8_unicode_ci;

--
-- Data for table `craft_tasks`
--

INSERT INTO `craft_tasks` (`id`, `root`, `lft`, `rgt`, `level`, `currentStep`, `totalSteps`, `status`, `type`, `description`, `settings`, `dateCreated`, `dateUpdated`, `uid`) VALUES
 ('24', '24', '1', '2', '0', NULL, NULL, 'pending', 'DeleteStaleTemplateCaches', NULL, '{\"elementId\":[\"316\",\"317\",\"142\",\"145\",\"318\",\"319\",\"144\",\"146\",\"219\",\"225\",\"147\",\"148\",\"149\",\"150\",\"151\",\"152\",\"153\",\"154\",\"155\",\"156\",\"157\",\"158\",\"159\",\"160\",\"161\",\"162\",\"163\",\"164\",\"165\",\"166\",\"167\",\"168\",\"169\",\"170\",\"171\",\"172\",\"379\",\"393\",\"391\",\"392\"]}', '2017-09-17 14:03:39', '2017-09-17 14:03:46', '0c0a06ce-346b-4011-9a00-a8d3ef1a6454');



DROP TABLE IF EXISTS `craft_templatecachecriteria`;


--
-- Schema for table `craft_templatecachecriteria`
--
CREATE TABLE `craft_templatecachecriteria` (
  `id` int(11) NOT NULL AUTO_INCREMENT,
  `cacheId` int(11) NOT NULL,
  `type` varchar(150) COLLATE utf8_unicode_ci NOT NULL,
  `criteria` text COLLATE utf8_unicode_ci NOT NULL,
  PRIMARY KEY (`id`),
  KEY `craft_templatecachecriteria_cacheId_fk` (`cacheId`),
  KEY `craft_templatecachecriteria_type_idx` (`type`)
) ENGINE=InnoDB DEFAULT CHARSET=utf8 COLLATE=utf8_unicode_ci;

DROP TABLE IF EXISTS `craft_templatecacheelements`;


--
-- Schema for table `craft_templatecacheelements`
--
CREATE TABLE `craft_templatecacheelements` (
  `cacheId` int(11) NOT NULL,
  `elementId` int(11) NOT NULL,
  KEY `craft_templatecacheelements_cacheId_fk` (`cacheId`),
  KEY `craft_templatecacheelements_elementId_fk` (`elementId`)
) ENGINE=InnoDB DEFAULT CHARSET=utf8 COLLATE=utf8_unicode_ci;

DROP TABLE IF EXISTS `craft_templatecaches`;


--
-- Schema for table `craft_templatecaches`
--
CREATE TABLE `craft_templatecaches` (
  `id` int(11) NOT NULL AUTO_INCREMENT,
  `cacheKey` varchar(255) COLLATE utf8_unicode_ci NOT NULL,
  `locale` char(12) COLLATE utf8_unicode_ci NOT NULL,
  `path` varchar(255) COLLATE utf8_unicode_ci DEFAULT NULL,
  `expiryDate` datetime NOT NULL,
  `body` mediumtext COLLATE utf8_unicode_ci NOT NULL,
  PRIMARY KEY (`id`),
  KEY `craft_templatecaches_expiryDate_cacheKey_locale_path_idx` (`expiryDate`,`cacheKey`,`locale`,`path`),
  KEY `craft_templatecaches_locale_fk` (`locale`)
) ENGINE=InnoDB DEFAULT CHARSET=utf8 COLLATE=utf8_unicode_ci;

DROP TABLE IF EXISTS `craft_tokens`;


--
-- Schema for table `craft_tokens`
--
CREATE TABLE `craft_tokens` (
  `id` int(11) NOT NULL AUTO_INCREMENT,
  `token` char(32) COLLATE utf8_unicode_ci NOT NULL,
  `route` text COLLATE utf8_unicode_ci,
  `usageLimit` tinyint(3) unsigned DEFAULT NULL,
  `usageCount` tinyint(3) unsigned DEFAULT NULL,
  `expiryDate` datetime NOT NULL,
  `dateCreated` datetime NOT NULL,
  `dateUpdated` datetime NOT NULL,
  `uid` char(36) COLLATE utf8_unicode_ci NOT NULL DEFAULT '0',
  PRIMARY KEY (`id`),
  UNIQUE KEY `craft_tokens_token_unq_idx` (`token`),
  KEY `craft_tokens_expiryDate_idx` (`expiryDate`)
) ENGINE=InnoDB DEFAULT CHARSET=utf8 COLLATE=utf8_unicode_ci;

DROP TABLE IF EXISTS `craft_usergroups`;


--
-- Schema for table `craft_usergroups`
--
CREATE TABLE `craft_usergroups` (
  `id` int(11) NOT NULL AUTO_INCREMENT,
  `name` varchar(255) COLLATE utf8_unicode_ci NOT NULL,
  `handle` varchar(255) COLLATE utf8_unicode_ci NOT NULL,
  `dateCreated` datetime NOT NULL,
  `dateUpdated` datetime NOT NULL,
  `uid` char(36) COLLATE utf8_unicode_ci NOT NULL DEFAULT '0',
  PRIMARY KEY (`id`),
  UNIQUE KEY `craft_usergroups_name_unq_idx` (`name`),
  UNIQUE KEY `craft_usergroups_handle_unq_idx` (`handle`)
) ENGINE=InnoDB DEFAULT CHARSET=utf8 COLLATE=utf8_unicode_ci;

DROP TABLE IF EXISTS `craft_usergroups_users`;


--
-- Schema for table `craft_usergroups_users`
--
CREATE TABLE `craft_usergroups_users` (
  `id` int(11) NOT NULL AUTO_INCREMENT,
  `groupId` int(11) NOT NULL,
  `userId` int(11) NOT NULL,
  `dateCreated` datetime NOT NULL,
  `dateUpdated` datetime NOT NULL,
  `uid` char(36) COLLATE utf8_unicode_ci NOT NULL DEFAULT '0',
  PRIMARY KEY (`id`),
  UNIQUE KEY `craft_usergroups_users_groupId_userId_unq_idx` (`groupId`,`userId`),
  KEY `craft_usergroups_users_userId_fk` (`userId`)
) ENGINE=InnoDB DEFAULT CHARSET=utf8 COLLATE=utf8_unicode_ci;

DROP TABLE IF EXISTS `craft_userpermissions`;


--
-- Schema for table `craft_userpermissions`
--
CREATE TABLE `craft_userpermissions` (
  `id` int(11) NOT NULL AUTO_INCREMENT,
  `name` varchar(255) COLLATE utf8_unicode_ci NOT NULL,
  `dateCreated` datetime NOT NULL,
  `dateUpdated` datetime NOT NULL,
  `uid` char(36) COLLATE utf8_unicode_ci NOT NULL DEFAULT '0',
  PRIMARY KEY (`id`),
  UNIQUE KEY `craft_userpermissions_name_unq_idx` (`name`)
) ENGINE=InnoDB DEFAULT CHARSET=utf8 COLLATE=utf8_unicode_ci;

DROP TABLE IF EXISTS `craft_userpermissions_usergroups`;


--
-- Schema for table `craft_userpermissions_usergroups`
--
CREATE TABLE `craft_userpermissions_usergroups` (
  `id` int(11) NOT NULL AUTO_INCREMENT,
  `permissionId` int(11) NOT NULL,
  `groupId` int(11) NOT NULL,
  `dateCreated` datetime NOT NULL,
  `dateUpdated` datetime NOT NULL,
  `uid` char(36) COLLATE utf8_unicode_ci NOT NULL DEFAULT '0',
  PRIMARY KEY (`id`),
  UNIQUE KEY `craft_userpermissions_usergroups_permissionId_groupId_unq_idx` (`permissionId`,`groupId`),
  KEY `craft_userpermissions_usergroups_groupId_fk` (`groupId`)
) ENGINE=InnoDB DEFAULT CHARSET=utf8 COLLATE=utf8_unicode_ci;

DROP TABLE IF EXISTS `craft_userpermissions_users`;


--
-- Schema for table `craft_userpermissions_users`
--
CREATE TABLE `craft_userpermissions_users` (
  `id` int(11) NOT NULL AUTO_INCREMENT,
  `permissionId` int(11) NOT NULL,
  `userId` int(11) NOT NULL,
  `dateCreated` datetime NOT NULL,
  `dateUpdated` datetime NOT NULL,
  `uid` char(36) COLLATE utf8_unicode_ci NOT NULL DEFAULT '0',
  PRIMARY KEY (`id`),
  UNIQUE KEY `craft_userpermissions_users_permissionId_userId_unq_idx` (`permissionId`,`userId`),
  KEY `craft_userpermissions_users_userId_fk` (`userId`)
) ENGINE=InnoDB DEFAULT CHARSET=utf8 COLLATE=utf8_unicode_ci;

DROP TABLE IF EXISTS `craft_users`;


--
-- Schema for table `craft_users`
--
CREATE TABLE `craft_users` (
  `id` int(11) NOT NULL,
  `username` varchar(100) COLLATE utf8_unicode_ci NOT NULL,
  `photo` varchar(100) COLLATE utf8_unicode_ci DEFAULT NULL,
  `firstName` varchar(100) COLLATE utf8_unicode_ci DEFAULT NULL,
  `lastName` varchar(100) COLLATE utf8_unicode_ci DEFAULT NULL,
  `email` varchar(255) COLLATE utf8_unicode_ci NOT NULL,
  `password` char(255) COLLATE utf8_unicode_ci DEFAULT NULL,
  `preferredLocale` char(12) COLLATE utf8_unicode_ci DEFAULT NULL,
  `weekStartDay` tinyint(1) unsigned NOT NULL DEFAULT '0',
  `admin` tinyint(1) unsigned NOT NULL DEFAULT '0',
  `client` tinyint(1) unsigned NOT NULL DEFAULT '0',
  `locked` tinyint(1) unsigned NOT NULL DEFAULT '0',
  `suspended` tinyint(1) unsigned NOT NULL DEFAULT '0',
  `pending` tinyint(1) unsigned NOT NULL DEFAULT '0',
  `archived` tinyint(1) unsigned NOT NULL DEFAULT '0',
  `lastLoginDate` datetime DEFAULT NULL,
  `lastLoginAttemptIPAddress` varchar(45) COLLATE utf8_unicode_ci DEFAULT NULL,
  `invalidLoginWindowStart` datetime DEFAULT NULL,
  `invalidLoginCount` tinyint(4) unsigned DEFAULT NULL,
  `lastInvalidLoginDate` datetime DEFAULT NULL,
  `lockoutDate` datetime DEFAULT NULL,
  `verificationCode` char(100) COLLATE utf8_unicode_ci DEFAULT NULL,
  `verificationCodeIssuedDate` datetime DEFAULT NULL,
  `unverifiedEmail` varchar(255) COLLATE utf8_unicode_ci DEFAULT NULL,
  `passwordResetRequired` tinyint(1) unsigned NOT NULL DEFAULT '0',
  `lastPasswordChangeDate` datetime DEFAULT NULL,
  `dateCreated` datetime NOT NULL,
  `dateUpdated` datetime NOT NULL,
  `uid` char(36) COLLATE utf8_unicode_ci NOT NULL DEFAULT '0',
  PRIMARY KEY (`id`),
  UNIQUE KEY `craft_users_username_unq_idx` (`username`),
  UNIQUE KEY `craft_users_email_unq_idx` (`email`),
  KEY `craft_users_verificationCode_idx` (`verificationCode`),
  KEY `craft_users_uid_idx` (`uid`),
  KEY `craft_users_preferredLocale_fk` (`preferredLocale`)
) ENGINE=InnoDB DEFAULT CHARSET=utf8 COLLATE=utf8_unicode_ci;

--
-- Data for table `craft_users`
--

INSERT INTO `craft_users` (`id`, `username`, `photo`, `firstName`, `lastName`, `email`, `password`, `preferredLocale`, `weekStartDay`, `admin`, `client`, `locked`, `suspended`, `pending`, `archived`, `lastLoginDate`, `lastLoginAttemptIPAddress`, `invalidLoginWindowStart`, `invalidLoginCount`, `lastInvalidLoginDate`, `lockoutDate`, `verificationCode`, `verificationCodeIssuedDate`, `unverifiedEmail`, `passwordResetRequired`, `lastPasswordChangeDate`, `dateCreated`, `dateUpdated`, `uid`) VALUES
 ('1', 'cavidano1', NULL, '', '', 'carl@avidanodigital.com', '$2y$13$Cbgha4MHs6ER8EDyyviR.uKnQiQAlg96lDn76JMy.5TAzyOzuwMXS', NULL, '0', '1', '0', '0', '0', '0', '0', '2017-09-17 09:10:10', '::1', NULL, NULL, '2017-08-25 12:59:32', NULL, NULL, NULL, NULL, '0', '2017-08-24 19:10:37', '2017-08-24 19:10:37', '2017-09-17 09:10:10', '187470b6-5e5c-445b-a211-d700e22146ae');



DROP TABLE IF EXISTS `craft_venti_events`;


--
-- Schema for table `craft_venti_events`
--
CREATE TABLE `craft_venti_events` (
  `id` int(11) NOT NULL AUTO_INCREMENT,
  `groupId` int(11) NOT NULL,
  `elementId` int(10) DEFAULT NULL,
  `startDate` datetime NOT NULL,
  `endDate` datetime NOT NULL,
  `allDay` int(10) DEFAULT NULL,
  `repeat` int(10) DEFAULT NULL,
  `rRule` varchar(255) COLLATE utf8_unicode_ci DEFAULT NULL,
  `summary` varchar(255) COLLATE utf8_unicode_ci DEFAULT NULL,
  `locale` char(12) COLLATE utf8_unicode_ci NOT NULL,
  `location` text COLLATE utf8_unicode_ci,
  `specificLocation` varchar(255) COLLATE utf8_unicode_ci DEFAULT NULL,
  `registration` text COLLATE utf8_unicode_ci,
  `dateCreated` datetime NOT NULL,
  `dateUpdated` datetime NOT NULL,
  `uid` char(36) COLLATE utf8_unicode_ci NOT NULL DEFAULT '0',
  PRIMARY KEY (`id`),
  KEY `craft_venti_events_elementId_fk` (`elementId`),
  KEY `craft_venti_events_groupId_fk` (`groupId`)
) ENGINE=InnoDB AUTO_INCREMENT=16 DEFAULT CHARSET=utf8 COLLATE=utf8_unicode_ci;

--
-- Data for table `craft_venti_events`
--

INSERT INTO `craft_venti_events` (`id`, `groupId`, `elementId`, `startDate`, `endDate`, `allDay`, `repeat`, `rRule`, `summary`, `locale`, `location`, `specificLocation`, `registration`, `dateCreated`, `dateUpdated`, `uid`) VALUES
 ('6', '1', '344', '2017-09-12 12:30:00', '2017-09-12 13:30:00', NULL, NULL, NULL, '', 'en_us', NULL, NULL, NULL, '2017-09-14 08:25:26', '2017-09-15 09:56:54', '0fdb0826-c65b-4abf-8677-8312217e45f0'),
 ('7', '1', '345', '2017-09-19 12:30:00', '2017-09-19 13:30:00', NULL, NULL, NULL, '', 'en_us', NULL, NULL, NULL, '2017-09-14 08:41:25', '2017-09-15 09:57:01', '9e42b7e4-ed32-4f6c-8aaa-2618797855a0'),
 ('8', '1', '346', '2017-09-26 12:30:00', '2017-09-26 13:30:00', NULL, NULL, NULL, '', 'en_us', NULL, NULL, NULL, '2017-09-14 08:44:20', '2017-09-15 09:57:11', '669be79c-c541-429e-87d5-683033c5bc4c'),
 ('9', '1', '347', '2017-10-03 12:30:00', '2017-10-03 13:30:00', NULL, NULL, NULL, '', 'en_us', NULL, NULL, NULL, '2017-09-14 08:47:28', '2017-09-15 09:57:20', '5f2617ce-7005-4914-898a-d441ea9d4d83'),
 ('10', '2', '348', '2017-08-27 11:00:00', '2017-08-27 12:30:00', NULL, '1', 'FREQ=WEEKLY;DTSTART=20170827T110000Z;DTEND=20170827T123000Z;BYDAY=SU;WKST=MO', 'Weekly on Sunday', 'en_us', NULL, NULL, NULL, '2017-09-14 08:55:46', '2017-09-14 08:56:12', '5394990e-5962-49bc-94c5-3457ea6b975e'),
 ('11', '2', '349', '2017-09-01 08:40:00', '2017-09-01 09:00:00', NULL, '1', 'FREQ=WEEKLY;DTSTART=20170901T084000Z;DTEND=20170901T090000Z;BYDAY=MO,TU,WE,TH,FR;WKST=MO', 'Weekly on Monday, Tuesday, Wednesday, Thursday and Friday', 'en_us', NULL, NULL, NULL, '2017-09-14 08:58:26', '2017-09-14 08:58:35', 'eede9842-da0d-42cd-806e-c2ace87eb12d'),
 ('12', '4', '377', '2017-10-01 10:00:00', '2017-10-01 11:00:00', NULL, NULL, NULL, '', 'en_us', NULL, NULL, NULL, '2017-09-16 17:11:37', '2017-09-17 14:01:34', '7df7e3b2-f60b-4ce7-a35a-5539c473ed84'),
 ('13', '5', '384', '2017-10-01 00:00:00', '2017-10-01 23:59:00', '1', NULL, NULL, '', 'en_us', NULL, NULL, NULL, '2017-09-16 21:50:54', '2017-09-17 12:31:27', '8518050d-fec5-4925-a6b4-ccc94c7d557f'),
 ('14', '5', '387', '2017-10-08 11:00:00', '2017-10-08 13:00:00', NULL, NULL, NULL, '', 'en_us', NULL, NULL, NULL, '2017-09-16 22:31:41', '2017-09-16 22:32:15', 'bd80ed33-158d-48be-9986-96ea05faf598'),
 ('15', '5', '388', '2017-10-14 00:00:00', '2017-10-15 00:00:00', NULL, NULL, NULL, '', 'en_us', NULL, NULL, NULL, '2017-09-16 22:37:49', '2017-09-16 22:38:13', '136587f8-c041-4189-ba85-11d1af5ed2c4');



DROP TABLE IF EXISTS `craft_venti_groups`;


--
-- Schema for table `craft_venti_groups`
--
CREATE TABLE `craft_venti_groups` (
  `id` int(11) NOT NULL AUTO_INCREMENT,
  `name` varchar(255) COLLATE utf8_unicode_ci NOT NULL,
  `handle` varchar(255) COLLATE utf8_unicode_ci NOT NULL,
  `fieldLayoutId` int(10) DEFAULT NULL,
  `hasUrls` tinyint(1) unsigned NOT NULL DEFAULT '1',
  `template` varchar(255) COLLATE utf8_unicode_ci DEFAULT NULL,
  `color` varchar(255) COLLATE utf8_unicode_ci DEFAULT NULL,
  `description` text COLLATE utf8_unicode_ci,
  `dateCreated` datetime NOT NULL,
  `dateUpdated` datetime NOT NULL,
  `uid` char(36) COLLATE utf8_unicode_ci NOT NULL DEFAULT '0',
  PRIMARY KEY (`id`),
  UNIQUE KEY `craft_venti_groups_name_unq_idx` (`name`),
  UNIQUE KEY `craft_venti_groups_handle_unq_idx` (`handle`),
  KEY `craft_venti_groups_fieldLayoutId_fk` (`fieldLayoutId`)
) ENGINE=InnoDB AUTO_INCREMENT=6 DEFAULT CHARSET=utf8 COLLATE=utf8_unicode_ci;

--
-- Data for table `craft_venti_groups`
--

INSERT INTO `craft_venti_groups` (`id`, `name`, `handle`, `fieldLayoutId`, `hasUrls`, `template`, `color`, `description`, `dateCreated`, `dateUpdated`, `uid`) VALUES
 ('1', 'Music', 'music', '224', '1', 'events/_entry', '#00569b', '', '2017-09-06 18:17:55', '2017-09-17 12:07:49', '49b16939-b270-4077-9f9b-9bef1f588d5e'),
 ('2', 'Worship', 'worship', '224', '1', 'events/_entry', '#009a47', '', '2017-09-07 16:44:30', '2017-09-17 12:08:18', '7903e7e0-1608-454b-a19d-b7a100f692fb'),
 ('4', 'Adult Education', 'adultEducation', '224', '1', 'events/_entry', '#813c9b', '', '2017-09-16 17:04:02', '2017-09-17 12:07:41', 'bd609ea3-0fcc-48bc-b502-04fd85053d0b'),
 ('5', 'Special Events', 'specialEvents', '224', '1', 'events/_entry', '#da2d1d', '', '2017-09-16 21:38:51', '2017-09-17 12:07:56', 'd8153934-a009-49c1-be01-1fbabc0fce2a');



DROP TABLE IF EXISTS `craft_venti_groups_i18n`;


--
-- Schema for table `craft_venti_groups_i18n`
--
CREATE TABLE `craft_venti_groups_i18n` (
  `id` int(11) NOT NULL AUTO_INCREMENT,
  `groupId` int(11) NOT NULL,
  `locale` char(12) COLLATE utf8_unicode_ci NOT NULL,
  `enabledByDefault` tinyint(1) unsigned NOT NULL DEFAULT '1',
  `urlFormat` text COLLATE utf8_unicode_ci,
  `enabled` tinyint(1) unsigned NOT NULL DEFAULT '1',
  `dateCreated` datetime NOT NULL,
  `dateUpdated` datetime NOT NULL,
  `uid` char(36) COLLATE utf8_unicode_ci NOT NULL DEFAULT '0',
  PRIMARY KEY (`id`),
  UNIQUE KEY `craft_venti_groups_i18n_groupId_locale_unq_idx` (`groupId`,`locale`),
  KEY `craft_venti_groups_i18n_locale_fk` (`locale`)
) ENGINE=InnoDB AUTO_INCREMENT=6 DEFAULT CHARSET=utf8 COLLATE=utf8_unicode_ci;

--
-- Data for table `craft_venti_groups_i18n`
--

INSERT INTO `craft_venti_groups_i18n` (`id`, `groupId`, `locale`, `enabledByDefault`, `urlFormat`, `enabled`, `dateCreated`, `dateUpdated`, `uid`) VALUES
 ('1', '1', 'en_us', '0', 'event/{slug}/{startDate|date(\"Y-m-d\")}', '1', '2017-09-06 18:17:55', '2017-09-06 18:17:55', '0183a4c5-6a75-4f10-b1ba-a29b9bd0e8eb'),
 ('2', '2', 'en_us', '0', 'event/{slug}/{startDate|date(\"Y-m-d\")}', '1', '2017-09-07 16:44:30', '2017-09-07 16:44:30', '7ed933b8-8d66-46f7-8a77-aa2cac4ac469'),
 ('4', '4', 'en_us', '0', 'event/{slug}/{startDate|date(\"Y-m-d\")}', '1', '2017-09-16 17:04:02', '2017-09-16 17:04:02', '6c560462-7e20-460e-9125-3a7c9d6c5dcd'),
 ('5', '5', 'en_us', '0', 'event/{slug}/{startDate|date(\"Y-m-d\")}', '1', '2017-09-16 21:38:51', '2017-09-16 21:38:51', '4781f416-a507-4a67-9045-c400493bad3c');



DROP TABLE IF EXISTS `craft_venti_locations`;


--
-- Schema for table `craft_venti_locations`
--
CREATE TABLE `craft_venti_locations` (
  `id` int(11) NOT NULL,
  `address` varchar(255) COLLATE utf8_unicode_ci DEFAULT NULL,
  `addressTwo` varchar(255) COLLATE utf8_unicode_ci DEFAULT NULL,
  `city` varchar(255) COLLATE utf8_unicode_ci DEFAULT NULL,
  `state` varchar(255) COLLATE utf8_unicode_ci DEFAULT NULL,
  `zipCode` varchar(255) COLLATE utf8_unicode_ci DEFAULT NULL,
  `country` varchar(255) COLLATE utf8_unicode_ci DEFAULT NULL,
  `longitude` varchar(255) COLLATE utf8_unicode_ci DEFAULT NULL,
  `latitude` varchar(255) COLLATE utf8_unicode_ci DEFAULT NULL,
  `website` varchar(255) COLLATE utf8_unicode_ci DEFAULT NULL,
  `dateCreated` datetime NOT NULL,
  `dateUpdated` datetime NOT NULL,
  `uid` char(36) COLLATE utf8_unicode_ci NOT NULL DEFAULT '0',
  PRIMARY KEY (`id`)
) ENGINE=InnoDB DEFAULT CHARSET=utf8 COLLATE=utf8_unicode_ci;

DROP TABLE IF EXISTS `craft_venti_recurr`;


--
-- Schema for table `craft_venti_recurr`
--
CREATE TABLE `craft_venti_recurr` (
  `eid` int(11) NOT NULL AUTO_INCREMENT,
  `cid` int(10) DEFAULT NULL,
  `startDate` datetime NOT NULL,
  `endDate` datetime NOT NULL,
  `isrepeat` int(10) DEFAULT NULL,
  `dateCreated` datetime NOT NULL,
  `dateUpdated` datetime NOT NULL,
  `uid` char(36) COLLATE utf8_unicode_ci NOT NULL DEFAULT '0',
  PRIMARY KEY (`eid`),
  UNIQUE KEY `craft_venti_recurr_eid_unq_idx` (`eid`),
  KEY `craft_venti_recurr_cid_fk` (`cid`)
) ENGINE=InnoDB AUTO_INCREMENT=16235 DEFAULT CHARSET=utf8 COLLATE=utf8_unicode_ci;

--
-- Data for table `craft_venti_recurr`
--

INSERT INTO `craft_venti_recurr` (`eid`, `cid`, `startDate`, `endDate`, `isrepeat`, `dateCreated`, `dateUpdated`, `uid`) VALUES
 ('12505', '10', '2017-08-27 11:00:00', '2017-08-27 12:30:00', '0', '2017-09-14 08:56:12', '2017-09-14 08:56:12', '447d00eb-742a-4dea-94e9-e4d0b183e2a2'),
 ('12506', '10', '2017-09-03 11:00:00', '2017-09-03 12:30:00', '1', '2017-09-14 08:56:12', '2017-09-14 08:56:12', 'e797aed2-26c8-47a6-92e2-8995d524be6d'),
 ('12507', '10', '2017-09-10 11:00:00', '2017-09-10 12:30:00', '1', '2017-09-14 08:56:12', '2017-09-14 08:56:12', '53e1b433-96cb-486c-8150-5d250099f2aa'),
 ('12508', '10', '2017-09-17 11:00:00', '2017-09-17 12:30:00', '1', '2017-09-14 08:56:12', '2017-09-14 08:56:12', '403f3539-c48d-401e-a67c-d9c3c9bd0fcc'),
 ('12509', '10', '2017-09-24 11:00:00', '2017-09-24 12:30:00', '1', '2017-09-14 08:56:12', '2017-09-14 08:56:12', 'c0668605-e9d5-4a54-8896-1ca0f7638688'),
 ('12510', '10', '2017-10-01 11:00:00', '2017-10-01 12:30:00', '1', '2017-09-14 08:56:12', '2017-09-14 08:56:12', '35b141bb-942b-4704-a403-60499dbd317f'),
 ('12511', '10', '2017-10-08 11:00:00', '2017-10-08 12:30:00', '1', '2017-09-14 08:56:12', '2017-09-14 08:56:12', '4523eefd-6873-4aaf-9da8-a7d3635303e4'),
 ('12512', '10', '2017-10-15 11:00:00', '2017-10-15 12:30:00', '1', '2017-09-14 08:56:12', '2017-09-14 08:56:12', 'fea80ce3-d767-48e3-8b1b-6d1ab839bc15'),
 ('12513', '10', '2017-10-22 11:00:00', '2017-10-22 12:30:00', '1', '2017-09-14 08:56:12', '2017-09-14 08:56:12', 'e42ff911-4988-47b4-afca-0e913cc12e99'),
 ('12514', '10', '2017-10-29 11:00:00', '2017-10-29 12:30:00', '1', '2017-09-14 08:56:12', '2017-09-14 08:56:12', '42a5a42d-6872-4b59-8e71-7eb57b3f8e6d'),
 ('12515', '10', '2017-11-05 11:00:00', '2017-11-05 12:30:00', '1', '2017-09-14 08:56:12', '2017-09-14 08:56:12', '1dd3b2bd-8a2e-4c00-a090-85db18ef3ed2'),
 ('12516', '10', '2017-11-12 11:00:00', '2017-11-12 12:30:00', '1', '2017-09-14 08:56:12', '2017-09-14 08:56:12', 'e427d609-ac03-43ac-aa41-17922166dd22'),
 ('12517', '10', '2017-11-19 11:00:00', '2017-11-19 12:30:00', '1', '2017-09-14 08:56:12', '2017-09-14 08:56:12', 'cf351f6c-0c44-4bad-9965-ee84afb2fecc'),
 ('12518', '10', '2017-11-26 11:00:00', '2017-11-26 12:30:00', '1', '2017-09-14 08:56:12', '2017-09-14 08:56:12', '3fb3f2d1-a12f-49b3-8bd0-25ab0bb85d87'),
 ('12519', '10', '2017-12-03 11:00:00', '2017-12-03 12:30:00', '1', '2017-09-14 08:56:12', '2017-09-14 08:56:12', '29278320-1503-4371-8d15-7847c7ec7a49'),
 ('12520', '10', '2017-12-10 11:00:00', '2017-12-10 12:30:00', '1', '2017-09-14 08:56:12', '2017-09-14 08:56:12', 'b30d76a3-3813-43ff-9f91-8bc85e240e26'),
 ('12521', '10', '2017-12-17 11:00:00', '2017-12-17 12:30:00', '1', '2017-09-14 08:56:12', '2017-09-14 08:56:12', 'de662539-d53a-4076-8c17-440b71d04a33'),
 ('12522', '10', '2017-12-24 11:00:00', '2017-12-24 12:30:00', '1', '2017-09-14 08:56:12', '2017-09-14 08:56:12', 'b820d25e-ca0b-4f22-9ac8-d5dc0b2874dd'),
 ('12523', '10', '2017-12-31 11:00:00', '2017-12-31 12:30:00', '1', '2017-09-14 08:56:12', '2017-09-14 08:56:12', '8b3ab889-5204-4189-bfcc-d790c29f63c2'),
 ('12524', '10', '2018-01-07 11:00:00', '2018-01-07 12:30:00', '1', '2017-09-14 08:56:12', '2017-09-14 08:56:12', '96c1c994-555b-4455-b117-d329b7b9cc09'),
 ('12525', '10', '2018-01-14 11:00:00', '2018-01-14 12:30:00', '1', '2017-09-14 08:56:12', '2017-09-14 08:56:12', '09f26ed6-a8a4-411b-ab73-b1916e3ddd9a'),
 ('12526', '10', '2018-01-21 11:00:00', '2018-01-21 12:30:00', '1', '2017-09-14 08:56:12', '2017-09-14 08:56:12', '4042f418-9997-4d33-82a5-416dbe999226'),
 ('12527', '10', '2018-01-28 11:00:00', '2018-01-28 12:30:00', '1', '2017-09-14 08:56:12', '2017-09-14 08:56:12', '509917f5-f071-4524-ae59-1f2960967e70'),
 ('12528', '10', '2018-02-04 11:00:00', '2018-02-04 12:30:00', '1', '2017-09-14 08:56:12', '2017-09-14 08:56:12', '0f7bfc6f-2a3b-441e-9b74-e6a03f04b0a3'),
 ('12529', '10', '2018-02-11 11:00:00', '2018-02-11 12:30:00', '1', '2017-09-14 08:56:12', '2017-09-14 08:56:12', 'f80aade8-c940-4c3b-a738-a809abf66cbc'),
 ('12530', '10', '2018-02-18 11:00:00', '2018-02-18 12:30:00', '1', '2017-09-14 08:56:12', '2017-09-14 08:56:12', '2b1c0b56-1442-40cb-8484-e96d4e8a9f89'),
 ('12531', '10', '2018-02-25 11:00:00', '2018-02-25 12:30:00', '1', '2017-09-14 08:56:12', '2017-09-14 08:56:12', '16736146-8e19-4967-9f92-0bc389025584'),
 ('12532', '10', '2018-03-04 11:00:00', '2018-03-04 12:30:00', '1', '2017-09-14 08:56:12', '2017-09-14 08:56:12', '4cfc83b5-7912-4016-8eda-26cab3de4753'),
 ('12533', '10', '2018-03-11 11:00:00', '2018-03-11 12:30:00', '1', '2017-09-14 08:56:12', '2017-09-14 08:56:12', '889dcc3b-940f-4bb3-8033-81c206a53f30'),
 ('12534', '10', '2018-03-18 11:00:00', '2018-03-18 12:30:00', '1', '2017-09-14 08:56:12', '2017-09-14 08:56:12', 'b731ceae-d140-49e6-8966-a0b4f79589fc'),
 ('12535', '10', '2018-03-25 11:00:00', '2018-03-25 12:30:00', '1', '2017-09-14 08:56:12', '2017-09-14 08:56:12', 'f8716e87-ee5d-45dc-be58-d0755b23ba96'),
 ('12536', '10', '2018-04-01 11:00:00', '2018-04-01 12:30:00', '1', '2017-09-14 08:56:12', '2017-09-14 08:56:12', 'a536e5c3-e0cc-4309-9d97-799b4dc20984'),
 ('12537', '10', '2018-04-08 11:00:00', '2018-04-08 12:30:00', '1', '2017-09-14 08:56:12', '2017-09-14 08:56:12', 'fb2b0916-ab1c-4482-89ff-da2d9a5f429f'),
 ('12538', '10', '2018-04-15 11:00:00', '2018-04-15 12:30:00', '1', '2017-09-14 08:56:12', '2017-09-14 08:56:12', '9bfdd2fe-c44e-4817-96d8-04af5a8100c2'),
 ('12539', '10', '2018-04-22 11:00:00', '2018-04-22 12:30:00', '1', '2017-09-14 08:56:12', '2017-09-14 08:56:12', 'fdeb1336-25cd-4873-8c3d-837afda4be8f'),
 ('12540', '10', '2018-04-29 11:00:00', '2018-04-29 12:30:00', '1', '2017-09-14 08:56:12', '2017-09-14 08:56:12', '8b321c3f-102f-40b7-b167-e6112d547405'),
 ('12541', '10', '2018-05-06 11:00:00', '2018-05-06 12:30:00', '1', '2017-09-14 08:56:12', '2017-09-14 08:56:12', '94dc817d-b5ac-4415-b339-305a2f6bb6bf'),
 ('12542', '10', '2018-05-13 11:00:00', '2018-05-13 12:30:00', '1', '2017-09-14 08:56:12', '2017-09-14 08:56:12', 'daa1a168-deb2-411d-837f-c44361359d8e'),
 ('12543', '10', '2018-05-20 11:00:00', '2018-05-20 12:30:00', '1', '2017-09-14 08:56:12', '2017-09-14 08:56:12', '059d3fa7-b536-4304-a465-70a0f157ea33'),
 ('12544', '10', '2018-05-27 11:00:00', '2018-05-27 12:30:00', '1', '2017-09-14 08:56:12', '2017-09-14 08:56:12', '65db4067-e8d3-4b87-a603-e5ca9997ca16'),
 ('12545', '10', '2018-06-03 11:00:00', '2018-06-03 12:30:00', '1', '2017-09-14 08:56:12', '2017-09-14 08:56:12', '7c3b37f3-f433-462c-a4b3-026241bbe8ce'),
 ('12546', '10', '2018-06-10 11:00:00', '2018-06-10 12:30:00', '1', '2017-09-14 08:56:12', '2017-09-14 08:56:12', '30ffecb9-0bf2-46cc-a385-8f505fe02766'),
 ('12547', '10', '2018-06-17 11:00:00', '2018-06-17 12:30:00', '1', '2017-09-14 08:56:12', '2017-09-14 08:56:12', '62c1f1bb-945d-4b74-bf0f-37d3543312a2'),
 ('12548', '10', '2018-06-24 11:00:00', '2018-06-24 12:30:00', '1', '2017-09-14 08:56:12', '2017-09-14 08:56:12', '713a00c6-de66-4f4d-872f-eaf9b74dadb6'),
 ('12549', '10', '2018-07-01 11:00:00', '2018-07-01 12:30:00', '1', '2017-09-14 08:56:12', '2017-09-14 08:56:12', 'bf2e2907-0df6-40b5-90ac-ab94d0e19769'),
 ('12550', '10', '2018-07-08 11:00:00', '2018-07-08 12:30:00', '1', '2017-09-14 08:56:12', '2017-09-14 08:56:12', '0f689b39-2084-434e-8744-f3883cd4120c'),
 ('12551', '10', '2018-07-15 11:00:00', '2018-07-15 12:30:00', '1', '2017-09-14 08:56:12', '2017-09-14 08:56:12', '153a6b68-db8d-4cc2-ab75-ec745d2bb9a3'),
 ('12552', '10', '2018-07-22 11:00:00', '2018-07-22 12:30:00', '1', '2017-09-14 08:56:12', '2017-09-14 08:56:12', 'a9004990-0079-4eaf-a25d-e04b4e8aa7e3'),
 ('12553', '10', '2018-07-29 11:00:00', '2018-07-29 12:30:00', '1', '2017-09-14 08:56:12', '2017-09-14 08:56:12', '7adf1032-5bd0-4dfd-afac-51e63af1f970'),
 ('12554', '10', '2018-08-05 11:00:00', '2018-08-05 12:30:00', '1', '2017-09-14 08:56:12', '2017-09-14 08:56:12', 'e928f5ed-276f-487e-bf1d-653a3c3c4849'),
 ('12555', '10', '2018-08-12 11:00:00', '2018-08-12 12:30:00', '1', '2017-09-14 08:56:12', '2017-09-14 08:56:12', '5c00e9fb-f490-482d-8750-ed6198f0e9ee'),
 ('12556', '10', '2018-08-19 11:00:00', '2018-08-19 12:30:00', '1', '2017-09-14 08:56:12', '2017-09-14 08:56:12', '29ae0f8e-adf3-46c1-bb6b-a2fa5ffdbed9'),
 ('12557', '10', '2018-08-26 11:00:00', '2018-08-26 12:30:00', '1', '2017-09-14 08:56:12', '2017-09-14 08:56:12', 'c999b3d2-1085-4be1-8b7d-85db244b7b24'),
 ('12558', '10', '2018-09-02 11:00:00', '2018-09-02 12:30:00', '1', '2017-09-14 08:56:12', '2017-09-14 08:56:12', 'ad5a9fff-567a-42c9-89cd-cf94fa409210'),
 ('12559', '10', '2018-09-09 11:00:00', '2018-09-09 12:30:00', '1', '2017-09-14 08:56:12', '2017-09-14 08:56:12', 'b2421559-1314-47ab-9212-ea3cef017b4f'),
 ('12560', '10', '2018-09-16 11:00:00', '2018-09-16 12:30:00', '1', '2017-09-14 08:56:12', '2017-09-14 08:56:12', 'd37ea19d-5874-4366-8d2e-8ba4eb319750'),
 ('12561', '10', '2018-09-23 11:00:00', '2018-09-23 12:30:00', '1', '2017-09-14 08:56:12', '2017-09-14 08:56:12', 'b09891d0-bfa4-416d-901e-7d576c3adf0b'),
 ('12562', '10', '2018-09-30 11:00:00', '2018-09-30 12:30:00', '1', '2017-09-14 08:56:12', '2017-09-14 08:56:12', '49d2204d-fd53-4da2-b8ce-1b9b26fe3fe4'),
 ('12563', '10', '2018-10-07 11:00:00', '2018-10-07 12:30:00', '1', '2017-09-14 08:56:12', '2017-09-14 08:56:12', '02c96c29-95df-41ad-943c-9314e33b6fd1'),
 ('12564', '10', '2018-10-14 11:00:00', '2018-10-14 12:30:00', '1', '2017-09-14 08:56:12', '2017-09-14 08:56:12', '1481b4e7-b138-4736-b8e8-1add5956692b'),
 ('12565', '10', '2018-10-21 11:00:00', '2018-10-21 12:30:00', '1', '2017-09-14 08:56:12', '2017-09-14 08:56:12', '957a1241-34da-4996-86c8-1c38f82f330c'),
 ('12566', '10', '2018-10-28 11:00:00', '2018-10-28 12:30:00', '1', '2017-09-14 08:56:12', '2017-09-14 08:56:12', 'd89bccff-a5c0-4742-a80e-dc5576438943'),
 ('12567', '10', '2018-11-04 11:00:00', '2018-11-04 12:30:00', '1', '2017-09-14 08:56:12', '2017-09-14 08:56:12', 'bbedd1ef-f6a5-4b43-b022-26ced262e81a'),
 ('12568', '10', '2018-11-11 11:00:00', '2018-11-11 12:30:00', '1', '2017-09-14 08:56:12', '2017-09-14 08:56:12', '82fbe1ab-973c-4c0d-8108-093c9805fb2c'),
 ('12569', '10', '2018-11-18 11:00:00', '2018-11-18 12:30:00', '1', '2017-09-14 08:56:12', '2017-09-14 08:56:12', 'bdfe30cd-375b-4e1b-b765-7cf98497a574'),
 ('12570', '10', '2018-11-25 11:00:00', '2018-11-25 12:30:00', '1', '2017-09-14 08:56:12', '2017-09-14 08:56:12', '2b02509e-78c1-40f5-af03-9b8ff96e49ab'),
 ('12571', '10', '2018-12-02 11:00:00', '2018-12-02 12:30:00', '1', '2017-09-14 08:56:12', '2017-09-14 08:56:12', 'd041d853-aa9e-4acc-b511-8c49c2c86622'),
 ('12572', '10', '2018-12-09 11:00:00', '2018-12-09 12:30:00', '1', '2017-09-14 08:56:12', '2017-09-14 08:56:12', '25ede5ca-1473-41d1-a68c-c5b1da3f91e3'),
 ('12573', '10', '2018-12-16 11:00:00', '2018-12-16 12:30:00', '1', '2017-09-14 08:56:12', '2017-09-14 08:56:12', '8d8bab76-8590-43c0-9ce1-0a78db694110'),
 ('12574', '10', '2018-12-23 11:00:00', '2018-12-23 12:30:00', '1', '2017-09-14 08:56:12', '2017-09-14 08:56:12', '758b9fd4-0d43-451e-8c61-69761d1355b8'),
 ('12575', '10', '2018-12-30 11:00:00', '2018-12-30 12:30:00', '1', '2017-09-14 08:56:12', '2017-09-14 08:56:12', 'c1e34e60-2db0-46b8-9b12-ac4192c3a619'),
 ('12576', '10', '2019-01-06 11:00:00', '2019-01-06 12:30:00', '1', '2017-09-14 08:56:12', '2017-09-14 08:56:12', '1ed6c546-7ab7-42db-a314-5bfe4c682451'),
 ('12577', '10', '2019-01-13 11:00:00', '2019-01-13 12:30:00', '1', '2017-09-14 08:56:12', '2017-09-14 08:56:12', 'a55d3271-9139-4b91-b7e6-dcb621a919fb'),
 ('12578', '10', '2019-01-20 11:00:00', '2019-01-20 12:30:00', '1', '2017-09-14 08:56:12', '2017-09-14 08:56:12', 'f361f1de-7302-4e06-946b-8343fd056028'),
 ('12579', '10', '2019-01-27 11:00:00', '2019-01-27 12:30:00', '1', '2017-09-14 08:56:12', '2017-09-14 08:56:12', 'e86c8240-72af-4409-924d-f7500845dba6'),
 ('12580', '10', '2019-02-03 11:00:00', '2019-02-03 12:30:00', '1', '2017-09-14 08:56:12', '2017-09-14 08:56:12', '47b10027-9efe-4479-9aad-84e323cc0d41'),
 ('12581', '10', '2019-02-10 11:00:00', '2019-02-10 12:30:00', '1', '2017-09-14 08:56:12', '2017-09-14 08:56:12', 'a954e28e-2b41-418d-a676-417d60807fd1'),
 ('12582', '10', '2019-02-17 11:00:00', '2019-02-17 12:30:00', '1', '2017-09-14 08:56:12', '2017-09-14 08:56:12', '5805e005-a333-431f-8f89-6c6cde63c1db'),
 ('12583', '10', '2019-02-24 11:00:00', '2019-02-24 12:30:00', '1', '2017-09-14 08:56:12', '2017-09-14 08:56:12', 'c8856c67-9595-4762-a750-0033f4494c11'),
 ('12584', '10', '2019-03-03 11:00:00', '2019-03-03 12:30:00', '1', '2017-09-14 08:56:12', '2017-09-14 08:56:12', '8672e02f-f4d0-4e6a-adf5-f5092db35d01'),
 ('12585', '10', '2019-03-10 11:00:00', '2019-03-10 12:30:00', '1', '2017-09-14 08:56:12', '2017-09-14 08:56:12', '2b1afd1e-d7fa-4e0d-8411-01c7c5df7904'),
 ('12586', '10', '2019-03-17 11:00:00', '2019-03-17 12:30:00', '1', '2017-09-14 08:56:12', '2017-09-14 08:56:12', '4c8e8bef-4246-43f9-9750-e2437f7e4fc3'),
 ('12587', '10', '2019-03-24 11:00:00', '2019-03-24 12:30:00', '1', '2017-09-14 08:56:12', '2017-09-14 08:56:12', 'cf4babac-341a-477e-92af-0a4044a90298'),
 ('12588', '10', '2019-03-31 11:00:00', '2019-03-31 12:30:00', '1', '2017-09-14 08:56:12', '2017-09-14 08:56:12', '83f17b9d-26f2-4b4b-982f-529c4f2483da'),
 ('12589', '10', '2019-04-07 11:00:00', '2019-04-07 12:30:00', '1', '2017-09-14 08:56:12', '2017-09-14 08:56:12', '4f487f31-32e7-4c3a-bbcb-744cc656971b'),
 ('12590', '10', '2019-04-14 11:00:00', '2019-04-14 12:30:00', '1', '2017-09-14 08:56:12', '2017-09-14 08:56:12', '491d2d7a-49df-4589-9d23-868994436e2c'),
 ('12591', '10', '2019-04-21 11:00:00', '2019-04-21 12:30:00', '1', '2017-09-14 08:56:12', '2017-09-14 08:56:12', 'f54dd51a-e66e-488c-ad59-dcc5d197f673'),
 ('12592', '10', '2019-04-28 11:00:00', '2019-04-28 12:30:00', '1', '2017-09-14 08:56:12', '2017-09-14 08:56:12', '140490d1-a819-4a3b-a4f2-5eeb7767250f'),
 ('12593', '10', '2019-05-05 11:00:00', '2019-05-05 12:30:00', '1', '2017-09-14 08:56:12', '2017-09-14 08:56:12', '8c71ed67-374a-4c21-b59f-bbee9e71ba06'),
 ('12594', '10', '2019-05-12 11:00:00', '2019-05-12 12:30:00', '1', '2017-09-14 08:56:12', '2017-09-14 08:56:12', 'a049d46f-a7c2-4571-be13-7346059ab388'),
 ('12595', '10', '2019-05-19 11:00:00', '2019-05-19 12:30:00', '1', '2017-09-14 08:56:12', '2017-09-14 08:56:12', '199728a9-2e08-4c05-9e80-52a9e20564b3'),
 ('12596', '10', '2019-05-26 11:00:00', '2019-05-26 12:30:00', '1', '2017-09-14 08:56:12', '2017-09-14 08:56:12', '1d2c162d-9b99-4895-83d6-52b6404f02f7'),
 ('12597', '10', '2019-06-02 11:00:00', '2019-06-02 12:30:00', '1', '2017-09-14 08:56:12', '2017-09-14 08:56:12', 'b592210b-22c8-4135-9049-f123706715d1'),
 ('12598', '10', '2019-06-09 11:00:00', '2019-06-09 12:30:00', '1', '2017-09-14 08:56:12', '2017-09-14 08:56:12', '0033e3c6-f2f7-4b2e-b134-12e34d08a19b'),
 ('12599', '10', '2019-06-16 11:00:00', '2019-06-16 12:30:00', '1', '2017-09-14 08:56:12', '2017-09-14 08:56:12', '334e2192-a722-446d-a8a9-40da3340b581'),
 ('12600', '10', '2019-06-23 11:00:00', '2019-06-23 12:30:00', '1', '2017-09-14 08:56:12', '2017-09-14 08:56:12', 'b0b1299c-7313-403a-9caf-cbed905977f3'),
 ('12601', '10', '2019-06-30 11:00:00', '2019-06-30 12:30:00', '1', '2017-09-14 08:56:12', '2017-09-14 08:56:12', '0044ed5b-6433-412d-a470-6751c77b3a2d'),
 ('12602', '10', '2019-07-07 11:00:00', '2019-07-07 12:30:00', '1', '2017-09-14 08:56:12', '2017-09-14 08:56:12', '13508bbc-c46c-432e-8633-b6f92ea32381'),
 ('12603', '10', '2019-07-14 11:00:00', '2019-07-14 12:30:00', '1', '2017-09-14 08:56:12', '2017-09-14 08:56:12', 'f9517963-41d0-42ee-96ef-916b04361b2a'),
 ('12604', '10', '2019-07-21 11:00:00', '2019-07-21 12:30:00', '1', '2017-09-14 08:56:12', '2017-09-14 08:56:12', 'cca2dca2-2e6d-4573-b5f1-b4d943ec4db5');
INSERT INTO `craft_venti_recurr` (`eid`, `cid`, `startDate`, `endDate`, `isrepeat`, `dateCreated`, `dateUpdated`, `uid`) VALUES
 ('12605', '10', '2019-07-28 11:00:00', '2019-07-28 12:30:00', '1', '2017-09-14 08:56:12', '2017-09-14 08:56:12', '57ccf33e-28d3-4ca2-9446-7cd4493fc2a9'),
 ('12606', '10', '2019-08-04 11:00:00', '2019-08-04 12:30:00', '1', '2017-09-14 08:56:12', '2017-09-14 08:56:12', '079db0bc-2e68-4df2-8f78-6139074a9340'),
 ('12607', '10', '2019-08-11 11:00:00', '2019-08-11 12:30:00', '1', '2017-09-14 08:56:12', '2017-09-14 08:56:12', '6073690a-ef22-4cd0-a6e0-d9e91ceba358'),
 ('12608', '10', '2019-08-18 11:00:00', '2019-08-18 12:30:00', '1', '2017-09-14 08:56:12', '2017-09-14 08:56:12', '50d47adb-95ac-4b57-bb26-8f96b6c1c528'),
 ('12609', '10', '2019-08-25 11:00:00', '2019-08-25 12:30:00', '1', '2017-09-14 08:56:13', '2017-09-14 08:56:13', '906fe9f8-c11d-444a-95e3-0bf3316b675f'),
 ('12610', '10', '2019-09-01 11:00:00', '2019-09-01 12:30:00', '1', '2017-09-14 08:56:13', '2017-09-14 08:56:13', 'f8ba0aa7-99c5-4300-a29f-def0a6574a21'),
 ('12611', '10', '2019-09-08 11:00:00', '2019-09-08 12:30:00', '1', '2017-09-14 08:56:13', '2017-09-14 08:56:13', 'cb5264b3-c0e1-4971-8f30-bc243bd76fa7'),
 ('12612', '10', '2019-09-15 11:00:00', '2019-09-15 12:30:00', '1', '2017-09-14 08:56:13', '2017-09-14 08:56:13', '18ea47f0-38b2-4284-a4ef-6251fc7b2956'),
 ('12613', '10', '2019-09-22 11:00:00', '2019-09-22 12:30:00', '1', '2017-09-14 08:56:13', '2017-09-14 08:56:13', '4b03fbd3-9f4e-4e1a-8537-126be2aca354'),
 ('12614', '10', '2019-09-29 11:00:00', '2019-09-29 12:30:00', '1', '2017-09-14 08:56:13', '2017-09-14 08:56:13', '25749ca4-5b85-411a-bab9-0307127616b4'),
 ('12615', '10', '2019-10-06 11:00:00', '2019-10-06 12:30:00', '1', '2017-09-14 08:56:13', '2017-09-14 08:56:13', '65ec39e0-74e5-4a48-818e-760530784655'),
 ('12616', '10', '2019-10-13 11:00:00', '2019-10-13 12:30:00', '1', '2017-09-14 08:56:13', '2017-09-14 08:56:13', '7c4b419e-658e-4139-b483-f0a9397167ec'),
 ('12617', '10', '2019-10-20 11:00:00', '2019-10-20 12:30:00', '1', '2017-09-14 08:56:13', '2017-09-14 08:56:13', '909a1212-80bb-47d5-be54-ee2c500f3fa1'),
 ('12618', '10', '2019-10-27 11:00:00', '2019-10-27 12:30:00', '1', '2017-09-14 08:56:13', '2017-09-14 08:56:13', '76698c88-87c7-4a59-90c7-67efd4d343d0'),
 ('12619', '10', '2019-11-03 11:00:00', '2019-11-03 12:30:00', '1', '2017-09-14 08:56:13', '2017-09-14 08:56:13', 'b0af0fa0-ef55-41fd-84f2-e74d6495615e'),
 ('12620', '10', '2019-11-10 11:00:00', '2019-11-10 12:30:00', '1', '2017-09-14 08:56:13', '2017-09-14 08:56:13', 'ce7e3279-3009-4f88-9727-15fd93bf5de9'),
 ('12621', '10', '2019-11-17 11:00:00', '2019-11-17 12:30:00', '1', '2017-09-14 08:56:13', '2017-09-14 08:56:13', 'd7be1d13-af36-4cc6-8a18-d246b6a69aad'),
 ('12622', '10', '2019-11-24 11:00:00', '2019-11-24 12:30:00', '1', '2017-09-14 08:56:13', '2017-09-14 08:56:13', 'fc299fc4-0883-4c2f-b6ab-c17dc2e4d4f8'),
 ('12623', '10', '2019-12-01 11:00:00', '2019-12-01 12:30:00', '1', '2017-09-14 08:56:13', '2017-09-14 08:56:13', '73a72cf0-dc7e-4fae-bd72-690da45bf812'),
 ('12624', '10', '2019-12-08 11:00:00', '2019-12-08 12:30:00', '1', '2017-09-14 08:56:13', '2017-09-14 08:56:13', '41598a42-26a6-4c0d-bd60-dbfddc685905'),
 ('12625', '10', '2019-12-15 11:00:00', '2019-12-15 12:30:00', '1', '2017-09-14 08:56:13', '2017-09-14 08:56:13', '4f6a85f3-5d03-420f-87da-fc362f2eff65'),
 ('12626', '10', '2019-12-22 11:00:00', '2019-12-22 12:30:00', '1', '2017-09-14 08:56:13', '2017-09-14 08:56:13', 'b59a2a35-4da3-4141-a63a-2d3cc932be1a'),
 ('12627', '10', '2019-12-29 11:00:00', '2019-12-29 12:30:00', '1', '2017-09-14 08:56:13', '2017-09-14 08:56:13', '2fc85717-aee3-48f5-b7bc-9f612dde4dfb'),
 ('12628', '10', '2020-01-05 11:00:00', '2020-01-05 12:30:00', '1', '2017-09-14 08:56:13', '2017-09-14 08:56:13', '6db7001e-f854-4e4f-b21f-87985b53ea90'),
 ('12629', '10', '2020-01-12 11:00:00', '2020-01-12 12:30:00', '1', '2017-09-14 08:56:13', '2017-09-14 08:56:13', 'fdd3a70f-e82d-42ab-b0a0-7d3a1b94c8f5'),
 ('12630', '10', '2020-01-19 11:00:00', '2020-01-19 12:30:00', '1', '2017-09-14 08:56:13', '2017-09-14 08:56:13', '636fac88-9cb4-473a-8eae-897c513ae511'),
 ('12631', '10', '2020-01-26 11:00:00', '2020-01-26 12:30:00', '1', '2017-09-14 08:56:13', '2017-09-14 08:56:13', 'd48dc7ed-1491-4562-817c-cfdbfb0b9718'),
 ('12632', '10', '2020-02-02 11:00:00', '2020-02-02 12:30:00', '1', '2017-09-14 08:56:13', '2017-09-14 08:56:13', 'a5190096-76f9-4510-8b21-b17fb7a08c3a'),
 ('12633', '10', '2020-02-09 11:00:00', '2020-02-09 12:30:00', '1', '2017-09-14 08:56:13', '2017-09-14 08:56:13', 'ad3dfc92-6374-4e35-9549-b3e9f467e677'),
 ('12634', '10', '2020-02-16 11:00:00', '2020-02-16 12:30:00', '1', '2017-09-14 08:56:13', '2017-09-14 08:56:13', '19d18259-fa16-44ad-8a71-2368c774cddb'),
 ('12635', '10', '2020-02-23 11:00:00', '2020-02-23 12:30:00', '1', '2017-09-14 08:56:13', '2017-09-14 08:56:13', '9c8e7c4a-ec97-48bf-a52a-d5527a55d560'),
 ('12636', '10', '2020-03-01 11:00:00', '2020-03-01 12:30:00', '1', '2017-09-14 08:56:13', '2017-09-14 08:56:13', '2d055e8b-3fdd-49ef-a953-c2b6450f9f08'),
 ('12637', '10', '2020-03-08 11:00:00', '2020-03-08 12:30:00', '1', '2017-09-14 08:56:13', '2017-09-14 08:56:13', 'c9e85416-5c88-42a3-9d7d-787ed90b8c96'),
 ('12638', '10', '2020-03-15 11:00:00', '2020-03-15 12:30:00', '1', '2017-09-14 08:56:13', '2017-09-14 08:56:13', '1e360d91-eb4a-4502-bb6d-eaf143a16884'),
 ('12639', '10', '2020-03-22 11:00:00', '2020-03-22 12:30:00', '1', '2017-09-14 08:56:13', '2017-09-14 08:56:13', 'd0112af3-2509-4fff-bdbe-08468c29350e'),
 ('12640', '10', '2020-03-29 11:00:00', '2020-03-29 12:30:00', '1', '2017-09-14 08:56:13', '2017-09-14 08:56:13', '2e983b4d-0cbd-4a95-92d6-2d2eaf8fbea1'),
 ('12641', '10', '2020-04-05 11:00:00', '2020-04-05 12:30:00', '1', '2017-09-14 08:56:13', '2017-09-14 08:56:13', 'a6cf0977-9b2d-4205-a483-2014cd7c15f1'),
 ('12642', '10', '2020-04-12 11:00:00', '2020-04-12 12:30:00', '1', '2017-09-14 08:56:13', '2017-09-14 08:56:13', '1cfee866-4b72-4a75-984d-7b67bcf66aae'),
 ('12643', '10', '2020-04-19 11:00:00', '2020-04-19 12:30:00', '1', '2017-09-14 08:56:13', '2017-09-14 08:56:13', '67c96df1-b123-4042-86c3-ba601b17e604'),
 ('12644', '10', '2020-04-26 11:00:00', '2020-04-26 12:30:00', '1', '2017-09-14 08:56:13', '2017-09-14 08:56:13', 'ac0129bd-f97e-4f17-93b4-5bd511eb3874'),
 ('12645', '10', '2020-05-03 11:00:00', '2020-05-03 12:30:00', '1', '2017-09-14 08:56:13', '2017-09-14 08:56:13', 'e6d2357e-0986-4902-a195-0490825309bc'),
 ('12646', '10', '2020-05-10 11:00:00', '2020-05-10 12:30:00', '1', '2017-09-14 08:56:13', '2017-09-14 08:56:13', 'f8023e81-60a4-4f29-a009-70fb2ef25dfd'),
 ('12647', '10', '2020-05-17 11:00:00', '2020-05-17 12:30:00', '1', '2017-09-14 08:56:13', '2017-09-14 08:56:13', '7a695344-9256-4273-8643-cbc096fdbe88'),
 ('12648', '10', '2020-05-24 11:00:00', '2020-05-24 12:30:00', '1', '2017-09-14 08:56:13', '2017-09-14 08:56:13', 'f172f60b-532b-434c-80f7-aebcc2d44d41'),
 ('12649', '10', '2020-05-31 11:00:00', '2020-05-31 12:30:00', '1', '2017-09-14 08:56:13', '2017-09-14 08:56:13', '4384f341-9090-4c54-8a3a-6750dd950382'),
 ('12650', '10', '2020-06-07 11:00:00', '2020-06-07 12:30:00', '1', '2017-09-14 08:56:13', '2017-09-14 08:56:13', '116cc275-eb57-4358-879b-480ff5afb9c7'),
 ('12651', '10', '2020-06-14 11:00:00', '2020-06-14 12:30:00', '1', '2017-09-14 08:56:13', '2017-09-14 08:56:13', 'cec3b4b6-2795-4021-81b0-e2e5a0e308b8'),
 ('12652', '10', '2020-06-21 11:00:00', '2020-06-21 12:30:00', '1', '2017-09-14 08:56:13', '2017-09-14 08:56:13', '5211b089-3f71-4ac6-bfc2-e6d6f0d3b344'),
 ('12653', '10', '2020-06-28 11:00:00', '2020-06-28 12:30:00', '1', '2017-09-14 08:56:13', '2017-09-14 08:56:13', 'e3cc353d-00ce-477c-9fba-8bb47525b0ab'),
 ('12654', '10', '2020-07-05 11:00:00', '2020-07-05 12:30:00', '1', '2017-09-14 08:56:13', '2017-09-14 08:56:13', '01b93f69-31f2-48c2-8ab0-1db0ef6538ec'),
 ('12655', '10', '2020-07-12 11:00:00', '2020-07-12 12:30:00', '1', '2017-09-14 08:56:13', '2017-09-14 08:56:13', 'c313df20-577e-4620-a732-a53ad718f5ff'),
 ('12656', '10', '2020-07-19 11:00:00', '2020-07-19 12:30:00', '1', '2017-09-14 08:56:13', '2017-09-14 08:56:13', '4130b11f-68e0-4ed7-90bb-501793503aab'),
 ('12657', '10', '2020-07-26 11:00:00', '2020-07-26 12:30:00', '1', '2017-09-14 08:56:13', '2017-09-14 08:56:13', 'cade1162-ea91-4c76-a469-f0945bde9350'),
 ('12658', '10', '2020-08-02 11:00:00', '2020-08-02 12:30:00', '1', '2017-09-14 08:56:13', '2017-09-14 08:56:13', '6cfdf9e7-3632-4d71-8993-469a6177b102'),
 ('12659', '10', '2020-08-09 11:00:00', '2020-08-09 12:30:00', '1', '2017-09-14 08:56:13', '2017-09-14 08:56:13', '0c14a717-687c-4bfb-87d7-ec93210f159a'),
 ('12660', '10', '2020-08-16 11:00:00', '2020-08-16 12:30:00', '1', '2017-09-14 08:56:13', '2017-09-14 08:56:13', '154842da-db64-46c3-8463-273f8dbb2e24'),
 ('12661', '10', '2020-08-23 11:00:00', '2020-08-23 12:30:00', '1', '2017-09-14 08:56:13', '2017-09-14 08:56:13', '2a167a89-b488-47d7-9db0-6670df4e59e6'),
 ('12662', '10', '2020-08-30 11:00:00', '2020-08-30 12:30:00', '1', '2017-09-14 08:56:13', '2017-09-14 08:56:13', 'd0e8362d-48ee-46c6-b1fc-8ce8ef2db2db'),
 ('12663', '10', '2020-09-06 11:00:00', '2020-09-06 12:30:00', '1', '2017-09-14 08:56:13', '2017-09-14 08:56:13', '6575cf93-4b98-404e-9f4b-9d5e5e54535d'),
 ('12664', '10', '2020-09-13 11:00:00', '2020-09-13 12:30:00', '1', '2017-09-14 08:56:13', '2017-09-14 08:56:13', '2b603451-0a52-41ec-b248-5f8df83cbd5f'),
 ('12665', '10', '2020-09-20 11:00:00', '2020-09-20 12:30:00', '1', '2017-09-14 08:56:13', '2017-09-14 08:56:13', '8b7cd3ea-6732-43da-b144-ec522218aa9c'),
 ('12666', '10', '2020-09-27 11:00:00', '2020-09-27 12:30:00', '1', '2017-09-14 08:56:13', '2017-09-14 08:56:13', '246f8de8-d35f-4afb-906e-d35f9010f48d'),
 ('12667', '10', '2020-10-04 11:00:00', '2020-10-04 12:30:00', '1', '2017-09-14 08:56:13', '2017-09-14 08:56:13', '40535899-483f-4f8a-82bf-5641220c962a'),
 ('12668', '10', '2020-10-11 11:00:00', '2020-10-11 12:30:00', '1', '2017-09-14 08:56:13', '2017-09-14 08:56:13', 'c37e8c6c-05fb-4812-a298-1fe8170c55e3'),
 ('12669', '10', '2020-10-18 11:00:00', '2020-10-18 12:30:00', '1', '2017-09-14 08:56:13', '2017-09-14 08:56:13', 'fbc1cc41-818b-4c6a-9b99-532c2f32e220'),
 ('12670', '10', '2020-10-25 11:00:00', '2020-10-25 12:30:00', '1', '2017-09-14 08:56:13', '2017-09-14 08:56:13', 'f7925606-7998-4654-b632-6219a1c99ada'),
 ('12671', '10', '2020-11-01 11:00:00', '2020-11-01 12:30:00', '1', '2017-09-14 08:56:13', '2017-09-14 08:56:13', '9c6c153d-50ec-431f-93da-f6e1809d2c73'),
 ('12672', '10', '2020-11-08 11:00:00', '2020-11-08 12:30:00', '1', '2017-09-14 08:56:13', '2017-09-14 08:56:13', 'e993d1cd-3a8e-4181-a396-f5ce54aeb48b'),
 ('12673', '10', '2020-11-15 11:00:00', '2020-11-15 12:30:00', '1', '2017-09-14 08:56:13', '2017-09-14 08:56:13', '4fc7a805-a309-45b4-90a6-50affc05eb42'),
 ('12674', '10', '2020-11-22 11:00:00', '2020-11-22 12:30:00', '1', '2017-09-14 08:56:13', '2017-09-14 08:56:13', '8eac90b6-e5a5-44f3-9ba7-dd3b0a0e04f9'),
 ('12675', '10', '2020-11-29 11:00:00', '2020-11-29 12:30:00', '1', '2017-09-14 08:56:13', '2017-09-14 08:56:13', 'ed40c106-4d21-442c-a5a1-2513b0b5c95e'),
 ('12676', '10', '2020-12-06 11:00:00', '2020-12-06 12:30:00', '1', '2017-09-14 08:56:13', '2017-09-14 08:56:13', '36b3e68a-b545-4740-ae17-2f0f36c04258'),
 ('12677', '10', '2020-12-13 11:00:00', '2020-12-13 12:30:00', '1', '2017-09-14 08:56:13', '2017-09-14 08:56:13', '1923deca-29f7-4eaa-aa76-ea4b247cfcd8'),
 ('12678', '10', '2020-12-20 11:00:00', '2020-12-20 12:30:00', '1', '2017-09-14 08:56:13', '2017-09-14 08:56:13', '902d8f24-079d-48f3-a00d-d0b1c2e37c4d'),
 ('12679', '10', '2020-12-27 11:00:00', '2020-12-27 12:30:00', '1', '2017-09-14 08:56:13', '2017-09-14 08:56:13', 'cbccf9ad-79f0-4630-b458-a8d1d1f0de2a'),
 ('12680', '10', '2021-01-03 11:00:00', '2021-01-03 12:30:00', '1', '2017-09-14 08:56:13', '2017-09-14 08:56:13', '089c29d1-6ceb-44ec-934d-3340c8ad1ab7'),
 ('12681', '10', '2021-01-10 11:00:00', '2021-01-10 12:30:00', '1', '2017-09-14 08:56:13', '2017-09-14 08:56:13', '73024348-df70-4113-bcbe-cccb0f4378f9'),
 ('12682', '10', '2021-01-17 11:00:00', '2021-01-17 12:30:00', '1', '2017-09-14 08:56:13', '2017-09-14 08:56:13', 'a22329ad-3323-46ea-85b7-a961f1522d98'),
 ('12683', '10', '2021-01-24 11:00:00', '2021-01-24 12:30:00', '1', '2017-09-14 08:56:13', '2017-09-14 08:56:13', '8f2564da-f274-4a36-bb0e-d5793c612ada'),
 ('12684', '10', '2021-01-31 11:00:00', '2021-01-31 12:30:00', '1', '2017-09-14 08:56:13', '2017-09-14 08:56:13', 'c6951b61-1d9f-4700-acc8-609a3de1316a'),
 ('12685', '10', '2021-02-07 11:00:00', '2021-02-07 12:30:00', '1', '2017-09-14 08:56:13', '2017-09-14 08:56:13', 'c030af2a-c040-4fbd-8eec-91bb835195b5'),
 ('12686', '10', '2021-02-14 11:00:00', '2021-02-14 12:30:00', '1', '2017-09-14 08:56:13', '2017-09-14 08:56:13', '2fc881fe-65ea-4ca6-9d24-40d17480c84a'),
 ('12687', '10', '2021-02-21 11:00:00', '2021-02-21 12:30:00', '1', '2017-09-14 08:56:13', '2017-09-14 08:56:13', '3429e6de-bd0d-4f54-8e58-18415460d636'),
 ('12688', '10', '2021-02-28 11:00:00', '2021-02-28 12:30:00', '1', '2017-09-14 08:56:13', '2017-09-14 08:56:13', 'e2cb3696-2128-4b5a-baa2-613558dc4ef4'),
 ('12689', '10', '2021-03-07 11:00:00', '2021-03-07 12:30:00', '1', '2017-09-14 08:56:13', '2017-09-14 08:56:13', '0ae83f82-a17c-4a02-befb-e6121d7cdab2'),
 ('12690', '10', '2021-03-14 11:00:00', '2021-03-14 12:30:00', '1', '2017-09-14 08:56:13', '2017-09-14 08:56:13', 'ba7c9d26-303c-4a88-b507-7d87ca4835d9'),
 ('12691', '10', '2021-03-21 11:00:00', '2021-03-21 12:30:00', '1', '2017-09-14 08:56:13', '2017-09-14 08:56:13', '8628bc8f-4550-4a83-9d36-03388f400cc2'),
 ('12692', '10', '2021-03-28 11:00:00', '2021-03-28 12:30:00', '1', '2017-09-14 08:56:13', '2017-09-14 08:56:13', 'b1ef31ae-68b7-4d07-903c-af9800a283dc'),
 ('12693', '10', '2021-04-04 11:00:00', '2021-04-04 12:30:00', '1', '2017-09-14 08:56:13', '2017-09-14 08:56:13', '33e00c67-c80f-407d-8617-47d082ba6d8c'),
 ('12694', '10', '2021-04-11 11:00:00', '2021-04-11 12:30:00', '1', '2017-09-14 08:56:13', '2017-09-14 08:56:13', 'fd72a215-2826-4b9a-8222-0af2b02fd028'),
 ('12695', '10', '2021-04-18 11:00:00', '2021-04-18 12:30:00', '1', '2017-09-14 08:56:13', '2017-09-14 08:56:13', 'da19619d-2dc5-46f8-a91a-ce4c49f66a0c'),
 ('12696', '10', '2021-04-25 11:00:00', '2021-04-25 12:30:00', '1', '2017-09-14 08:56:13', '2017-09-14 08:56:13', '581931a1-c116-419f-9984-d6321f1343e7'),
 ('12697', '10', '2021-05-02 11:00:00', '2021-05-02 12:30:00', '1', '2017-09-14 08:56:13', '2017-09-14 08:56:13', 'a6abd2cf-4092-4884-bea2-15cd40c42945'),
 ('12698', '10', '2021-05-09 11:00:00', '2021-05-09 12:30:00', '1', '2017-09-14 08:56:13', '2017-09-14 08:56:13', '78fd2fde-5b9c-410e-8fd3-547f3585ee8c'),
 ('12699', '10', '2021-05-16 11:00:00', '2021-05-16 12:30:00', '1', '2017-09-14 08:56:13', '2017-09-14 08:56:13', '1388e7ee-8e83-40b0-98ed-6a8a51a530e1'),
 ('12700', '10', '2021-05-23 11:00:00', '2021-05-23 12:30:00', '1', '2017-09-14 08:56:13', '2017-09-14 08:56:13', '6806246d-d92c-444c-b79b-c95cb3733566'),
 ('12701', '10', '2021-05-30 11:00:00', '2021-05-30 12:30:00', '1', '2017-09-14 08:56:13', '2017-09-14 08:56:13', '5ada1a77-e4a9-4fb4-bc18-b3b6be20c39f'),
 ('12702', '10', '2021-06-06 11:00:00', '2021-06-06 12:30:00', '1', '2017-09-14 08:56:13', '2017-09-14 08:56:13', '0e5d0fd6-cea9-4b20-85a1-9e71733728dc'),
 ('12703', '10', '2021-06-13 11:00:00', '2021-06-13 12:30:00', '1', '2017-09-14 08:56:13', '2017-09-14 08:56:13', '51b74062-4cec-4408-8be8-bfc38cde8b17'),
 ('12704', '10', '2021-06-20 11:00:00', '2021-06-20 12:30:00', '1', '2017-09-14 08:56:13', '2017-09-14 08:56:13', '2a93edbb-245c-4e86-b2ec-3b67fdae1e77');
INSERT INTO `craft_venti_recurr` (`eid`, `cid`, `startDate`, `endDate`, `isrepeat`, `dateCreated`, `dateUpdated`, `uid`) VALUES
 ('12705', '10', '2021-06-27 11:00:00', '2021-06-27 12:30:00', '1', '2017-09-14 08:56:13', '2017-09-14 08:56:13', '02555161-5f11-4a02-a77c-252ba465bd62'),
 ('12706', '10', '2021-07-04 11:00:00', '2021-07-04 12:30:00', '1', '2017-09-14 08:56:13', '2017-09-14 08:56:13', '1e2dbe80-a467-4732-90f8-00c66788261a'),
 ('12707', '10', '2021-07-11 11:00:00', '2021-07-11 12:30:00', '1', '2017-09-14 08:56:13', '2017-09-14 08:56:13', '5dd4c735-a162-4093-8aa7-80f060899551'),
 ('12708', '10', '2021-07-18 11:00:00', '2021-07-18 12:30:00', '1', '2017-09-14 08:56:13', '2017-09-14 08:56:13', 'df76db9b-e4cb-48b1-b94f-c5ca033d64d9'),
 ('12709', '10', '2021-07-25 11:00:00', '2021-07-25 12:30:00', '1', '2017-09-14 08:56:13', '2017-09-14 08:56:13', '7e8d9653-63bc-4edd-959e-3b431d2592f0'),
 ('12710', '10', '2021-08-01 11:00:00', '2021-08-01 12:30:00', '1', '2017-09-14 08:56:13', '2017-09-14 08:56:13', 'a2924299-dcf3-4510-84da-69b4530006d5'),
 ('12711', '10', '2021-08-08 11:00:00', '2021-08-08 12:30:00', '1', '2017-09-14 08:56:13', '2017-09-14 08:56:13', 'b2bc30ac-67eb-4f48-8c45-5b6dc8f25df9'),
 ('12712', '10', '2021-08-15 11:00:00', '2021-08-15 12:30:00', '1', '2017-09-14 08:56:13', '2017-09-14 08:56:13', 'eafa8a39-d3bc-4a76-984a-2e07f0a68ae0'),
 ('12713', '10', '2021-08-22 11:00:00', '2021-08-22 12:30:00', '1', '2017-09-14 08:56:13', '2017-09-14 08:56:13', '2d499b5a-2230-43b1-9723-b2c7f74a412d'),
 ('12714', '10', '2021-08-29 11:00:00', '2021-08-29 12:30:00', '1', '2017-09-14 08:56:13', '2017-09-14 08:56:13', '1b7b2487-df61-4fdc-b28a-b6526ca64176'),
 ('12715', '10', '2021-09-05 11:00:00', '2021-09-05 12:30:00', '1', '2017-09-14 08:56:13', '2017-09-14 08:56:13', 'd5dfa337-f31d-4746-bc4a-2196503c4b74'),
 ('12716', '10', '2021-09-12 11:00:00', '2021-09-12 12:30:00', '1', '2017-09-14 08:56:13', '2017-09-14 08:56:13', '51e12eea-8e40-49b6-9e05-45d14c28ab0b'),
 ('12717', '10', '2021-09-19 11:00:00', '2021-09-19 12:30:00', '1', '2017-09-14 08:56:13', '2017-09-14 08:56:13', '29cd276a-1c31-4cb6-944e-ddb75ba8be51'),
 ('12718', '10', '2021-09-26 11:00:00', '2021-09-26 12:30:00', '1', '2017-09-14 08:56:13', '2017-09-14 08:56:13', 'ba1369c7-e97c-447b-a000-ce3f0be55a21'),
 ('12719', '10', '2021-10-03 11:00:00', '2021-10-03 12:30:00', '1', '2017-09-14 08:56:13', '2017-09-14 08:56:13', '2b21ec6b-aec0-4fa4-a9fa-23efb4e493fa'),
 ('12720', '10', '2021-10-10 11:00:00', '2021-10-10 12:30:00', '1', '2017-09-14 08:56:13', '2017-09-14 08:56:13', '66fa4cb7-b65d-40a0-be2a-c937bedbfefe'),
 ('12721', '10', '2021-10-17 11:00:00', '2021-10-17 12:30:00', '1', '2017-09-14 08:56:13', '2017-09-14 08:56:13', '988cae77-f2e2-4719-a5ba-d1a43b71c237'),
 ('12722', '10', '2021-10-24 11:00:00', '2021-10-24 12:30:00', '1', '2017-09-14 08:56:13', '2017-09-14 08:56:13', '82c8718c-c34d-489e-b3f9-8c7ef63c5ca9'),
 ('12723', '10', '2021-10-31 11:00:00', '2021-10-31 12:30:00', '1', '2017-09-14 08:56:13', '2017-09-14 08:56:13', '6df359db-7a4a-4ac7-b019-0a2fec99f2f5'),
 ('12724', '10', '2021-11-07 11:00:00', '2021-11-07 12:30:00', '1', '2017-09-14 08:56:13', '2017-09-14 08:56:13', 'da3098bb-d726-4de9-bdb5-e3556c569df7'),
 ('12725', '10', '2021-11-14 11:00:00', '2021-11-14 12:30:00', '1', '2017-09-14 08:56:13', '2017-09-14 08:56:13', '092be7ea-92b2-4c00-abfd-4de3e499335f'),
 ('12726', '10', '2021-11-21 11:00:00', '2021-11-21 12:30:00', '1', '2017-09-14 08:56:13', '2017-09-14 08:56:13', '052de4c0-d1c9-408f-ba5f-c95a5d3fed2f'),
 ('12727', '10', '2021-11-28 11:00:00', '2021-11-28 12:30:00', '1', '2017-09-14 08:56:13', '2017-09-14 08:56:13', '688d89cc-4f9a-46ad-99bb-a1ae88e404ac'),
 ('12728', '10', '2021-12-05 11:00:00', '2021-12-05 12:30:00', '1', '2017-09-14 08:56:13', '2017-09-14 08:56:13', '923b0099-446f-451c-bb44-bc83f333fefc'),
 ('12729', '10', '2021-12-12 11:00:00', '2021-12-12 12:30:00', '1', '2017-09-14 08:56:13', '2017-09-14 08:56:13', '55cbb0d9-ecb7-4c19-95f8-c60d88fbd40a'),
 ('12730', '10', '2021-12-19 11:00:00', '2021-12-19 12:30:00', '1', '2017-09-14 08:56:13', '2017-09-14 08:56:13', '7a56326b-9eee-4142-839f-b5a75fd678a1'),
 ('12731', '10', '2021-12-26 11:00:00', '2021-12-26 12:30:00', '1', '2017-09-14 08:56:13', '2017-09-14 08:56:13', 'a079c5fa-a4ff-4115-b590-0e0ea50f48ce'),
 ('12732', '10', '2022-01-02 11:00:00', '2022-01-02 12:30:00', '1', '2017-09-14 08:56:13', '2017-09-14 08:56:13', 'a2b92f5b-dfbf-4ac0-96d7-005f6cce6f9a'),
 ('12733', '10', '2022-01-09 11:00:00', '2022-01-09 12:30:00', '1', '2017-09-14 08:56:13', '2017-09-14 08:56:13', 'ec7e6e44-fc49-40f4-b965-be1c2941f83c'),
 ('12734', '10', '2022-01-16 11:00:00', '2022-01-16 12:30:00', '1', '2017-09-14 08:56:13', '2017-09-14 08:56:13', 'cff152b6-3b5e-4837-92be-a23580318e4e'),
 ('12735', '10', '2022-01-23 11:00:00', '2022-01-23 12:30:00', '1', '2017-09-14 08:56:13', '2017-09-14 08:56:13', '71ea3d72-aaba-4e64-b786-3521fa2e1db6'),
 ('12736', '10', '2022-01-30 11:00:00', '2022-01-30 12:30:00', '1', '2017-09-14 08:56:13', '2017-09-14 08:56:13', '4b9afa63-c164-4f2f-99c1-19f9d1aa7512'),
 ('12737', '10', '2022-02-06 11:00:00', '2022-02-06 12:30:00', '1', '2017-09-14 08:56:13', '2017-09-14 08:56:13', '921adb19-84c3-4d9c-8004-295dbf4740a6'),
 ('12738', '10', '2022-02-13 11:00:00', '2022-02-13 12:30:00', '1', '2017-09-14 08:56:13', '2017-09-14 08:56:13', 'ad34d0da-b962-462b-9859-7e5d4520e75c'),
 ('12739', '10', '2022-02-20 11:00:00', '2022-02-20 12:30:00', '1', '2017-09-14 08:56:13', '2017-09-14 08:56:13', 'dd6d7650-47ab-4ca1-8af4-f213ce16752a'),
 ('12740', '10', '2022-02-27 11:00:00', '2022-02-27 12:30:00', '1', '2017-09-14 08:56:13', '2017-09-14 08:56:13', 'db64f6c3-3117-424f-8d4d-6cb9217ffbe6'),
 ('12741', '10', '2022-03-06 11:00:00', '2022-03-06 12:30:00', '1', '2017-09-14 08:56:13', '2017-09-14 08:56:13', '98a78053-8133-41e1-b41b-59440c5fc7b6'),
 ('12742', '10', '2022-03-13 11:00:00', '2022-03-13 12:30:00', '1', '2017-09-14 08:56:13', '2017-09-14 08:56:13', '0f564e2e-8463-4ebc-a72d-767dfceb72ae'),
 ('12743', '10', '2022-03-20 11:00:00', '2022-03-20 12:30:00', '1', '2017-09-14 08:56:13', '2017-09-14 08:56:13', 'b97b8557-666b-400e-a3a7-073dad521ded'),
 ('12744', '10', '2022-03-27 11:00:00', '2022-03-27 12:30:00', '1', '2017-09-14 08:56:13', '2017-09-14 08:56:13', '3efb12b8-0f3e-4a96-87db-d829e090ad65'),
 ('12745', '10', '2022-04-03 11:00:00', '2022-04-03 12:30:00', '1', '2017-09-14 08:56:13', '2017-09-14 08:56:13', 'af6c769f-96fe-4eb2-b248-55908d93d470'),
 ('12746', '10', '2022-04-10 11:00:00', '2022-04-10 12:30:00', '1', '2017-09-14 08:56:13', '2017-09-14 08:56:13', '2bbe1e99-7e74-4b92-b76a-6366728ff9ce'),
 ('12747', '10', '2022-04-17 11:00:00', '2022-04-17 12:30:00', '1', '2017-09-14 08:56:13', '2017-09-14 08:56:13', 'e5df4179-b5ab-421f-a014-459812733a81'),
 ('12748', '10', '2022-04-24 11:00:00', '2022-04-24 12:30:00', '1', '2017-09-14 08:56:13', '2017-09-14 08:56:13', '60075b37-0127-4d71-a43f-0539b2640c0b'),
 ('12749', '10', '2022-05-01 11:00:00', '2022-05-01 12:30:00', '1', '2017-09-14 08:56:13', '2017-09-14 08:56:13', '0b42dc88-c6b8-41ca-9eda-2bba345506db'),
 ('12750', '10', '2022-05-08 11:00:00', '2022-05-08 12:30:00', '1', '2017-09-14 08:56:13', '2017-09-14 08:56:13', '7987a8b5-fbc1-49ae-905d-34a46b7a7fd0'),
 ('12751', '10', '2022-05-15 11:00:00', '2022-05-15 12:30:00', '1', '2017-09-14 08:56:13', '2017-09-14 08:56:13', 'dcb89216-0b8e-40f7-aea8-e6776ede9f21'),
 ('12752', '10', '2022-05-22 11:00:00', '2022-05-22 12:30:00', '1', '2017-09-14 08:56:13', '2017-09-14 08:56:13', 'e8590559-8139-48d0-89ac-6a97972e6413'),
 ('12753', '10', '2022-05-29 11:00:00', '2022-05-29 12:30:00', '1', '2017-09-14 08:56:13', '2017-09-14 08:56:13', '619c8e89-f9d4-4a91-8390-704ab6da57d7'),
 ('12754', '10', '2022-06-05 11:00:00', '2022-06-05 12:30:00', '1', '2017-09-14 08:56:13', '2017-09-14 08:56:13', 'e9407e1f-2f29-4a11-80d8-5298245435b1'),
 ('12755', '10', '2022-06-12 11:00:00', '2022-06-12 12:30:00', '1', '2017-09-14 08:56:13', '2017-09-14 08:56:13', '0b953303-fc49-4ccf-ac6f-7c83312d9a61'),
 ('12756', '10', '2022-06-19 11:00:00', '2022-06-19 12:30:00', '1', '2017-09-14 08:56:13', '2017-09-14 08:56:13', 'fb412020-2d52-41d3-a633-2d4b1f439ca3'),
 ('12757', '10', '2022-06-26 11:00:00', '2022-06-26 12:30:00', '1', '2017-09-14 08:56:13', '2017-09-14 08:56:13', 'ca1ab8d7-507e-4ba1-b329-65da76d05320'),
 ('12758', '10', '2022-07-03 11:00:00', '2022-07-03 12:30:00', '1', '2017-09-14 08:56:13', '2017-09-14 08:56:13', '52846dfa-de6d-4ec4-afe7-e74f0b4ae623'),
 ('12759', '10', '2022-07-10 11:00:00', '2022-07-10 12:30:00', '1', '2017-09-14 08:56:13', '2017-09-14 08:56:13', '1da6582f-6277-4d04-95f9-d35452ceb97e'),
 ('12760', '10', '2022-07-17 11:00:00', '2022-07-17 12:30:00', '1', '2017-09-14 08:56:13', '2017-09-14 08:56:13', '73ac6c93-6984-4e53-80c4-386d5e380c3b'),
 ('12761', '10', '2022-07-24 11:00:00', '2022-07-24 12:30:00', '1', '2017-09-14 08:56:13', '2017-09-14 08:56:13', 'b0d08cb6-7591-48a7-93dd-20b8a75ef3e7'),
 ('12762', '10', '2022-07-31 11:00:00', '2022-07-31 12:30:00', '1', '2017-09-14 08:56:13', '2017-09-14 08:56:13', 'bad742f5-2f12-4f74-967b-9e3cfe8625d9'),
 ('12763', '10', '2022-08-07 11:00:00', '2022-08-07 12:30:00', '1', '2017-09-14 08:56:13', '2017-09-14 08:56:13', 'cece82bd-197b-4070-a76c-1ff8cc25881e'),
 ('12764', '10', '2022-08-14 11:00:00', '2022-08-14 12:30:00', '1', '2017-09-14 08:56:13', '2017-09-14 08:56:13', 'bbac5564-47eb-408c-a423-2912f6657cc0'),
 ('12765', '10', '2022-08-21 11:00:00', '2022-08-21 12:30:00', '1', '2017-09-14 08:56:13', '2017-09-14 08:56:13', '622631ba-0b23-4751-a2bf-17ad22a080c8'),
 ('12766', '10', '2022-08-28 11:00:00', '2022-08-28 12:30:00', '1', '2017-09-14 08:56:13', '2017-09-14 08:56:13', '2fda6820-91bd-461d-a339-c9623fde2b93'),
 ('12767', '10', '2022-09-04 11:00:00', '2022-09-04 12:30:00', '1', '2017-09-14 08:56:13', '2017-09-14 08:56:13', '1aee369b-bd5e-466e-a2bf-10cc6fa1dc94'),
 ('12768', '10', '2022-09-11 11:00:00', '2022-09-11 12:30:00', '1', '2017-09-14 08:56:13', '2017-09-14 08:56:13', 'f1e116f9-0917-496a-b534-1c47864cacf2'),
 ('12769', '10', '2022-09-18 11:00:00', '2022-09-18 12:30:00', '1', '2017-09-14 08:56:13', '2017-09-14 08:56:13', '4444556d-310a-40cb-9e99-8cec07fffbb5'),
 ('12770', '10', '2022-09-25 11:00:00', '2022-09-25 12:30:00', '1', '2017-09-14 08:56:13', '2017-09-14 08:56:13', '5ca2ce92-06fe-40b2-b0be-73882a8aa3f4'),
 ('12771', '10', '2022-10-02 11:00:00', '2022-10-02 12:30:00', '1', '2017-09-14 08:56:13', '2017-09-14 08:56:13', '150653a0-ea1b-43d2-810e-8e2a5be75f2d'),
 ('12772', '10', '2022-10-09 11:00:00', '2022-10-09 12:30:00', '1', '2017-09-14 08:56:13', '2017-09-14 08:56:13', 'f8f166c4-52dd-46eb-ab7d-cccbc2bd1229'),
 ('12773', '10', '2022-10-16 11:00:00', '2022-10-16 12:30:00', '1', '2017-09-14 08:56:13', '2017-09-14 08:56:13', 'ce62b282-0445-42d9-b65c-225fc524c5d2'),
 ('12774', '10', '2022-10-23 11:00:00', '2022-10-23 12:30:00', '1', '2017-09-14 08:56:13', '2017-09-14 08:56:13', 'b2a42978-f08e-4c74-829b-b76aa16d16ef'),
 ('12775', '10', '2022-10-30 11:00:00', '2022-10-30 12:30:00', '1', '2017-09-14 08:56:13', '2017-09-14 08:56:13', '470fdad4-9eae-4356-8bfc-701ed16106fd'),
 ('12776', '10', '2022-11-06 11:00:00', '2022-11-06 12:30:00', '1', '2017-09-14 08:56:13', '2017-09-14 08:56:13', 'aab378dd-46b5-43d7-a17e-ff344ef9bbe5'),
 ('12777', '10', '2022-11-13 11:00:00', '2022-11-13 12:30:00', '1', '2017-09-14 08:56:13', '2017-09-14 08:56:13', '71f6ede6-c60c-451d-9e79-416ec9382b7b'),
 ('12778', '10', '2022-11-20 11:00:00', '2022-11-20 12:30:00', '1', '2017-09-14 08:56:13', '2017-09-14 08:56:13', '7998061e-74fa-4c0f-90e6-cb5d07f81a1d'),
 ('12779', '10', '2022-11-27 11:00:00', '2022-11-27 12:30:00', '1', '2017-09-14 08:56:13', '2017-09-14 08:56:13', '704f642b-6357-463f-887a-4a3034ba6d87'),
 ('12780', '10', '2022-12-04 11:00:00', '2022-12-04 12:30:00', '1', '2017-09-14 08:56:13', '2017-09-14 08:56:13', '8d8cdb79-784f-4a0a-9fd3-1d07834d6819'),
 ('12781', '10', '2022-12-11 11:00:00', '2022-12-11 12:30:00', '1', '2017-09-14 08:56:13', '2017-09-14 08:56:13', 'a7019b2d-d5ae-4e61-8d08-5db028dbedc3'),
 ('12782', '10', '2022-12-18 11:00:00', '2022-12-18 12:30:00', '1', '2017-09-14 08:56:13', '2017-09-14 08:56:13', '82974861-5982-486d-a884-b52db2eced13'),
 ('12783', '10', '2022-12-25 11:00:00', '2022-12-25 12:30:00', '1', '2017-09-14 08:56:13', '2017-09-14 08:56:13', 'c7833a54-bc72-4ff9-864c-a307d842f758'),
 ('12784', '10', '2023-01-01 11:00:00', '2023-01-01 12:30:00', '1', '2017-09-14 08:56:13', '2017-09-14 08:56:13', '2c291c0f-00c8-4798-a892-dadcd6ed3803'),
 ('12785', '10', '2023-01-08 11:00:00', '2023-01-08 12:30:00', '1', '2017-09-14 08:56:13', '2017-09-14 08:56:13', '3dc9b497-f696-4f58-a048-a98fc28fdaca'),
 ('12786', '10', '2023-01-15 11:00:00', '2023-01-15 12:30:00', '1', '2017-09-14 08:56:13', '2017-09-14 08:56:13', '5ecd8e64-f2d0-496c-977f-4d4098e316d2'),
 ('12787', '10', '2023-01-22 11:00:00', '2023-01-22 12:30:00', '1', '2017-09-14 08:56:13', '2017-09-14 08:56:13', '48d24832-5cf3-435c-a298-32cfc6e71898'),
 ('12788', '10', '2023-01-29 11:00:00', '2023-01-29 12:30:00', '1', '2017-09-14 08:56:13', '2017-09-14 08:56:13', 'f81dbe2b-00ed-421d-94c6-687bb9abdf9e'),
 ('12789', '10', '2023-02-05 11:00:00', '2023-02-05 12:30:00', '1', '2017-09-14 08:56:13', '2017-09-14 08:56:13', '220f0120-afd5-45df-86b3-a6a00ca286d7'),
 ('12790', '10', '2023-02-12 11:00:00', '2023-02-12 12:30:00', '1', '2017-09-14 08:56:13', '2017-09-14 08:56:13', 'c4dd6a81-0111-4e5d-9d3a-bd01b3ee8034'),
 ('12791', '10', '2023-02-19 11:00:00', '2023-02-19 12:30:00', '1', '2017-09-14 08:56:13', '2017-09-14 08:56:13', '91444246-b3ac-4ca8-a806-9073574230e4'),
 ('12792', '10', '2023-02-26 11:00:00', '2023-02-26 12:30:00', '1', '2017-09-14 08:56:13', '2017-09-14 08:56:13', 'a1609906-1a3a-4428-83e5-a1c84c310d97'),
 ('12793', '10', '2023-03-05 11:00:00', '2023-03-05 12:30:00', '1', '2017-09-14 08:56:13', '2017-09-14 08:56:13', '74c1d5b0-af49-4211-ac1c-ccbc53e760cb'),
 ('12794', '10', '2023-03-12 11:00:00', '2023-03-12 12:30:00', '1', '2017-09-14 08:56:13', '2017-09-14 08:56:13', 'f58f67c0-6cd8-4b6d-a704-c7bc4cc64be0'),
 ('12795', '10', '2023-03-19 11:00:00', '2023-03-19 12:30:00', '1', '2017-09-14 08:56:13', '2017-09-14 08:56:13', '23cdfd3b-59c6-4bb2-a8a6-0063963c11cb'),
 ('12796', '10', '2023-03-26 11:00:00', '2023-03-26 12:30:00', '1', '2017-09-14 08:56:13', '2017-09-14 08:56:13', '5e6553c3-6bc7-48aa-bbf0-699c926c9153'),
 ('12797', '10', '2023-04-02 11:00:00', '2023-04-02 12:30:00', '1', '2017-09-14 08:56:13', '2017-09-14 08:56:13', '6d182ea5-cc6e-422f-8c12-ec092ce302c0'),
 ('12798', '10', '2023-04-09 11:00:00', '2023-04-09 12:30:00', '1', '2017-09-14 08:56:13', '2017-09-14 08:56:13', 'ffcba985-2290-4402-9401-2d9cc0ea5602'),
 ('12799', '10', '2023-04-16 11:00:00', '2023-04-16 12:30:00', '1', '2017-09-14 08:56:13', '2017-09-14 08:56:13', 'f30ca7f5-39c3-4415-9b50-1e0752b146de'),
 ('12800', '10', '2023-04-23 11:00:00', '2023-04-23 12:30:00', '1', '2017-09-14 08:56:13', '2017-09-14 08:56:13', '7357a7bc-de8d-4ae8-a0bb-0409149e9ad2'),
 ('12801', '10', '2023-04-30 11:00:00', '2023-04-30 12:30:00', '1', '2017-09-14 08:56:13', '2017-09-14 08:56:13', '1fe8148c-c642-4b5c-b1c0-3b5d7c56586e'),
 ('12802', '10', '2023-05-07 11:00:00', '2023-05-07 12:30:00', '1', '2017-09-14 08:56:13', '2017-09-14 08:56:13', 'ca6d3849-7253-4737-b702-5e8869e5f436'),
 ('12803', '10', '2023-05-14 11:00:00', '2023-05-14 12:30:00', '1', '2017-09-14 08:56:13', '2017-09-14 08:56:13', '5432b3b2-9be9-4fa9-8cda-9b246036eea7'),
 ('12804', '10', '2023-05-21 11:00:00', '2023-05-21 12:30:00', '1', '2017-09-14 08:56:13', '2017-09-14 08:56:13', '11b8b3ac-e87e-4a03-b709-dbd571b5cdf3');
INSERT INTO `craft_venti_recurr` (`eid`, `cid`, `startDate`, `endDate`, `isrepeat`, `dateCreated`, `dateUpdated`, `uid`) VALUES
 ('12805', '10', '2023-05-28 11:00:00', '2023-05-28 12:30:00', '1', '2017-09-14 08:56:13', '2017-09-14 08:56:13', '9d5c1aab-876c-49b0-b629-f26dd41d6b6f'),
 ('12806', '10', '2023-06-04 11:00:00', '2023-06-04 12:30:00', '1', '2017-09-14 08:56:13', '2017-09-14 08:56:13', '98a864f0-d20a-4624-bcaf-080347e774f7'),
 ('12807', '10', '2023-06-11 11:00:00', '2023-06-11 12:30:00', '1', '2017-09-14 08:56:13', '2017-09-14 08:56:13', 'bed038c4-69f5-4b93-bda7-1614adb32d82'),
 ('12808', '10', '2023-06-18 11:00:00', '2023-06-18 12:30:00', '1', '2017-09-14 08:56:13', '2017-09-14 08:56:13', '144d7db1-40a8-4fc6-804b-18eebc72fd79'),
 ('12809', '10', '2023-06-25 11:00:00', '2023-06-25 12:30:00', '1', '2017-09-14 08:56:13', '2017-09-14 08:56:13', 'c327e29e-dbd6-4f6b-9f55-a05a07093832'),
 ('12810', '10', '2023-07-02 11:00:00', '2023-07-02 12:30:00', '1', '2017-09-14 08:56:13', '2017-09-14 08:56:13', '8c07c7f4-6ae6-426b-b6fe-9025a7e43b68'),
 ('12811', '10', '2023-07-09 11:00:00', '2023-07-09 12:30:00', '1', '2017-09-14 08:56:13', '2017-09-14 08:56:13', 'cbf185ac-3fec-434a-9555-b429e26509d4'),
 ('12812', '10', '2023-07-16 11:00:00', '2023-07-16 12:30:00', '1', '2017-09-14 08:56:13', '2017-09-14 08:56:13', 'be39b420-5cdd-4e4c-bc0e-6552d16ab870'),
 ('12813', '10', '2023-07-23 11:00:00', '2023-07-23 12:30:00', '1', '2017-09-14 08:56:13', '2017-09-14 08:56:13', '342c55f6-720a-4b9e-8181-5d88da948c18'),
 ('12814', '10', '2023-07-30 11:00:00', '2023-07-30 12:30:00', '1', '2017-09-14 08:56:13', '2017-09-14 08:56:13', '46b3ffce-4839-44d9-bc35-0914fb596180'),
 ('12815', '10', '2023-08-06 11:00:00', '2023-08-06 12:30:00', '1', '2017-09-14 08:56:13', '2017-09-14 08:56:13', 'fe8bac47-8dfb-43f3-bf90-c2f18536b104'),
 ('12816', '10', '2023-08-13 11:00:00', '2023-08-13 12:30:00', '1', '2017-09-14 08:56:13', '2017-09-14 08:56:13', '7ab2e5fe-2803-4992-8700-d2555c6fd4ce'),
 ('12817', '10', '2023-08-20 11:00:00', '2023-08-20 12:30:00', '1', '2017-09-14 08:56:13', '2017-09-14 08:56:13', 'bf1a0526-cc9b-4279-86fe-c43458b86597'),
 ('12818', '10', '2023-08-27 11:00:00', '2023-08-27 12:30:00', '1', '2017-09-14 08:56:13', '2017-09-14 08:56:13', '02a08865-3a66-4506-899e-3938a4027fd0'),
 ('12819', '10', '2023-09-03 11:00:00', '2023-09-03 12:30:00', '1', '2017-09-14 08:56:13', '2017-09-14 08:56:13', '8489e402-758b-4124-b251-3572b6291b5f'),
 ('12820', '10', '2023-09-10 11:00:00', '2023-09-10 12:30:00', '1', '2017-09-14 08:56:13', '2017-09-14 08:56:13', '3a08c100-1dd2-4a06-a040-5d51e1a641b7'),
 ('12821', '10', '2023-09-17 11:00:00', '2023-09-17 12:30:00', '1', '2017-09-14 08:56:13', '2017-09-14 08:56:13', '632b9014-2e4e-4a1a-a0b0-64e5df0c65d4'),
 ('12822', '10', '2023-09-24 11:00:00', '2023-09-24 12:30:00', '1', '2017-09-14 08:56:13', '2017-09-14 08:56:13', '97788dba-d265-4e8d-81b5-7a55c9e7516d'),
 ('12823', '10', '2023-10-01 11:00:00', '2023-10-01 12:30:00', '1', '2017-09-14 08:56:13', '2017-09-14 08:56:13', 'b395126b-b221-4a36-99d8-6e6015038607'),
 ('12824', '10', '2023-10-08 11:00:00', '2023-10-08 12:30:00', '1', '2017-09-14 08:56:13', '2017-09-14 08:56:13', 'e58555ec-ba3c-4568-9f18-013683b1d881'),
 ('12825', '10', '2023-10-15 11:00:00', '2023-10-15 12:30:00', '1', '2017-09-14 08:56:13', '2017-09-14 08:56:13', '8186b4e5-c757-4a48-849e-2c5b0ef38713'),
 ('12826', '10', '2023-10-22 11:00:00', '2023-10-22 12:30:00', '1', '2017-09-14 08:56:13', '2017-09-14 08:56:13', 'f94c5149-cb81-42fa-a4b0-1650cdec5a28'),
 ('12827', '10', '2023-10-29 11:00:00', '2023-10-29 12:30:00', '1', '2017-09-14 08:56:13', '2017-09-14 08:56:13', 'b6957592-009c-47fb-b303-7fb16e3ec984'),
 ('12828', '10', '2023-11-05 11:00:00', '2023-11-05 12:30:00', '1', '2017-09-14 08:56:13', '2017-09-14 08:56:13', 'e7848054-1ac9-4a93-81d1-4e34eed3501d'),
 ('12829', '10', '2023-11-12 11:00:00', '2023-11-12 12:30:00', '1', '2017-09-14 08:56:13', '2017-09-14 08:56:13', 'b3866ce4-95d1-43b6-87b8-b142b8ea46a2'),
 ('12830', '10', '2023-11-19 11:00:00', '2023-11-19 12:30:00', '1', '2017-09-14 08:56:13', '2017-09-14 08:56:13', '30dec1a4-a436-4455-92ad-f75cfe793133'),
 ('12831', '10', '2023-11-26 11:00:00', '2023-11-26 12:30:00', '1', '2017-09-14 08:56:13', '2017-09-14 08:56:13', 'db54a9ec-b095-44ef-8a80-fd642562ca26'),
 ('12832', '10', '2023-12-03 11:00:00', '2023-12-03 12:30:00', '1', '2017-09-14 08:56:13', '2017-09-14 08:56:13', '33bc66cc-871b-4fed-9346-b1bb94e04c99'),
 ('12833', '10', '2023-12-10 11:00:00', '2023-12-10 12:30:00', '1', '2017-09-14 08:56:13', '2017-09-14 08:56:13', 'aa3931ce-29ea-42a9-9ee3-46c12308552a'),
 ('12834', '10', '2023-12-17 11:00:00', '2023-12-17 12:30:00', '1', '2017-09-14 08:56:13', '2017-09-14 08:56:13', '59a9ccb9-2620-4956-acb9-8169b649603d'),
 ('12835', '10', '2023-12-24 11:00:00', '2023-12-24 12:30:00', '1', '2017-09-14 08:56:13', '2017-09-14 08:56:13', '5e89dd76-df6b-4661-9d35-8d25561c90ad'),
 ('12836', '10', '2023-12-31 11:00:00', '2023-12-31 12:30:00', '1', '2017-09-14 08:56:13', '2017-09-14 08:56:13', 'c8d6d15a-aea5-45d4-8ded-7de009c5c3e8'),
 ('12837', '10', '2024-01-07 11:00:00', '2024-01-07 12:30:00', '1', '2017-09-14 08:56:13', '2017-09-14 08:56:13', '2f7577b8-efdd-45a1-beab-f2809cb723a0'),
 ('12838', '10', '2024-01-14 11:00:00', '2024-01-14 12:30:00', '1', '2017-09-14 08:56:13', '2017-09-14 08:56:13', '733bdec8-b41a-485e-a123-e8a6a9fdb24c'),
 ('12839', '10', '2024-01-21 11:00:00', '2024-01-21 12:30:00', '1', '2017-09-14 08:56:13', '2017-09-14 08:56:13', '2767d843-62be-48be-b379-40f4e484519c'),
 ('12840', '10', '2024-01-28 11:00:00', '2024-01-28 12:30:00', '1', '2017-09-14 08:56:13', '2017-09-14 08:56:13', '6643450e-d44f-4edf-bf80-e7a2caff511b'),
 ('12841', '10', '2024-02-04 11:00:00', '2024-02-04 12:30:00', '1', '2017-09-14 08:56:13', '2017-09-14 08:56:13', 'f0691a0d-04b7-4ed6-b275-9eb62669768b'),
 ('12842', '10', '2024-02-11 11:00:00', '2024-02-11 12:30:00', '1', '2017-09-14 08:56:13', '2017-09-14 08:56:13', '93f662e6-931a-4ff3-8b87-cb67cdc28000'),
 ('12843', '10', '2024-02-18 11:00:00', '2024-02-18 12:30:00', '1', '2017-09-14 08:56:13', '2017-09-14 08:56:13', '64f1f9e9-8d1c-4643-8589-89d6b891dd08'),
 ('12844', '10', '2024-02-25 11:00:00', '2024-02-25 12:30:00', '1', '2017-09-14 08:56:13', '2017-09-14 08:56:13', 'de3fa240-403a-4344-a713-63c1a676861e'),
 ('12845', '10', '2024-03-03 11:00:00', '2024-03-03 12:30:00', '1', '2017-09-14 08:56:13', '2017-09-14 08:56:13', 'd9c6f9a5-4a5d-4c51-bcd4-dbf34fbb7907'),
 ('12846', '10', '2024-03-10 11:00:00', '2024-03-10 12:30:00', '1', '2017-09-14 08:56:13', '2017-09-14 08:56:13', 'aa6ff746-fbc8-4f9e-bcbc-23757750a5b2'),
 ('12847', '10', '2024-03-17 11:00:00', '2024-03-17 12:30:00', '1', '2017-09-14 08:56:13', '2017-09-14 08:56:13', '40cb7b70-af00-44b0-aa8b-b5491a98db76'),
 ('12848', '10', '2024-03-24 11:00:00', '2024-03-24 12:30:00', '1', '2017-09-14 08:56:13', '2017-09-14 08:56:13', 'd8d74eaa-7bab-4f4a-995c-1e9a05b9f4b2'),
 ('12849', '10', '2024-03-31 11:00:00', '2024-03-31 12:30:00', '1', '2017-09-14 08:56:13', '2017-09-14 08:56:13', '076d32bd-9952-47cf-8cf0-f7fe5ca71bff'),
 ('12850', '10', '2024-04-07 11:00:00', '2024-04-07 12:30:00', '1', '2017-09-14 08:56:13', '2017-09-14 08:56:13', 'e00a36d5-2ab8-4326-a616-18837a4f7293'),
 ('12851', '10', '2024-04-14 11:00:00', '2024-04-14 12:30:00', '1', '2017-09-14 08:56:13', '2017-09-14 08:56:13', '70764294-ec04-4c06-a72c-169508be7ceb'),
 ('12852', '10', '2024-04-21 11:00:00', '2024-04-21 12:30:00', '1', '2017-09-14 08:56:13', '2017-09-14 08:56:13', '6ed86574-eae6-41e1-b30a-39c31b3f57db'),
 ('12853', '10', '2024-04-28 11:00:00', '2024-04-28 12:30:00', '1', '2017-09-14 08:56:13', '2017-09-14 08:56:13', '4eb7c313-eb0c-4e63-a971-283e9322577a'),
 ('12854', '10', '2024-05-05 11:00:00', '2024-05-05 12:30:00', '1', '2017-09-14 08:56:13', '2017-09-14 08:56:13', 'ef56b1bb-b4ce-4d43-9ccb-af2d73e0a202'),
 ('12855', '10', '2024-05-12 11:00:00', '2024-05-12 12:30:00', '1', '2017-09-14 08:56:13', '2017-09-14 08:56:13', 'dd30d1a9-0ca6-4c58-bd2a-7e1b5f49b245'),
 ('12856', '10', '2024-05-19 11:00:00', '2024-05-19 12:30:00', '1', '2017-09-14 08:56:13', '2017-09-14 08:56:13', '583c8e92-a373-48ef-ba33-281aad9747b1'),
 ('12857', '10', '2024-05-26 11:00:00', '2024-05-26 12:30:00', '1', '2017-09-14 08:56:13', '2017-09-14 08:56:13', '3df19686-77b2-4aff-9bae-27022dea63ad'),
 ('12858', '10', '2024-06-02 11:00:00', '2024-06-02 12:30:00', '1', '2017-09-14 08:56:13', '2017-09-14 08:56:13', '4fbc9e11-c76c-495f-b825-253253349b5e'),
 ('12859', '10', '2024-06-09 11:00:00', '2024-06-09 12:30:00', '1', '2017-09-14 08:56:13', '2017-09-14 08:56:13', '9e6dfabe-edc2-42dc-b356-d6b411cce9f0'),
 ('12860', '10', '2024-06-16 11:00:00', '2024-06-16 12:30:00', '1', '2017-09-14 08:56:13', '2017-09-14 08:56:13', '9d3e79e0-54aa-43c0-9813-ededfc813b5c'),
 ('12861', '10', '2024-06-23 11:00:00', '2024-06-23 12:30:00', '1', '2017-09-14 08:56:13', '2017-09-14 08:56:13', '22a486bc-9ad1-44b9-9095-6fb0b14bdaed'),
 ('12862', '10', '2024-06-30 11:00:00', '2024-06-30 12:30:00', '1', '2017-09-14 08:56:13', '2017-09-14 08:56:13', '32778051-ee30-4579-a12f-dbce19350fb6'),
 ('12863', '10', '2024-07-07 11:00:00', '2024-07-07 12:30:00', '1', '2017-09-14 08:56:13', '2017-09-14 08:56:13', 'd3629fdf-2a5f-45f3-8441-866127b404a0'),
 ('12864', '10', '2024-07-14 11:00:00', '2024-07-14 12:30:00', '1', '2017-09-14 08:56:13', '2017-09-14 08:56:13', '39f4f797-cf7e-4478-9551-5fae038f2028'),
 ('12865', '10', '2024-07-21 11:00:00', '2024-07-21 12:30:00', '1', '2017-09-14 08:56:13', '2017-09-14 08:56:13', '96fdb771-0580-48cb-90a4-d45091289c59'),
 ('12866', '10', '2024-07-28 11:00:00', '2024-07-28 12:30:00', '1', '2017-09-14 08:56:13', '2017-09-14 08:56:13', '1f7241af-53ee-4348-af51-7b0f051dfedd'),
 ('12867', '10', '2024-08-04 11:00:00', '2024-08-04 12:30:00', '1', '2017-09-14 08:56:13', '2017-09-14 08:56:13', 'dde85adf-956c-4226-a094-69591ec48140'),
 ('12868', '10', '2024-08-11 11:00:00', '2024-08-11 12:30:00', '1', '2017-09-14 08:56:13', '2017-09-14 08:56:13', '7bede3af-5aa7-4535-9ab6-8c2868e3a6b9'),
 ('12869', '10', '2024-08-18 11:00:00', '2024-08-18 12:30:00', '1', '2017-09-14 08:56:13', '2017-09-14 08:56:13', '12a8673f-884e-4615-8d61-fc11d4237965'),
 ('12870', '10', '2024-08-25 11:00:00', '2024-08-25 12:30:00', '1', '2017-09-14 08:56:13', '2017-09-14 08:56:13', '31cae341-a939-49c1-a1a4-23d6e6e28ade'),
 ('12871', '10', '2024-09-01 11:00:00', '2024-09-01 12:30:00', '1', '2017-09-14 08:56:13', '2017-09-14 08:56:13', '2d4b7e44-d531-4106-b240-537337e825fb'),
 ('12872', '10', '2024-09-08 11:00:00', '2024-09-08 12:30:00', '1', '2017-09-14 08:56:13', '2017-09-14 08:56:13', '0f293158-8a75-4f10-9e6d-966d34dbc8d5'),
 ('12873', '10', '2024-09-15 11:00:00', '2024-09-15 12:30:00', '1', '2017-09-14 08:56:13', '2017-09-14 08:56:13', 'bad16c4c-c352-4894-ae17-496223cf11fa'),
 ('12874', '10', '2024-09-22 11:00:00', '2024-09-22 12:30:00', '1', '2017-09-14 08:56:13', '2017-09-14 08:56:13', '69dc403e-6099-455a-9672-173ebd1093fe'),
 ('12875', '10', '2024-09-29 11:00:00', '2024-09-29 12:30:00', '1', '2017-09-14 08:56:13', '2017-09-14 08:56:13', '0c1e1ae4-8a77-4d92-8929-9e524ba5b15c'),
 ('12876', '10', '2024-10-06 11:00:00', '2024-10-06 12:30:00', '1', '2017-09-14 08:56:13', '2017-09-14 08:56:13', 'f8a157e3-95f3-441e-9f65-b11cdeef4211'),
 ('12877', '10', '2024-10-13 11:00:00', '2024-10-13 12:30:00', '1', '2017-09-14 08:56:13', '2017-09-14 08:56:13', '016a8ba5-a0c9-40f9-b152-70640c3c220b'),
 ('12878', '10', '2024-10-20 11:00:00', '2024-10-20 12:30:00', '1', '2017-09-14 08:56:13', '2017-09-14 08:56:13', '4ff64d21-30ca-4ecd-803b-a1d8bf8cbcb7'),
 ('12879', '10', '2024-10-27 11:00:00', '2024-10-27 12:30:00', '1', '2017-09-14 08:56:13', '2017-09-14 08:56:13', '945fa4ae-eaa8-43e3-b48b-852eb4cd4cf0'),
 ('12880', '10', '2024-11-03 11:00:00', '2024-11-03 12:30:00', '1', '2017-09-14 08:56:13', '2017-09-14 08:56:13', '8ec1bf48-b200-4cd4-8643-3a61ace0cab8'),
 ('12881', '10', '2024-11-10 11:00:00', '2024-11-10 12:30:00', '1', '2017-09-14 08:56:13', '2017-09-14 08:56:13', '5a0ff0e5-0714-476f-b477-682a44ecd9ac'),
 ('12882', '10', '2024-11-17 11:00:00', '2024-11-17 12:30:00', '1', '2017-09-14 08:56:13', '2017-09-14 08:56:13', 'fc304c95-f29d-45e4-98e9-bbbf3645f383'),
 ('12883', '10', '2024-11-24 11:00:00', '2024-11-24 12:30:00', '1', '2017-09-14 08:56:13', '2017-09-14 08:56:13', '7f4de8ff-f5ed-422b-91b1-4ea00de2e801'),
 ('12884', '10', '2024-12-01 11:00:00', '2024-12-01 12:30:00', '1', '2017-09-14 08:56:13', '2017-09-14 08:56:13', 'e58ffd46-3d03-4548-9a76-5c5afe7721bf'),
 ('12885', '10', '2024-12-08 11:00:00', '2024-12-08 12:30:00', '1', '2017-09-14 08:56:13', '2017-09-14 08:56:13', '82cf723f-be5f-4853-8ac6-2dd4e08cd7c3'),
 ('12886', '10', '2024-12-15 11:00:00', '2024-12-15 12:30:00', '1', '2017-09-14 08:56:13', '2017-09-14 08:56:13', 'e6e2a868-76c8-402b-8220-ca962b9929f7'),
 ('12887', '10', '2024-12-22 11:00:00', '2024-12-22 12:30:00', '1', '2017-09-14 08:56:13', '2017-09-14 08:56:13', 'caa3721b-0f84-431a-b301-1864bedcfdc8'),
 ('12888', '10', '2024-12-29 11:00:00', '2024-12-29 12:30:00', '1', '2017-09-14 08:56:13', '2017-09-14 08:56:13', '28307684-3d7d-4270-a08d-4658131ab9bc'),
 ('12889', '10', '2025-01-05 11:00:00', '2025-01-05 12:30:00', '1', '2017-09-14 08:56:13', '2017-09-14 08:56:13', '704944b9-27c8-4dcc-a176-1dce3b0e67a9'),
 ('12890', '10', '2025-01-12 11:00:00', '2025-01-12 12:30:00', '1', '2017-09-14 08:56:13', '2017-09-14 08:56:13', 'd41e27b4-4228-480e-8d67-0f8b9989144e'),
 ('12891', '10', '2025-01-19 11:00:00', '2025-01-19 12:30:00', '1', '2017-09-14 08:56:13', '2017-09-14 08:56:13', '6b7eb079-84d3-40a9-8b5d-793145a17e9c'),
 ('12892', '10', '2025-01-26 11:00:00', '2025-01-26 12:30:00', '1', '2017-09-14 08:56:13', '2017-09-14 08:56:13', '7c65c0a0-b254-44d2-89a8-7629d22b066b'),
 ('12893', '10', '2025-02-02 11:00:00', '2025-02-02 12:30:00', '1', '2017-09-14 08:56:13', '2017-09-14 08:56:13', 'f3a4ee0e-01e7-4680-ad49-a35bf18f185c'),
 ('12894', '10', '2025-02-09 11:00:00', '2025-02-09 12:30:00', '1', '2017-09-14 08:56:13', '2017-09-14 08:56:13', '9adb8e84-3ddb-425d-99b4-2d56314a1e88'),
 ('12895', '10', '2025-02-16 11:00:00', '2025-02-16 12:30:00', '1', '2017-09-14 08:56:13', '2017-09-14 08:56:13', '59993b45-55f6-4e33-b440-623dc95f120d'),
 ('12896', '10', '2025-02-23 11:00:00', '2025-02-23 12:30:00', '1', '2017-09-14 08:56:13', '2017-09-14 08:56:13', 'cd30802e-1cb0-4244-b261-dc8b43f6e444'),
 ('12897', '10', '2025-03-02 11:00:00', '2025-03-02 12:30:00', '1', '2017-09-14 08:56:13', '2017-09-14 08:56:13', '22a3ea9c-ca53-4590-bde4-1e7552585e23'),
 ('12898', '10', '2025-03-09 11:00:00', '2025-03-09 12:30:00', '1', '2017-09-14 08:56:13', '2017-09-14 08:56:13', 'eff93eb1-e22f-4961-9b35-8e83008671b3'),
 ('12899', '10', '2025-03-16 11:00:00', '2025-03-16 12:30:00', '1', '2017-09-14 08:56:13', '2017-09-14 08:56:13', '0b32248d-04d1-43ae-92c1-7d0d9e40ea36'),
 ('12900', '10', '2025-03-23 11:00:00', '2025-03-23 12:30:00', '1', '2017-09-14 08:56:13', '2017-09-14 08:56:13', '1316134d-2e27-4265-bd68-013555bef71a'),
 ('12901', '10', '2025-03-30 11:00:00', '2025-03-30 12:30:00', '1', '2017-09-14 08:56:13', '2017-09-14 08:56:13', '32f664bf-35b5-4ad8-a40e-0479ab0fb2a6'),
 ('12902', '10', '2025-04-06 11:00:00', '2025-04-06 12:30:00', '1', '2017-09-14 08:56:13', '2017-09-14 08:56:13', 'd6093691-57a9-4d87-a70a-90bb3f750775'),
 ('12903', '10', '2025-04-13 11:00:00', '2025-04-13 12:30:00', '1', '2017-09-14 08:56:13', '2017-09-14 08:56:13', '64eef7d7-7f69-44fb-a094-3f52da2db903'),
 ('12904', '10', '2025-04-20 11:00:00', '2025-04-20 12:30:00', '1', '2017-09-14 08:56:13', '2017-09-14 08:56:13', '8f5bbc8d-86f2-428f-890e-96b1c08357b7');
INSERT INTO `craft_venti_recurr` (`eid`, `cid`, `startDate`, `endDate`, `isrepeat`, `dateCreated`, `dateUpdated`, `uid`) VALUES
 ('12905', '10', '2025-04-27 11:00:00', '2025-04-27 12:30:00', '1', '2017-09-14 08:56:13', '2017-09-14 08:56:13', '10fc7815-1452-4b75-9264-546a2dc76525'),
 ('12906', '10', '2025-05-04 11:00:00', '2025-05-04 12:30:00', '1', '2017-09-14 08:56:13', '2017-09-14 08:56:13', '528bb34a-aa9c-490a-ae85-1b68de71167e'),
 ('12907', '10', '2025-05-11 11:00:00', '2025-05-11 12:30:00', '1', '2017-09-14 08:56:13', '2017-09-14 08:56:13', 'fdf9c063-d8dd-4888-9ef0-f344b5d0fe96'),
 ('12908', '10', '2025-05-18 11:00:00', '2025-05-18 12:30:00', '1', '2017-09-14 08:56:13', '2017-09-14 08:56:13', '8beb306b-645d-41ee-bc5d-9949f4176af7'),
 ('12909', '10', '2025-05-25 11:00:00', '2025-05-25 12:30:00', '1', '2017-09-14 08:56:13', '2017-09-14 08:56:13', 'c6a393a9-015f-4982-bb86-9bc1bcfe88ab'),
 ('12910', '10', '2025-06-01 11:00:00', '2025-06-01 12:30:00', '1', '2017-09-14 08:56:13', '2017-09-14 08:56:13', 'cac91981-3903-4b33-9596-b2ea0f706f8d'),
 ('12911', '10', '2025-06-08 11:00:00', '2025-06-08 12:30:00', '1', '2017-09-14 08:56:13', '2017-09-14 08:56:13', '39521b10-e116-458e-9a1a-02f4eca7e08a'),
 ('12912', '10', '2025-06-15 11:00:00', '2025-06-15 12:30:00', '1', '2017-09-14 08:56:13', '2017-09-14 08:56:13', 'efafd70f-fa6c-4198-91a8-578aba1c7952'),
 ('12913', '10', '2025-06-22 11:00:00', '2025-06-22 12:30:00', '1', '2017-09-14 08:56:13', '2017-09-14 08:56:13', 'cfc994e8-8de4-406a-a7db-90055c0a7827'),
 ('12914', '10', '2025-06-29 11:00:00', '2025-06-29 12:30:00', '1', '2017-09-14 08:56:13', '2017-09-14 08:56:13', 'cf8e33f8-06e3-4cfc-9f0b-8d12e7bbd29d'),
 ('12915', '10', '2025-07-06 11:00:00', '2025-07-06 12:30:00', '1', '2017-09-14 08:56:13', '2017-09-14 08:56:13', 'b5b107df-5f53-4a14-bbdd-a69a2775b243'),
 ('12916', '10', '2025-07-13 11:00:00', '2025-07-13 12:30:00', '1', '2017-09-14 08:56:13', '2017-09-14 08:56:13', '2ad2e434-0e95-4157-ac83-9f1248ec5ed8'),
 ('12917', '10', '2025-07-20 11:00:00', '2025-07-20 12:30:00', '1', '2017-09-14 08:56:13', '2017-09-14 08:56:13', '435ca764-29f2-4407-b198-6192ced9f180'),
 ('12918', '10', '2025-07-27 11:00:00', '2025-07-27 12:30:00', '1', '2017-09-14 08:56:13', '2017-09-14 08:56:13', 'b5484eca-8a42-40fa-82eb-9d2208be1edf'),
 ('12919', '10', '2025-08-03 11:00:00', '2025-08-03 12:30:00', '1', '2017-09-14 08:56:13', '2017-09-14 08:56:13', '222c262e-f456-456d-8a2c-e1f730b2c2d7'),
 ('12920', '10', '2025-08-10 11:00:00', '2025-08-10 12:30:00', '1', '2017-09-14 08:56:13', '2017-09-14 08:56:13', 'afd745db-1ecf-49f8-b96b-6faa4b0b8adc'),
 ('12921', '10', '2025-08-17 11:00:00', '2025-08-17 12:30:00', '1', '2017-09-14 08:56:13', '2017-09-14 08:56:13', '744c2717-5715-438c-8ebd-a60e450c37ed'),
 ('12922', '10', '2025-08-24 11:00:00', '2025-08-24 12:30:00', '1', '2017-09-14 08:56:13', '2017-09-14 08:56:13', '8d0bd325-cea1-4cce-b966-980e1baccfe0'),
 ('12923', '10', '2025-08-31 11:00:00', '2025-08-31 12:30:00', '1', '2017-09-14 08:56:13', '2017-09-14 08:56:13', 'be1111a7-6303-462c-aa0d-6cb41040c019'),
 ('12924', '10', '2025-09-07 11:00:00', '2025-09-07 12:30:00', '1', '2017-09-14 08:56:13', '2017-09-14 08:56:13', '2624fd4f-5cd5-4f29-8921-1b5ac868e4cb'),
 ('12925', '10', '2025-09-14 11:00:00', '2025-09-14 12:30:00', '1', '2017-09-14 08:56:13', '2017-09-14 08:56:13', 'd9638b80-8772-4824-8459-8b24e3c54d6e'),
 ('12926', '10', '2025-09-21 11:00:00', '2025-09-21 12:30:00', '1', '2017-09-14 08:56:13', '2017-09-14 08:56:13', 'bba90bd4-5dfb-43de-a555-f964d78d8026'),
 ('12927', '10', '2025-09-28 11:00:00', '2025-09-28 12:30:00', '1', '2017-09-14 08:56:13', '2017-09-14 08:56:13', '2702e7dc-5056-406f-be85-749df85f927d'),
 ('12928', '10', '2025-10-05 11:00:00', '2025-10-05 12:30:00', '1', '2017-09-14 08:56:13', '2017-09-14 08:56:13', 'a1981595-4f24-49b8-a14e-0eacd8b2af4e'),
 ('12929', '10', '2025-10-12 11:00:00', '2025-10-12 12:30:00', '1', '2017-09-14 08:56:13', '2017-09-14 08:56:13', 'acf3aadb-d871-4257-b38c-7b2af26b534e'),
 ('12930', '10', '2025-10-19 11:00:00', '2025-10-19 12:30:00', '1', '2017-09-14 08:56:13', '2017-09-14 08:56:13', '5eb8f615-f138-48ab-aa75-37bd92d8d078'),
 ('12931', '10', '2025-10-26 11:00:00', '2025-10-26 12:30:00', '1', '2017-09-14 08:56:13', '2017-09-14 08:56:13', '4157cfc6-fc0b-42df-99b0-cd60beb4d5d6'),
 ('12932', '10', '2025-11-02 11:00:00', '2025-11-02 12:30:00', '1', '2017-09-14 08:56:13', '2017-09-14 08:56:13', '0d686419-41e2-4b3f-94de-a60cd5120d82'),
 ('12933', '10', '2025-11-09 11:00:00', '2025-11-09 12:30:00', '1', '2017-09-14 08:56:13', '2017-09-14 08:56:13', '61db11ff-b87f-4310-8be1-6e56d2928083'),
 ('12934', '10', '2025-11-16 11:00:00', '2025-11-16 12:30:00', '1', '2017-09-14 08:56:13', '2017-09-14 08:56:13', 'df97784f-0ef6-4cd1-a1b5-abc594e1a666'),
 ('12935', '10', '2025-11-23 11:00:00', '2025-11-23 12:30:00', '1', '2017-09-14 08:56:13', '2017-09-14 08:56:13', '33c420d0-6574-44cd-8b3e-f34f8d714747'),
 ('12936', '10', '2025-11-30 11:00:00', '2025-11-30 12:30:00', '1', '2017-09-14 08:56:13', '2017-09-14 08:56:13', '738c6d20-b632-4ffe-96b0-ca29c0664108'),
 ('12937', '10', '2025-12-07 11:00:00', '2025-12-07 12:30:00', '1', '2017-09-14 08:56:13', '2017-09-14 08:56:13', '7f8387d7-10cb-462d-9c35-2f75f9fb116b'),
 ('12938', '10', '2025-12-14 11:00:00', '2025-12-14 12:30:00', '1', '2017-09-14 08:56:13', '2017-09-14 08:56:13', '0fea2713-60d9-425e-9c25-14e34080f6a7'),
 ('12939', '10', '2025-12-21 11:00:00', '2025-12-21 12:30:00', '1', '2017-09-14 08:56:13', '2017-09-14 08:56:13', '6f090a1c-b581-4c18-a641-e722a40fa0ca'),
 ('12940', '10', '2025-12-28 11:00:00', '2025-12-28 12:30:00', '1', '2017-09-14 08:56:13', '2017-09-14 08:56:13', '48573006-e475-4f8c-838d-55c43fd66176'),
 ('12941', '10', '2026-01-04 11:00:00', '2026-01-04 12:30:00', '1', '2017-09-14 08:56:13', '2017-09-14 08:56:13', '2e4f6c9e-0d69-4c8c-a20d-43764ef3dffa'),
 ('12942', '10', '2026-01-11 11:00:00', '2026-01-11 12:30:00', '1', '2017-09-14 08:56:13', '2017-09-14 08:56:13', 'e6849343-4fbd-4cdb-ace8-d6a8cdf36d7e'),
 ('12943', '10', '2026-01-18 11:00:00', '2026-01-18 12:30:00', '1', '2017-09-14 08:56:13', '2017-09-14 08:56:13', 'cbdef192-a643-41fa-9a11-041a0bbe408a'),
 ('12944', '10', '2026-01-25 11:00:00', '2026-01-25 12:30:00', '1', '2017-09-14 08:56:13', '2017-09-14 08:56:13', 'e5081689-795d-495a-86a0-0414ec13b225'),
 ('12945', '10', '2026-02-01 11:00:00', '2026-02-01 12:30:00', '1', '2017-09-14 08:56:13', '2017-09-14 08:56:13', 'f3ccc967-3782-4ff3-8c88-d966524c3df6'),
 ('12946', '10', '2026-02-08 11:00:00', '2026-02-08 12:30:00', '1', '2017-09-14 08:56:13', '2017-09-14 08:56:13', '8dff1ceb-cc89-445a-ab15-d293ffd813b4'),
 ('12947', '10', '2026-02-15 11:00:00', '2026-02-15 12:30:00', '1', '2017-09-14 08:56:13', '2017-09-14 08:56:13', 'e5f5af7c-06e5-4253-a27f-7ee1712bea7a'),
 ('12948', '10', '2026-02-22 11:00:00', '2026-02-22 12:30:00', '1', '2017-09-14 08:56:13', '2017-09-14 08:56:13', 'f535e3a5-ba4f-4ad7-952f-2faa45ce28f1'),
 ('12949', '10', '2026-03-01 11:00:00', '2026-03-01 12:30:00', '1', '2017-09-14 08:56:13', '2017-09-14 08:56:13', '26928326-29ff-4b35-9613-2d76b7d623f7'),
 ('12950', '10', '2026-03-08 11:00:00', '2026-03-08 12:30:00', '1', '2017-09-14 08:56:13', '2017-09-14 08:56:13', '882296c4-4754-4414-95fb-ecd3c3a07de4'),
 ('12951', '10', '2026-03-15 11:00:00', '2026-03-15 12:30:00', '1', '2017-09-14 08:56:13', '2017-09-14 08:56:13', '5e990046-fbb5-4643-8247-424a09848a75'),
 ('12952', '10', '2026-03-22 11:00:00', '2026-03-22 12:30:00', '1', '2017-09-14 08:56:13', '2017-09-14 08:56:13', 'fd43df7e-94ec-49ec-96d8-fd716d17b634'),
 ('12953', '10', '2026-03-29 11:00:00', '2026-03-29 12:30:00', '1', '2017-09-14 08:56:13', '2017-09-14 08:56:13', '9b81059a-0513-4278-8137-e59795928ba3'),
 ('12954', '10', '2026-04-05 11:00:00', '2026-04-05 12:30:00', '1', '2017-09-14 08:56:13', '2017-09-14 08:56:13', '9f42ae4d-42aa-4537-9dfe-a31a51b5b057'),
 ('12955', '10', '2026-04-12 11:00:00', '2026-04-12 12:30:00', '1', '2017-09-14 08:56:13', '2017-09-14 08:56:13', 'a147b6ef-b19c-4dc1-9c96-5b57429039c5'),
 ('12956', '10', '2026-04-19 11:00:00', '2026-04-19 12:30:00', '1', '2017-09-14 08:56:13', '2017-09-14 08:56:13', '5e0a3d6f-204c-44d4-9b0a-632b440564c1'),
 ('12957', '10', '2026-04-26 11:00:00', '2026-04-26 12:30:00', '1', '2017-09-14 08:56:13', '2017-09-14 08:56:13', '68120e10-f113-46c7-beb4-20420f12768d'),
 ('12958', '10', '2026-05-03 11:00:00', '2026-05-03 12:30:00', '1', '2017-09-14 08:56:13', '2017-09-14 08:56:13', '6f33859c-af71-4d6d-9efb-603b49aeedf6'),
 ('12959', '10', '2026-05-10 11:00:00', '2026-05-10 12:30:00', '1', '2017-09-14 08:56:13', '2017-09-14 08:56:13', '9dc234c2-e754-4ea8-b4c2-82b2eff1a943'),
 ('12960', '10', '2026-05-17 11:00:00', '2026-05-17 12:30:00', '1', '2017-09-14 08:56:13', '2017-09-14 08:56:13', '52ddf9b6-2671-4978-a17b-a36aee5fee4f'),
 ('12961', '10', '2026-05-24 11:00:00', '2026-05-24 12:30:00', '1', '2017-09-14 08:56:13', '2017-09-14 08:56:13', '03dbd53e-0c37-40dc-aceb-1e286214acbc'),
 ('12962', '10', '2026-05-31 11:00:00', '2026-05-31 12:30:00', '1', '2017-09-14 08:56:13', '2017-09-14 08:56:13', 'e7973842-2a19-45fc-b2a3-3ff31430f1b8'),
 ('12963', '10', '2026-06-07 11:00:00', '2026-06-07 12:30:00', '1', '2017-09-14 08:56:13', '2017-09-14 08:56:13', '21aef467-ba6b-490c-a3ff-8fd2985185d7'),
 ('12964', '10', '2026-06-14 11:00:00', '2026-06-14 12:30:00', '1', '2017-09-14 08:56:13', '2017-09-14 08:56:13', '0f320fa8-dd66-41df-b280-6351f3986c90'),
 ('12965', '10', '2026-06-21 11:00:00', '2026-06-21 12:30:00', '1', '2017-09-14 08:56:13', '2017-09-14 08:56:13', '307a0038-2019-40cb-8a31-80052e86f1f4'),
 ('12966', '10', '2026-06-28 11:00:00', '2026-06-28 12:30:00', '1', '2017-09-14 08:56:13', '2017-09-14 08:56:13', 'bc38ac19-57af-4547-b392-bdf733b4bc03'),
 ('12967', '10', '2026-07-05 11:00:00', '2026-07-05 12:30:00', '1', '2017-09-14 08:56:13', '2017-09-14 08:56:13', 'a9e55ba9-5815-44a4-9f3a-3249aae86ce4'),
 ('12968', '10', '2026-07-12 11:00:00', '2026-07-12 12:30:00', '1', '2017-09-14 08:56:13', '2017-09-14 08:56:13', 'd9c80029-e68c-4c28-a05d-42d82ca3fd68'),
 ('12969', '10', '2026-07-19 11:00:00', '2026-07-19 12:30:00', '1', '2017-09-14 08:56:13', '2017-09-14 08:56:13', '25108ab2-3f65-4969-a7c2-47296cf5f8de'),
 ('12970', '10', '2026-07-26 11:00:00', '2026-07-26 12:30:00', '1', '2017-09-14 08:56:13', '2017-09-14 08:56:13', 'fe652522-ecfb-4245-a0b6-6b58615c4ad5'),
 ('12971', '10', '2026-08-02 11:00:00', '2026-08-02 12:30:00', '1', '2017-09-14 08:56:13', '2017-09-14 08:56:13', '0ce0616f-57d7-4e7d-9085-bcfb429b4b87'),
 ('12972', '10', '2026-08-09 11:00:00', '2026-08-09 12:30:00', '1', '2017-09-14 08:56:13', '2017-09-14 08:56:13', 'a4f2c496-2fc6-400d-8780-6ff9a109ebe3'),
 ('12973', '10', '2026-08-16 11:00:00', '2026-08-16 12:30:00', '1', '2017-09-14 08:56:13', '2017-09-14 08:56:13', '5a2b8de7-162f-4af8-aa0e-70bec1a1cee3'),
 ('12974', '10', '2026-08-23 11:00:00', '2026-08-23 12:30:00', '1', '2017-09-14 08:56:13', '2017-09-14 08:56:13', 'acbf5ae1-2466-4f31-bc7c-04df4c009527'),
 ('12975', '10', '2026-08-30 11:00:00', '2026-08-30 12:30:00', '1', '2017-09-14 08:56:13', '2017-09-14 08:56:13', '013c7a2e-fea2-4820-9ccf-1b82252d9581'),
 ('12976', '10', '2026-09-06 11:00:00', '2026-09-06 12:30:00', '1', '2017-09-14 08:56:13', '2017-09-14 08:56:13', 'b74cfa16-e8db-4735-827e-3e27f796faec'),
 ('12977', '10', '2026-09-13 11:00:00', '2026-09-13 12:30:00', '1', '2017-09-14 08:56:13', '2017-09-14 08:56:13', '54a7c62b-cdf2-4d8f-a058-463c5c4e17db'),
 ('12978', '10', '2026-09-20 11:00:00', '2026-09-20 12:30:00', '1', '2017-09-14 08:56:13', '2017-09-14 08:56:13', 'a9597445-2551-4506-b756-c5a0d2271da1'),
 ('12979', '10', '2026-09-27 11:00:00', '2026-09-27 12:30:00', '1', '2017-09-14 08:56:13', '2017-09-14 08:56:13', 'd124d695-c374-48d0-b285-f1b44004ec56'),
 ('12980', '10', '2026-10-04 11:00:00', '2026-10-04 12:30:00', '1', '2017-09-14 08:56:13', '2017-09-14 08:56:13', '89b2667f-ca33-47d0-9eaf-6036978c93d8'),
 ('12981', '10', '2026-10-11 11:00:00', '2026-10-11 12:30:00', '1', '2017-09-14 08:56:13', '2017-09-14 08:56:13', '1e233ab7-9e87-4bff-b436-a6762e23834b'),
 ('12982', '10', '2026-10-18 11:00:00', '2026-10-18 12:30:00', '1', '2017-09-14 08:56:13', '2017-09-14 08:56:13', '8cb27515-b4e1-444b-bfab-993b4ec8ef67'),
 ('12983', '10', '2026-10-25 11:00:00', '2026-10-25 12:30:00', '1', '2017-09-14 08:56:13', '2017-09-14 08:56:13', '2ff6a158-d7ab-402b-8ed3-275415052296'),
 ('12984', '10', '2026-11-01 11:00:00', '2026-11-01 12:30:00', '1', '2017-09-14 08:56:13', '2017-09-14 08:56:13', 'd42146c7-0130-49f0-a776-8a04f5a840b1'),
 ('12985', '10', '2026-11-08 11:00:00', '2026-11-08 12:30:00', '1', '2017-09-14 08:56:13', '2017-09-14 08:56:13', '02bfb032-8df4-46a6-8249-5bdd3589aba9'),
 ('12986', '10', '2026-11-15 11:00:00', '2026-11-15 12:30:00', '1', '2017-09-14 08:56:13', '2017-09-14 08:56:13', '98434063-1b7f-4c27-87f4-b8e255b1a6eb'),
 ('12987', '10', '2026-11-22 11:00:00', '2026-11-22 12:30:00', '1', '2017-09-14 08:56:13', '2017-09-14 08:56:13', '24eb671e-62b0-44dc-9f83-f38ab9ff09d9'),
 ('12988', '10', '2026-11-29 11:00:00', '2026-11-29 12:30:00', '1', '2017-09-14 08:56:13', '2017-09-14 08:56:13', 'f0e2a8a6-ba7f-4c60-a8f2-c98bb20a5110'),
 ('12989', '10', '2026-12-06 11:00:00', '2026-12-06 12:30:00', '1', '2017-09-14 08:56:13', '2017-09-14 08:56:13', '8a8b169d-5971-4929-8d7b-185862aab95b'),
 ('12990', '10', '2026-12-13 11:00:00', '2026-12-13 12:30:00', '1', '2017-09-14 08:56:13', '2017-09-14 08:56:13', '87bbfd7b-421f-4634-9a52-9809ffc1749a'),
 ('12991', '10', '2026-12-20 11:00:00', '2026-12-20 12:30:00', '1', '2017-09-14 08:56:13', '2017-09-14 08:56:13', '018f63d4-e069-4577-bfdc-c32f798e58e0'),
 ('12992', '10', '2026-12-27 11:00:00', '2026-12-27 12:30:00', '1', '2017-09-14 08:56:13', '2017-09-14 08:56:13', 'd73eeaa0-51ec-40fc-8096-4099f62a1502'),
 ('12993', '10', '2027-01-03 11:00:00', '2027-01-03 12:30:00', '1', '2017-09-14 08:56:13', '2017-09-14 08:56:13', 'c6cd95a2-b74e-4343-a296-7e269c6d0f52'),
 ('12994', '10', '2027-01-10 11:00:00', '2027-01-10 12:30:00', '1', '2017-09-14 08:56:13', '2017-09-14 08:56:13', '1a774447-fee8-4d97-a497-f86328eee801'),
 ('12995', '10', '2027-01-17 11:00:00', '2027-01-17 12:30:00', '1', '2017-09-14 08:56:13', '2017-09-14 08:56:13', '4a9697d2-dac8-4b6f-a75d-c1d8682eeb8c'),
 ('12996', '10', '2027-01-24 11:00:00', '2027-01-24 12:30:00', '1', '2017-09-14 08:56:13', '2017-09-14 08:56:13', '9500057c-d018-4524-96e5-ce9f3cc7df57'),
 ('12997', '10', '2027-01-31 11:00:00', '2027-01-31 12:30:00', '1', '2017-09-14 08:56:13', '2017-09-14 08:56:13', '006d1733-e412-485a-8521-a016da6f6aba'),
 ('12998', '10', '2027-02-07 11:00:00', '2027-02-07 12:30:00', '1', '2017-09-14 08:56:13', '2017-09-14 08:56:13', '731ec409-5c6e-44ae-933f-c1640eaf86ff'),
 ('12999', '10', '2027-02-14 11:00:00', '2027-02-14 12:30:00', '1', '2017-09-14 08:56:13', '2017-09-14 08:56:13', 'c06528bb-553b-4ac7-88ff-91d95300838c'),
 ('13000', '10', '2027-02-21 11:00:00', '2027-02-21 12:30:00', '1', '2017-09-14 08:56:13', '2017-09-14 08:56:13', 'a3f06bcf-ae51-4450-9b5f-6cd82adb1aac'),
 ('13001', '10', '2027-02-28 11:00:00', '2027-02-28 12:30:00', '1', '2017-09-14 08:56:13', '2017-09-14 08:56:13', '7fdd9e49-83b4-4724-9eb9-f1c471cc0426'),
 ('13002', '10', '2027-03-07 11:00:00', '2027-03-07 12:30:00', '1', '2017-09-14 08:56:13', '2017-09-14 08:56:13', '3180c959-94ed-4fe9-a432-49558b216248'),
 ('13003', '10', '2027-03-14 11:00:00', '2027-03-14 12:30:00', '1', '2017-09-14 08:56:13', '2017-09-14 08:56:13', 'f6b9ae66-3fa3-427a-a03b-a3fb4335230a'),
 ('13004', '10', '2027-03-21 11:00:00', '2027-03-21 12:30:00', '1', '2017-09-14 08:56:13', '2017-09-14 08:56:13', '88069ea6-fca5-4d00-b78f-445d05361277');
INSERT INTO `craft_venti_recurr` (`eid`, `cid`, `startDate`, `endDate`, `isrepeat`, `dateCreated`, `dateUpdated`, `uid`) VALUES
 ('13005', '10', '2027-03-28 11:00:00', '2027-03-28 12:30:00', '1', '2017-09-14 08:56:13', '2017-09-14 08:56:13', '773b1969-891a-47b0-bda0-357d24ae835d'),
 ('13006', '10', '2027-04-04 11:00:00', '2027-04-04 12:30:00', '1', '2017-09-14 08:56:13', '2017-09-14 08:56:13', 'ac7a67ef-51dd-491b-b27a-73dc28e8b3ee'),
 ('13007', '10', '2027-04-11 11:00:00', '2027-04-11 12:30:00', '1', '2017-09-14 08:56:13', '2017-09-14 08:56:13', 'efa96810-3d01-4923-bcd1-64a8b2e76680'),
 ('13008', '10', '2027-04-18 11:00:00', '2027-04-18 12:30:00', '1', '2017-09-14 08:56:13', '2017-09-14 08:56:13', '020b1f29-46f5-4473-aabe-6831af00d580'),
 ('13009', '10', '2027-04-25 11:00:00', '2027-04-25 12:30:00', '1', '2017-09-14 08:56:13', '2017-09-14 08:56:13', '6725078e-1568-4758-bfa3-cd6345d01f65'),
 ('13010', '10', '2027-05-02 11:00:00', '2027-05-02 12:30:00', '1', '2017-09-14 08:56:13', '2017-09-14 08:56:13', '84288b95-08a1-4109-9bde-f38389a8771d'),
 ('13011', '10', '2027-05-09 11:00:00', '2027-05-09 12:30:00', '1', '2017-09-14 08:56:13', '2017-09-14 08:56:13', '74bb271c-c2dd-4b0f-8d22-f5df0deada1b'),
 ('13012', '10', '2027-05-16 11:00:00', '2027-05-16 12:30:00', '1', '2017-09-14 08:56:13', '2017-09-14 08:56:13', 'ee525279-b801-413c-b1f1-c48ec001ce68'),
 ('13013', '10', '2027-05-23 11:00:00', '2027-05-23 12:30:00', '1', '2017-09-14 08:56:13', '2017-09-14 08:56:13', '4a79d766-f853-4ba0-a0f9-4d91a157f6d4'),
 ('13014', '10', '2027-05-30 11:00:00', '2027-05-30 12:30:00', '1', '2017-09-14 08:56:13', '2017-09-14 08:56:13', '6ed6359c-e44d-460c-b6f2-d50fcca28008'),
 ('13015', '10', '2027-06-06 11:00:00', '2027-06-06 12:30:00', '1', '2017-09-14 08:56:13', '2017-09-14 08:56:13', 'a51376f8-0fe9-4da0-b425-3402e60963a8'),
 ('13016', '10', '2027-06-13 11:00:00', '2027-06-13 12:30:00', '1', '2017-09-14 08:56:13', '2017-09-14 08:56:13', '4c423ac8-e00e-4365-8c20-80a4673f842c'),
 ('13017', '10', '2027-06-20 11:00:00', '2027-06-20 12:30:00', '1', '2017-09-14 08:56:13', '2017-09-14 08:56:13', '830596b7-af87-47a7-9b8f-3b895b293272'),
 ('13018', '10', '2027-06-27 11:00:00', '2027-06-27 12:30:00', '1', '2017-09-14 08:56:13', '2017-09-14 08:56:13', '7b0c2afa-4fa6-4053-ad84-6bdfa851e25a'),
 ('13019', '10', '2027-07-04 11:00:00', '2027-07-04 12:30:00', '1', '2017-09-14 08:56:13', '2017-09-14 08:56:13', 'c32768d4-88df-44bc-8b3d-82f72ccb0464'),
 ('13020', '10', '2027-07-11 11:00:00', '2027-07-11 12:30:00', '1', '2017-09-14 08:56:13', '2017-09-14 08:56:13', 'c832790c-440a-43b6-bc71-3eab61ce0b5b'),
 ('13021', '10', '2027-07-18 11:00:00', '2027-07-18 12:30:00', '1', '2017-09-14 08:56:13', '2017-09-14 08:56:13', '5770aca8-e566-4894-8e02-94ee56a13110'),
 ('13022', '10', '2027-07-25 11:00:00', '2027-07-25 12:30:00', '1', '2017-09-14 08:56:13', '2017-09-14 08:56:13', '6724c72d-54b8-4b95-9295-a94ae94e2857'),
 ('13023', '10', '2027-08-01 11:00:00', '2027-08-01 12:30:00', '1', '2017-09-14 08:56:13', '2017-09-14 08:56:13', '1e943b8b-f8ed-4db3-ac1e-5edc22757c16'),
 ('13024', '10', '2027-08-08 11:00:00', '2027-08-08 12:30:00', '1', '2017-09-14 08:56:13', '2017-09-14 08:56:13', 'df4cd798-de77-4b7f-a0e8-a90f7a16ad50'),
 ('13025', '10', '2027-08-15 11:00:00', '2027-08-15 12:30:00', '1', '2017-09-14 08:56:13', '2017-09-14 08:56:13', '17c04b3e-67a5-4c78-91c3-c5e46ffcdb1a'),
 ('13026', '10', '2027-08-22 11:00:00', '2027-08-22 12:30:00', '1', '2017-09-14 08:56:13', '2017-09-14 08:56:13', '1c3ccd25-c876-44d5-9c8c-b65d6c344cb7'),
 ('13027', '10', '2027-08-29 11:00:00', '2027-08-29 12:30:00', '1', '2017-09-14 08:56:13', '2017-09-14 08:56:13', '8ead488a-99f4-499c-a95c-95d34adab5f7'),
 ('13028', '10', '2027-09-05 11:00:00', '2027-09-05 12:30:00', '1', '2017-09-14 08:56:13', '2017-09-14 08:56:13', '09ef5136-2e3d-40c3-baeb-24b766a122de'),
 ('13029', '10', '2027-09-12 11:00:00', '2027-09-12 12:30:00', '1', '2017-09-14 08:56:13', '2017-09-14 08:56:13', 'eb65184b-b07b-4970-a52b-096e2421dc6e'),
 ('13030', '10', '2027-09-19 11:00:00', '2027-09-19 12:30:00', '1', '2017-09-14 08:56:13', '2017-09-14 08:56:13', 'a7ee4b11-8396-416d-b739-d5a499498f85'),
 ('13031', '10', '2027-09-26 11:00:00', '2027-09-26 12:30:00', '1', '2017-09-14 08:56:13', '2017-09-14 08:56:13', '749a2f87-0b7e-4f1f-89dd-7d3ca1f98604'),
 ('13032', '10', '2027-10-03 11:00:00', '2027-10-03 12:30:00', '1', '2017-09-14 08:56:13', '2017-09-14 08:56:13', 'd5eedf9c-a1b3-401e-a019-f4b0e65e4d54'),
 ('13033', '10', '2027-10-10 11:00:00', '2027-10-10 12:30:00', '1', '2017-09-14 08:56:13', '2017-09-14 08:56:13', '51a810d1-1591-4d38-ab39-64f1d60446cd'),
 ('13034', '10', '2027-10-17 11:00:00', '2027-10-17 12:30:00', '1', '2017-09-14 08:56:13', '2017-09-14 08:56:13', '1ac4bebe-478c-4227-ae66-db17485af268'),
 ('13035', '10', '2027-10-24 11:00:00', '2027-10-24 12:30:00', '1', '2017-09-14 08:56:13', '2017-09-14 08:56:13', '3f08bc9f-2fac-4315-ae0e-a03f91fbe0ad'),
 ('13036', '10', '2027-10-31 11:00:00', '2027-10-31 12:30:00', '1', '2017-09-14 08:56:13', '2017-09-14 08:56:13', '7480c2b9-6e5d-43e4-8334-e1306ea29dc1'),
 ('13037', '10', '2027-11-07 11:00:00', '2027-11-07 12:30:00', '1', '2017-09-14 08:56:13', '2017-09-14 08:56:13', '09cc4086-5664-48b9-a38e-803889883ed8'),
 ('13038', '10', '2027-11-14 11:00:00', '2027-11-14 12:30:00', '1', '2017-09-14 08:56:13', '2017-09-14 08:56:13', 'b5293744-5274-402f-ba61-13018b221657'),
 ('13039', '10', '2027-11-21 11:00:00', '2027-11-21 12:30:00', '1', '2017-09-14 08:56:13', '2017-09-14 08:56:13', '83c7e5a2-6827-446d-bbd7-652e104ac5a5'),
 ('13040', '10', '2027-11-28 11:00:00', '2027-11-28 12:30:00', '1', '2017-09-14 08:56:13', '2017-09-14 08:56:13', '45b0ce47-052a-468b-aad7-7bdfa2ef061c'),
 ('13041', '10', '2027-12-05 11:00:00', '2027-12-05 12:30:00', '1', '2017-09-14 08:56:13', '2017-09-14 08:56:13', 'f55672d8-827b-4b9b-be16-b2454d721d8d'),
 ('13042', '10', '2027-12-12 11:00:00', '2027-12-12 12:30:00', '1', '2017-09-14 08:56:13', '2017-09-14 08:56:13', '271b3f95-40cc-4282-9eab-7880f1870b37'),
 ('13043', '10', '2027-12-19 11:00:00', '2027-12-19 12:30:00', '1', '2017-09-14 08:56:13', '2017-09-14 08:56:13', '6239512d-3b95-49b4-95d6-4e3f844f84e3'),
 ('13044', '10', '2027-12-26 11:00:00', '2027-12-26 12:30:00', '1', '2017-09-14 08:56:13', '2017-09-14 08:56:13', '868fc52c-8545-4bfa-9415-c78235e2436a'),
 ('13045', '10', '2028-01-02 11:00:00', '2028-01-02 12:30:00', '1', '2017-09-14 08:56:13', '2017-09-14 08:56:13', '71d03e11-ba6d-4a3a-868d-bfb5b9ad0e2d'),
 ('13046', '10', '2028-01-09 11:00:00', '2028-01-09 12:30:00', '1', '2017-09-14 08:56:13', '2017-09-14 08:56:13', '6d724373-15df-43c2-b5b8-f431538efa6e'),
 ('13047', '10', '2028-01-16 11:00:00', '2028-01-16 12:30:00', '1', '2017-09-14 08:56:13', '2017-09-14 08:56:13', 'e5d8c15b-1570-4e20-88c7-08d681192131'),
 ('13048', '10', '2028-01-23 11:00:00', '2028-01-23 12:30:00', '1', '2017-09-14 08:56:13', '2017-09-14 08:56:13', '16a7bb30-f41d-4108-bf92-84e8070d8397'),
 ('13049', '10', '2028-01-30 11:00:00', '2028-01-30 12:30:00', '1', '2017-09-14 08:56:13', '2017-09-14 08:56:13', '3ad97105-df4d-4a6f-9b1b-f99ea0c4e7ab'),
 ('13050', '10', '2028-02-06 11:00:00', '2028-02-06 12:30:00', '1', '2017-09-14 08:56:13', '2017-09-14 08:56:13', 'dfd3beea-2640-47cb-a9f6-efd65383f441'),
 ('13051', '10', '2028-02-13 11:00:00', '2028-02-13 12:30:00', '1', '2017-09-14 08:56:13', '2017-09-14 08:56:13', '053e36cd-636b-44d0-90a8-1831d8847340'),
 ('13052', '10', '2028-02-20 11:00:00', '2028-02-20 12:30:00', '1', '2017-09-14 08:56:13', '2017-09-14 08:56:13', '1a969c12-0eb5-4208-941d-ad6ae297ba05'),
 ('13053', '10', '2028-02-27 11:00:00', '2028-02-27 12:30:00', '1', '2017-09-14 08:56:13', '2017-09-14 08:56:13', '84cc3d34-8c64-478a-b2fa-ab12b68f6e5c'),
 ('13054', '10', '2028-03-05 11:00:00', '2028-03-05 12:30:00', '1', '2017-09-14 08:56:13', '2017-09-14 08:56:13', 'ed10d741-d3b0-4b3d-a801-33fb51fe8433'),
 ('13055', '10', '2028-03-12 11:00:00', '2028-03-12 12:30:00', '1', '2017-09-14 08:56:13', '2017-09-14 08:56:13', 'f484b08d-7c49-4ca3-b00c-ab801773f96b'),
 ('13056', '10', '2028-03-19 11:00:00', '2028-03-19 12:30:00', '1', '2017-09-14 08:56:13', '2017-09-14 08:56:13', 'd62b4579-d943-4e45-9147-eb3dc5a79257'),
 ('13057', '10', '2028-03-26 11:00:00', '2028-03-26 12:30:00', '1', '2017-09-14 08:56:13', '2017-09-14 08:56:13', '7d1c485c-b513-40b2-b9e9-18a14ae6eeba'),
 ('13058', '10', '2028-04-02 11:00:00', '2028-04-02 12:30:00', '1', '2017-09-14 08:56:13', '2017-09-14 08:56:13', 'c664c5e6-a621-453e-82e7-a3395df91c29'),
 ('13059', '10', '2028-04-09 11:00:00', '2028-04-09 12:30:00', '1', '2017-09-14 08:56:13', '2017-09-14 08:56:13', 'ffb74dac-ab07-4a27-84ab-dbee9fd6a57e'),
 ('13060', '10', '2028-04-16 11:00:00', '2028-04-16 12:30:00', '1', '2017-09-14 08:56:13', '2017-09-14 08:56:13', 'abd29ab2-8fa3-4f9b-b8aa-e87fc98d89f4'),
 ('13061', '10', '2028-04-23 11:00:00', '2028-04-23 12:30:00', '1', '2017-09-14 08:56:13', '2017-09-14 08:56:13', 'a319a01f-db84-4ced-b36e-461daa6aea4f'),
 ('13062', '10', '2028-04-30 11:00:00', '2028-04-30 12:30:00', '1', '2017-09-14 08:56:13', '2017-09-14 08:56:13', 'e3a0532d-ab49-461c-b2b7-5b6713fb5513'),
 ('13063', '10', '2028-05-07 11:00:00', '2028-05-07 12:30:00', '1', '2017-09-14 08:56:13', '2017-09-14 08:56:13', 'a7cfaa51-b881-4833-8818-97d397a77ade'),
 ('13064', '10', '2028-05-14 11:00:00', '2028-05-14 12:30:00', '1', '2017-09-14 08:56:13', '2017-09-14 08:56:13', '7b877849-2f71-45b7-ab2c-cb6e4de5ec56'),
 ('13065', '10', '2028-05-21 11:00:00', '2028-05-21 12:30:00', '1', '2017-09-14 08:56:13', '2017-09-14 08:56:13', 'bd2229fd-d6b1-40bd-b62f-23ebc04d91fc'),
 ('13066', '10', '2028-05-28 11:00:00', '2028-05-28 12:30:00', '1', '2017-09-14 08:56:13', '2017-09-14 08:56:13', '2f234430-3e18-4bb7-a34b-43d1f70849ad'),
 ('13067', '10', '2028-06-04 11:00:00', '2028-06-04 12:30:00', '1', '2017-09-14 08:56:13', '2017-09-14 08:56:13', '3973a396-a2d8-4a59-bf90-2b8c1f618dca'),
 ('13068', '10', '2028-06-11 11:00:00', '2028-06-11 12:30:00', '1', '2017-09-14 08:56:13', '2017-09-14 08:56:13', '812f063e-8878-49df-90ce-4b5f4cf2c370'),
 ('13069', '10', '2028-06-18 11:00:00', '2028-06-18 12:30:00', '1', '2017-09-14 08:56:13', '2017-09-14 08:56:13', 'cf0ba02c-627d-4f29-9e4a-0138383363f5'),
 ('13070', '10', '2028-06-25 11:00:00', '2028-06-25 12:30:00', '1', '2017-09-14 08:56:13', '2017-09-14 08:56:13', '0f2ce053-0de6-45dd-ae60-eeced7750d5e'),
 ('13071', '10', '2028-07-02 11:00:00', '2028-07-02 12:30:00', '1', '2017-09-14 08:56:13', '2017-09-14 08:56:13', '3f1cc7c8-d171-4310-8e97-d089f5d7f065'),
 ('13072', '10', '2028-07-09 11:00:00', '2028-07-09 12:30:00', '1', '2017-09-14 08:56:13', '2017-09-14 08:56:13', '5c2999eb-e4c0-40e5-861c-a7e72c59f06e'),
 ('13073', '10', '2028-07-16 11:00:00', '2028-07-16 12:30:00', '1', '2017-09-14 08:56:13', '2017-09-14 08:56:13', 'b563ea4d-ddc9-45be-b7a1-f56d34ea4c45'),
 ('13074', '10', '2028-07-23 11:00:00', '2028-07-23 12:30:00', '1', '2017-09-14 08:56:13', '2017-09-14 08:56:13', '4aeb8113-e131-436e-b59b-783b025e8d95'),
 ('13075', '10', '2028-07-30 11:00:00', '2028-07-30 12:30:00', '1', '2017-09-14 08:56:13', '2017-09-14 08:56:13', '3dfb3941-b697-4120-9f26-1d35fa629a4b'),
 ('13076', '10', '2028-08-06 11:00:00', '2028-08-06 12:30:00', '1', '2017-09-14 08:56:13', '2017-09-14 08:56:13', 'e581272f-d946-45f7-ab71-9fc62d09d087'),
 ('13077', '10', '2028-08-13 11:00:00', '2028-08-13 12:30:00', '1', '2017-09-14 08:56:13', '2017-09-14 08:56:13', 'ec9890b3-9956-494d-af12-623a865681aa'),
 ('13078', '10', '2028-08-20 11:00:00', '2028-08-20 12:30:00', '1', '2017-09-14 08:56:13', '2017-09-14 08:56:13', 'ff1660b9-d3a6-46d6-912a-4b915d0613b4'),
 ('13079', '10', '2028-08-27 11:00:00', '2028-08-27 12:30:00', '1', '2017-09-14 08:56:13', '2017-09-14 08:56:13', '21197687-f82e-48f4-8945-3bd1bfd5cff5'),
 ('13080', '10', '2028-09-03 11:00:00', '2028-09-03 12:30:00', '1', '2017-09-14 08:56:13', '2017-09-14 08:56:13', '721d91b6-4a36-4934-8d57-c6d1bb7b7139'),
 ('13081', '10', '2028-09-10 11:00:00', '2028-09-10 12:30:00', '1', '2017-09-14 08:56:13', '2017-09-14 08:56:13', '806ad895-9f3c-4d91-aaa7-d60a4eeeeea0'),
 ('13082', '10', '2028-09-17 11:00:00', '2028-09-17 12:30:00', '1', '2017-09-14 08:56:13', '2017-09-14 08:56:13', '72d8ff6d-7627-4400-b3fc-dc14090669cc'),
 ('13083', '10', '2028-09-24 11:00:00', '2028-09-24 12:30:00', '1', '2017-09-14 08:56:13', '2017-09-14 08:56:13', '62d8958c-7ddb-48b9-a79f-57689f7d4734'),
 ('13084', '10', '2028-10-01 11:00:00', '2028-10-01 12:30:00', '1', '2017-09-14 08:56:13', '2017-09-14 08:56:13', '8b5d7726-9ce5-4e5a-8ce9-d49222b7c448'),
 ('13085', '10', '2028-10-08 11:00:00', '2028-10-08 12:30:00', '1', '2017-09-14 08:56:13', '2017-09-14 08:56:13', 'f5073c50-b07d-4cd1-8ca7-4b2dc350cac5'),
 ('13086', '10', '2028-10-15 11:00:00', '2028-10-15 12:30:00', '1', '2017-09-14 08:56:13', '2017-09-14 08:56:13', 'fcd347ea-fa79-4def-bf2c-6a6b7bde4591'),
 ('13087', '10', '2028-10-22 11:00:00', '2028-10-22 12:30:00', '1', '2017-09-14 08:56:13', '2017-09-14 08:56:13', '33c94bd8-5d79-4cc1-8054-d654884d77de'),
 ('13088', '10', '2028-10-29 11:00:00', '2028-10-29 12:30:00', '1', '2017-09-14 08:56:13', '2017-09-14 08:56:13', 'b5a3c258-b3aa-484f-a18b-99e75fb830c1'),
 ('13089', '10', '2028-11-05 11:00:00', '2028-11-05 12:30:00', '1', '2017-09-14 08:56:13', '2017-09-14 08:56:13', 'f5ef803e-6c76-48c6-b032-150dcbb17f81'),
 ('13090', '10', '2028-11-12 11:00:00', '2028-11-12 12:30:00', '1', '2017-09-14 08:56:13', '2017-09-14 08:56:13', 'dddc9ca6-f78b-4fe2-a20e-560fd3777a8d'),
 ('13091', '10', '2028-11-19 11:00:00', '2028-11-19 12:30:00', '1', '2017-09-14 08:56:13', '2017-09-14 08:56:13', '48d32169-984f-401a-994c-e23151aef090'),
 ('13092', '10', '2028-11-26 11:00:00', '2028-11-26 12:30:00', '1', '2017-09-14 08:56:13', '2017-09-14 08:56:13', '10a0d379-1923-42ad-88da-bd2c7586d3b9'),
 ('13093', '10', '2028-12-03 11:00:00', '2028-12-03 12:30:00', '1', '2017-09-14 08:56:13', '2017-09-14 08:56:13', 'f2ae9255-d08d-4ee8-af0c-5af7ad024475'),
 ('13094', '10', '2028-12-10 11:00:00', '2028-12-10 12:30:00', '1', '2017-09-14 08:56:13', '2017-09-14 08:56:13', 'b07b9675-d9e7-4336-bf7e-b595d8cc8afb'),
 ('13095', '10', '2028-12-17 11:00:00', '2028-12-17 12:30:00', '1', '2017-09-14 08:56:13', '2017-09-14 08:56:13', '2354010a-ef12-41bc-86d2-e6c4a7d01dfa'),
 ('13096', '10', '2028-12-24 11:00:00', '2028-12-24 12:30:00', '1', '2017-09-14 08:56:13', '2017-09-14 08:56:13', 'c78a380a-367c-4cec-990e-bf2252337730'),
 ('13097', '10', '2028-12-31 11:00:00', '2028-12-31 12:30:00', '1', '2017-09-14 08:56:13', '2017-09-14 08:56:13', '28c6d120-2c5a-4981-88df-8a4000e6a14f'),
 ('13098', '10', '2029-01-07 11:00:00', '2029-01-07 12:30:00', '1', '2017-09-14 08:56:13', '2017-09-14 08:56:13', 'fd102dd9-a663-477f-9af0-b3a7e57892ed'),
 ('13099', '10', '2029-01-14 11:00:00', '2029-01-14 12:30:00', '1', '2017-09-14 08:56:13', '2017-09-14 08:56:13', 'd4fce5e7-b20e-4469-b9f9-c01a145e348e'),
 ('13100', '10', '2029-01-21 11:00:00', '2029-01-21 12:30:00', '1', '2017-09-14 08:56:13', '2017-09-14 08:56:13', '5fb2735e-e311-49db-8344-e3578287154b'),
 ('13101', '10', '2029-01-28 11:00:00', '2029-01-28 12:30:00', '1', '2017-09-14 08:56:13', '2017-09-14 08:56:13', 'fe58f69f-02ad-410a-8c79-92e7bab22cc9'),
 ('13102', '10', '2029-02-04 11:00:00', '2029-02-04 12:30:00', '1', '2017-09-14 08:56:13', '2017-09-14 08:56:13', '01067ac1-4a61-45f3-bd80-583259b9f2a5'),
 ('13103', '10', '2029-02-11 11:00:00', '2029-02-11 12:30:00', '1', '2017-09-14 08:56:13', '2017-09-14 08:56:13', '896410ef-4938-4e03-a962-11573b3dd4b2'),
 ('13104', '10', '2029-02-18 11:00:00', '2029-02-18 12:30:00', '1', '2017-09-14 08:56:13', '2017-09-14 08:56:13', '49f7ce94-49fe-4d52-9b8c-4ada186bd88d');
INSERT INTO `craft_venti_recurr` (`eid`, `cid`, `startDate`, `endDate`, `isrepeat`, `dateCreated`, `dateUpdated`, `uid`) VALUES
 ('13105', '10', '2029-02-25 11:00:00', '2029-02-25 12:30:00', '1', '2017-09-14 08:56:13', '2017-09-14 08:56:13', '82ec7c8c-1250-47b8-a96a-f8ea17c6de09'),
 ('13106', '10', '2029-03-04 11:00:00', '2029-03-04 12:30:00', '1', '2017-09-14 08:56:13', '2017-09-14 08:56:13', 'd1ca6579-aef1-433e-a467-a3468011ee2a'),
 ('13107', '10', '2029-03-11 11:00:00', '2029-03-11 12:30:00', '1', '2017-09-14 08:56:13', '2017-09-14 08:56:13', 'a9409e81-0457-4f3c-bedd-5f580d6bcbb1'),
 ('13108', '10', '2029-03-18 11:00:00', '2029-03-18 12:30:00', '1', '2017-09-14 08:56:13', '2017-09-14 08:56:13', '24460b6a-0920-47a1-86bd-49ee13b2db54'),
 ('13109', '10', '2029-03-25 11:00:00', '2029-03-25 12:30:00', '1', '2017-09-14 08:56:13', '2017-09-14 08:56:13', '41e85874-2798-4891-95ab-3124128c3f16'),
 ('13110', '10', '2029-04-01 11:00:00', '2029-04-01 12:30:00', '1', '2017-09-14 08:56:13', '2017-09-14 08:56:13', '9ae94b48-4553-4769-923d-95c207ac45e7'),
 ('13111', '10', '2029-04-08 11:00:00', '2029-04-08 12:30:00', '1', '2017-09-14 08:56:13', '2017-09-14 08:56:13', '440fe5c5-940e-4ba4-bb33-991c14b11f15'),
 ('13112', '10', '2029-04-15 11:00:00', '2029-04-15 12:30:00', '1', '2017-09-14 08:56:13', '2017-09-14 08:56:13', 'd0c052b7-5191-41d6-b14f-04a21face03d'),
 ('13113', '10', '2029-04-22 11:00:00', '2029-04-22 12:30:00', '1', '2017-09-14 08:56:13', '2017-09-14 08:56:13', '51e29d93-e1eb-4b0c-9503-0de25e6d8ffb'),
 ('13114', '10', '2029-04-29 11:00:00', '2029-04-29 12:30:00', '1', '2017-09-14 08:56:13', '2017-09-14 08:56:13', '999e89ae-dfb2-4e9e-803e-f744608fa82e'),
 ('13115', '10', '2029-05-06 11:00:00', '2029-05-06 12:30:00', '1', '2017-09-14 08:56:13', '2017-09-14 08:56:13', '9077780b-6aed-41f6-ad84-5b681e0fb8c9'),
 ('13116', '10', '2029-05-13 11:00:00', '2029-05-13 12:30:00', '1', '2017-09-14 08:56:13', '2017-09-14 08:56:13', 'e6365278-30a9-44fb-b17e-86463d1c891d'),
 ('13117', '10', '2029-05-20 11:00:00', '2029-05-20 12:30:00', '1', '2017-09-14 08:56:13', '2017-09-14 08:56:13', '6b7e12ab-d75b-4fdc-8baa-1d8a20cd3993'),
 ('13118', '10', '2029-05-27 11:00:00', '2029-05-27 12:30:00', '1', '2017-09-14 08:56:13', '2017-09-14 08:56:13', 'b2e3ae2a-340b-47a1-b9cf-9a166e028765'),
 ('13119', '10', '2029-06-03 11:00:00', '2029-06-03 12:30:00', '1', '2017-09-14 08:56:13', '2017-09-14 08:56:13', 'df85e608-c7e4-40ad-8912-d9ebffb2f8ca'),
 ('13120', '10', '2029-06-10 11:00:00', '2029-06-10 12:30:00', '1', '2017-09-14 08:56:13', '2017-09-14 08:56:13', '7d2d2f5d-e971-4507-845a-da03a479e9f0'),
 ('13121', '10', '2029-06-17 11:00:00', '2029-06-17 12:30:00', '1', '2017-09-14 08:56:13', '2017-09-14 08:56:13', '436112b8-04cd-4e4d-8979-b46c35bf206a'),
 ('13122', '10', '2029-06-24 11:00:00', '2029-06-24 12:30:00', '1', '2017-09-14 08:56:13', '2017-09-14 08:56:13', '5e603e72-8d29-452a-b45c-59c1a9e19196'),
 ('13123', '10', '2029-07-01 11:00:00', '2029-07-01 12:30:00', '1', '2017-09-14 08:56:13', '2017-09-14 08:56:13', '45c00538-27ee-4f9a-94c0-0be5a6e046bc'),
 ('13124', '10', '2029-07-08 11:00:00', '2029-07-08 12:30:00', '1', '2017-09-14 08:56:13', '2017-09-14 08:56:13', 'f4276c81-e1c4-4551-ab05-2cbeabe2d4d7'),
 ('13125', '10', '2029-07-15 11:00:00', '2029-07-15 12:30:00', '1', '2017-09-14 08:56:13', '2017-09-14 08:56:13', '1342cb54-31c5-43e5-bc2c-d4b06822e3f8'),
 ('13126', '10', '2029-07-22 11:00:00', '2029-07-22 12:30:00', '1', '2017-09-14 08:56:13', '2017-09-14 08:56:13', '54cdc4ee-dbd3-4239-af15-70f7fc85d5e8'),
 ('13127', '10', '2029-07-29 11:00:00', '2029-07-29 12:30:00', '1', '2017-09-14 08:56:13', '2017-09-14 08:56:13', '16122872-5e33-400c-b408-e99098e13af1'),
 ('13128', '10', '2029-08-05 11:00:00', '2029-08-05 12:30:00', '1', '2017-09-14 08:56:13', '2017-09-14 08:56:13', '2f4a74d7-2e54-4ae2-8584-d8f12f61b8dd'),
 ('13129', '10', '2029-08-12 11:00:00', '2029-08-12 12:30:00', '1', '2017-09-14 08:56:13', '2017-09-14 08:56:13', '62aced01-256f-4346-a023-d9f96b183d94'),
 ('13130', '10', '2029-08-19 11:00:00', '2029-08-19 12:30:00', '1', '2017-09-14 08:56:13', '2017-09-14 08:56:13', '6a3d16ed-7ad6-4dcc-a273-316e26181c7e'),
 ('13131', '10', '2029-08-26 11:00:00', '2029-08-26 12:30:00', '1', '2017-09-14 08:56:13', '2017-09-14 08:56:13', '03934927-410c-49f7-976f-b8c6930f577a'),
 ('13132', '10', '2029-09-02 11:00:00', '2029-09-02 12:30:00', '1', '2017-09-14 08:56:13', '2017-09-14 08:56:13', '4437cda9-6777-4119-9782-deefbdf24a0d'),
 ('13133', '10', '2029-09-09 11:00:00', '2029-09-09 12:30:00', '1', '2017-09-14 08:56:13', '2017-09-14 08:56:13', 'e2bdf61e-a0a6-411a-aed8-8d050b4ad173'),
 ('13134', '10', '2029-09-16 11:00:00', '2029-09-16 12:30:00', '1', '2017-09-14 08:56:13', '2017-09-14 08:56:13', '929229ce-f15d-4a72-a09b-46f80667f73e'),
 ('13135', '10', '2029-09-23 11:00:00', '2029-09-23 12:30:00', '1', '2017-09-14 08:56:13', '2017-09-14 08:56:13', 'e4c82b83-7881-4388-b1f6-4934d69ac140'),
 ('13136', '10', '2029-09-30 11:00:00', '2029-09-30 12:30:00', '1', '2017-09-14 08:56:13', '2017-09-14 08:56:13', '66cd10e7-7ccb-46a8-baec-666e2c758449'),
 ('13137', '10', '2029-10-07 11:00:00', '2029-10-07 12:30:00', '1', '2017-09-14 08:56:13', '2017-09-14 08:56:13', '6b31363d-4adb-41df-8bf6-3e1db166875a'),
 ('13138', '10', '2029-10-14 11:00:00', '2029-10-14 12:30:00', '1', '2017-09-14 08:56:13', '2017-09-14 08:56:13', 'd0b26c0b-7292-439c-95b6-d7de931f3f67'),
 ('13139', '10', '2029-10-21 11:00:00', '2029-10-21 12:30:00', '1', '2017-09-14 08:56:13', '2017-09-14 08:56:13', '99f2ca1d-0c85-48d6-bff0-d4bf087e7d84'),
 ('13140', '10', '2029-10-28 11:00:00', '2029-10-28 12:30:00', '1', '2017-09-14 08:56:13', '2017-09-14 08:56:13', '735fbe30-4b96-4c08-a013-c1880933ad2a'),
 ('13141', '10', '2029-11-04 11:00:00', '2029-11-04 12:30:00', '1', '2017-09-14 08:56:13', '2017-09-14 08:56:13', '5992d7c9-d6e5-404e-a992-c0adbd792452'),
 ('13142', '10', '2029-11-11 11:00:00', '2029-11-11 12:30:00', '1', '2017-09-14 08:56:13', '2017-09-14 08:56:13', '375f984e-f4ae-4de7-bfd0-35437898e82f'),
 ('13143', '10', '2029-11-18 11:00:00', '2029-11-18 12:30:00', '1', '2017-09-14 08:56:13', '2017-09-14 08:56:13', '13d93957-f3e1-462b-a034-fd8651bec7bd'),
 ('13144', '10', '2029-11-25 11:00:00', '2029-11-25 12:30:00', '1', '2017-09-14 08:56:13', '2017-09-14 08:56:13', '122b0ed1-73ff-4e72-9259-2409e6e95535'),
 ('13145', '10', '2029-12-02 11:00:00', '2029-12-02 12:30:00', '1', '2017-09-14 08:56:13', '2017-09-14 08:56:13', '233e8490-913e-4bcd-a90c-df6348364a07'),
 ('13146', '10', '2029-12-09 11:00:00', '2029-12-09 12:30:00', '1', '2017-09-14 08:56:13', '2017-09-14 08:56:13', '4fe8d35b-7e48-4fd7-8059-f997b1b7f722'),
 ('13147', '10', '2029-12-16 11:00:00', '2029-12-16 12:30:00', '1', '2017-09-14 08:56:13', '2017-09-14 08:56:13', 'ad5d5027-bcd6-46fd-ba73-99fc53bfb067'),
 ('13148', '10', '2029-12-23 11:00:00', '2029-12-23 12:30:00', '1', '2017-09-14 08:56:13', '2017-09-14 08:56:13', '086f3a24-3c2d-4778-b1b6-95da9d11d584'),
 ('13149', '10', '2029-12-30 11:00:00', '2029-12-30 12:30:00', '1', '2017-09-14 08:56:13', '2017-09-14 08:56:13', '397218da-2898-4de9-871c-46affc97bfac'),
 ('13150', '10', '2030-01-06 11:00:00', '2030-01-06 12:30:00', '1', '2017-09-14 08:56:13', '2017-09-14 08:56:13', '37d46604-eb66-4457-8e53-d103186f4fe4'),
 ('13151', '10', '2030-01-13 11:00:00', '2030-01-13 12:30:00', '1', '2017-09-14 08:56:13', '2017-09-14 08:56:13', '455af23b-0f75-4fea-9e86-5326f3a5bec4'),
 ('13152', '10', '2030-01-20 11:00:00', '2030-01-20 12:30:00', '1', '2017-09-14 08:56:13', '2017-09-14 08:56:13', '09dc676a-817c-4c8d-9bc7-9af2c2a82c50'),
 ('13153', '10', '2030-01-27 11:00:00', '2030-01-27 12:30:00', '1', '2017-09-14 08:56:13', '2017-09-14 08:56:13', 'da661da0-2466-43a9-a32e-362558b74f56'),
 ('13154', '10', '2030-02-03 11:00:00', '2030-02-03 12:30:00', '1', '2017-09-14 08:56:13', '2017-09-14 08:56:13', '457eb839-1688-40e4-b051-87d9065c79ed'),
 ('13155', '10', '2030-02-10 11:00:00', '2030-02-10 12:30:00', '1', '2017-09-14 08:56:13', '2017-09-14 08:56:13', '86130fa9-3ca1-4bf4-8a0d-f49bd7c35dc3'),
 ('13156', '10', '2030-02-17 11:00:00', '2030-02-17 12:30:00', '1', '2017-09-14 08:56:13', '2017-09-14 08:56:13', 'bb224993-b0de-487f-ab46-55e83b15c9b5'),
 ('13157', '10', '2030-02-24 11:00:00', '2030-02-24 12:30:00', '1', '2017-09-14 08:56:13', '2017-09-14 08:56:13', '6298d376-2867-4b94-9e95-ed527291157c'),
 ('13158', '10', '2030-03-03 11:00:00', '2030-03-03 12:30:00', '1', '2017-09-14 08:56:13', '2017-09-14 08:56:13', '389a4f7a-6ae6-48d6-a747-fc2316a3ab2f'),
 ('13159', '10', '2030-03-10 11:00:00', '2030-03-10 12:30:00', '1', '2017-09-14 08:56:13', '2017-09-14 08:56:13', '0442d61f-5d22-42ff-9bcc-263fcbad2306'),
 ('13160', '10', '2030-03-17 11:00:00', '2030-03-17 12:30:00', '1', '2017-09-14 08:56:13', '2017-09-14 08:56:13', '892f079c-25f2-4799-a62e-fe0cbe8b45bf'),
 ('13161', '10', '2030-03-24 11:00:00', '2030-03-24 12:30:00', '1', '2017-09-14 08:56:13', '2017-09-14 08:56:13', '3a879560-de38-4b0a-91f2-3eb22a73f3e2'),
 ('13162', '10', '2030-03-31 11:00:00', '2030-03-31 12:30:00', '1', '2017-09-14 08:56:13', '2017-09-14 08:56:13', '6cbef3c4-ce95-4003-ad1f-a34b1c05f04f'),
 ('13163', '10', '2030-04-07 11:00:00', '2030-04-07 12:30:00', '1', '2017-09-14 08:56:13', '2017-09-14 08:56:13', 'cf85ba39-78e9-4908-907a-bba8dcf1bbb4'),
 ('13164', '10', '2030-04-14 11:00:00', '2030-04-14 12:30:00', '1', '2017-09-14 08:56:13', '2017-09-14 08:56:13', 'fbf2aa37-34e7-403b-8611-f7a0f114a90c'),
 ('13165', '10', '2030-04-21 11:00:00', '2030-04-21 12:30:00', '1', '2017-09-14 08:56:13', '2017-09-14 08:56:13', 'a9233965-d435-4901-86b9-46b19d4280bb'),
 ('13166', '10', '2030-04-28 11:00:00', '2030-04-28 12:30:00', '1', '2017-09-14 08:56:13', '2017-09-14 08:56:13', 'f9d9c040-d8f4-44e7-9761-daa7a33020df'),
 ('13167', '10', '2030-05-05 11:00:00', '2030-05-05 12:30:00', '1', '2017-09-14 08:56:13', '2017-09-14 08:56:13', '6f27c77f-e16f-4c02-9084-dd425b147af1'),
 ('13168', '10', '2030-05-12 11:00:00', '2030-05-12 12:30:00', '1', '2017-09-14 08:56:13', '2017-09-14 08:56:13', '53940df3-d7d2-44d5-b235-99f526118131'),
 ('13169', '10', '2030-05-19 11:00:00', '2030-05-19 12:30:00', '1', '2017-09-14 08:56:13', '2017-09-14 08:56:13', '30c4529d-297f-482f-abcf-b467eb708b4f'),
 ('13170', '10', '2030-05-26 11:00:00', '2030-05-26 12:30:00', '1', '2017-09-14 08:56:13', '2017-09-14 08:56:13', 'e5fa31e2-f10b-495b-8c44-7678967905ae'),
 ('13171', '10', '2030-06-02 11:00:00', '2030-06-02 12:30:00', '1', '2017-09-14 08:56:13', '2017-09-14 08:56:13', 'a44a510e-e94e-403b-b682-0f1ae420c72a'),
 ('13172', '10', '2030-06-09 11:00:00', '2030-06-09 12:30:00', '1', '2017-09-14 08:56:13', '2017-09-14 08:56:13', '55f1ce13-ccf0-4c27-bdd8-d18b32bead4f'),
 ('13173', '10', '2030-06-16 11:00:00', '2030-06-16 12:30:00', '1', '2017-09-14 08:56:13', '2017-09-14 08:56:13', '112e5aac-5ffd-4c8d-93a6-13b8156c1aae'),
 ('13174', '10', '2030-06-23 11:00:00', '2030-06-23 12:30:00', '1', '2017-09-14 08:56:13', '2017-09-14 08:56:13', 'ca965fd5-ea6f-46a3-94bb-669ca8348bdf'),
 ('13175', '10', '2030-06-30 11:00:00', '2030-06-30 12:30:00', '1', '2017-09-14 08:56:13', '2017-09-14 08:56:13', 'c966e5e4-133e-426f-896a-6ef512311183'),
 ('13176', '10', '2030-07-07 11:00:00', '2030-07-07 12:30:00', '1', '2017-09-14 08:56:13', '2017-09-14 08:56:13', '313bc516-52ea-4485-88b7-af996b92e268'),
 ('13177', '10', '2030-07-14 11:00:00', '2030-07-14 12:30:00', '1', '2017-09-14 08:56:13', '2017-09-14 08:56:13', '18899dea-7748-4cb6-aaa5-c2b5506d9fa3'),
 ('13178', '10', '2030-07-21 11:00:00', '2030-07-21 12:30:00', '1', '2017-09-14 08:56:13', '2017-09-14 08:56:13', '0e2201b6-0ca2-407b-90c3-bddf811b423e'),
 ('13179', '10', '2030-07-28 11:00:00', '2030-07-28 12:30:00', '1', '2017-09-14 08:56:13', '2017-09-14 08:56:13', '85b6c4b5-7e4c-4c05-b91a-54c32dc6d2de'),
 ('13180', '10', '2030-08-04 11:00:00', '2030-08-04 12:30:00', '1', '2017-09-14 08:56:13', '2017-09-14 08:56:13', '257f7d2a-a77c-4e8a-8307-7c75ecaf0567'),
 ('13181', '10', '2030-08-11 11:00:00', '2030-08-11 12:30:00', '1', '2017-09-14 08:56:13', '2017-09-14 08:56:13', '8a9ada88-387a-4f29-9bc4-c462ef85732b'),
 ('13182', '10', '2030-08-18 11:00:00', '2030-08-18 12:30:00', '1', '2017-09-14 08:56:13', '2017-09-14 08:56:13', '4931c0b1-1fb5-4f57-9a52-68fb1192ba56'),
 ('13183', '10', '2030-08-25 11:00:00', '2030-08-25 12:30:00', '1', '2017-09-14 08:56:13', '2017-09-14 08:56:13', 'f3ce8356-e9af-49bd-b21e-45ab183a12a7'),
 ('13184', '10', '2030-09-01 11:00:00', '2030-09-01 12:30:00', '1', '2017-09-14 08:56:13', '2017-09-14 08:56:13', 'c1338740-6220-4ecf-b948-6c9c03955891'),
 ('13185', '10', '2030-09-08 11:00:00', '2030-09-08 12:30:00', '1', '2017-09-14 08:56:13', '2017-09-14 08:56:13', 'b9f8e1a8-89a7-43b2-9f48-0581d5a827bb'),
 ('13186', '10', '2030-09-15 11:00:00', '2030-09-15 12:30:00', '1', '2017-09-14 08:56:13', '2017-09-14 08:56:13', '3e794716-4f06-4226-b386-e73f5b372289'),
 ('13187', '10', '2030-09-22 11:00:00', '2030-09-22 12:30:00', '1', '2017-09-14 08:56:13', '2017-09-14 08:56:13', 'd7ba29f2-5247-480a-9e4a-a92cc55612fe'),
 ('13188', '10', '2030-09-29 11:00:00', '2030-09-29 12:30:00', '1', '2017-09-14 08:56:13', '2017-09-14 08:56:13', 'db38cddd-5b95-42f1-8c83-005bf4779482'),
 ('13189', '10', '2030-10-06 11:00:00', '2030-10-06 12:30:00', '1', '2017-09-14 08:56:13', '2017-09-14 08:56:13', '6ffd72e1-ad99-42df-ae34-3031ed7eddf4'),
 ('13190', '10', '2030-10-13 11:00:00', '2030-10-13 12:30:00', '1', '2017-09-14 08:56:13', '2017-09-14 08:56:13', 'c249f919-fd82-4f6d-a4f2-d198ef059acc'),
 ('13191', '10', '2030-10-20 11:00:00', '2030-10-20 12:30:00', '1', '2017-09-14 08:56:13', '2017-09-14 08:56:13', 'eb9ce30b-5cde-45fd-bc4b-90c3eec74b98'),
 ('13192', '10', '2030-10-27 11:00:00', '2030-10-27 12:30:00', '1', '2017-09-14 08:56:13', '2017-09-14 08:56:13', '11166692-30f7-47d8-b559-dd9c26e0d6b3'),
 ('13193', '10', '2030-11-03 11:00:00', '2030-11-03 12:30:00', '1', '2017-09-14 08:56:13', '2017-09-14 08:56:13', '46c69481-7d59-43ec-8cd0-25c44f3a8fdd'),
 ('13194', '10', '2030-11-10 11:00:00', '2030-11-10 12:30:00', '1', '2017-09-14 08:56:13', '2017-09-14 08:56:13', 'c4e6191f-47cb-46ed-8bf7-d26a3449f30d'),
 ('13195', '10', '2030-11-17 11:00:00', '2030-11-17 12:30:00', '1', '2017-09-14 08:56:13', '2017-09-14 08:56:13', '4599b140-879e-4039-a55b-4f4d0f154857'),
 ('13196', '10', '2030-11-24 11:00:00', '2030-11-24 12:30:00', '1', '2017-09-14 08:56:13', '2017-09-14 08:56:13', 'eb716ea9-8148-46b6-9a81-1f50a442f373'),
 ('13197', '10', '2030-12-01 11:00:00', '2030-12-01 12:30:00', '1', '2017-09-14 08:56:13', '2017-09-14 08:56:13', 'dd400649-415e-40fb-af92-3f28611b44c1'),
 ('13198', '10', '2030-12-08 11:00:00', '2030-12-08 12:30:00', '1', '2017-09-14 08:56:13', '2017-09-14 08:56:13', '23ac013e-3cc4-4599-9a56-89966950ec15'),
 ('13199', '10', '2030-12-15 11:00:00', '2030-12-15 12:30:00', '1', '2017-09-14 08:56:13', '2017-09-14 08:56:13', '60596558-b682-4807-a62c-9b3253609495'),
 ('13200', '10', '2030-12-22 11:00:00', '2030-12-22 12:30:00', '1', '2017-09-14 08:56:13', '2017-09-14 08:56:13', 'a2c276ef-3def-4680-951c-1bffcb38219b'),
 ('13201', '10', '2030-12-29 11:00:00', '2030-12-29 12:30:00', '1', '2017-09-14 08:56:13', '2017-09-14 08:56:13', '491fab4f-4b5b-4dac-8ad7-84217ba0f4e3'),
 ('13202', '10', '2031-01-05 11:00:00', '2031-01-05 12:30:00', '1', '2017-09-14 08:56:13', '2017-09-14 08:56:13', '66836724-743e-48fc-9273-c5cfc49d3e09'),
 ('13203', '10', '2031-01-12 11:00:00', '2031-01-12 12:30:00', '1', '2017-09-14 08:56:13', '2017-09-14 08:56:13', '665b9643-00a7-49f9-ba03-e1de6f199c6b'),
 ('13204', '10', '2031-01-19 11:00:00', '2031-01-19 12:30:00', '1', '2017-09-14 08:56:13', '2017-09-14 08:56:13', 'fa012647-cf7d-43a1-a774-305cc040d9c3');
INSERT INTO `craft_venti_recurr` (`eid`, `cid`, `startDate`, `endDate`, `isrepeat`, `dateCreated`, `dateUpdated`, `uid`) VALUES
 ('13205', '10', '2031-01-26 11:00:00', '2031-01-26 12:30:00', '1', '2017-09-14 08:56:13', '2017-09-14 08:56:13', '1a7ee070-ecd3-42bb-b6ed-6beb6f6b9894'),
 ('13206', '10', '2031-02-02 11:00:00', '2031-02-02 12:30:00', '1', '2017-09-14 08:56:13', '2017-09-14 08:56:13', '3c131b94-e06e-4504-bf61-e8ea209bab1c'),
 ('13207', '10', '2031-02-09 11:00:00', '2031-02-09 12:30:00', '1', '2017-09-14 08:56:13', '2017-09-14 08:56:13', '299b1fc3-5f9b-482f-b5d9-d5f3bf31d7a6'),
 ('13208', '10', '2031-02-16 11:00:00', '2031-02-16 12:30:00', '1', '2017-09-14 08:56:13', '2017-09-14 08:56:13', '6a9bbddf-4acf-4731-8551-bc8f5d6451e3'),
 ('13209', '10', '2031-02-23 11:00:00', '2031-02-23 12:30:00', '1', '2017-09-14 08:56:13', '2017-09-14 08:56:13', '0d2a19a4-39f2-48aa-853c-4a92bc8e8c13'),
 ('13210', '10', '2031-03-02 11:00:00', '2031-03-02 12:30:00', '1', '2017-09-14 08:56:13', '2017-09-14 08:56:13', 'd8c56848-2f72-4635-ace4-701bc05cc7d7'),
 ('13211', '10', '2031-03-09 11:00:00', '2031-03-09 12:30:00', '1', '2017-09-14 08:56:13', '2017-09-14 08:56:13', 'c6bd2e4e-b5d2-4316-aa34-4f84bc6c8e31'),
 ('13212', '10', '2031-03-16 11:00:00', '2031-03-16 12:30:00', '1', '2017-09-14 08:56:13', '2017-09-14 08:56:13', '7a90dd0e-787a-447c-be8a-ec60fd5b1ad3'),
 ('13213', '10', '2031-03-23 11:00:00', '2031-03-23 12:30:00', '1', '2017-09-14 08:56:13', '2017-09-14 08:56:13', '8e52a45c-3abb-4f90-9760-3abcfff34eee'),
 ('13214', '10', '2031-03-30 11:00:00', '2031-03-30 12:30:00', '1', '2017-09-14 08:56:13', '2017-09-14 08:56:13', 'da83b871-95f1-49d2-b189-e03ac758bc93'),
 ('13215', '10', '2031-04-06 11:00:00', '2031-04-06 12:30:00', '1', '2017-09-14 08:56:13', '2017-09-14 08:56:13', '6ff03113-9b74-4915-8cb0-49c8a90de5a7'),
 ('13216', '10', '2031-04-13 11:00:00', '2031-04-13 12:30:00', '1', '2017-09-14 08:56:13', '2017-09-14 08:56:13', 'c7aa7ce6-6fd3-446c-a6c0-9c9774d75cf0'),
 ('13217', '10', '2031-04-20 11:00:00', '2031-04-20 12:30:00', '1', '2017-09-14 08:56:13', '2017-09-14 08:56:13', '85ee28cb-6245-4667-a5db-82d40f5e0a0c'),
 ('13218', '10', '2031-04-27 11:00:00', '2031-04-27 12:30:00', '1', '2017-09-14 08:56:13', '2017-09-14 08:56:13', 'ce0cf98d-185a-4bde-9a60-ea8805b7f485'),
 ('13219', '10', '2031-05-04 11:00:00', '2031-05-04 12:30:00', '1', '2017-09-14 08:56:13', '2017-09-14 08:56:13', '35b77a9b-df57-476a-a144-aed73d5e0b77'),
 ('13220', '10', '2031-05-11 11:00:00', '2031-05-11 12:30:00', '1', '2017-09-14 08:56:13', '2017-09-14 08:56:13', '26737c08-b1ed-4f6c-a537-1770547289dc'),
 ('13221', '10', '2031-05-18 11:00:00', '2031-05-18 12:30:00', '1', '2017-09-14 08:56:13', '2017-09-14 08:56:13', '8e292442-9672-4aa2-bf08-50e6e96fbf60'),
 ('13222', '10', '2031-05-25 11:00:00', '2031-05-25 12:30:00', '1', '2017-09-14 08:56:13', '2017-09-14 08:56:13', '275d200d-2be9-49f7-8e86-8e5bc0859a17'),
 ('13223', '10', '2031-06-01 11:00:00', '2031-06-01 12:30:00', '1', '2017-09-14 08:56:13', '2017-09-14 08:56:13', 'c0e4aa5c-39eb-424b-827e-d75534317a2d'),
 ('13224', '10', '2031-06-08 11:00:00', '2031-06-08 12:30:00', '1', '2017-09-14 08:56:13', '2017-09-14 08:56:13', 'c1d81351-28d7-4dc6-a9b6-4e505f01009b'),
 ('13225', '10', '2031-06-15 11:00:00', '2031-06-15 12:30:00', '1', '2017-09-14 08:56:13', '2017-09-14 08:56:13', '661b100a-8dd5-4bc8-bbdc-831edd08d68f'),
 ('13226', '10', '2031-06-22 11:00:00', '2031-06-22 12:30:00', '1', '2017-09-14 08:56:13', '2017-09-14 08:56:13', '3d3b5dcc-2b1b-4a6f-b517-f9ddb4be3420'),
 ('13227', '10', '2031-06-29 11:00:00', '2031-06-29 12:30:00', '1', '2017-09-14 08:56:13', '2017-09-14 08:56:13', 'da9f9809-21d2-4e20-91ef-b88e7566f452'),
 ('13228', '10', '2031-07-06 11:00:00', '2031-07-06 12:30:00', '1', '2017-09-14 08:56:13', '2017-09-14 08:56:13', 'f9950499-7638-4b93-bc05-bd9f5a96238c'),
 ('13229', '10', '2031-07-13 11:00:00', '2031-07-13 12:30:00', '1', '2017-09-14 08:56:13', '2017-09-14 08:56:13', '9d5d37a8-0c81-4842-a54a-82cf7109d4a9'),
 ('13230', '10', '2031-07-20 11:00:00', '2031-07-20 12:30:00', '1', '2017-09-14 08:56:13', '2017-09-14 08:56:13', 'd9d8187d-74fa-4178-8015-ac1e55d58965'),
 ('13231', '10', '2031-07-27 11:00:00', '2031-07-27 12:30:00', '1', '2017-09-14 08:56:13', '2017-09-14 08:56:13', 'ef54e177-f18f-4662-a050-616c62e39435'),
 ('13232', '10', '2031-08-03 11:00:00', '2031-08-03 12:30:00', '1', '2017-09-14 08:56:13', '2017-09-14 08:56:13', 'c4f4f092-bd4d-43d0-b8aa-5179314f96d1'),
 ('13233', '10', '2031-08-10 11:00:00', '2031-08-10 12:30:00', '1', '2017-09-14 08:56:13', '2017-09-14 08:56:13', 'cb171439-e530-4995-8ae2-6f32f00f1e0c'),
 ('13234', '10', '2031-08-17 11:00:00', '2031-08-17 12:30:00', '1', '2017-09-14 08:56:13', '2017-09-14 08:56:13', '07929623-e9d0-4105-995a-49cdfce4c4f4'),
 ('13235', '10', '2031-08-24 11:00:00', '2031-08-24 12:30:00', '1', '2017-09-14 08:56:13', '2017-09-14 08:56:13', '5105731a-1e98-4870-be39-4c7db352a25b'),
 ('13236', '10', '2031-08-31 11:00:00', '2031-08-31 12:30:00', '1', '2017-09-14 08:56:13', '2017-09-14 08:56:13', 'c6c371e3-9ddd-4441-8992-f153f13c56aa'),
 ('15433', '11', '2017-09-01 08:40:00', '2017-09-01 09:00:00', '0', '2017-09-14 08:58:36', '2017-09-14 08:58:36', '768e70ad-7270-4d62-b3a1-52f61e5fc27a'),
 ('15434', '11', '2017-09-04 08:40:00', '2017-09-04 09:00:00', '1', '2017-09-14 08:58:36', '2017-09-14 08:58:36', '8740e1d9-68ba-4cbb-91b7-e6c74251c4c1'),
 ('15435', '11', '2017-09-05 08:40:00', '2017-09-05 09:00:00', '1', '2017-09-14 08:58:36', '2017-09-14 08:58:36', 'fc1d1ac9-d2f1-40b2-9756-81f80693ff39'),
 ('15436', '11', '2017-09-06 08:40:00', '2017-09-06 09:00:00', '1', '2017-09-14 08:58:36', '2017-09-14 08:58:36', '39b5146e-12b5-49c7-b0f3-cb02969eddb5'),
 ('15437', '11', '2017-09-07 08:40:00', '2017-09-07 09:00:00', '1', '2017-09-14 08:58:36', '2017-09-14 08:58:36', '4a044acc-19d2-4eb4-89a7-57b75f0e5556'),
 ('15438', '11', '2017-09-08 08:40:00', '2017-09-08 09:00:00', '1', '2017-09-14 08:58:36', '2017-09-14 08:58:36', '5596ae28-c8db-43f7-a0e2-e456a49cb2e8'),
 ('15439', '11', '2017-09-11 08:40:00', '2017-09-11 09:00:00', '1', '2017-09-14 08:58:36', '2017-09-14 08:58:36', '96e6201a-154d-4c96-b588-ae033c57788a'),
 ('15440', '11', '2017-09-12 08:40:00', '2017-09-12 09:00:00', '1', '2017-09-14 08:58:36', '2017-09-14 08:58:36', '88d0037e-e5d0-4d81-b25a-6c14d4680663'),
 ('15441', '11', '2017-09-13 08:40:00', '2017-09-13 09:00:00', '1', '2017-09-14 08:58:36', '2017-09-14 08:58:36', '1fc3a2f4-9f54-488c-bd69-319d12b8600a'),
 ('15442', '11', '2017-09-14 08:40:00', '2017-09-14 09:00:00', '1', '2017-09-14 08:58:36', '2017-09-14 08:58:36', '0ccc64c0-3bfe-4a69-9835-c5fbadd66a16'),
 ('15443', '11', '2017-09-15 08:40:00', '2017-09-15 09:00:00', '1', '2017-09-14 08:58:36', '2017-09-14 08:58:36', '5d3c73ec-5204-4e83-95b5-ca53898b34fa'),
 ('15444', '11', '2017-09-18 08:40:00', '2017-09-18 09:00:00', '1', '2017-09-14 08:58:36', '2017-09-14 08:58:36', '8389f890-947d-4daf-88bf-7e455c054ae3'),
 ('15445', '11', '2017-09-19 08:40:00', '2017-09-19 09:00:00', '1', '2017-09-14 08:58:36', '2017-09-14 08:58:36', '31404d69-8596-4a12-8a2a-8e7c730ed54a'),
 ('15446', '11', '2017-09-20 08:40:00', '2017-09-20 09:00:00', '1', '2017-09-14 08:58:36', '2017-09-14 08:58:36', '899dd432-0fef-4a0e-bd1e-7c8d8ec6c781'),
 ('15447', '11', '2017-09-21 08:40:00', '2017-09-21 09:00:00', '1', '2017-09-14 08:58:36', '2017-09-14 08:58:36', '77afba35-dc3b-4a39-8b47-76bab44139fa'),
 ('15448', '11', '2017-09-22 08:40:00', '2017-09-22 09:00:00', '1', '2017-09-14 08:58:36', '2017-09-14 08:58:36', 'ec2a7c32-3297-4267-99b9-a74ba65189f3'),
 ('15449', '11', '2017-09-25 08:40:00', '2017-09-25 09:00:00', '1', '2017-09-14 08:58:36', '2017-09-14 08:58:36', '4ed3898a-59fb-4109-adad-06f04fc44714'),
 ('15450', '11', '2017-09-26 08:40:00', '2017-09-26 09:00:00', '1', '2017-09-14 08:58:36', '2017-09-14 08:58:36', '20ca8806-1ac5-46e5-8797-cfb30b20e059'),
 ('15451', '11', '2017-09-27 08:40:00', '2017-09-27 09:00:00', '1', '2017-09-14 08:58:36', '2017-09-14 08:58:36', '77584d69-00bd-4539-a57e-8a9b965ee24a'),
 ('15452', '11', '2017-09-28 08:40:00', '2017-09-28 09:00:00', '1', '2017-09-14 08:58:36', '2017-09-14 08:58:36', '8fd7c4c0-0201-4f08-9f2e-c8f094ddcc30'),
 ('15453', '11', '2017-09-29 08:40:00', '2017-09-29 09:00:00', '1', '2017-09-14 08:58:36', '2017-09-14 08:58:36', '30e51cc7-0f54-46ec-a8cb-6212cc5ca738'),
 ('15454', '11', '2017-10-02 08:40:00', '2017-10-02 09:00:00', '1', '2017-09-14 08:58:36', '2017-09-14 08:58:36', '056afa2d-3806-499e-926c-900b2730fded'),
 ('15455', '11', '2017-10-03 08:40:00', '2017-10-03 09:00:00', '1', '2017-09-14 08:58:36', '2017-09-14 08:58:36', '55710671-6a8d-46a1-bdad-121226518103'),
 ('15456', '11', '2017-10-04 08:40:00', '2017-10-04 09:00:00', '1', '2017-09-14 08:58:36', '2017-09-14 08:58:36', '1aa7284a-fa88-49b1-8b6b-c2110b1315df'),
 ('15457', '11', '2017-10-05 08:40:00', '2017-10-05 09:00:00', '1', '2017-09-14 08:58:36', '2017-09-14 08:58:36', 'ece37ebf-7718-4b1a-a2b4-ace4d71df68b'),
 ('15458', '11', '2017-10-06 08:40:00', '2017-10-06 09:00:00', '1', '2017-09-14 08:58:36', '2017-09-14 08:58:36', '24934ae3-bfe0-4fe9-a768-ea1d7ab30d95'),
 ('15459', '11', '2017-10-09 08:40:00', '2017-10-09 09:00:00', '1', '2017-09-14 08:58:36', '2017-09-14 08:58:36', '061891c0-1ce8-49f9-ba73-16260409585b'),
 ('15460', '11', '2017-10-10 08:40:00', '2017-10-10 09:00:00', '1', '2017-09-14 08:58:36', '2017-09-14 08:58:36', '429e2633-eb4d-4c6f-b77d-365aa4843b4c'),
 ('15461', '11', '2017-10-11 08:40:00', '2017-10-11 09:00:00', '1', '2017-09-14 08:58:36', '2017-09-14 08:58:36', '5e2a5285-5a04-44a9-af49-f3344d779836'),
 ('15462', '11', '2017-10-12 08:40:00', '2017-10-12 09:00:00', '1', '2017-09-14 08:58:36', '2017-09-14 08:58:36', '35fb72b5-4b97-495a-820e-4cf472e0a30f'),
 ('15463', '11', '2017-10-13 08:40:00', '2017-10-13 09:00:00', '1', '2017-09-14 08:58:36', '2017-09-14 08:58:36', 'e39783fe-1008-42be-80ae-31e85d5fa56f'),
 ('15464', '11', '2017-10-16 08:40:00', '2017-10-16 09:00:00', '1', '2017-09-14 08:58:36', '2017-09-14 08:58:36', '12225675-a5a4-457a-8456-92c4231fa5a9'),
 ('15465', '11', '2017-10-17 08:40:00', '2017-10-17 09:00:00', '1', '2017-09-14 08:58:36', '2017-09-14 08:58:36', '37fa18fa-5dae-4405-88b4-2d2bb4770d3a'),
 ('15466', '11', '2017-10-18 08:40:00', '2017-10-18 09:00:00', '1', '2017-09-14 08:58:36', '2017-09-14 08:58:36', 'd64b3e31-e513-4cc3-9d19-88500f282282'),
 ('15467', '11', '2017-10-19 08:40:00', '2017-10-19 09:00:00', '1', '2017-09-14 08:58:36', '2017-09-14 08:58:36', '66562ceb-5e61-4873-b73d-83e154a576d7'),
 ('15468', '11', '2017-10-20 08:40:00', '2017-10-20 09:00:00', '1', '2017-09-14 08:58:36', '2017-09-14 08:58:36', '25692c9c-f2c9-427c-9f62-236b438f570b'),
 ('15469', '11', '2017-10-23 08:40:00', '2017-10-23 09:00:00', '1', '2017-09-14 08:58:36', '2017-09-14 08:58:36', '4a53b96f-b32f-4099-ab51-b757c673b2e0'),
 ('15470', '11', '2017-10-24 08:40:00', '2017-10-24 09:00:00', '1', '2017-09-14 08:58:36', '2017-09-14 08:58:36', '6f674c35-38d9-4142-a3e9-d543dcef8c9d'),
 ('15471', '11', '2017-10-25 08:40:00', '2017-10-25 09:00:00', '1', '2017-09-14 08:58:36', '2017-09-14 08:58:36', 'd305ece6-e859-4aa7-9b14-eb1f9978ea56'),
 ('15472', '11', '2017-10-26 08:40:00', '2017-10-26 09:00:00', '1', '2017-09-14 08:58:36', '2017-09-14 08:58:36', 'bb885063-e864-425a-a268-fbbdfe884134'),
 ('15473', '11', '2017-10-27 08:40:00', '2017-10-27 09:00:00', '1', '2017-09-14 08:58:36', '2017-09-14 08:58:36', 'b23341fa-417f-4251-99c9-d5c15d20533a'),
 ('15474', '11', '2017-10-30 08:40:00', '2017-10-30 09:00:00', '1', '2017-09-14 08:58:36', '2017-09-14 08:58:36', '26c96b53-3e50-4a26-bdfd-e5a6bceea710'),
 ('15475', '11', '2017-10-31 08:40:00', '2017-10-31 09:00:00', '1', '2017-09-14 08:58:36', '2017-09-14 08:58:36', 'a2f5319f-170a-4d77-9961-5ac2b3e51c15'),
 ('15476', '11', '2017-11-01 08:40:00', '2017-11-01 09:00:00', '1', '2017-09-14 08:58:36', '2017-09-14 08:58:36', 'e53265fd-8403-479f-a048-2657ee24a32b'),
 ('15477', '11', '2017-11-02 08:40:00', '2017-11-02 09:00:00', '1', '2017-09-14 08:58:36', '2017-09-14 08:58:36', '68cd2bc1-83d8-422e-b31a-a88949727dac'),
 ('15478', '11', '2017-11-03 08:40:00', '2017-11-03 09:00:00', '1', '2017-09-14 08:58:36', '2017-09-14 08:58:36', '81a91665-4efb-4a11-8dfe-a2897b17d08a'),
 ('15479', '11', '2017-11-06 08:40:00', '2017-11-06 09:00:00', '1', '2017-09-14 08:58:36', '2017-09-14 08:58:36', 'b518154a-95c7-4f9a-9007-e6dd5a7f6074'),
 ('15480', '11', '2017-11-07 08:40:00', '2017-11-07 09:00:00', '1', '2017-09-14 08:58:36', '2017-09-14 08:58:36', '9d3169bc-3547-49a9-b375-06ea3edc4ba3'),
 ('15481', '11', '2017-11-08 08:40:00', '2017-11-08 09:00:00', '1', '2017-09-14 08:58:36', '2017-09-14 08:58:36', 'b91ad62a-c0a8-41ed-9c6b-5b3e4da80fc7'),
 ('15482', '11', '2017-11-09 08:40:00', '2017-11-09 09:00:00', '1', '2017-09-14 08:58:36', '2017-09-14 08:58:36', 'e00bbd63-5602-430e-93d0-5b815167552b'),
 ('15483', '11', '2017-11-10 08:40:00', '2017-11-10 09:00:00', '1', '2017-09-14 08:58:36', '2017-09-14 08:58:36', '7210518e-ae62-452c-9c9e-c621bee99606'),
 ('15484', '11', '2017-11-13 08:40:00', '2017-11-13 09:00:00', '1', '2017-09-14 08:58:36', '2017-09-14 08:58:36', 'bf152e74-ee39-4076-acd0-6252d0d9f6e4'),
 ('15485', '11', '2017-11-14 08:40:00', '2017-11-14 09:00:00', '1', '2017-09-14 08:58:36', '2017-09-14 08:58:36', '2390cf05-5486-4baf-96cb-4df492d4c27a'),
 ('15486', '11', '2017-11-15 08:40:00', '2017-11-15 09:00:00', '1', '2017-09-14 08:58:36', '2017-09-14 08:58:36', '14120dcd-6c7e-4cf6-b12e-7a35a0d0d354'),
 ('15487', '11', '2017-11-16 08:40:00', '2017-11-16 09:00:00', '1', '2017-09-14 08:58:36', '2017-09-14 08:58:36', '17e59fe1-c143-4626-b326-e0e3e6525e7e'),
 ('15488', '11', '2017-11-17 08:40:00', '2017-11-17 09:00:00', '1', '2017-09-14 08:58:36', '2017-09-14 08:58:36', '82202289-4c2b-4c54-8265-dcd808e59407'),
 ('15489', '11', '2017-11-20 08:40:00', '2017-11-20 09:00:00', '1', '2017-09-14 08:58:36', '2017-09-14 08:58:36', '2dc60d6f-fbbd-4884-ba32-879c6d9fb2f6'),
 ('15490', '11', '2017-11-21 08:40:00', '2017-11-21 09:00:00', '1', '2017-09-14 08:58:36', '2017-09-14 08:58:36', '08f06cf6-2768-4c90-8d27-a9138f1b4d8e'),
 ('15491', '11', '2017-11-22 08:40:00', '2017-11-22 09:00:00', '1', '2017-09-14 08:58:36', '2017-09-14 08:58:36', '9b38ab83-b821-45f8-b9da-c86da9d78374'),
 ('15492', '11', '2017-11-23 08:40:00', '2017-11-23 09:00:00', '1', '2017-09-14 08:58:36', '2017-09-14 08:58:36', '7af7d8bc-7d93-4804-8b07-fc1b2df862d1'),
 ('15493', '11', '2017-11-24 08:40:00', '2017-11-24 09:00:00', '1', '2017-09-14 08:58:36', '2017-09-14 08:58:36', '3c8f8f8c-8378-44aa-867f-6b0e37112006'),
 ('15494', '11', '2017-11-27 08:40:00', '2017-11-27 09:00:00', '1', '2017-09-14 08:58:36', '2017-09-14 08:58:36', '3956b924-4924-4727-968a-7c725bfb0018'),
 ('15495', '11', '2017-11-28 08:40:00', '2017-11-28 09:00:00', '1', '2017-09-14 08:58:36', '2017-09-14 08:58:36', '7f9af6ca-b0a8-491a-83eb-cae55bfc54d2'),
 ('15496', '11', '2017-11-29 08:40:00', '2017-11-29 09:00:00', '1', '2017-09-14 08:58:36', '2017-09-14 08:58:36', '00f57051-d9db-4eb7-a3b8-634c2902921f'),
 ('15497', '11', '2017-11-30 08:40:00', '2017-11-30 09:00:00', '1', '2017-09-14 08:58:36', '2017-09-14 08:58:36', '6f412358-3ad0-4ed9-8de7-d2179db37a11'),
 ('15498', '11', '2017-12-01 08:40:00', '2017-12-01 09:00:00', '1', '2017-09-14 08:58:36', '2017-09-14 08:58:36', '784a18cc-4a57-420f-ba2f-177f784e3155'),
 ('15499', '11', '2017-12-04 08:40:00', '2017-12-04 09:00:00', '1', '2017-09-14 08:58:36', '2017-09-14 08:58:36', '6a735ee6-26b5-4067-b9aa-d4daea209842'),
 ('15500', '11', '2017-12-05 08:40:00', '2017-12-05 09:00:00', '1', '2017-09-14 08:58:36', '2017-09-14 08:58:36', 'ba6e695b-6a3b-4bcc-8251-12e6cd5c8d84');
INSERT INTO `craft_venti_recurr` (`eid`, `cid`, `startDate`, `endDate`, `isrepeat`, `dateCreated`, `dateUpdated`, `uid`) VALUES
 ('15501', '11', '2017-12-06 08:40:00', '2017-12-06 09:00:00', '1', '2017-09-14 08:58:36', '2017-09-14 08:58:36', '6f1e83a4-6848-40d8-aabb-369dfe3c777a'),
 ('15502', '11', '2017-12-07 08:40:00', '2017-12-07 09:00:00', '1', '2017-09-14 08:58:36', '2017-09-14 08:58:36', 'e5d21a7d-83dc-4baf-b4c0-35de3bab274b'),
 ('15503', '11', '2017-12-08 08:40:00', '2017-12-08 09:00:00', '1', '2017-09-14 08:58:36', '2017-09-14 08:58:36', '2d482418-6896-4b87-a551-e8b5a3b219dd'),
 ('15504', '11', '2017-12-11 08:40:00', '2017-12-11 09:00:00', '1', '2017-09-14 08:58:36', '2017-09-14 08:58:36', '927fc284-2e6a-4ea5-a15a-eb8aacfaaa96'),
 ('15505', '11', '2017-12-12 08:40:00', '2017-12-12 09:00:00', '1', '2017-09-14 08:58:36', '2017-09-14 08:58:36', 'acf23fb7-8c95-4bfb-ad3f-5e5bdf502bcb'),
 ('15506', '11', '2017-12-13 08:40:00', '2017-12-13 09:00:00', '1', '2017-09-14 08:58:36', '2017-09-14 08:58:36', 'b1970c06-95df-4d38-a5df-dd94997dbd6d'),
 ('15507', '11', '2017-12-14 08:40:00', '2017-12-14 09:00:00', '1', '2017-09-14 08:58:36', '2017-09-14 08:58:36', '9b5635a2-fb90-48ba-aefc-4355b7d1b378'),
 ('15508', '11', '2017-12-15 08:40:00', '2017-12-15 09:00:00', '1', '2017-09-14 08:58:36', '2017-09-14 08:58:36', 'b43f9e2e-38b5-4036-b9de-3d578e06e4ee'),
 ('15509', '11', '2017-12-18 08:40:00', '2017-12-18 09:00:00', '1', '2017-09-14 08:58:36', '2017-09-14 08:58:36', '522674b1-49c0-4710-83f2-f881790c13fb'),
 ('15510', '11', '2017-12-19 08:40:00', '2017-12-19 09:00:00', '1', '2017-09-14 08:58:36', '2017-09-14 08:58:36', '4089edd2-2e26-4175-950b-1f0a3a37dd15'),
 ('15511', '11', '2017-12-20 08:40:00', '2017-12-20 09:00:00', '1', '2017-09-14 08:58:36', '2017-09-14 08:58:36', '22a8dad2-b385-4e1a-a176-b34bc64d297f'),
 ('15512', '11', '2017-12-21 08:40:00', '2017-12-21 09:00:00', '1', '2017-09-14 08:58:36', '2017-09-14 08:58:36', '6b660935-c346-4375-ba8b-5683c878967c'),
 ('15513', '11', '2017-12-22 08:40:00', '2017-12-22 09:00:00', '1', '2017-09-14 08:58:36', '2017-09-14 08:58:36', 'edcea5bf-8253-43b3-93e3-651ccdb18fa6'),
 ('15514', '11', '2017-12-25 08:40:00', '2017-12-25 09:00:00', '1', '2017-09-14 08:58:36', '2017-09-14 08:58:36', '3b09d032-bfe5-4787-ae98-aa0233d077e4'),
 ('15515', '11', '2017-12-26 08:40:00', '2017-12-26 09:00:00', '1', '2017-09-14 08:58:36', '2017-09-14 08:58:36', '7a574624-c838-4c69-a41d-df555aceb468'),
 ('15516', '11', '2017-12-27 08:40:00', '2017-12-27 09:00:00', '1', '2017-09-14 08:58:36', '2017-09-14 08:58:36', '2c913aef-e76e-4033-81a5-489cf58e386b'),
 ('15517', '11', '2017-12-28 08:40:00', '2017-12-28 09:00:00', '1', '2017-09-14 08:58:36', '2017-09-14 08:58:36', '2913c580-e87a-4fe3-9785-9f1b0f64bcb4'),
 ('15518', '11', '2017-12-29 08:40:00', '2017-12-29 09:00:00', '1', '2017-09-14 08:58:36', '2017-09-14 08:58:36', '03c0522f-c9de-4d36-b4a4-07f2eb4216a6'),
 ('15519', '11', '2018-01-01 08:40:00', '2018-01-01 09:00:00', '1', '2017-09-14 08:58:36', '2017-09-14 08:58:36', '98e0267c-a81f-458c-ae52-65e9fd016c13'),
 ('15520', '11', '2018-01-02 08:40:00', '2018-01-02 09:00:00', '1', '2017-09-14 08:58:36', '2017-09-14 08:58:36', 'fd8f70d1-eaf5-4e2c-8ee7-a79ccad235fa'),
 ('15521', '11', '2018-01-03 08:40:00', '2018-01-03 09:00:00', '1', '2017-09-14 08:58:36', '2017-09-14 08:58:36', '87b7cbd3-edde-4e78-aa7e-55097ddd5ff5'),
 ('15522', '11', '2018-01-04 08:40:00', '2018-01-04 09:00:00', '1', '2017-09-14 08:58:36', '2017-09-14 08:58:36', 'e676ebcd-f746-43e3-b952-545822183ba5'),
 ('15523', '11', '2018-01-05 08:40:00', '2018-01-05 09:00:00', '1', '2017-09-14 08:58:36', '2017-09-14 08:58:36', '8832eaae-959e-4e2d-a84a-76a88cceeef1'),
 ('15524', '11', '2018-01-08 08:40:00', '2018-01-08 09:00:00', '1', '2017-09-14 08:58:36', '2017-09-14 08:58:36', '3a16fb18-3596-49fb-bbda-bc4d87e1ce48'),
 ('15525', '11', '2018-01-09 08:40:00', '2018-01-09 09:00:00', '1', '2017-09-14 08:58:36', '2017-09-14 08:58:36', 'cb575774-68f7-4fbb-948c-2fa68979eaf1'),
 ('15526', '11', '2018-01-10 08:40:00', '2018-01-10 09:00:00', '1', '2017-09-14 08:58:36', '2017-09-14 08:58:36', 'd926ac8b-7c7e-4236-9ea3-f9c244b9d1d5'),
 ('15527', '11', '2018-01-11 08:40:00', '2018-01-11 09:00:00', '1', '2017-09-14 08:58:36', '2017-09-14 08:58:36', '22971e8f-c608-44e6-ab1a-3e9883f17292'),
 ('15528', '11', '2018-01-12 08:40:00', '2018-01-12 09:00:00', '1', '2017-09-14 08:58:36', '2017-09-14 08:58:36', '986d3168-fdce-48aa-8fe7-8d8552f21195'),
 ('15529', '11', '2018-01-15 08:40:00', '2018-01-15 09:00:00', '1', '2017-09-14 08:58:36', '2017-09-14 08:58:36', '9ac52555-27c5-484f-a2ff-e7fee81881aa'),
 ('15530', '11', '2018-01-16 08:40:00', '2018-01-16 09:00:00', '1', '2017-09-14 08:58:36', '2017-09-14 08:58:36', '34e56aad-d009-4d71-8992-d4b625389861'),
 ('15531', '11', '2018-01-17 08:40:00', '2018-01-17 09:00:00', '1', '2017-09-14 08:58:36', '2017-09-14 08:58:36', '5dea38cb-707a-4ef3-b6ee-d9028eaee1e0'),
 ('15532', '11', '2018-01-18 08:40:00', '2018-01-18 09:00:00', '1', '2017-09-14 08:58:36', '2017-09-14 08:58:36', '644eec96-6f3e-44f1-b0b3-d5b182ac0318'),
 ('15533', '11', '2018-01-19 08:40:00', '2018-01-19 09:00:00', '1', '2017-09-14 08:58:36', '2017-09-14 08:58:36', 'd7f853b9-3178-4ec2-8591-411df92184ce'),
 ('15534', '11', '2018-01-22 08:40:00', '2018-01-22 09:00:00', '1', '2017-09-14 08:58:36', '2017-09-14 08:58:36', '290148eb-130f-4866-a420-13c463c01f10'),
 ('15535', '11', '2018-01-23 08:40:00', '2018-01-23 09:00:00', '1', '2017-09-14 08:58:36', '2017-09-14 08:58:36', '3ed8e780-33b2-40ce-8c8a-c11136e781a9'),
 ('15536', '11', '2018-01-24 08:40:00', '2018-01-24 09:00:00', '1', '2017-09-14 08:58:36', '2017-09-14 08:58:36', '6217f7e7-e103-442b-ad84-c17d077a623d'),
 ('15537', '11', '2018-01-25 08:40:00', '2018-01-25 09:00:00', '1', '2017-09-14 08:58:36', '2017-09-14 08:58:36', '4aa5788f-ea54-40c9-8db3-c80ea157aa2d'),
 ('15538', '11', '2018-01-26 08:40:00', '2018-01-26 09:00:00', '1', '2017-09-14 08:58:36', '2017-09-14 08:58:36', 'e7f9a5e9-b23d-42f5-bf4c-98525ecd7f5e'),
 ('15539', '11', '2018-01-29 08:40:00', '2018-01-29 09:00:00', '1', '2017-09-14 08:58:36', '2017-09-14 08:58:36', '82171ea5-2fe5-404c-b5dd-1819368b915b'),
 ('15540', '11', '2018-01-30 08:40:00', '2018-01-30 09:00:00', '1', '2017-09-14 08:58:36', '2017-09-14 08:58:36', '9ecfb0ca-c4b6-4b51-a47c-6dbb485be234'),
 ('15541', '11', '2018-01-31 08:40:00', '2018-01-31 09:00:00', '1', '2017-09-14 08:58:36', '2017-09-14 08:58:36', '01c7cfc3-2d2a-40f4-a1ce-c98043a5861c'),
 ('15542', '11', '2018-02-01 08:40:00', '2018-02-01 09:00:00', '1', '2017-09-14 08:58:36', '2017-09-14 08:58:36', '96bea490-d379-4bec-a791-6949cb90edcb'),
 ('15543', '11', '2018-02-02 08:40:00', '2018-02-02 09:00:00', '1', '2017-09-14 08:58:36', '2017-09-14 08:58:36', 'f2ecf3c9-49ba-40ef-b51a-7e25aa3f5dae'),
 ('15544', '11', '2018-02-05 08:40:00', '2018-02-05 09:00:00', '1', '2017-09-14 08:58:36', '2017-09-14 08:58:36', '9195bcb7-6a2a-42f4-a378-3a5c90ce718b'),
 ('15545', '11', '2018-02-06 08:40:00', '2018-02-06 09:00:00', '1', '2017-09-14 08:58:36', '2017-09-14 08:58:36', 'e2880953-1ee4-402e-b74d-0ef7bca3b029'),
 ('15546', '11', '2018-02-07 08:40:00', '2018-02-07 09:00:00', '1', '2017-09-14 08:58:36', '2017-09-14 08:58:36', '0027205b-01af-48d9-8605-b7af1b32e7ca'),
 ('15547', '11', '2018-02-08 08:40:00', '2018-02-08 09:00:00', '1', '2017-09-14 08:58:36', '2017-09-14 08:58:36', '46970958-76f1-4a5a-ad7f-1aad61389aa6'),
 ('15548', '11', '2018-02-09 08:40:00', '2018-02-09 09:00:00', '1', '2017-09-14 08:58:36', '2017-09-14 08:58:36', 'a4e0b23b-624e-4ed9-a747-d423bf650b45'),
 ('15549', '11', '2018-02-12 08:40:00', '2018-02-12 09:00:00', '1', '2017-09-14 08:58:36', '2017-09-14 08:58:36', '2a7618a9-0b32-41d8-98a1-852c118d2dd3'),
 ('15550', '11', '2018-02-13 08:40:00', '2018-02-13 09:00:00', '1', '2017-09-14 08:58:36', '2017-09-14 08:58:36', '74aa1f9a-6260-4604-87a4-7fa1989b42c1'),
 ('15551', '11', '2018-02-14 08:40:00', '2018-02-14 09:00:00', '1', '2017-09-14 08:58:36', '2017-09-14 08:58:36', '3414c994-439d-46c3-b809-a5eafc7da90a'),
 ('15552', '11', '2018-02-15 08:40:00', '2018-02-15 09:00:00', '1', '2017-09-14 08:58:36', '2017-09-14 08:58:36', '95cf5670-edc0-4a4e-9ca5-06c055e86894'),
 ('15553', '11', '2018-02-16 08:40:00', '2018-02-16 09:00:00', '1', '2017-09-14 08:58:36', '2017-09-14 08:58:36', 'f225e251-2063-44f4-b601-64f0abf00cfe'),
 ('15554', '11', '2018-02-19 08:40:00', '2018-02-19 09:00:00', '1', '2017-09-14 08:58:36', '2017-09-14 08:58:36', '2044fcd0-fbfa-47c3-b2ef-697104ffa5b6'),
 ('15555', '11', '2018-02-20 08:40:00', '2018-02-20 09:00:00', '1', '2017-09-14 08:58:36', '2017-09-14 08:58:36', '54f40f4b-7f48-4927-8976-536eb94ea372'),
 ('15556', '11', '2018-02-21 08:40:00', '2018-02-21 09:00:00', '1', '2017-09-14 08:58:36', '2017-09-14 08:58:36', 'e5e9c5bb-3373-430c-9b45-ad81d1209d1f'),
 ('15557', '11', '2018-02-22 08:40:00', '2018-02-22 09:00:00', '1', '2017-09-14 08:58:36', '2017-09-14 08:58:36', 'e96e5408-8bcf-4939-ba4e-590d546469b2'),
 ('15558', '11', '2018-02-23 08:40:00', '2018-02-23 09:00:00', '1', '2017-09-14 08:58:36', '2017-09-14 08:58:36', 'f2c13d18-0869-448b-87ee-5d42ab21ef14'),
 ('15559', '11', '2018-02-26 08:40:00', '2018-02-26 09:00:00', '1', '2017-09-14 08:58:36', '2017-09-14 08:58:36', 'e9386e04-a320-43ce-8666-40ad8e5c6299'),
 ('15560', '11', '2018-02-27 08:40:00', '2018-02-27 09:00:00', '1', '2017-09-14 08:58:36', '2017-09-14 08:58:36', '005ff762-9a7b-4409-9242-812b40efe61e'),
 ('15561', '11', '2018-02-28 08:40:00', '2018-02-28 09:00:00', '1', '2017-09-14 08:58:36', '2017-09-14 08:58:36', 'e18e3d89-d917-48a5-a027-e11f1ad6f82e'),
 ('15562', '11', '2018-03-01 08:40:00', '2018-03-01 09:00:00', '1', '2017-09-14 08:58:36', '2017-09-14 08:58:36', '8ac392b5-7242-4319-bf32-ddfde6204a2c'),
 ('15563', '11', '2018-03-02 08:40:00', '2018-03-02 09:00:00', '1', '2017-09-14 08:58:36', '2017-09-14 08:58:36', '9e9ec420-0148-49e9-9664-1f4d43122419'),
 ('15564', '11', '2018-03-05 08:40:00', '2018-03-05 09:00:00', '1', '2017-09-14 08:58:36', '2017-09-14 08:58:36', '84cca0ee-6cec-460b-8435-9bfc66fbc8a9'),
 ('15565', '11', '2018-03-06 08:40:00', '2018-03-06 09:00:00', '1', '2017-09-14 08:58:36', '2017-09-14 08:58:36', 'a3053295-e488-4815-a293-7e2d125ab719'),
 ('15566', '11', '2018-03-07 08:40:00', '2018-03-07 09:00:00', '1', '2017-09-14 08:58:36', '2017-09-14 08:58:36', '01052773-17ad-4a4d-a03d-626d03ad8cdc'),
 ('15567', '11', '2018-03-08 08:40:00', '2018-03-08 09:00:00', '1', '2017-09-14 08:58:36', '2017-09-14 08:58:36', 'e02338d2-d310-45bd-8e4f-943e54c9ca1d'),
 ('15568', '11', '2018-03-09 08:40:00', '2018-03-09 09:00:00', '1', '2017-09-14 08:58:36', '2017-09-14 08:58:36', '927fb228-6edf-4e56-99cf-273b7943c3ff'),
 ('15569', '11', '2018-03-12 08:40:00', '2018-03-12 09:00:00', '1', '2017-09-14 08:58:36', '2017-09-14 08:58:36', '647b1e03-b49c-4389-8033-c006d51e6a38'),
 ('15570', '11', '2018-03-13 08:40:00', '2018-03-13 09:00:00', '1', '2017-09-14 08:58:36', '2017-09-14 08:58:36', '728b7b97-982d-4ae9-ba7a-d5451cbfcc8c'),
 ('15571', '11', '2018-03-14 08:40:00', '2018-03-14 09:00:00', '1', '2017-09-14 08:58:36', '2017-09-14 08:58:36', '0d14dcce-a338-40be-8eee-c2a842f581b7'),
 ('15572', '11', '2018-03-15 08:40:00', '2018-03-15 09:00:00', '1', '2017-09-14 08:58:36', '2017-09-14 08:58:36', 'add60e08-d7fc-4abf-8695-c77181fd4c8e'),
 ('15573', '11', '2018-03-16 08:40:00', '2018-03-16 09:00:00', '1', '2017-09-14 08:58:36', '2017-09-14 08:58:36', '27b6cef7-b0a5-4b9b-be30-5a1d005cd0b3'),
 ('15574', '11', '2018-03-19 08:40:00', '2018-03-19 09:00:00', '1', '2017-09-14 08:58:36', '2017-09-14 08:58:36', 'fb872d5e-5623-4767-890a-7ce225761c3b'),
 ('15575', '11', '2018-03-20 08:40:00', '2018-03-20 09:00:00', '1', '2017-09-14 08:58:36', '2017-09-14 08:58:36', 'e01f3e2a-61fd-4bb3-bc10-5588e917c3eb'),
 ('15576', '11', '2018-03-21 08:40:00', '2018-03-21 09:00:00', '1', '2017-09-14 08:58:36', '2017-09-14 08:58:36', '4ad64832-34d1-488d-8bdc-6fa83be97cd4'),
 ('15577', '11', '2018-03-22 08:40:00', '2018-03-22 09:00:00', '1', '2017-09-14 08:58:36', '2017-09-14 08:58:36', '126fe3dd-652c-47d7-b6c5-c7c17746a6a0'),
 ('15578', '11', '2018-03-23 08:40:00', '2018-03-23 09:00:00', '1', '2017-09-14 08:58:36', '2017-09-14 08:58:36', '7411ae90-98e7-4405-8917-0cba444b427d'),
 ('15579', '11', '2018-03-26 08:40:00', '2018-03-26 09:00:00', '1', '2017-09-14 08:58:36', '2017-09-14 08:58:36', 'fafc04fe-4775-4dda-ae4d-d386d367aa5f'),
 ('15580', '11', '2018-03-27 08:40:00', '2018-03-27 09:00:00', '1', '2017-09-14 08:58:36', '2017-09-14 08:58:36', '8a782222-0ef0-4987-a55c-d431dbefcfca'),
 ('15581', '11', '2018-03-28 08:40:00', '2018-03-28 09:00:00', '1', '2017-09-14 08:58:36', '2017-09-14 08:58:36', '5e446fc1-c77b-45ce-a392-46349f12fbc9'),
 ('15582', '11', '2018-03-29 08:40:00', '2018-03-29 09:00:00', '1', '2017-09-14 08:58:36', '2017-09-14 08:58:36', 'cb1681b7-dd8d-44e1-89fb-5e6dcdf32959'),
 ('15583', '11', '2018-03-30 08:40:00', '2018-03-30 09:00:00', '1', '2017-09-14 08:58:36', '2017-09-14 08:58:36', 'ac8c264e-5bb3-44ca-8101-b05296270787'),
 ('15584', '11', '2018-04-02 08:40:00', '2018-04-02 09:00:00', '1', '2017-09-14 08:58:36', '2017-09-14 08:58:36', '91524772-4eff-41c1-b952-39577270548e'),
 ('15585', '11', '2018-04-03 08:40:00', '2018-04-03 09:00:00', '1', '2017-09-14 08:58:36', '2017-09-14 08:58:36', '7b374df1-4f2e-4cbf-8e70-1b7887b0ad47'),
 ('15586', '11', '2018-04-04 08:40:00', '2018-04-04 09:00:00', '1', '2017-09-14 08:58:36', '2017-09-14 08:58:36', 'bc004f85-dfd8-4544-a88b-9edc2b47970c'),
 ('15587', '11', '2018-04-05 08:40:00', '2018-04-05 09:00:00', '1', '2017-09-14 08:58:36', '2017-09-14 08:58:36', 'be07109e-0e51-4cb0-9da8-170f1dd09ecc'),
 ('15588', '11', '2018-04-06 08:40:00', '2018-04-06 09:00:00', '1', '2017-09-14 08:58:36', '2017-09-14 08:58:36', '59668e77-63de-4588-a52f-fd64e0f51d1d'),
 ('15589', '11', '2018-04-09 08:40:00', '2018-04-09 09:00:00', '1', '2017-09-14 08:58:36', '2017-09-14 08:58:36', 'dbf6b9ef-4f46-48b3-b212-ea60eb307d86'),
 ('15590', '11', '2018-04-10 08:40:00', '2018-04-10 09:00:00', '1', '2017-09-14 08:58:36', '2017-09-14 08:58:36', '341c9058-de36-4672-a551-a8d7c8cdb2b1'),
 ('15591', '11', '2018-04-11 08:40:00', '2018-04-11 09:00:00', '1', '2017-09-14 08:58:36', '2017-09-14 08:58:36', 'bc8933c8-99b8-4eef-9661-6050f74ee016'),
 ('15592', '11', '2018-04-12 08:40:00', '2018-04-12 09:00:00', '1', '2017-09-14 08:58:36', '2017-09-14 08:58:36', '56335fef-e9c3-41e7-956a-969360663d44'),
 ('15593', '11', '2018-04-13 08:40:00', '2018-04-13 09:00:00', '1', '2017-09-14 08:58:36', '2017-09-14 08:58:36', '1383b00e-66af-498f-861d-0a5e2fde6a5f'),
 ('15594', '11', '2018-04-16 08:40:00', '2018-04-16 09:00:00', '1', '2017-09-14 08:58:36', '2017-09-14 08:58:36', 'c6b9995b-9607-43bb-8567-af165290e7ef'),
 ('15595', '11', '2018-04-17 08:40:00', '2018-04-17 09:00:00', '1', '2017-09-14 08:58:36', '2017-09-14 08:58:36', '48ca7b3a-03df-457d-8416-f2d93b994111'),
 ('15596', '11', '2018-04-18 08:40:00', '2018-04-18 09:00:00', '1', '2017-09-14 08:58:36', '2017-09-14 08:58:36', '1a4d7356-347c-4e22-8b20-cbfdd41dbf14'),
 ('15597', '11', '2018-04-19 08:40:00', '2018-04-19 09:00:00', '1', '2017-09-14 08:58:36', '2017-09-14 08:58:36', '95809b37-dce9-4028-b03a-d4b2066cd58c'),
 ('15598', '11', '2018-04-20 08:40:00', '2018-04-20 09:00:00', '1', '2017-09-14 08:58:36', '2017-09-14 08:58:36', '5b387ff5-93be-4a2e-9455-e55f57094777'),
 ('15599', '11', '2018-04-23 08:40:00', '2018-04-23 09:00:00', '1', '2017-09-14 08:58:36', '2017-09-14 08:58:36', 'e7689ce6-f0a6-4d0e-a246-6d62e0720c50'),
 ('15600', '11', '2018-04-24 08:40:00', '2018-04-24 09:00:00', '1', '2017-09-14 08:58:36', '2017-09-14 08:58:36', 'cbee66be-8e5b-453e-ad67-99abff809ec4');
INSERT INTO `craft_venti_recurr` (`eid`, `cid`, `startDate`, `endDate`, `isrepeat`, `dateCreated`, `dateUpdated`, `uid`) VALUES
 ('15601', '11', '2018-04-25 08:40:00', '2018-04-25 09:00:00', '1', '2017-09-14 08:58:36', '2017-09-14 08:58:36', 'b1d531e7-99b0-403e-b8ee-49e15a8d8347'),
 ('15602', '11', '2018-04-26 08:40:00', '2018-04-26 09:00:00', '1', '2017-09-14 08:58:36', '2017-09-14 08:58:36', '7702be5e-88dc-4457-b730-7923fa68d857'),
 ('15603', '11', '2018-04-27 08:40:00', '2018-04-27 09:00:00', '1', '2017-09-14 08:58:36', '2017-09-14 08:58:36', '5f1e24ce-e597-418a-bd0f-42146ca4cb40'),
 ('15604', '11', '2018-04-30 08:40:00', '2018-04-30 09:00:00', '1', '2017-09-14 08:58:36', '2017-09-14 08:58:36', 'ea50f3d9-4d60-40a8-9377-de310c061d22'),
 ('15605', '11', '2018-05-01 08:40:00', '2018-05-01 09:00:00', '1', '2017-09-14 08:58:36', '2017-09-14 08:58:36', '3b4837a0-6fd0-4224-af48-e73f32f7665b'),
 ('15606', '11', '2018-05-02 08:40:00', '2018-05-02 09:00:00', '1', '2017-09-14 08:58:36', '2017-09-14 08:58:36', '1e85a4c8-e637-4315-a0db-233e017a9f66'),
 ('15607', '11', '2018-05-03 08:40:00', '2018-05-03 09:00:00', '1', '2017-09-14 08:58:36', '2017-09-14 08:58:36', 'dfcae0f0-c9c9-46f4-b25f-19be8d583895'),
 ('15608', '11', '2018-05-04 08:40:00', '2018-05-04 09:00:00', '1', '2017-09-14 08:58:36', '2017-09-14 08:58:36', '0eff1ccb-e02f-4f2a-8d47-54dcbac27503'),
 ('15609', '11', '2018-05-07 08:40:00', '2018-05-07 09:00:00', '1', '2017-09-14 08:58:36', '2017-09-14 08:58:36', '528af26f-301b-40cf-9709-166070392981'),
 ('15610', '11', '2018-05-08 08:40:00', '2018-05-08 09:00:00', '1', '2017-09-14 08:58:36', '2017-09-14 08:58:36', '5708a79f-99bf-47de-b567-d4a2dadae29e'),
 ('15611', '11', '2018-05-09 08:40:00', '2018-05-09 09:00:00', '1', '2017-09-14 08:58:36', '2017-09-14 08:58:36', 'ba4ff9b5-402c-458a-b37b-0b7b0bdd4a1f'),
 ('15612', '11', '2018-05-10 08:40:00', '2018-05-10 09:00:00', '1', '2017-09-14 08:58:36', '2017-09-14 08:58:36', '3efd7e3d-3efd-4a8f-b5bb-8e9ba905ec5d'),
 ('15613', '11', '2018-05-11 08:40:00', '2018-05-11 09:00:00', '1', '2017-09-14 08:58:36', '2017-09-14 08:58:36', 'e31af015-bc33-4721-b1e1-c59d285e3a73'),
 ('15614', '11', '2018-05-14 08:40:00', '2018-05-14 09:00:00', '1', '2017-09-14 08:58:36', '2017-09-14 08:58:36', '41df843e-a830-4c4a-8191-6cfd4d65324c'),
 ('15615', '11', '2018-05-15 08:40:00', '2018-05-15 09:00:00', '1', '2017-09-14 08:58:36', '2017-09-14 08:58:36', '701fad47-a94f-45b1-95a6-5bc93fa5fcd9'),
 ('15616', '11', '2018-05-16 08:40:00', '2018-05-16 09:00:00', '1', '2017-09-14 08:58:36', '2017-09-14 08:58:36', 'ba3ff07c-3304-4f51-bab7-7a4623ff3e4a'),
 ('15617', '11', '2018-05-17 08:40:00', '2018-05-17 09:00:00', '1', '2017-09-14 08:58:36', '2017-09-14 08:58:36', '85d1e36d-4069-4598-af9e-315c02e9b64f'),
 ('15618', '11', '2018-05-18 08:40:00', '2018-05-18 09:00:00', '1', '2017-09-14 08:58:36', '2017-09-14 08:58:36', '6e47b70c-de71-40f9-9d8a-103ea68a4be5'),
 ('15619', '11', '2018-05-21 08:40:00', '2018-05-21 09:00:00', '1', '2017-09-14 08:58:36', '2017-09-14 08:58:36', '8914d25b-12c9-4f33-a078-de5ec9999ecd'),
 ('15620', '11', '2018-05-22 08:40:00', '2018-05-22 09:00:00', '1', '2017-09-14 08:58:36', '2017-09-14 08:58:36', '4aefea54-6963-436d-a0b5-2b3611260a74'),
 ('15621', '11', '2018-05-23 08:40:00', '2018-05-23 09:00:00', '1', '2017-09-14 08:58:36', '2017-09-14 08:58:36', '3fd66340-7694-4758-aafb-97a9c3e64368'),
 ('15622', '11', '2018-05-24 08:40:00', '2018-05-24 09:00:00', '1', '2017-09-14 08:58:36', '2017-09-14 08:58:36', '3aac9f1c-4a17-4669-836d-c9b50b53fae4'),
 ('15623', '11', '2018-05-25 08:40:00', '2018-05-25 09:00:00', '1', '2017-09-14 08:58:36', '2017-09-14 08:58:36', '648e5f40-28ef-4128-b079-0117d677a2b9'),
 ('15624', '11', '2018-05-28 08:40:00', '2018-05-28 09:00:00', '1', '2017-09-14 08:58:36', '2017-09-14 08:58:36', '92c84d7e-d298-41f7-9993-9a965def4039'),
 ('15625', '11', '2018-05-29 08:40:00', '2018-05-29 09:00:00', '1', '2017-09-14 08:58:36', '2017-09-14 08:58:36', 'a5311305-f39c-4aa1-babd-4aa72fe3b7d4'),
 ('15626', '11', '2018-05-30 08:40:00', '2018-05-30 09:00:00', '1', '2017-09-14 08:58:36', '2017-09-14 08:58:36', 'bd288dce-1cf0-48fe-904a-717b917d8308'),
 ('15627', '11', '2018-05-31 08:40:00', '2018-05-31 09:00:00', '1', '2017-09-14 08:58:36', '2017-09-14 08:58:36', '6fc4f920-1130-4f17-b29e-0c08633f45ce'),
 ('15628', '11', '2018-06-01 08:40:00', '2018-06-01 09:00:00', '1', '2017-09-14 08:58:36', '2017-09-14 08:58:36', '6f7f15c6-ce9f-4ade-a445-918dbef2c251'),
 ('15629', '11', '2018-06-04 08:40:00', '2018-06-04 09:00:00', '1', '2017-09-14 08:58:36', '2017-09-14 08:58:36', 'bfbec1e3-3136-40dd-8c68-6ca5863f0cb7'),
 ('15630', '11', '2018-06-05 08:40:00', '2018-06-05 09:00:00', '1', '2017-09-14 08:58:36', '2017-09-14 08:58:36', '6d8133ae-e9c2-425f-b9bb-9b362a86c0bd'),
 ('15631', '11', '2018-06-06 08:40:00', '2018-06-06 09:00:00', '1', '2017-09-14 08:58:36', '2017-09-14 08:58:36', '50dd35ad-8f29-4cb5-8ac2-132addc4c51c'),
 ('15632', '11', '2018-06-07 08:40:00', '2018-06-07 09:00:00', '1', '2017-09-14 08:58:36', '2017-09-14 08:58:36', '92193ae2-aacd-445b-874d-8f83ce6a7cb6'),
 ('15633', '11', '2018-06-08 08:40:00', '2018-06-08 09:00:00', '1', '2017-09-14 08:58:36', '2017-09-14 08:58:36', 'c943e8d5-8c1b-4a3f-b150-7cb07fa53234'),
 ('15634', '11', '2018-06-11 08:40:00', '2018-06-11 09:00:00', '1', '2017-09-14 08:58:36', '2017-09-14 08:58:36', 'c8eaa6aa-b864-4f13-9283-b360b068355f'),
 ('15635', '11', '2018-06-12 08:40:00', '2018-06-12 09:00:00', '1', '2017-09-14 08:58:36', '2017-09-14 08:58:36', '221abf85-3ffb-4e8e-9e70-76755a93ab1f'),
 ('15636', '11', '2018-06-13 08:40:00', '2018-06-13 09:00:00', '1', '2017-09-14 08:58:36', '2017-09-14 08:58:36', 'd8214793-28c3-45f3-ba32-12b93b4ccc2e'),
 ('15637', '11', '2018-06-14 08:40:00', '2018-06-14 09:00:00', '1', '2017-09-14 08:58:36', '2017-09-14 08:58:36', 'ec3fc8bf-ef0f-4632-ade4-257af6aff42b'),
 ('15638', '11', '2018-06-15 08:40:00', '2018-06-15 09:00:00', '1', '2017-09-14 08:58:36', '2017-09-14 08:58:36', 'f3e8ad1d-609e-44cf-8515-20de6c608c07'),
 ('15639', '11', '2018-06-18 08:40:00', '2018-06-18 09:00:00', '1', '2017-09-14 08:58:36', '2017-09-14 08:58:36', '3f77bb54-b5e6-4118-adb7-ff8d860d853f'),
 ('15640', '11', '2018-06-19 08:40:00', '2018-06-19 09:00:00', '1', '2017-09-14 08:58:36', '2017-09-14 08:58:36', '7b9486ad-3b0a-4f7f-bace-6ecda6bcd10b'),
 ('15641', '11', '2018-06-20 08:40:00', '2018-06-20 09:00:00', '1', '2017-09-14 08:58:36', '2017-09-14 08:58:36', '2eb44c0f-2d49-47a4-a680-5a021440fbaa'),
 ('15642', '11', '2018-06-21 08:40:00', '2018-06-21 09:00:00', '1', '2017-09-14 08:58:36', '2017-09-14 08:58:36', '7166e4fa-d43f-460d-a6e0-6a03e849e964'),
 ('15643', '11', '2018-06-22 08:40:00', '2018-06-22 09:00:00', '1', '2017-09-14 08:58:36', '2017-09-14 08:58:36', '316e06e8-da0e-4d48-b764-8197d20fc03d'),
 ('15644', '11', '2018-06-25 08:40:00', '2018-06-25 09:00:00', '1', '2017-09-14 08:58:36', '2017-09-14 08:58:36', '464551bf-577f-40ec-ae61-3bb707f7b273'),
 ('15645', '11', '2018-06-26 08:40:00', '2018-06-26 09:00:00', '1', '2017-09-14 08:58:36', '2017-09-14 08:58:36', 'd6920c3e-96bc-481d-80b3-c54ef04e61d3'),
 ('15646', '11', '2018-06-27 08:40:00', '2018-06-27 09:00:00', '1', '2017-09-14 08:58:36', '2017-09-14 08:58:36', '86cd1ca5-a725-49c2-a0e2-cfb6a3d7233a'),
 ('15647', '11', '2018-06-28 08:40:00', '2018-06-28 09:00:00', '1', '2017-09-14 08:58:36', '2017-09-14 08:58:36', '9d3fdae8-bc7e-4f84-8254-fd1d96f2175e'),
 ('15648', '11', '2018-06-29 08:40:00', '2018-06-29 09:00:00', '1', '2017-09-14 08:58:36', '2017-09-14 08:58:36', '5ea95fa2-566c-4780-85e6-18fd52b4f301'),
 ('15649', '11', '2018-07-02 08:40:00', '2018-07-02 09:00:00', '1', '2017-09-14 08:58:36', '2017-09-14 08:58:36', '7ff53b3b-caed-4d61-841d-93b0bd38d354'),
 ('15650', '11', '2018-07-03 08:40:00', '2018-07-03 09:00:00', '1', '2017-09-14 08:58:36', '2017-09-14 08:58:36', 'f4b6fa28-2614-4025-bd45-3cb0458083ff'),
 ('15651', '11', '2018-07-04 08:40:00', '2018-07-04 09:00:00', '1', '2017-09-14 08:58:36', '2017-09-14 08:58:36', '6da9d12a-7aab-45a6-8c4a-28fbceeddbba'),
 ('15652', '11', '2018-07-05 08:40:00', '2018-07-05 09:00:00', '1', '2017-09-14 08:58:36', '2017-09-14 08:58:36', 'f7615a95-bc37-4107-9a7f-7f6cbba287b7'),
 ('15653', '11', '2018-07-06 08:40:00', '2018-07-06 09:00:00', '1', '2017-09-14 08:58:36', '2017-09-14 08:58:36', '6b9fcad6-e141-4cea-a899-d90f94a599b6'),
 ('15654', '11', '2018-07-09 08:40:00', '2018-07-09 09:00:00', '1', '2017-09-14 08:58:36', '2017-09-14 08:58:36', 'f5b57098-e2ea-4f9d-9c87-91de80933975'),
 ('15655', '11', '2018-07-10 08:40:00', '2018-07-10 09:00:00', '1', '2017-09-14 08:58:36', '2017-09-14 08:58:36', 'eb4607de-6b35-4c9e-8a6d-1bf347e6708b'),
 ('15656', '11', '2018-07-11 08:40:00', '2018-07-11 09:00:00', '1', '2017-09-14 08:58:36', '2017-09-14 08:58:36', '3bcfe080-d020-40a3-95d4-8d9f3233731f'),
 ('15657', '11', '2018-07-12 08:40:00', '2018-07-12 09:00:00', '1', '2017-09-14 08:58:36', '2017-09-14 08:58:36', 'cfd6da6a-4dca-4aef-9697-299b36f18acc'),
 ('15658', '11', '2018-07-13 08:40:00', '2018-07-13 09:00:00', '1', '2017-09-14 08:58:36', '2017-09-14 08:58:36', '276ed7ae-293c-45a8-8e11-30525f34ba54'),
 ('15659', '11', '2018-07-16 08:40:00', '2018-07-16 09:00:00', '1', '2017-09-14 08:58:36', '2017-09-14 08:58:36', '2bbd1354-e1e5-47aa-8b4b-29c97f47409d'),
 ('15660', '11', '2018-07-17 08:40:00', '2018-07-17 09:00:00', '1', '2017-09-14 08:58:36', '2017-09-14 08:58:36', '01ebc609-a06e-4a89-9820-db872de91b0d'),
 ('15661', '11', '2018-07-18 08:40:00', '2018-07-18 09:00:00', '1', '2017-09-14 08:58:36', '2017-09-14 08:58:36', '23733157-f87e-426e-a01b-4b3218252c99'),
 ('15662', '11', '2018-07-19 08:40:00', '2018-07-19 09:00:00', '1', '2017-09-14 08:58:36', '2017-09-14 08:58:36', 'f80ea7e8-9136-4196-945e-18291f02eeb5'),
 ('15663', '11', '2018-07-20 08:40:00', '2018-07-20 09:00:00', '1', '2017-09-14 08:58:36', '2017-09-14 08:58:36', '5f009c0e-12c0-47ae-8bf7-f6fee9b72361'),
 ('15664', '11', '2018-07-23 08:40:00', '2018-07-23 09:00:00', '1', '2017-09-14 08:58:36', '2017-09-14 08:58:36', 'ad7535c3-feb0-412a-b455-5cccc57b7675'),
 ('15665', '11', '2018-07-24 08:40:00', '2018-07-24 09:00:00', '1', '2017-09-14 08:58:36', '2017-09-14 08:58:36', '60090084-2ce6-4bec-b1b0-763c04051906'),
 ('15666', '11', '2018-07-25 08:40:00', '2018-07-25 09:00:00', '1', '2017-09-14 08:58:36', '2017-09-14 08:58:36', '06ca3fe2-2ccd-4d49-a894-908e87083643'),
 ('15667', '11', '2018-07-26 08:40:00', '2018-07-26 09:00:00', '1', '2017-09-14 08:58:36', '2017-09-14 08:58:36', 'e75b279a-b925-4b04-a416-1ba96651ef3f'),
 ('15668', '11', '2018-07-27 08:40:00', '2018-07-27 09:00:00', '1', '2017-09-14 08:58:36', '2017-09-14 08:58:36', 'f5a54ac4-2860-4219-814e-c2ce5f805be7'),
 ('15669', '11', '2018-07-30 08:40:00', '2018-07-30 09:00:00', '1', '2017-09-14 08:58:36', '2017-09-14 08:58:36', '8f3fbbac-5f45-485d-a26f-e66d7abfb974'),
 ('15670', '11', '2018-07-31 08:40:00', '2018-07-31 09:00:00', '1', '2017-09-14 08:58:36', '2017-09-14 08:58:36', 'ca00c660-6b20-456a-93d0-48e5de5d3c36'),
 ('15671', '11', '2018-08-01 08:40:00', '2018-08-01 09:00:00', '1', '2017-09-14 08:58:36', '2017-09-14 08:58:36', '82aacaa9-a93a-47ac-8561-8ead6438c941'),
 ('15672', '11', '2018-08-02 08:40:00', '2018-08-02 09:00:00', '1', '2017-09-14 08:58:36', '2017-09-14 08:58:36', '055fcf8d-5f23-423f-b0a3-6e81eb6ac3f1'),
 ('15673', '11', '2018-08-03 08:40:00', '2018-08-03 09:00:00', '1', '2017-09-14 08:58:36', '2017-09-14 08:58:36', 'f1feed4b-7bac-4584-9dad-54ba3863027e'),
 ('15674', '11', '2018-08-06 08:40:00', '2018-08-06 09:00:00', '1', '2017-09-14 08:58:36', '2017-09-14 08:58:36', 'c9772f0a-24e9-4d95-9403-c8e31c943c63'),
 ('15675', '11', '2018-08-07 08:40:00', '2018-08-07 09:00:00', '1', '2017-09-14 08:58:36', '2017-09-14 08:58:36', '21d13647-76ba-4544-8068-c7289adc5ea8'),
 ('15676', '11', '2018-08-08 08:40:00', '2018-08-08 09:00:00', '1', '2017-09-14 08:58:36', '2017-09-14 08:58:36', 'e75c78f8-1055-4ff6-b86d-609b2324ccaf'),
 ('15677', '11', '2018-08-09 08:40:00', '2018-08-09 09:00:00', '1', '2017-09-14 08:58:36', '2017-09-14 08:58:36', 'bcfc7782-b0aa-4b35-bd52-62215879bcf9'),
 ('15678', '11', '2018-08-10 08:40:00', '2018-08-10 09:00:00', '1', '2017-09-14 08:58:36', '2017-09-14 08:58:36', 'f883e894-f9ea-45d7-b385-c08354d6d4ae'),
 ('15679', '11', '2018-08-13 08:40:00', '2018-08-13 09:00:00', '1', '2017-09-14 08:58:36', '2017-09-14 08:58:36', 'ad58c89b-d8a7-4ad0-a152-0ec9732da0d2'),
 ('15680', '11', '2018-08-14 08:40:00', '2018-08-14 09:00:00', '1', '2017-09-14 08:58:36', '2017-09-14 08:58:36', '997c5e71-ccee-45cb-a121-b61f77f7abb3'),
 ('15681', '11', '2018-08-15 08:40:00', '2018-08-15 09:00:00', '1', '2017-09-14 08:58:36', '2017-09-14 08:58:36', '58202f9e-c973-421a-b276-694e8fe9f28b'),
 ('15682', '11', '2018-08-16 08:40:00', '2018-08-16 09:00:00', '1', '2017-09-14 08:58:36', '2017-09-14 08:58:36', 'b64b9dd6-86c8-4ca4-a0bf-b2c7d7ed57b4'),
 ('15683', '11', '2018-08-17 08:40:00', '2018-08-17 09:00:00', '1', '2017-09-14 08:58:36', '2017-09-14 08:58:36', 'b5aaf416-f084-4ded-9f79-4887715efba5'),
 ('15684', '11', '2018-08-20 08:40:00', '2018-08-20 09:00:00', '1', '2017-09-14 08:58:36', '2017-09-14 08:58:36', '1576f9ed-f13c-4546-92c7-4ec27e832d15'),
 ('15685', '11', '2018-08-21 08:40:00', '2018-08-21 09:00:00', '1', '2017-09-14 08:58:36', '2017-09-14 08:58:36', '14324ee9-0ae3-47c2-891a-fe8192fda251'),
 ('15686', '11', '2018-08-22 08:40:00', '2018-08-22 09:00:00', '1', '2017-09-14 08:58:36', '2017-09-14 08:58:36', 'cb70fcc8-d66a-4609-920f-35617e830566'),
 ('15687', '11', '2018-08-23 08:40:00', '2018-08-23 09:00:00', '1', '2017-09-14 08:58:36', '2017-09-14 08:58:36', 'bd92bc85-b3f5-4934-8751-5dc6b0fd09ba'),
 ('15688', '11', '2018-08-24 08:40:00', '2018-08-24 09:00:00', '1', '2017-09-14 08:58:36', '2017-09-14 08:58:36', '4002815f-0a01-4e90-8125-1b82acaf0e89'),
 ('15689', '11', '2018-08-27 08:40:00', '2018-08-27 09:00:00', '1', '2017-09-14 08:58:36', '2017-09-14 08:58:36', '587305cd-43dd-44f7-becf-b4659e7a5b2f'),
 ('15690', '11', '2018-08-28 08:40:00', '2018-08-28 09:00:00', '1', '2017-09-14 08:58:36', '2017-09-14 08:58:36', '1c79ed85-9c72-4943-83fe-4a02b662d289'),
 ('15691', '11', '2018-08-29 08:40:00', '2018-08-29 09:00:00', '1', '2017-09-14 08:58:36', '2017-09-14 08:58:36', '6eeb050c-f583-4c86-8bb7-d5354147b2a4'),
 ('15692', '11', '2018-08-30 08:40:00', '2018-08-30 09:00:00', '1', '2017-09-14 08:58:36', '2017-09-14 08:58:36', 'b5b74013-1286-4c88-a743-9509e83f37c5'),
 ('15693', '11', '2018-08-31 08:40:00', '2018-08-31 09:00:00', '1', '2017-09-14 08:58:36', '2017-09-14 08:58:36', '94e429f8-f941-48e0-93f6-944a7d442d0d'),
 ('15694', '11', '2018-09-03 08:40:00', '2018-09-03 09:00:00', '1', '2017-09-14 08:58:36', '2017-09-14 08:58:36', '0f95fb38-0962-47c3-94ef-611eaf931be6'),
 ('15695', '11', '2018-09-04 08:40:00', '2018-09-04 09:00:00', '1', '2017-09-14 08:58:36', '2017-09-14 08:58:36', 'beacd5dc-8894-4841-91f2-adbcf20124f3'),
 ('15696', '11', '2018-09-05 08:40:00', '2018-09-05 09:00:00', '1', '2017-09-14 08:58:36', '2017-09-14 08:58:36', 'a88f648c-c8fd-43eb-b085-9b4b60d39e7b'),
 ('15697', '11', '2018-09-06 08:40:00', '2018-09-06 09:00:00', '1', '2017-09-14 08:58:36', '2017-09-14 08:58:36', '6ef6b978-da25-4710-827e-a4f8582225e6'),
 ('15698', '11', '2018-09-07 08:40:00', '2018-09-07 09:00:00', '1', '2017-09-14 08:58:36', '2017-09-14 08:58:36', '703baa0a-9dfc-4d11-b728-82f6fe12dfed'),
 ('15699', '11', '2018-09-10 08:40:00', '2018-09-10 09:00:00', '1', '2017-09-14 08:58:36', '2017-09-14 08:58:36', '61788eee-97d2-4a97-90be-2e67f6f834d1'),
 ('15700', '11', '2018-09-11 08:40:00', '2018-09-11 09:00:00', '1', '2017-09-14 08:58:36', '2017-09-14 08:58:36', 'd7b102d4-d7bf-4326-b04a-f6b2d0bbdc99');
INSERT INTO `craft_venti_recurr` (`eid`, `cid`, `startDate`, `endDate`, `isrepeat`, `dateCreated`, `dateUpdated`, `uid`) VALUES
 ('15701', '11', '2018-09-12 08:40:00', '2018-09-12 09:00:00', '1', '2017-09-14 08:58:36', '2017-09-14 08:58:36', '34c7b43e-f47d-4f68-aad1-40bfd09e4585'),
 ('15702', '11', '2018-09-13 08:40:00', '2018-09-13 09:00:00', '1', '2017-09-14 08:58:36', '2017-09-14 08:58:36', '7fc69d21-a4b3-4f82-9e2d-c09a23279d43'),
 ('15703', '11', '2018-09-14 08:40:00', '2018-09-14 09:00:00', '1', '2017-09-14 08:58:36', '2017-09-14 08:58:36', '3f7f850e-e1f5-4a20-91a8-ec80393e8e21'),
 ('15704', '11', '2018-09-17 08:40:00', '2018-09-17 09:00:00', '1', '2017-09-14 08:58:36', '2017-09-14 08:58:36', 'a6d06699-4b8e-4352-b767-7e3ab57bc52b'),
 ('15705', '11', '2018-09-18 08:40:00', '2018-09-18 09:00:00', '1', '2017-09-14 08:58:36', '2017-09-14 08:58:36', 'da3113d8-026f-41a4-8df0-65e867670bde'),
 ('15706', '11', '2018-09-19 08:40:00', '2018-09-19 09:00:00', '1', '2017-09-14 08:58:36', '2017-09-14 08:58:36', '9f746828-89dc-4384-bb30-9d6bad16744b'),
 ('15707', '11', '2018-09-20 08:40:00', '2018-09-20 09:00:00', '1', '2017-09-14 08:58:36', '2017-09-14 08:58:36', '985ade31-ae36-462f-b689-31d58fb47e7d'),
 ('15708', '11', '2018-09-21 08:40:00', '2018-09-21 09:00:00', '1', '2017-09-14 08:58:36', '2017-09-14 08:58:36', '56172d12-d526-4664-835d-523e34ce7fa4'),
 ('15709', '11', '2018-09-24 08:40:00', '2018-09-24 09:00:00', '1', '2017-09-14 08:58:36', '2017-09-14 08:58:36', '60952ac0-7b96-49eb-8110-63f09c004dbf'),
 ('15710', '11', '2018-09-25 08:40:00', '2018-09-25 09:00:00', '1', '2017-09-14 08:58:36', '2017-09-14 08:58:36', '987f909b-3072-4b57-b9ad-5cf7ace5a3bb'),
 ('15711', '11', '2018-09-26 08:40:00', '2018-09-26 09:00:00', '1', '2017-09-14 08:58:36', '2017-09-14 08:58:36', 'e551c40e-0e4d-4c57-94bd-c6917cf19c80'),
 ('15712', '11', '2018-09-27 08:40:00', '2018-09-27 09:00:00', '1', '2017-09-14 08:58:36', '2017-09-14 08:58:36', '75426d34-4eb9-4cd3-8b8e-f086aa4b3d3b'),
 ('15713', '11', '2018-09-28 08:40:00', '2018-09-28 09:00:00', '1', '2017-09-14 08:58:36', '2017-09-14 08:58:36', 'f80d89bc-3c19-4da2-87c1-d4cda4e1a811'),
 ('15714', '11', '2018-10-01 08:40:00', '2018-10-01 09:00:00', '1', '2017-09-14 08:58:36', '2017-09-14 08:58:36', '56694dc9-ead7-4bb8-b4d8-1de575ed628a'),
 ('15715', '11', '2018-10-02 08:40:00', '2018-10-02 09:00:00', '1', '2017-09-14 08:58:36', '2017-09-14 08:58:36', '5b48be0e-d7fb-468d-9ee1-62c40b6fc889'),
 ('15716', '11', '2018-10-03 08:40:00', '2018-10-03 09:00:00', '1', '2017-09-14 08:58:36', '2017-09-14 08:58:36', 'aac75782-4104-4852-a900-5ddcfb5fcffe'),
 ('15717', '11', '2018-10-04 08:40:00', '2018-10-04 09:00:00', '1', '2017-09-14 08:58:36', '2017-09-14 08:58:36', '4c003bfd-73bc-4912-b3f3-869be96872c1'),
 ('15718', '11', '2018-10-05 08:40:00', '2018-10-05 09:00:00', '1', '2017-09-14 08:58:36', '2017-09-14 08:58:36', '474ab5c9-2272-41d8-a8e5-4ad2f862433a'),
 ('15719', '11', '2018-10-08 08:40:00', '2018-10-08 09:00:00', '1', '2017-09-14 08:58:36', '2017-09-14 08:58:36', 'b0bee8b9-8974-4955-a4af-64bb5f53308c'),
 ('15720', '11', '2018-10-09 08:40:00', '2018-10-09 09:00:00', '1', '2017-09-14 08:58:36', '2017-09-14 08:58:36', '778ce992-b9a8-4b4b-83db-7079da587421'),
 ('15721', '11', '2018-10-10 08:40:00', '2018-10-10 09:00:00', '1', '2017-09-14 08:58:36', '2017-09-14 08:58:36', '5be91815-daa0-44e2-b449-6dc1e237c955'),
 ('15722', '11', '2018-10-11 08:40:00', '2018-10-11 09:00:00', '1', '2017-09-14 08:58:36', '2017-09-14 08:58:36', '0ea04ec2-0614-41f8-b661-78b9a91fa0aa'),
 ('15723', '11', '2018-10-12 08:40:00', '2018-10-12 09:00:00', '1', '2017-09-14 08:58:36', '2017-09-14 08:58:36', '4ac8eb24-3cbb-4baa-aec2-23654ff17456'),
 ('15724', '11', '2018-10-15 08:40:00', '2018-10-15 09:00:00', '1', '2017-09-14 08:58:36', '2017-09-14 08:58:36', '261eba88-5797-4535-a511-331d3f10ee80'),
 ('15725', '11', '2018-10-16 08:40:00', '2018-10-16 09:00:00', '1', '2017-09-14 08:58:36', '2017-09-14 08:58:36', '22671f6b-4bb1-4be7-a884-9ac254999318'),
 ('15726', '11', '2018-10-17 08:40:00', '2018-10-17 09:00:00', '1', '2017-09-14 08:58:36', '2017-09-14 08:58:36', '66725a7f-173b-4019-9c26-b4ca25799108'),
 ('15727', '11', '2018-10-18 08:40:00', '2018-10-18 09:00:00', '1', '2017-09-14 08:58:36', '2017-09-14 08:58:36', 'bf123140-c6bc-41b7-ab64-55e60e3c62f5'),
 ('15728', '11', '2018-10-19 08:40:00', '2018-10-19 09:00:00', '1', '2017-09-14 08:58:36', '2017-09-14 08:58:36', '038cf651-075e-433d-acf9-4f026a00e1fc'),
 ('15729', '11', '2018-10-22 08:40:00', '2018-10-22 09:00:00', '1', '2017-09-14 08:58:36', '2017-09-14 08:58:36', 'fbd15b29-d709-4bbc-b996-ba015ca14e4b'),
 ('15730', '11', '2018-10-23 08:40:00', '2018-10-23 09:00:00', '1', '2017-09-14 08:58:36', '2017-09-14 08:58:36', '78b13f50-a148-4c65-9eb4-76abf7b35aa6'),
 ('15731', '11', '2018-10-24 08:40:00', '2018-10-24 09:00:00', '1', '2017-09-14 08:58:36', '2017-09-14 08:58:36', 'be673b17-0435-4560-a161-a41335c6c261'),
 ('15732', '11', '2018-10-25 08:40:00', '2018-10-25 09:00:00', '1', '2017-09-14 08:58:36', '2017-09-14 08:58:36', '08e4801b-cd8e-4450-ae31-47f72a0dcfac'),
 ('15733', '11', '2018-10-26 08:40:00', '2018-10-26 09:00:00', '1', '2017-09-14 08:58:36', '2017-09-14 08:58:36', '6f08859b-c4f6-42ee-b27f-64858917d528'),
 ('15734', '11', '2018-10-29 08:40:00', '2018-10-29 09:00:00', '1', '2017-09-14 08:58:36', '2017-09-14 08:58:36', '1455d8e2-9f91-4871-8ee4-84d05d74c0fd'),
 ('15735', '11', '2018-10-30 08:40:00', '2018-10-30 09:00:00', '1', '2017-09-14 08:58:36', '2017-09-14 08:58:36', '4307be07-69e7-4287-9d9d-5267d1477f24'),
 ('15736', '11', '2018-10-31 08:40:00', '2018-10-31 09:00:00', '1', '2017-09-14 08:58:36', '2017-09-14 08:58:36', 'ba7c15ab-2c40-48ee-b333-978a1d3bfb76'),
 ('15737', '11', '2018-11-01 08:40:00', '2018-11-01 09:00:00', '1', '2017-09-14 08:58:36', '2017-09-14 08:58:36', 'eafb9b54-7c82-4f27-97eb-e892a2d210d3'),
 ('15738', '11', '2018-11-02 08:40:00', '2018-11-02 09:00:00', '1', '2017-09-14 08:58:36', '2017-09-14 08:58:36', '49366576-1731-4e47-a62c-2ab423f625b7'),
 ('15739', '11', '2018-11-05 08:40:00', '2018-11-05 09:00:00', '1', '2017-09-14 08:58:36', '2017-09-14 08:58:36', 'ddfbacb6-aad2-4863-b098-624eb8f9a729'),
 ('15740', '11', '2018-11-06 08:40:00', '2018-11-06 09:00:00', '1', '2017-09-14 08:58:36', '2017-09-14 08:58:36', 'f6ecbe03-7d92-4ce8-8fb9-06175028dc63'),
 ('15741', '11', '2018-11-07 08:40:00', '2018-11-07 09:00:00', '1', '2017-09-14 08:58:36', '2017-09-14 08:58:36', '04f021a3-a455-4344-bc3e-980b72a3408b'),
 ('15742', '11', '2018-11-08 08:40:00', '2018-11-08 09:00:00', '1', '2017-09-14 08:58:36', '2017-09-14 08:58:36', 'aa25ceb2-cce5-4a8d-bdf5-3dfd66654f4c'),
 ('15743', '11', '2018-11-09 08:40:00', '2018-11-09 09:00:00', '1', '2017-09-14 08:58:36', '2017-09-14 08:58:36', '63cf0655-d05d-4d6b-bc10-03474f3aadf2'),
 ('15744', '11', '2018-11-12 08:40:00', '2018-11-12 09:00:00', '1', '2017-09-14 08:58:36', '2017-09-14 08:58:36', 'de5f5a6b-7eca-41b8-a897-2ccc858cdede'),
 ('15745', '11', '2018-11-13 08:40:00', '2018-11-13 09:00:00', '1', '2017-09-14 08:58:36', '2017-09-14 08:58:36', '41ea8fe6-f455-4dea-bf1e-55328d9115d4'),
 ('15746', '11', '2018-11-14 08:40:00', '2018-11-14 09:00:00', '1', '2017-09-14 08:58:36', '2017-09-14 08:58:36', '7329f034-88e1-4e94-8003-4245e5f69474'),
 ('15747', '11', '2018-11-15 08:40:00', '2018-11-15 09:00:00', '1', '2017-09-14 08:58:36', '2017-09-14 08:58:36', '2e51953f-a1e9-4cd7-9700-60e5768b8b0e'),
 ('15748', '11', '2018-11-16 08:40:00', '2018-11-16 09:00:00', '1', '2017-09-14 08:58:36', '2017-09-14 08:58:36', '0587aab1-04d1-4cd6-b699-1a9ada604919'),
 ('15749', '11', '2018-11-19 08:40:00', '2018-11-19 09:00:00', '1', '2017-09-14 08:58:36', '2017-09-14 08:58:36', '13c42f80-5dc7-4424-b919-48bf5dc6d4a4'),
 ('15750', '11', '2018-11-20 08:40:00', '2018-11-20 09:00:00', '1', '2017-09-14 08:58:36', '2017-09-14 08:58:36', '19c1beee-f509-4c2d-9b43-69c7955f0db1'),
 ('15751', '11', '2018-11-21 08:40:00', '2018-11-21 09:00:00', '1', '2017-09-14 08:58:36', '2017-09-14 08:58:36', '5082739b-583d-47fb-82a4-5808a40f4790'),
 ('15752', '11', '2018-11-22 08:40:00', '2018-11-22 09:00:00', '1', '2017-09-14 08:58:36', '2017-09-14 08:58:36', '4fe9b612-13b9-4dd1-ac0c-9d84186546bd'),
 ('15753', '11', '2018-11-23 08:40:00', '2018-11-23 09:00:00', '1', '2017-09-14 08:58:36', '2017-09-14 08:58:36', '0a8d9329-abf3-47e9-a160-90e59c555a50'),
 ('15754', '11', '2018-11-26 08:40:00', '2018-11-26 09:00:00', '1', '2017-09-14 08:58:36', '2017-09-14 08:58:36', 'eaae6efc-441b-424d-83ec-c96f7981bde0'),
 ('15755', '11', '2018-11-27 08:40:00', '2018-11-27 09:00:00', '1', '2017-09-14 08:58:36', '2017-09-14 08:58:36', '69ff73c1-1bc1-4738-b58e-4a6319e40357'),
 ('15756', '11', '2018-11-28 08:40:00', '2018-11-28 09:00:00', '1', '2017-09-14 08:58:36', '2017-09-14 08:58:36', '6aeecca0-91d0-4c2c-a80a-77780de7e179'),
 ('15757', '11', '2018-11-29 08:40:00', '2018-11-29 09:00:00', '1', '2017-09-14 08:58:36', '2017-09-14 08:58:36', '93e9e2bd-3f58-4d10-a79a-6d5bdf794a67'),
 ('15758', '11', '2018-11-30 08:40:00', '2018-11-30 09:00:00', '1', '2017-09-14 08:58:36', '2017-09-14 08:58:36', 'fdba0f72-5987-4148-ae0d-432ca3d83ec5'),
 ('15759', '11', '2018-12-03 08:40:00', '2018-12-03 09:00:00', '1', '2017-09-14 08:58:36', '2017-09-14 08:58:36', 'b0b2ad5d-8cfc-435c-a435-df89800c4a42'),
 ('15760', '11', '2018-12-04 08:40:00', '2018-12-04 09:00:00', '1', '2017-09-14 08:58:36', '2017-09-14 08:58:36', '5a7f0f7a-d49b-42a1-8bfd-7ae4acc8275a'),
 ('15761', '11', '2018-12-05 08:40:00', '2018-12-05 09:00:00', '1', '2017-09-14 08:58:36', '2017-09-14 08:58:36', '341d6731-a48f-41f4-835f-90589a1c027a'),
 ('15762', '11', '2018-12-06 08:40:00', '2018-12-06 09:00:00', '1', '2017-09-14 08:58:36', '2017-09-14 08:58:36', '3f461414-773c-4083-92dd-93f17b1010fa'),
 ('15763', '11', '2018-12-07 08:40:00', '2018-12-07 09:00:00', '1', '2017-09-14 08:58:36', '2017-09-14 08:58:36', 'c4d812ee-940f-4e58-a4c2-a6d04c46c57a'),
 ('15764', '11', '2018-12-10 08:40:00', '2018-12-10 09:00:00', '1', '2017-09-14 08:58:36', '2017-09-14 08:58:36', 'c7bd0936-75aa-4351-a58d-9128fd79e6f7'),
 ('15765', '11', '2018-12-11 08:40:00', '2018-12-11 09:00:00', '1', '2017-09-14 08:58:36', '2017-09-14 08:58:36', 'ad86b5fb-462f-4991-b6e3-be69453eeb10'),
 ('15766', '11', '2018-12-12 08:40:00', '2018-12-12 09:00:00', '1', '2017-09-14 08:58:36', '2017-09-14 08:58:36', 'ac844c98-2901-416c-843f-a53db53a36b3'),
 ('15767', '11', '2018-12-13 08:40:00', '2018-12-13 09:00:00', '1', '2017-09-14 08:58:36', '2017-09-14 08:58:36', '4cd3b972-9076-4285-9e8c-eb2e1359c84b'),
 ('15768', '11', '2018-12-14 08:40:00', '2018-12-14 09:00:00', '1', '2017-09-14 08:58:36', '2017-09-14 08:58:36', 'd9e732d5-8937-4e4f-b6c2-11af2c59dcd6'),
 ('15769', '11', '2018-12-17 08:40:00', '2018-12-17 09:00:00', '1', '2017-09-14 08:58:36', '2017-09-14 08:58:36', '1e2faf55-ead6-458e-9284-9dbf2b191af8'),
 ('15770', '11', '2018-12-18 08:40:00', '2018-12-18 09:00:00', '1', '2017-09-14 08:58:36', '2017-09-14 08:58:36', '8925ff68-4af2-481b-89fd-dce1530a8816'),
 ('15771', '11', '2018-12-19 08:40:00', '2018-12-19 09:00:00', '1', '2017-09-14 08:58:36', '2017-09-14 08:58:36', '24cf9de7-3354-4cdb-b429-a2f5ce0da420'),
 ('15772', '11', '2018-12-20 08:40:00', '2018-12-20 09:00:00', '1', '2017-09-14 08:58:36', '2017-09-14 08:58:36', 'da002065-adab-43db-9e86-33115bffef93'),
 ('15773', '11', '2018-12-21 08:40:00', '2018-12-21 09:00:00', '1', '2017-09-14 08:58:36', '2017-09-14 08:58:36', 'dad1d45b-3856-4e92-b7cd-b9c9be8b7bce'),
 ('15774', '11', '2018-12-24 08:40:00', '2018-12-24 09:00:00', '1', '2017-09-14 08:58:36', '2017-09-14 08:58:36', 'a05e3a5c-dc92-4cde-be16-d871c809a664'),
 ('15775', '11', '2018-12-25 08:40:00', '2018-12-25 09:00:00', '1', '2017-09-14 08:58:36', '2017-09-14 08:58:36', '5ab87a29-1406-4461-9107-e97905b337c1'),
 ('15776', '11', '2018-12-26 08:40:00', '2018-12-26 09:00:00', '1', '2017-09-14 08:58:36', '2017-09-14 08:58:36', '0e9d7f1b-1e2a-4b79-85a7-78990e506d69'),
 ('15777', '11', '2018-12-27 08:40:00', '2018-12-27 09:00:00', '1', '2017-09-14 08:58:36', '2017-09-14 08:58:36', 'c6951c37-a9cb-437d-b04f-468e79c16c81'),
 ('15778', '11', '2018-12-28 08:40:00', '2018-12-28 09:00:00', '1', '2017-09-14 08:58:36', '2017-09-14 08:58:36', 'e813b4d9-3128-40dc-a876-56a6d7a0ab54'),
 ('15779', '11', '2018-12-31 08:40:00', '2018-12-31 09:00:00', '1', '2017-09-14 08:58:36', '2017-09-14 08:58:36', '2d66a4eb-b9f7-49f9-9f8b-6d3983c077a3'),
 ('15780', '11', '2019-01-01 08:40:00', '2019-01-01 09:00:00', '1', '2017-09-14 08:58:36', '2017-09-14 08:58:36', '9f0602f0-368f-4eca-8e6e-068bb636795e'),
 ('15781', '11', '2019-01-02 08:40:00', '2019-01-02 09:00:00', '1', '2017-09-14 08:58:36', '2017-09-14 08:58:36', 'a2ed2d8b-cb51-46b2-9c48-71b43c66fcc1'),
 ('15782', '11', '2019-01-03 08:40:00', '2019-01-03 09:00:00', '1', '2017-09-14 08:58:36', '2017-09-14 08:58:36', 'ba864b58-48d4-47c3-9664-eab8e7cf5db5'),
 ('15783', '11', '2019-01-04 08:40:00', '2019-01-04 09:00:00', '1', '2017-09-14 08:58:36', '2017-09-14 08:58:36', 'cfb222fa-e671-4527-b22d-66f78bac6899'),
 ('15784', '11', '2019-01-07 08:40:00', '2019-01-07 09:00:00', '1', '2017-09-14 08:58:36', '2017-09-14 08:58:36', 'a5459b5f-e1e3-4693-a2ab-7bd7e26b6eb0'),
 ('15785', '11', '2019-01-08 08:40:00', '2019-01-08 09:00:00', '1', '2017-09-14 08:58:36', '2017-09-14 08:58:36', '0541691b-43f0-4276-aa80-bf9fdc09bc37'),
 ('15786', '11', '2019-01-09 08:40:00', '2019-01-09 09:00:00', '1', '2017-09-14 08:58:36', '2017-09-14 08:58:36', '021f3ffc-c8da-47d7-a994-ff419d72bb73'),
 ('15787', '11', '2019-01-10 08:40:00', '2019-01-10 09:00:00', '1', '2017-09-14 08:58:36', '2017-09-14 08:58:36', '8bb21a46-87ab-45b5-8b9f-918b20c13025'),
 ('15788', '11', '2019-01-11 08:40:00', '2019-01-11 09:00:00', '1', '2017-09-14 08:58:36', '2017-09-14 08:58:36', '7bdc3654-cb17-402d-a8b8-dcc949f0759c'),
 ('15789', '11', '2019-01-14 08:40:00', '2019-01-14 09:00:00', '1', '2017-09-14 08:58:36', '2017-09-14 08:58:36', '79b038cf-5edb-4e09-bb42-ff5e16449961'),
 ('15790', '11', '2019-01-15 08:40:00', '2019-01-15 09:00:00', '1', '2017-09-14 08:58:36', '2017-09-14 08:58:36', '13d679af-afcf-4a08-9bea-22ee014f2653'),
 ('15791', '11', '2019-01-16 08:40:00', '2019-01-16 09:00:00', '1', '2017-09-14 08:58:36', '2017-09-14 08:58:36', '450a795c-024b-4654-a110-ad3b594f02e6'),
 ('15792', '11', '2019-01-17 08:40:00', '2019-01-17 09:00:00', '1', '2017-09-14 08:58:36', '2017-09-14 08:58:36', 'd727fcc3-8083-49b3-8fad-e37b05bc5c56'),
 ('15793', '11', '2019-01-18 08:40:00', '2019-01-18 09:00:00', '1', '2017-09-14 08:58:36', '2017-09-14 08:58:36', '59544b7b-4bdd-4876-94c0-264c95f7b82e'),
 ('15794', '11', '2019-01-21 08:40:00', '2019-01-21 09:00:00', '1', '2017-09-14 08:58:36', '2017-09-14 08:58:36', 'a1c27c8b-4fe3-4a24-85c9-eecad68f4c28'),
 ('15795', '11', '2019-01-22 08:40:00', '2019-01-22 09:00:00', '1', '2017-09-14 08:58:36', '2017-09-14 08:58:36', '5772abed-3720-41fc-9ddb-c56ceae06f99'),
 ('15796', '11', '2019-01-23 08:40:00', '2019-01-23 09:00:00', '1', '2017-09-14 08:58:36', '2017-09-14 08:58:36', '1ad5f997-fe73-4613-a8b1-530254f5a6cf'),
 ('15797', '11', '2019-01-24 08:40:00', '2019-01-24 09:00:00', '1', '2017-09-14 08:58:36', '2017-09-14 08:58:36', 'c537d80b-0406-4ef3-a451-5097757a2c10'),
 ('15798', '11', '2019-01-25 08:40:00', '2019-01-25 09:00:00', '1', '2017-09-14 08:58:36', '2017-09-14 08:58:36', 'b984bcd2-842e-4564-9e3e-b23386b6504c'),
 ('15799', '11', '2019-01-28 08:40:00', '2019-01-28 09:00:00', '1', '2017-09-14 08:58:36', '2017-09-14 08:58:36', 'd8711d9e-3f90-44cd-9ed7-91106336f4c0'),
 ('15800', '11', '2019-01-29 08:40:00', '2019-01-29 09:00:00', '1', '2017-09-14 08:58:36', '2017-09-14 08:58:36', '986fb0e3-0b1a-4e81-8688-6ecc669c859b');
INSERT INTO `craft_venti_recurr` (`eid`, `cid`, `startDate`, `endDate`, `isrepeat`, `dateCreated`, `dateUpdated`, `uid`) VALUES
 ('15801', '11', '2019-01-30 08:40:00', '2019-01-30 09:00:00', '1', '2017-09-14 08:58:36', '2017-09-14 08:58:36', 'bd96e203-3262-4057-acf5-bcbb5589b96f'),
 ('15802', '11', '2019-01-31 08:40:00', '2019-01-31 09:00:00', '1', '2017-09-14 08:58:36', '2017-09-14 08:58:36', '58cea1b6-28e1-4779-b324-85743933fead'),
 ('15803', '11', '2019-02-01 08:40:00', '2019-02-01 09:00:00', '1', '2017-09-14 08:58:36', '2017-09-14 08:58:36', '578b1a79-ee4d-449e-b2c2-59c48abcb41a'),
 ('15804', '11', '2019-02-04 08:40:00', '2019-02-04 09:00:00', '1', '2017-09-14 08:58:36', '2017-09-14 08:58:36', '04f8771a-7e7b-4043-83a8-b7e59cb19899'),
 ('15805', '11', '2019-02-05 08:40:00', '2019-02-05 09:00:00', '1', '2017-09-14 08:58:36', '2017-09-14 08:58:36', '596757ff-ebeb-4f63-b0f9-75200cb12714'),
 ('15806', '11', '2019-02-06 08:40:00', '2019-02-06 09:00:00', '1', '2017-09-14 08:58:36', '2017-09-14 08:58:36', '68d5c35b-bbc0-4440-b1a5-0ddf245caffc'),
 ('15807', '11', '2019-02-07 08:40:00', '2019-02-07 09:00:00', '1', '2017-09-14 08:58:36', '2017-09-14 08:58:36', 'fec888bd-e39e-4efd-8502-475909f2414a'),
 ('15808', '11', '2019-02-08 08:40:00', '2019-02-08 09:00:00', '1', '2017-09-14 08:58:36', '2017-09-14 08:58:36', '3da2b51f-3f7a-45cf-aa96-1e8bed49aaf7'),
 ('15809', '11', '2019-02-11 08:40:00', '2019-02-11 09:00:00', '1', '2017-09-14 08:58:36', '2017-09-14 08:58:36', 'ba0ba243-3c5b-4f65-9adb-95dd4dfa5965'),
 ('15810', '11', '2019-02-12 08:40:00', '2019-02-12 09:00:00', '1', '2017-09-14 08:58:36', '2017-09-14 08:58:36', '9d4df552-ed17-4157-a875-a8a321c7be5f'),
 ('15811', '11', '2019-02-13 08:40:00', '2019-02-13 09:00:00', '1', '2017-09-14 08:58:36', '2017-09-14 08:58:36', '3bd3ed8e-a4ed-48d8-80f3-ace097863a89'),
 ('15812', '11', '2019-02-14 08:40:00', '2019-02-14 09:00:00', '1', '2017-09-14 08:58:36', '2017-09-14 08:58:36', '135a1fca-b7a8-45c2-9308-2c80a087dca6'),
 ('15813', '11', '2019-02-15 08:40:00', '2019-02-15 09:00:00', '1', '2017-09-14 08:58:36', '2017-09-14 08:58:36', '38ec3a7e-adab-4e45-9bda-0fd9d642dbdc'),
 ('15814', '11', '2019-02-18 08:40:00', '2019-02-18 09:00:00', '1', '2017-09-14 08:58:36', '2017-09-14 08:58:36', 'de4c8a96-2b47-4de3-97a7-8ff807fbe806'),
 ('15815', '11', '2019-02-19 08:40:00', '2019-02-19 09:00:00', '1', '2017-09-14 08:58:36', '2017-09-14 08:58:36', '4cfe349b-d194-43ba-a043-cb47e7140662'),
 ('15816', '11', '2019-02-20 08:40:00', '2019-02-20 09:00:00', '1', '2017-09-14 08:58:36', '2017-09-14 08:58:36', '5d4e2ed1-3168-41a3-8fee-416b133d9a03'),
 ('15817', '11', '2019-02-21 08:40:00', '2019-02-21 09:00:00', '1', '2017-09-14 08:58:36', '2017-09-14 08:58:36', '10b65691-f7c6-48e7-94e6-8bedb4e8d44c'),
 ('15818', '11', '2019-02-22 08:40:00', '2019-02-22 09:00:00', '1', '2017-09-14 08:58:36', '2017-09-14 08:58:36', '817f50af-78bb-46d1-a680-7a46176177ae'),
 ('15819', '11', '2019-02-25 08:40:00', '2019-02-25 09:00:00', '1', '2017-09-14 08:58:36', '2017-09-14 08:58:36', 'ac9a6e77-b83d-4660-a32e-dddaa5fe34f3'),
 ('15820', '11', '2019-02-26 08:40:00', '2019-02-26 09:00:00', '1', '2017-09-14 08:58:36', '2017-09-14 08:58:36', 'a6363a21-dd98-482b-b62b-a30e4eac94f5'),
 ('15821', '11', '2019-02-27 08:40:00', '2019-02-27 09:00:00', '1', '2017-09-14 08:58:36', '2017-09-14 08:58:36', '397fc002-bd7c-4e97-b77c-cf6af59ffa5a'),
 ('15822', '11', '2019-02-28 08:40:00', '2019-02-28 09:00:00', '1', '2017-09-14 08:58:36', '2017-09-14 08:58:36', '3ac23ad1-d0f9-4c57-b075-d44e83c35512'),
 ('15823', '11', '2019-03-01 08:40:00', '2019-03-01 09:00:00', '1', '2017-09-14 08:58:36', '2017-09-14 08:58:36', '48769128-d5b6-4387-ab17-dd1a43574424'),
 ('15824', '11', '2019-03-04 08:40:00', '2019-03-04 09:00:00', '1', '2017-09-14 08:58:36', '2017-09-14 08:58:36', '19799cdb-e84a-4482-a970-947611996c0d'),
 ('15825', '11', '2019-03-05 08:40:00', '2019-03-05 09:00:00', '1', '2017-09-14 08:58:36', '2017-09-14 08:58:36', 'b6d4ded1-6ad0-4dfd-a40e-e1d2341f12f5'),
 ('15826', '11', '2019-03-06 08:40:00', '2019-03-06 09:00:00', '1', '2017-09-14 08:58:36', '2017-09-14 08:58:36', '13f80c17-24bb-44c0-90da-67d7e81737cc'),
 ('15827', '11', '2019-03-07 08:40:00', '2019-03-07 09:00:00', '1', '2017-09-14 08:58:36', '2017-09-14 08:58:36', '8b1c7a8d-fcb4-481c-b54f-260fb30282df'),
 ('15828', '11', '2019-03-08 08:40:00', '2019-03-08 09:00:00', '1', '2017-09-14 08:58:36', '2017-09-14 08:58:36', 'ba212479-59a1-467a-b82d-8b355ed8131e'),
 ('15829', '11', '2019-03-11 08:40:00', '2019-03-11 09:00:00', '1', '2017-09-14 08:58:36', '2017-09-14 08:58:36', 'f6e0d46f-b70b-46d1-84cc-da2112fe2cef'),
 ('15830', '11', '2019-03-12 08:40:00', '2019-03-12 09:00:00', '1', '2017-09-14 08:58:36', '2017-09-14 08:58:36', 'a3c3de9f-8fa5-4a42-ae2f-1249add6b71e'),
 ('15831', '11', '2019-03-13 08:40:00', '2019-03-13 09:00:00', '1', '2017-09-14 08:58:36', '2017-09-14 08:58:36', 'a1604a68-3abc-4e35-92eb-acc62619c207'),
 ('15832', '11', '2019-03-14 08:40:00', '2019-03-14 09:00:00', '1', '2017-09-14 08:58:36', '2017-09-14 08:58:36', 'c318a3b9-f938-4b87-90e1-2a7c4f8b7826'),
 ('15833', '11', '2019-03-15 08:40:00', '2019-03-15 09:00:00', '1', '2017-09-14 08:58:36', '2017-09-14 08:58:36', '6a69e287-2acd-4305-9df9-b12e98c5ba85'),
 ('15834', '11', '2019-03-18 08:40:00', '2019-03-18 09:00:00', '1', '2017-09-14 08:58:36', '2017-09-14 08:58:36', '8b7a7275-e4c4-4c69-a500-4849f44d3a69'),
 ('15835', '11', '2019-03-19 08:40:00', '2019-03-19 09:00:00', '1', '2017-09-14 08:58:36', '2017-09-14 08:58:36', 'ddefea1c-f363-487c-8037-d5c27eac018e'),
 ('15836', '11', '2019-03-20 08:40:00', '2019-03-20 09:00:00', '1', '2017-09-14 08:58:36', '2017-09-14 08:58:36', 'd540bd40-51ce-4a4e-b92c-a2244a2bcfaf'),
 ('15837', '11', '2019-03-21 08:40:00', '2019-03-21 09:00:00', '1', '2017-09-14 08:58:36', '2017-09-14 08:58:36', '9359dfc0-8c52-4ee4-af13-664b244a646d'),
 ('15838', '11', '2019-03-22 08:40:00', '2019-03-22 09:00:00', '1', '2017-09-14 08:58:36', '2017-09-14 08:58:36', '99b79a2f-c317-47db-84af-05480ff4885c'),
 ('15839', '11', '2019-03-25 08:40:00', '2019-03-25 09:00:00', '1', '2017-09-14 08:58:36', '2017-09-14 08:58:36', '8b3a1968-1574-4469-98fa-44fbe09c2b4d'),
 ('15840', '11', '2019-03-26 08:40:00', '2019-03-26 09:00:00', '1', '2017-09-14 08:58:36', '2017-09-14 08:58:36', '8f29e709-485a-4fe1-b38a-85fe14e7e19c'),
 ('15841', '11', '2019-03-27 08:40:00', '2019-03-27 09:00:00', '1', '2017-09-14 08:58:36', '2017-09-14 08:58:36', 'ac3c7231-6f1f-4454-951e-c701c6b93b02'),
 ('15842', '11', '2019-03-28 08:40:00', '2019-03-28 09:00:00', '1', '2017-09-14 08:58:36', '2017-09-14 08:58:36', '65644cf0-d15f-4be6-a145-f6ba6a986a83'),
 ('15843', '11', '2019-03-29 08:40:00', '2019-03-29 09:00:00', '1', '2017-09-14 08:58:36', '2017-09-14 08:58:36', '48617d64-26c3-4ed6-9efe-03850a7bbce3'),
 ('15844', '11', '2019-04-01 08:40:00', '2019-04-01 09:00:00', '1', '2017-09-14 08:58:36', '2017-09-14 08:58:36', '6f360c52-c26d-4a30-84de-36152195f8a8'),
 ('15845', '11', '2019-04-02 08:40:00', '2019-04-02 09:00:00', '1', '2017-09-14 08:58:36', '2017-09-14 08:58:36', '42d6dfbb-0701-4c78-a613-12e4a671e25d'),
 ('15846', '11', '2019-04-03 08:40:00', '2019-04-03 09:00:00', '1', '2017-09-14 08:58:36', '2017-09-14 08:58:36', '17762c03-4380-431b-9d08-970d83517a62'),
 ('15847', '11', '2019-04-04 08:40:00', '2019-04-04 09:00:00', '1', '2017-09-14 08:58:36', '2017-09-14 08:58:36', '9579ec59-01bb-4224-9537-938b846b4bb9'),
 ('15848', '11', '2019-04-05 08:40:00', '2019-04-05 09:00:00', '1', '2017-09-14 08:58:36', '2017-09-14 08:58:36', '95d638cf-2c70-4d23-be7e-4d00eea78b31'),
 ('15849', '11', '2019-04-08 08:40:00', '2019-04-08 09:00:00', '1', '2017-09-14 08:58:36', '2017-09-14 08:58:36', '1f18acc5-a8c0-4fba-b078-a22feb8e290a'),
 ('15850', '11', '2019-04-09 08:40:00', '2019-04-09 09:00:00', '1', '2017-09-14 08:58:36', '2017-09-14 08:58:36', '8c4e22f8-0f15-4038-9449-05927cd78022'),
 ('15851', '11', '2019-04-10 08:40:00', '2019-04-10 09:00:00', '1', '2017-09-14 08:58:36', '2017-09-14 08:58:36', 'a1eaf464-91bb-4cd2-afbd-324d3560ce3c'),
 ('15852', '11', '2019-04-11 08:40:00', '2019-04-11 09:00:00', '1', '2017-09-14 08:58:36', '2017-09-14 08:58:36', '528deb28-bc72-407a-957f-ad38e1dcc852'),
 ('15853', '11', '2019-04-12 08:40:00', '2019-04-12 09:00:00', '1', '2017-09-14 08:58:36', '2017-09-14 08:58:36', 'acb19cfc-d67d-4621-9696-865ec59572da'),
 ('15854', '11', '2019-04-15 08:40:00', '2019-04-15 09:00:00', '1', '2017-09-14 08:58:36', '2017-09-14 08:58:36', '5b0dae9e-9345-4eda-816e-306566b013d2'),
 ('15855', '11', '2019-04-16 08:40:00', '2019-04-16 09:00:00', '1', '2017-09-14 08:58:36', '2017-09-14 08:58:36', '7ae280d0-991a-47be-b74f-0bea6002630a'),
 ('15856', '11', '2019-04-17 08:40:00', '2019-04-17 09:00:00', '1', '2017-09-14 08:58:36', '2017-09-14 08:58:36', 'bfc9f47f-f1f0-421d-96a5-071832bb89b0'),
 ('15857', '11', '2019-04-18 08:40:00', '2019-04-18 09:00:00', '1', '2017-09-14 08:58:36', '2017-09-14 08:58:36', 'f3605ede-0148-469d-a5fa-fb14c3e4b961'),
 ('15858', '11', '2019-04-19 08:40:00', '2019-04-19 09:00:00', '1', '2017-09-14 08:58:36', '2017-09-14 08:58:36', '97d26a3c-3de9-43a7-b646-42fc64099c74'),
 ('15859', '11', '2019-04-22 08:40:00', '2019-04-22 09:00:00', '1', '2017-09-14 08:58:36', '2017-09-14 08:58:36', '6933d245-4a45-4591-ad9d-2c565721b15f'),
 ('15860', '11', '2019-04-23 08:40:00', '2019-04-23 09:00:00', '1', '2017-09-14 08:58:36', '2017-09-14 08:58:36', '8f28d7d3-170a-4fd6-9f0c-e0e0dd57e7c3'),
 ('15861', '11', '2019-04-24 08:40:00', '2019-04-24 09:00:00', '1', '2017-09-14 08:58:36', '2017-09-14 08:58:36', '40e44d20-9d38-4920-8f4c-962b285b09de'),
 ('15862', '11', '2019-04-25 08:40:00', '2019-04-25 09:00:00', '1', '2017-09-14 08:58:36', '2017-09-14 08:58:36', 'bb8f4c4c-5dec-4a41-aeb1-986a5dda826e'),
 ('15863', '11', '2019-04-26 08:40:00', '2019-04-26 09:00:00', '1', '2017-09-14 08:58:36', '2017-09-14 08:58:36', '990845fb-cb42-4e5a-a60e-7f3208d75725'),
 ('15864', '11', '2019-04-29 08:40:00', '2019-04-29 09:00:00', '1', '2017-09-14 08:58:36', '2017-09-14 08:58:36', 'f07b922c-46bf-4201-877c-d83dc2b6ba54'),
 ('15865', '11', '2019-04-30 08:40:00', '2019-04-30 09:00:00', '1', '2017-09-14 08:58:36', '2017-09-14 08:58:36', '7fdf498b-c3d7-4261-b2e1-107615321f8b'),
 ('15866', '11', '2019-05-01 08:40:00', '2019-05-01 09:00:00', '1', '2017-09-14 08:58:36', '2017-09-14 08:58:36', '7baefc45-7e5e-447b-a85d-a8ce83f3e0c3'),
 ('15867', '11', '2019-05-02 08:40:00', '2019-05-02 09:00:00', '1', '2017-09-14 08:58:36', '2017-09-14 08:58:36', 'ddb0aac7-fd74-4e4c-9148-1fc2c55db6bf'),
 ('15868', '11', '2019-05-03 08:40:00', '2019-05-03 09:00:00', '1', '2017-09-14 08:58:36', '2017-09-14 08:58:36', 'b8d9359c-8a59-443a-9505-84686a2c0ccb'),
 ('15869', '11', '2019-05-06 08:40:00', '2019-05-06 09:00:00', '1', '2017-09-14 08:58:36', '2017-09-14 08:58:36', '54631527-d134-4c28-89d5-1685beb90144'),
 ('15870', '11', '2019-05-07 08:40:00', '2019-05-07 09:00:00', '1', '2017-09-14 08:58:36', '2017-09-14 08:58:36', 'beeae91d-cb41-474c-880f-e60eb5a5e4f6'),
 ('15871', '11', '2019-05-08 08:40:00', '2019-05-08 09:00:00', '1', '2017-09-14 08:58:36', '2017-09-14 08:58:36', 'f73e673e-dada-4d35-9fed-93d6cd8a8fc6'),
 ('15872', '11', '2019-05-09 08:40:00', '2019-05-09 09:00:00', '1', '2017-09-14 08:58:36', '2017-09-14 08:58:36', '598f873d-7b1a-46b0-a78a-744b10527032'),
 ('15873', '11', '2019-05-10 08:40:00', '2019-05-10 09:00:00', '1', '2017-09-14 08:58:36', '2017-09-14 08:58:36', '90f3719f-a37e-4397-9730-c359044f59d5'),
 ('15874', '11', '2019-05-13 08:40:00', '2019-05-13 09:00:00', '1', '2017-09-14 08:58:36', '2017-09-14 08:58:36', '2bffab03-4dfa-47db-8e08-4ed0c0f5dcc9'),
 ('15875', '11', '2019-05-14 08:40:00', '2019-05-14 09:00:00', '1', '2017-09-14 08:58:36', '2017-09-14 08:58:36', '2e3899ea-7f60-4f3c-a0ab-b5601235bc87'),
 ('15876', '11', '2019-05-15 08:40:00', '2019-05-15 09:00:00', '1', '2017-09-14 08:58:36', '2017-09-14 08:58:36', '72a47327-9a25-4f0d-8356-50c85c3f9a6c'),
 ('15877', '11', '2019-05-16 08:40:00', '2019-05-16 09:00:00', '1', '2017-09-14 08:58:36', '2017-09-14 08:58:36', '8134801b-d475-4076-b5e1-5808dd89106e'),
 ('15878', '11', '2019-05-17 08:40:00', '2019-05-17 09:00:00', '1', '2017-09-14 08:58:36', '2017-09-14 08:58:36', '7363ba5d-0938-48da-8960-c220eaa45fde'),
 ('15879', '11', '2019-05-20 08:40:00', '2019-05-20 09:00:00', '1', '2017-09-14 08:58:36', '2017-09-14 08:58:36', '09affb05-5706-4b2b-9c29-dbbffbd13574'),
 ('15880', '11', '2019-05-21 08:40:00', '2019-05-21 09:00:00', '1', '2017-09-14 08:58:36', '2017-09-14 08:58:36', '6f4a6e25-036c-452b-93e9-4dbb53ceb0e6'),
 ('15881', '11', '2019-05-22 08:40:00', '2019-05-22 09:00:00', '1', '2017-09-14 08:58:36', '2017-09-14 08:58:36', 'cf0117c3-5ad2-4119-be7d-635227a6432c'),
 ('15882', '11', '2019-05-23 08:40:00', '2019-05-23 09:00:00', '1', '2017-09-14 08:58:36', '2017-09-14 08:58:36', '5340b7b1-74e2-4990-88cd-82a5f04af007'),
 ('15883', '11', '2019-05-24 08:40:00', '2019-05-24 09:00:00', '1', '2017-09-14 08:58:36', '2017-09-14 08:58:36', '3dfb202a-b41d-4ba6-94c2-5aae8a4cbb65'),
 ('15884', '11', '2019-05-27 08:40:00', '2019-05-27 09:00:00', '1', '2017-09-14 08:58:36', '2017-09-14 08:58:36', '6c6e2a88-5214-4620-ab96-16ef586318b4'),
 ('15885', '11', '2019-05-28 08:40:00', '2019-05-28 09:00:00', '1', '2017-09-14 08:58:36', '2017-09-14 08:58:36', '235d9428-e56b-41ff-842a-3fa99356279c'),
 ('15886', '11', '2019-05-29 08:40:00', '2019-05-29 09:00:00', '1', '2017-09-14 08:58:36', '2017-09-14 08:58:36', 'bc4529aa-fdc1-4d0c-9eb5-689319e32807'),
 ('15887', '11', '2019-05-30 08:40:00', '2019-05-30 09:00:00', '1', '2017-09-14 08:58:36', '2017-09-14 08:58:36', '1489fc8c-3e77-47eb-bb5b-063f198e7535'),
 ('15888', '11', '2019-05-31 08:40:00', '2019-05-31 09:00:00', '1', '2017-09-14 08:58:36', '2017-09-14 08:58:36', 'bf89e13b-dfdf-4a09-b3bf-d01601530ee0'),
 ('15889', '11', '2019-06-03 08:40:00', '2019-06-03 09:00:00', '1', '2017-09-14 08:58:36', '2017-09-14 08:58:36', '77bc9654-f21f-43e7-b432-d238ed35e436'),
 ('15890', '11', '2019-06-04 08:40:00', '2019-06-04 09:00:00', '1', '2017-09-14 08:58:36', '2017-09-14 08:58:36', 'a1eeb8a7-13fa-4e78-9c8b-a538d094787f'),
 ('15891', '11', '2019-06-05 08:40:00', '2019-06-05 09:00:00', '1', '2017-09-14 08:58:36', '2017-09-14 08:58:36', '362ea040-2722-4070-94bf-300038128521'),
 ('15892', '11', '2019-06-06 08:40:00', '2019-06-06 09:00:00', '1', '2017-09-14 08:58:36', '2017-09-14 08:58:36', 'ee1722fd-00d7-4fcd-b82f-cb2fa3e3274b'),
 ('15893', '11', '2019-06-07 08:40:00', '2019-06-07 09:00:00', '1', '2017-09-14 08:58:36', '2017-09-14 08:58:36', 'eb047d24-6fd0-444d-bc2c-347028f15728'),
 ('15894', '11', '2019-06-10 08:40:00', '2019-06-10 09:00:00', '1', '2017-09-14 08:58:36', '2017-09-14 08:58:36', '3bfe307e-57e8-4c00-9bd7-e076b1b81fe3'),
 ('15895', '11', '2019-06-11 08:40:00', '2019-06-11 09:00:00', '1', '2017-09-14 08:58:36', '2017-09-14 08:58:36', '5dcfde5d-392c-4d3b-9034-4815163a9554'),
 ('15896', '11', '2019-06-12 08:40:00', '2019-06-12 09:00:00', '1', '2017-09-14 08:58:36', '2017-09-14 08:58:36', 'ac2bfb1a-18c5-4bef-ab7a-71fecb33a202'),
 ('15897', '11', '2019-06-13 08:40:00', '2019-06-13 09:00:00', '1', '2017-09-14 08:58:36', '2017-09-14 08:58:36', '773d4516-1d6a-47d6-8ea2-e00f7bb574b3'),
 ('15898', '11', '2019-06-14 08:40:00', '2019-06-14 09:00:00', '1', '2017-09-14 08:58:36', '2017-09-14 08:58:36', '74866dca-cfcd-4e65-b145-71e020865a3c'),
 ('15899', '11', '2019-06-17 08:40:00', '2019-06-17 09:00:00', '1', '2017-09-14 08:58:36', '2017-09-14 08:58:36', 'd799db89-5e34-4ee1-a30d-55f0cdfefef5'),
 ('15900', '11', '2019-06-18 08:40:00', '2019-06-18 09:00:00', '1', '2017-09-14 08:58:36', '2017-09-14 08:58:36', '7fec0452-e9ac-4320-9b5b-ab2001e23417');
INSERT INTO `craft_venti_recurr` (`eid`, `cid`, `startDate`, `endDate`, `isrepeat`, `dateCreated`, `dateUpdated`, `uid`) VALUES
 ('15901', '11', '2019-06-19 08:40:00', '2019-06-19 09:00:00', '1', '2017-09-14 08:58:36', '2017-09-14 08:58:36', '38a1af0d-9cd3-4921-9fd5-147369db7f3b'),
 ('15902', '11', '2019-06-20 08:40:00', '2019-06-20 09:00:00', '1', '2017-09-14 08:58:36', '2017-09-14 08:58:36', 'cdcaac4d-dfba-4d4b-9a72-e59998a47687'),
 ('15903', '11', '2019-06-21 08:40:00', '2019-06-21 09:00:00', '1', '2017-09-14 08:58:36', '2017-09-14 08:58:36', 'da9aa9b0-faac-465e-995f-dcd1c2aea29a'),
 ('15904', '11', '2019-06-24 08:40:00', '2019-06-24 09:00:00', '1', '2017-09-14 08:58:36', '2017-09-14 08:58:36', 'a1a19f6a-76f3-4003-b628-aa5fb3d146b7'),
 ('15905', '11', '2019-06-25 08:40:00', '2019-06-25 09:00:00', '1', '2017-09-14 08:58:36', '2017-09-14 08:58:36', 'd348b963-157e-4719-8596-f08696fc2160'),
 ('15906', '11', '2019-06-26 08:40:00', '2019-06-26 09:00:00', '1', '2017-09-14 08:58:36', '2017-09-14 08:58:36', '160eaf34-34ec-4393-9593-afeaef530eaa'),
 ('15907', '11', '2019-06-27 08:40:00', '2019-06-27 09:00:00', '1', '2017-09-14 08:58:36', '2017-09-14 08:58:36', '59771d4a-fb2f-4f80-a83d-40c842f16917'),
 ('15908', '11', '2019-06-28 08:40:00', '2019-06-28 09:00:00', '1', '2017-09-14 08:58:36', '2017-09-14 08:58:36', '31ca4c27-5596-48e7-b710-5e3f963ba390'),
 ('15909', '11', '2019-07-01 08:40:00', '2019-07-01 09:00:00', '1', '2017-09-14 08:58:36', '2017-09-14 08:58:36', '1a131b26-ce91-4df0-ab26-b15d0afb81c1'),
 ('15910', '11', '2019-07-02 08:40:00', '2019-07-02 09:00:00', '1', '2017-09-14 08:58:36', '2017-09-14 08:58:36', 'fd88a964-931d-4250-9b36-2d21c70b168d'),
 ('15911', '11', '2019-07-03 08:40:00', '2019-07-03 09:00:00', '1', '2017-09-14 08:58:36', '2017-09-14 08:58:36', 'acbfef91-58cf-494a-8999-251c7c4bc926'),
 ('15912', '11', '2019-07-04 08:40:00', '2019-07-04 09:00:00', '1', '2017-09-14 08:58:36', '2017-09-14 08:58:36', 'a3ccf42c-d67a-4a9b-a721-5c445309f585'),
 ('15913', '11', '2019-07-05 08:40:00', '2019-07-05 09:00:00', '1', '2017-09-14 08:58:36', '2017-09-14 08:58:36', '546ff8ac-fc03-469d-8d43-56bb4c7a8144'),
 ('15914', '11', '2019-07-08 08:40:00', '2019-07-08 09:00:00', '1', '2017-09-14 08:58:36', '2017-09-14 08:58:36', '5d949430-d740-432c-bf3f-9c068bfb5c9d'),
 ('15915', '11', '2019-07-09 08:40:00', '2019-07-09 09:00:00', '1', '2017-09-14 08:58:36', '2017-09-14 08:58:36', 'b1dc0306-5f47-4a11-a17a-068e6db68d2d'),
 ('15916', '11', '2019-07-10 08:40:00', '2019-07-10 09:00:00', '1', '2017-09-14 08:58:36', '2017-09-14 08:58:36', '6bbccd93-b79e-47f4-9051-1aca9a99997d'),
 ('15917', '11', '2019-07-11 08:40:00', '2019-07-11 09:00:00', '1', '2017-09-14 08:58:36', '2017-09-14 08:58:36', '245d2e3e-be8e-4ef7-b879-dcecae1c7b6d'),
 ('15918', '11', '2019-07-12 08:40:00', '2019-07-12 09:00:00', '1', '2017-09-14 08:58:36', '2017-09-14 08:58:36', '0aad3b54-6c9a-4bb9-9957-f55c7ca8a723'),
 ('15919', '11', '2019-07-15 08:40:00', '2019-07-15 09:00:00', '1', '2017-09-14 08:58:36', '2017-09-14 08:58:36', '1e28829c-6b09-411b-9743-713a84e09671'),
 ('15920', '11', '2019-07-16 08:40:00', '2019-07-16 09:00:00', '1', '2017-09-14 08:58:36', '2017-09-14 08:58:36', '8f4963d8-5b6d-4e50-8033-e7ae97a327e5'),
 ('15921', '11', '2019-07-17 08:40:00', '2019-07-17 09:00:00', '1', '2017-09-14 08:58:36', '2017-09-14 08:58:36', '65ba1a65-0ddb-479e-a3d5-05b7d8bc0c97'),
 ('15922', '11', '2019-07-18 08:40:00', '2019-07-18 09:00:00', '1', '2017-09-14 08:58:36', '2017-09-14 08:58:36', '6ad0d47d-a09e-471b-8394-4bc846834a2f'),
 ('15923', '11', '2019-07-19 08:40:00', '2019-07-19 09:00:00', '1', '2017-09-14 08:58:36', '2017-09-14 08:58:36', '83e5bad6-3891-478d-94d6-9a43f2e81fd4'),
 ('15924', '11', '2019-07-22 08:40:00', '2019-07-22 09:00:00', '1', '2017-09-14 08:58:36', '2017-09-14 08:58:36', 'f5e9347c-9b74-4b91-9180-7272a04ee614'),
 ('15925', '11', '2019-07-23 08:40:00', '2019-07-23 09:00:00', '1', '2017-09-14 08:58:36', '2017-09-14 08:58:36', '29b0a34d-5514-439b-8b9a-399ffb227801'),
 ('15926', '11', '2019-07-24 08:40:00', '2019-07-24 09:00:00', '1', '2017-09-14 08:58:36', '2017-09-14 08:58:36', 'f60dd874-fc72-48dc-9c34-cc49f99dc2f5'),
 ('15927', '11', '2019-07-25 08:40:00', '2019-07-25 09:00:00', '1', '2017-09-14 08:58:36', '2017-09-14 08:58:36', '354fea68-6e83-4c6b-af06-e342e444b31f'),
 ('15928', '11', '2019-07-26 08:40:00', '2019-07-26 09:00:00', '1', '2017-09-14 08:58:36', '2017-09-14 08:58:36', '0479e378-f526-4f66-9b19-fcb64970560c'),
 ('15929', '11', '2019-07-29 08:40:00', '2019-07-29 09:00:00', '1', '2017-09-14 08:58:36', '2017-09-14 08:58:36', '5afdfffc-ec1e-4221-af5a-0c9db9c21c1a'),
 ('15930', '11', '2019-07-30 08:40:00', '2019-07-30 09:00:00', '1', '2017-09-14 08:58:36', '2017-09-14 08:58:36', '494e90fd-6bbe-427e-aa06-b45dc713d9e8'),
 ('15931', '11', '2019-07-31 08:40:00', '2019-07-31 09:00:00', '1', '2017-09-14 08:58:36', '2017-09-14 08:58:36', '7c7aaea1-c437-467e-9836-ee9d3438aad1'),
 ('15932', '11', '2019-08-01 08:40:00', '2019-08-01 09:00:00', '1', '2017-09-14 08:58:36', '2017-09-14 08:58:36', 'daa4dfe0-16ef-41a4-a464-2a4e2959690d'),
 ('15933', '11', '2019-08-02 08:40:00', '2019-08-02 09:00:00', '1', '2017-09-14 08:58:36', '2017-09-14 08:58:36', 'fad38532-5d61-4d1b-9fb6-c1b49e6e4795'),
 ('15934', '11', '2019-08-05 08:40:00', '2019-08-05 09:00:00', '1', '2017-09-14 08:58:36', '2017-09-14 08:58:36', '3a4129bd-3ae2-4d13-b031-f9eb6f1da14a'),
 ('15935', '11', '2019-08-06 08:40:00', '2019-08-06 09:00:00', '1', '2017-09-14 08:58:36', '2017-09-14 08:58:36', 'e19f32c1-8eb3-4422-a540-e22de98b4d90'),
 ('15936', '11', '2019-08-07 08:40:00', '2019-08-07 09:00:00', '1', '2017-09-14 08:58:36', '2017-09-14 08:58:36', 'a8828ab5-9557-4255-91b7-71290eb938d6'),
 ('15937', '11', '2019-08-08 08:40:00', '2019-08-08 09:00:00', '1', '2017-09-14 08:58:36', '2017-09-14 08:58:36', '6924e7a7-b60e-4356-b1e6-5d41a0b349c0'),
 ('15938', '11', '2019-08-09 08:40:00', '2019-08-09 09:00:00', '1', '2017-09-14 08:58:36', '2017-09-14 08:58:36', '276c785a-e9bb-4785-98c8-6b3a98aa39df'),
 ('15939', '11', '2019-08-12 08:40:00', '2019-08-12 09:00:00', '1', '2017-09-14 08:58:36', '2017-09-14 08:58:36', '8a7465d3-51c6-4c22-902f-baf603455309'),
 ('15940', '11', '2019-08-13 08:40:00', '2019-08-13 09:00:00', '1', '2017-09-14 08:58:36', '2017-09-14 08:58:36', '46010b96-bd8b-4b59-a794-06e8556771cb'),
 ('15941', '11', '2019-08-14 08:40:00', '2019-08-14 09:00:00', '1', '2017-09-14 08:58:36', '2017-09-14 08:58:36', '1a6d091f-bcae-418d-a1b6-0f3d07bc2c0d'),
 ('15942', '11', '2019-08-15 08:40:00', '2019-08-15 09:00:00', '1', '2017-09-14 08:58:36', '2017-09-14 08:58:36', '742661ee-af31-4d58-bf0a-ed1dc992d884'),
 ('15943', '11', '2019-08-16 08:40:00', '2019-08-16 09:00:00', '1', '2017-09-14 08:58:36', '2017-09-14 08:58:36', '81307332-c8c7-4356-a072-398c22a25e9a'),
 ('15944', '11', '2019-08-19 08:40:00', '2019-08-19 09:00:00', '1', '2017-09-14 08:58:36', '2017-09-14 08:58:36', 'f7f1e3f0-7579-4444-ac90-50840bdf7d7c'),
 ('15945', '11', '2019-08-20 08:40:00', '2019-08-20 09:00:00', '1', '2017-09-14 08:58:36', '2017-09-14 08:58:36', '495dab6d-c575-4ca8-8cd0-cd5054987864'),
 ('15946', '11', '2019-08-21 08:40:00', '2019-08-21 09:00:00', '1', '2017-09-14 08:58:36', '2017-09-14 08:58:36', '029b5c3e-4bc9-4a30-bd9c-97005e68f519'),
 ('15947', '11', '2019-08-22 08:40:00', '2019-08-22 09:00:00', '1', '2017-09-14 08:58:36', '2017-09-14 08:58:36', '78f65874-6284-4b50-9802-3fc10570b351'),
 ('15948', '11', '2019-08-23 08:40:00', '2019-08-23 09:00:00', '1', '2017-09-14 08:58:36', '2017-09-14 08:58:36', '945ee301-5dbb-4943-a930-2f2a0994b575'),
 ('15949', '11', '2019-08-26 08:40:00', '2019-08-26 09:00:00', '1', '2017-09-14 08:58:36', '2017-09-14 08:58:36', 'd39d6adb-c7d3-4f2e-a12d-0a5cbe3ffe0e'),
 ('15950', '11', '2019-08-27 08:40:00', '2019-08-27 09:00:00', '1', '2017-09-14 08:58:36', '2017-09-14 08:58:36', 'fba6f0ca-53a0-4456-bb2e-de6d8072bf46'),
 ('15951', '11', '2019-08-28 08:40:00', '2019-08-28 09:00:00', '1', '2017-09-14 08:58:36', '2017-09-14 08:58:36', '0fdbbe0c-7a78-4a90-8622-897bb8b32e59'),
 ('15952', '11', '2019-08-29 08:40:00', '2019-08-29 09:00:00', '1', '2017-09-14 08:58:36', '2017-09-14 08:58:36', '5684607b-e39e-4087-adce-5bca142a15d9'),
 ('15953', '11', '2019-08-30 08:40:00', '2019-08-30 09:00:00', '1', '2017-09-14 08:58:36', '2017-09-14 08:58:36', 'd1a7e1e4-f1a6-4c9f-a84d-4625a4b7f54a'),
 ('15954', '11', '2019-09-02 08:40:00', '2019-09-02 09:00:00', '1', '2017-09-14 08:58:36', '2017-09-14 08:58:36', '92ee0b2c-34bb-4e48-9b64-3e864d1b42e9'),
 ('15955', '11', '2019-09-03 08:40:00', '2019-09-03 09:00:00', '1', '2017-09-14 08:58:36', '2017-09-14 08:58:36', 'b7080fd5-ebce-47a6-86a9-5e15f6e63994'),
 ('15956', '11', '2019-09-04 08:40:00', '2019-09-04 09:00:00', '1', '2017-09-14 08:58:36', '2017-09-14 08:58:36', '730ae7be-7b7f-4c74-9262-0e6f1601df96'),
 ('15957', '11', '2019-09-05 08:40:00', '2019-09-05 09:00:00', '1', '2017-09-14 08:58:36', '2017-09-14 08:58:36', '28c48d27-7589-4189-89b3-887b7a688a9f'),
 ('15958', '11', '2019-09-06 08:40:00', '2019-09-06 09:00:00', '1', '2017-09-14 08:58:36', '2017-09-14 08:58:36', '686741e8-1899-4490-94b5-ea84dbaf5255'),
 ('15959', '11', '2019-09-09 08:40:00', '2019-09-09 09:00:00', '1', '2017-09-14 08:58:36', '2017-09-14 08:58:36', '762569f2-36ba-47a3-a832-6508153ecf9f'),
 ('15960', '11', '2019-09-10 08:40:00', '2019-09-10 09:00:00', '1', '2017-09-14 08:58:36', '2017-09-14 08:58:36', 'c60040eb-b649-4744-a30a-3dd8b8f739ef'),
 ('15961', '11', '2019-09-11 08:40:00', '2019-09-11 09:00:00', '1', '2017-09-14 08:58:36', '2017-09-14 08:58:36', '0042e51c-1135-4cf8-bbac-5c897d32e081'),
 ('15962', '11', '2019-09-12 08:40:00', '2019-09-12 09:00:00', '1', '2017-09-14 08:58:36', '2017-09-14 08:58:36', '48f98382-b58e-43ae-bc38-5ab27f5b2acb'),
 ('15963', '11', '2019-09-13 08:40:00', '2019-09-13 09:00:00', '1', '2017-09-14 08:58:36', '2017-09-14 08:58:36', '155c5f86-392b-4576-adb8-29d521209b3f'),
 ('15964', '11', '2019-09-16 08:40:00', '2019-09-16 09:00:00', '1', '2017-09-14 08:58:36', '2017-09-14 08:58:36', '806d7ab2-76bf-44e6-8274-fe2cbc555391'),
 ('15965', '11', '2019-09-17 08:40:00', '2019-09-17 09:00:00', '1', '2017-09-14 08:58:36', '2017-09-14 08:58:36', '55f87159-cbb7-464f-a4e0-1940c6a4637d'),
 ('15966', '11', '2019-09-18 08:40:00', '2019-09-18 09:00:00', '1', '2017-09-14 08:58:36', '2017-09-14 08:58:36', '16573182-ef71-43be-915e-c783b76a28a3'),
 ('15967', '11', '2019-09-19 08:40:00', '2019-09-19 09:00:00', '1', '2017-09-14 08:58:36', '2017-09-14 08:58:36', '7b254a54-d2de-400d-9673-263a154d9de0'),
 ('15968', '11', '2019-09-20 08:40:00', '2019-09-20 09:00:00', '1', '2017-09-14 08:58:36', '2017-09-14 08:58:36', '71a5b042-237c-4918-a2bc-289040953e6c'),
 ('15969', '11', '2019-09-23 08:40:00', '2019-09-23 09:00:00', '1', '2017-09-14 08:58:36', '2017-09-14 08:58:36', '69e82933-0db0-4b2f-b876-14333b178775'),
 ('15970', '11', '2019-09-24 08:40:00', '2019-09-24 09:00:00', '1', '2017-09-14 08:58:36', '2017-09-14 08:58:36', 'd037383c-2fbe-41d8-a2bd-68123a0d7a8f'),
 ('15971', '11', '2019-09-25 08:40:00', '2019-09-25 09:00:00', '1', '2017-09-14 08:58:36', '2017-09-14 08:58:36', '119ecc68-febe-4ab6-a0de-5792c18b6f13'),
 ('15972', '11', '2019-09-26 08:40:00', '2019-09-26 09:00:00', '1', '2017-09-14 08:58:36', '2017-09-14 08:58:36', 'a0087d05-0d66-4861-9c0c-6cb8668604c3'),
 ('15973', '11', '2019-09-27 08:40:00', '2019-09-27 09:00:00', '1', '2017-09-14 08:58:36', '2017-09-14 08:58:36', 'ceafb371-c357-44ab-90e7-b19e2b9beaf7'),
 ('15974', '11', '2019-09-30 08:40:00', '2019-09-30 09:00:00', '1', '2017-09-14 08:58:36', '2017-09-14 08:58:36', '48bdce9d-ecd2-4f1f-a4fa-9e466320ac5f'),
 ('15975', '11', '2019-10-01 08:40:00', '2019-10-01 09:00:00', '1', '2017-09-14 08:58:36', '2017-09-14 08:58:36', 'c854d6d1-aab9-480a-af94-5826da217b19'),
 ('15976', '11', '2019-10-02 08:40:00', '2019-10-02 09:00:00', '1', '2017-09-14 08:58:36', '2017-09-14 08:58:36', '69714a6b-f3b0-4adc-9def-202446f4368a'),
 ('15977', '11', '2019-10-03 08:40:00', '2019-10-03 09:00:00', '1', '2017-09-14 08:58:36', '2017-09-14 08:58:36', 'be5bd491-15a3-45b4-9cdd-bb336ce64b59'),
 ('15978', '11', '2019-10-04 08:40:00', '2019-10-04 09:00:00', '1', '2017-09-14 08:58:36', '2017-09-14 08:58:36', '6e9fd094-fef6-409e-ac27-df722344e740'),
 ('15979', '11', '2019-10-07 08:40:00', '2019-10-07 09:00:00', '1', '2017-09-14 08:58:36', '2017-09-14 08:58:36', '9e087136-7af9-4df1-8389-8b4caa537e70'),
 ('15980', '11', '2019-10-08 08:40:00', '2019-10-08 09:00:00', '1', '2017-09-14 08:58:36', '2017-09-14 08:58:36', '947c4b2e-f626-4de4-a741-81769410ef55'),
 ('15981', '11', '2019-10-09 08:40:00', '2019-10-09 09:00:00', '1', '2017-09-14 08:58:36', '2017-09-14 08:58:36', '64bea3ff-91f9-450c-a865-e1703d00e0cd'),
 ('15982', '11', '2019-10-10 08:40:00', '2019-10-10 09:00:00', '1', '2017-09-14 08:58:36', '2017-09-14 08:58:36', '444e842f-69f6-4c07-8634-dd3aaf0b42cd'),
 ('15983', '11', '2019-10-11 08:40:00', '2019-10-11 09:00:00', '1', '2017-09-14 08:58:36', '2017-09-14 08:58:36', '30971979-ec96-47de-8cac-4217e09836e1'),
 ('15984', '11', '2019-10-14 08:40:00', '2019-10-14 09:00:00', '1', '2017-09-14 08:58:36', '2017-09-14 08:58:36', '368d1657-6c56-4677-a3d6-71ea754165d6'),
 ('15985', '11', '2019-10-15 08:40:00', '2019-10-15 09:00:00', '1', '2017-09-14 08:58:36', '2017-09-14 08:58:36', 'c5a4b5e0-1c66-4f04-a78e-2c2ee129f984'),
 ('15986', '11', '2019-10-16 08:40:00', '2019-10-16 09:00:00', '1', '2017-09-14 08:58:36', '2017-09-14 08:58:36', 'a958baee-62df-4047-afd2-c62e0229fe36'),
 ('15987', '11', '2019-10-17 08:40:00', '2019-10-17 09:00:00', '1', '2017-09-14 08:58:36', '2017-09-14 08:58:36', 'c9d5164a-9e66-49fa-bdce-da269da9742e'),
 ('15988', '11', '2019-10-18 08:40:00', '2019-10-18 09:00:00', '1', '2017-09-14 08:58:36', '2017-09-14 08:58:36', '58ebdab3-6aa3-4e82-a3f3-8000058fdfab'),
 ('15989', '11', '2019-10-21 08:40:00', '2019-10-21 09:00:00', '1', '2017-09-14 08:58:36', '2017-09-14 08:58:36', '15eda44e-1891-4bfd-a5bf-5498aac5126c'),
 ('15990', '11', '2019-10-22 08:40:00', '2019-10-22 09:00:00', '1', '2017-09-14 08:58:36', '2017-09-14 08:58:36', '9acea76b-b888-472f-a069-74bc2460d8a3'),
 ('15991', '11', '2019-10-23 08:40:00', '2019-10-23 09:00:00', '1', '2017-09-14 08:58:36', '2017-09-14 08:58:36', 'edfd3aea-c7cd-47d4-a3d0-7bcc5d7c83b4'),
 ('15992', '11', '2019-10-24 08:40:00', '2019-10-24 09:00:00', '1', '2017-09-14 08:58:36', '2017-09-14 08:58:36', '1eb348ec-22d9-4285-b609-157e5ce9293c'),
 ('15993', '11', '2019-10-25 08:40:00', '2019-10-25 09:00:00', '1', '2017-09-14 08:58:36', '2017-09-14 08:58:36', '57a75699-8baf-4e3f-b7ea-d16fe51805ee'),
 ('15994', '11', '2019-10-28 08:40:00', '2019-10-28 09:00:00', '1', '2017-09-14 08:58:36', '2017-09-14 08:58:36', '1188cdd1-f609-4bb6-8c74-24f739bef9dd'),
 ('15995', '11', '2019-10-29 08:40:00', '2019-10-29 09:00:00', '1', '2017-09-14 08:58:36', '2017-09-14 08:58:36', 'db057b5f-fa4a-4763-8583-1162d5dcdd90'),
 ('15996', '11', '2019-10-30 08:40:00', '2019-10-30 09:00:00', '1', '2017-09-14 08:58:36', '2017-09-14 08:58:36', '5f5d6b20-51f7-4d72-b94a-d720ff47569c'),
 ('15997', '11', '2019-10-31 08:40:00', '2019-10-31 09:00:00', '1', '2017-09-14 08:58:36', '2017-09-14 08:58:36', 'a00ebebb-27b7-4f0b-aeb3-abf2d4a0897a'),
 ('15998', '11', '2019-11-01 08:40:00', '2019-11-01 09:00:00', '1', '2017-09-14 08:58:36', '2017-09-14 08:58:36', 'e249a463-a877-48b1-bf49-bd707498350a'),
 ('15999', '11', '2019-11-04 08:40:00', '2019-11-04 09:00:00', '1', '2017-09-14 08:58:36', '2017-09-14 08:58:36', '23fb3601-81f3-4d15-95d7-99135b92bcd8'),
 ('16000', '11', '2019-11-05 08:40:00', '2019-11-05 09:00:00', '1', '2017-09-14 08:58:36', '2017-09-14 08:58:36', 'b474a19e-5161-4c6f-a885-c59b05177706');
INSERT INTO `craft_venti_recurr` (`eid`, `cid`, `startDate`, `endDate`, `isrepeat`, `dateCreated`, `dateUpdated`, `uid`) VALUES
 ('16001', '11', '2019-11-06 08:40:00', '2019-11-06 09:00:00', '1', '2017-09-14 08:58:36', '2017-09-14 08:58:36', 'd45b0215-b267-4c86-b8c9-08771f933a9a'),
 ('16002', '11', '2019-11-07 08:40:00', '2019-11-07 09:00:00', '1', '2017-09-14 08:58:36', '2017-09-14 08:58:36', '48ae4839-6ca6-4647-9314-e36e3368bd42'),
 ('16003', '11', '2019-11-08 08:40:00', '2019-11-08 09:00:00', '1', '2017-09-14 08:58:36', '2017-09-14 08:58:36', '55e6452f-f282-48cd-9621-c8870601415a'),
 ('16004', '11', '2019-11-11 08:40:00', '2019-11-11 09:00:00', '1', '2017-09-14 08:58:36', '2017-09-14 08:58:36', '6a80036e-8455-4baf-99bf-0bf668590c42'),
 ('16005', '11', '2019-11-12 08:40:00', '2019-11-12 09:00:00', '1', '2017-09-14 08:58:36', '2017-09-14 08:58:36', '785724be-29f2-40df-b24d-fd6295bc6258'),
 ('16006', '11', '2019-11-13 08:40:00', '2019-11-13 09:00:00', '1', '2017-09-14 08:58:36', '2017-09-14 08:58:36', 'cbcd39d9-d50e-4efd-8f4b-d6b65ce3ef4f'),
 ('16007', '11', '2019-11-14 08:40:00', '2019-11-14 09:00:00', '1', '2017-09-14 08:58:36', '2017-09-14 08:58:36', 'b0e5139d-43a0-4d72-99e2-29ef7fe33f63'),
 ('16008', '11', '2019-11-15 08:40:00', '2019-11-15 09:00:00', '1', '2017-09-14 08:58:36', '2017-09-14 08:58:36', 'debfeb5a-4b81-4b7b-8305-c51033701587'),
 ('16009', '11', '2019-11-18 08:40:00', '2019-11-18 09:00:00', '1', '2017-09-14 08:58:36', '2017-09-14 08:58:36', '9fbccfb1-3c3d-49bf-a7ad-28a034da4b2d'),
 ('16010', '11', '2019-11-19 08:40:00', '2019-11-19 09:00:00', '1', '2017-09-14 08:58:36', '2017-09-14 08:58:36', '9cd4ce4e-9515-437c-8925-ada0a4d5d452'),
 ('16011', '11', '2019-11-20 08:40:00', '2019-11-20 09:00:00', '1', '2017-09-14 08:58:36', '2017-09-14 08:58:36', 'ae30753d-cbe6-40f4-9247-0954d949a072'),
 ('16012', '11', '2019-11-21 08:40:00', '2019-11-21 09:00:00', '1', '2017-09-14 08:58:36', '2017-09-14 08:58:36', '0a370a86-db71-4716-8a76-7da3c0fe46c1'),
 ('16013', '11', '2019-11-22 08:40:00', '2019-11-22 09:00:00', '1', '2017-09-14 08:58:36', '2017-09-14 08:58:36', 'b1ea9248-5301-4f53-a1f4-3eea0ac0d882'),
 ('16014', '11', '2019-11-25 08:40:00', '2019-11-25 09:00:00', '1', '2017-09-14 08:58:36', '2017-09-14 08:58:36', '7bf8ba27-b421-4b95-9527-293cfe7686df'),
 ('16015', '11', '2019-11-26 08:40:00', '2019-11-26 09:00:00', '1', '2017-09-14 08:58:36', '2017-09-14 08:58:36', '66d0f06b-e10b-4b0a-b9b8-f8b0366ba062'),
 ('16016', '11', '2019-11-27 08:40:00', '2019-11-27 09:00:00', '1', '2017-09-14 08:58:36', '2017-09-14 08:58:36', '2ff236a6-3372-49b2-b335-a0f089ffbad3'),
 ('16017', '11', '2019-11-28 08:40:00', '2019-11-28 09:00:00', '1', '2017-09-14 08:58:36', '2017-09-14 08:58:36', '12652bf2-5304-4fd7-81e2-df7572196b07'),
 ('16018', '11', '2019-11-29 08:40:00', '2019-11-29 09:00:00', '1', '2017-09-14 08:58:36', '2017-09-14 08:58:36', '96ed81c5-de48-4253-be83-40ea9cf5ba01'),
 ('16019', '11', '2019-12-02 08:40:00', '2019-12-02 09:00:00', '1', '2017-09-14 08:58:36', '2017-09-14 08:58:36', '8830bfea-9f1d-4572-94d1-ba7b280cfe76'),
 ('16020', '11', '2019-12-03 08:40:00', '2019-12-03 09:00:00', '1', '2017-09-14 08:58:36', '2017-09-14 08:58:36', '521c7e3b-bd2b-4519-b838-87f02ad53198'),
 ('16021', '11', '2019-12-04 08:40:00', '2019-12-04 09:00:00', '1', '2017-09-14 08:58:36', '2017-09-14 08:58:36', '18b0e9c4-0c62-42fc-8380-1a26a034b44f'),
 ('16022', '11', '2019-12-05 08:40:00', '2019-12-05 09:00:00', '1', '2017-09-14 08:58:36', '2017-09-14 08:58:36', '03286c33-fd9c-4e03-a061-2b4ff6b27f69'),
 ('16023', '11', '2019-12-06 08:40:00', '2019-12-06 09:00:00', '1', '2017-09-14 08:58:36', '2017-09-14 08:58:36', 'f8715f6a-db92-4c48-ae01-b7c799c6926c'),
 ('16024', '11', '2019-12-09 08:40:00', '2019-12-09 09:00:00', '1', '2017-09-14 08:58:36', '2017-09-14 08:58:36', 'ce43dde6-2fc2-4ab3-b858-fc0cf43c8265'),
 ('16025', '11', '2019-12-10 08:40:00', '2019-12-10 09:00:00', '1', '2017-09-14 08:58:36', '2017-09-14 08:58:36', '3a9cc1df-b348-4848-a28c-84406762afb3'),
 ('16026', '11', '2019-12-11 08:40:00', '2019-12-11 09:00:00', '1', '2017-09-14 08:58:36', '2017-09-14 08:58:36', 'b3c8da2d-46b7-4b24-a375-383024579f19'),
 ('16027', '11', '2019-12-12 08:40:00', '2019-12-12 09:00:00', '1', '2017-09-14 08:58:36', '2017-09-14 08:58:36', '68cc89f6-d585-43fe-ac8f-826395e0c24f'),
 ('16028', '11', '2019-12-13 08:40:00', '2019-12-13 09:00:00', '1', '2017-09-14 08:58:36', '2017-09-14 08:58:36', '302d73d6-98dd-429a-901b-26489ed704ee'),
 ('16029', '11', '2019-12-16 08:40:00', '2019-12-16 09:00:00', '1', '2017-09-14 08:58:36', '2017-09-14 08:58:36', '21b41ef5-87ea-4192-9963-40151fe99549'),
 ('16030', '11', '2019-12-17 08:40:00', '2019-12-17 09:00:00', '1', '2017-09-14 08:58:36', '2017-09-14 08:58:36', '8d86e32c-9ecc-44e3-a56e-d50faa15ac3d'),
 ('16031', '11', '2019-12-18 08:40:00', '2019-12-18 09:00:00', '1', '2017-09-14 08:58:36', '2017-09-14 08:58:36', 'e48f5bc3-67bf-4c8b-8597-28fbf1742b29'),
 ('16032', '11', '2019-12-19 08:40:00', '2019-12-19 09:00:00', '1', '2017-09-14 08:58:36', '2017-09-14 08:58:36', '75a38fba-0871-4763-8635-b6d6015ac60a'),
 ('16033', '11', '2019-12-20 08:40:00', '2019-12-20 09:00:00', '1', '2017-09-14 08:58:36', '2017-09-14 08:58:36', '304fdf4c-2af2-40ba-a46d-b2f203d17f3b'),
 ('16034', '11', '2019-12-23 08:40:00', '2019-12-23 09:00:00', '1', '2017-09-14 08:58:36', '2017-09-14 08:58:36', '8282031e-5072-4f89-b235-acbbe660ae06'),
 ('16035', '11', '2019-12-24 08:40:00', '2019-12-24 09:00:00', '1', '2017-09-14 08:58:36', '2017-09-14 08:58:36', 'c7971f75-8d29-4892-9caf-3a3870413d90'),
 ('16036', '11', '2019-12-25 08:40:00', '2019-12-25 09:00:00', '1', '2017-09-14 08:58:36', '2017-09-14 08:58:36', 'a7c25d59-c313-4caf-bba1-d55c62b62d10'),
 ('16037', '11', '2019-12-26 08:40:00', '2019-12-26 09:00:00', '1', '2017-09-14 08:58:36', '2017-09-14 08:58:36', 'b6487b20-6b5d-492e-96cd-660d40f527ec'),
 ('16038', '11', '2019-12-27 08:40:00', '2019-12-27 09:00:00', '1', '2017-09-14 08:58:36', '2017-09-14 08:58:36', 'cd483aed-fe04-4ab7-afac-4af111318aca'),
 ('16039', '11', '2019-12-30 08:40:00', '2019-12-30 09:00:00', '1', '2017-09-14 08:58:36', '2017-09-14 08:58:36', '6946af06-1247-457e-b498-647f4fa6b504'),
 ('16040', '11', '2019-12-31 08:40:00', '2019-12-31 09:00:00', '1', '2017-09-14 08:58:36', '2017-09-14 08:58:36', '87ba3010-8999-4a06-b7fa-08108fbf52ee'),
 ('16041', '11', '2020-01-01 08:40:00', '2020-01-01 09:00:00', '1', '2017-09-14 08:58:36', '2017-09-14 08:58:36', 'a2e02db3-955b-4dd5-b3e6-a8ac07ceaf4b'),
 ('16042', '11', '2020-01-02 08:40:00', '2020-01-02 09:00:00', '1', '2017-09-14 08:58:36', '2017-09-14 08:58:36', '5b74397e-0df7-48c0-83b1-ad38421fc700'),
 ('16043', '11', '2020-01-03 08:40:00', '2020-01-03 09:00:00', '1', '2017-09-14 08:58:36', '2017-09-14 08:58:36', '83428321-3b25-49c8-a2be-43e56266b28a'),
 ('16044', '11', '2020-01-06 08:40:00', '2020-01-06 09:00:00', '1', '2017-09-14 08:58:36', '2017-09-14 08:58:36', 'c5e412b3-4115-4078-b170-78dacda08d36'),
 ('16045', '11', '2020-01-07 08:40:00', '2020-01-07 09:00:00', '1', '2017-09-14 08:58:36', '2017-09-14 08:58:36', '2be161ad-56a9-42bc-b2ff-64ccbfd8f1e9'),
 ('16046', '11', '2020-01-08 08:40:00', '2020-01-08 09:00:00', '1', '2017-09-14 08:58:36', '2017-09-14 08:58:36', '26bf47aa-f69e-4053-8458-769b7f675f30'),
 ('16047', '11', '2020-01-09 08:40:00', '2020-01-09 09:00:00', '1', '2017-09-14 08:58:36', '2017-09-14 08:58:36', 'e4a03724-370e-408f-a232-45534141d399'),
 ('16048', '11', '2020-01-10 08:40:00', '2020-01-10 09:00:00', '1', '2017-09-14 08:58:36', '2017-09-14 08:58:36', 'e548af28-fb3f-4e99-9e3b-07ded151b67c'),
 ('16049', '11', '2020-01-13 08:40:00', '2020-01-13 09:00:00', '1', '2017-09-14 08:58:36', '2017-09-14 08:58:36', '3872fc2a-1664-45bf-a4f6-947ea54d2c97'),
 ('16050', '11', '2020-01-14 08:40:00', '2020-01-14 09:00:00', '1', '2017-09-14 08:58:36', '2017-09-14 08:58:36', 'e0616ca6-5d48-4e50-9797-d7e495358a2b'),
 ('16051', '11', '2020-01-15 08:40:00', '2020-01-15 09:00:00', '1', '2017-09-14 08:58:36', '2017-09-14 08:58:36', '57fc61f5-4212-4fac-ad57-26d81ebb5aeb'),
 ('16052', '11', '2020-01-16 08:40:00', '2020-01-16 09:00:00', '1', '2017-09-14 08:58:36', '2017-09-14 08:58:36', '90b8311a-6437-473f-b307-30125ca9ac46'),
 ('16053', '11', '2020-01-17 08:40:00', '2020-01-17 09:00:00', '1', '2017-09-14 08:58:36', '2017-09-14 08:58:36', '8011de0f-5b01-4dcf-94ac-e62c604cb128'),
 ('16054', '11', '2020-01-20 08:40:00', '2020-01-20 09:00:00', '1', '2017-09-14 08:58:36', '2017-09-14 08:58:36', '22f3b878-7b32-4ee1-bb9f-77a1f95d4e21'),
 ('16055', '11', '2020-01-21 08:40:00', '2020-01-21 09:00:00', '1', '2017-09-14 08:58:36', '2017-09-14 08:58:36', 'f7b4c526-2aa1-403b-925b-469b7981e1fd'),
 ('16056', '11', '2020-01-22 08:40:00', '2020-01-22 09:00:00', '1', '2017-09-14 08:58:36', '2017-09-14 08:58:36', 'a80ff2a3-662f-4f11-8446-725e3b96951a'),
 ('16057', '11', '2020-01-23 08:40:00', '2020-01-23 09:00:00', '1', '2017-09-14 08:58:36', '2017-09-14 08:58:36', '26c002d7-b1db-4bff-a706-995c29ddc52c'),
 ('16058', '11', '2020-01-24 08:40:00', '2020-01-24 09:00:00', '1', '2017-09-14 08:58:36', '2017-09-14 08:58:36', '3a4aa31c-7a78-449e-926e-cb203e25e8c5'),
 ('16059', '11', '2020-01-27 08:40:00', '2020-01-27 09:00:00', '1', '2017-09-14 08:58:36', '2017-09-14 08:58:36', 'f55ab4b9-fac1-4cde-b00c-83bdb6934a76'),
 ('16060', '11', '2020-01-28 08:40:00', '2020-01-28 09:00:00', '1', '2017-09-14 08:58:36', '2017-09-14 08:58:36', '3e1129f5-94dd-4bc5-8105-a0615e99bb81'),
 ('16061', '11', '2020-01-29 08:40:00', '2020-01-29 09:00:00', '1', '2017-09-14 08:58:36', '2017-09-14 08:58:36', '9610e863-ed07-43e5-a7fc-dbae47915c21'),
 ('16062', '11', '2020-01-30 08:40:00', '2020-01-30 09:00:00', '1', '2017-09-14 08:58:36', '2017-09-14 08:58:36', '8c9a218e-903b-4d8d-b148-2df8531acfe1'),
 ('16063', '11', '2020-01-31 08:40:00', '2020-01-31 09:00:00', '1', '2017-09-14 08:58:36', '2017-09-14 08:58:36', '32a4c936-0d0b-4b05-810a-34d4d8be5fc8'),
 ('16064', '11', '2020-02-03 08:40:00', '2020-02-03 09:00:00', '1', '2017-09-14 08:58:36', '2017-09-14 08:58:36', 'f7398230-9861-4b75-a298-a40e1e506a75'),
 ('16065', '11', '2020-02-04 08:40:00', '2020-02-04 09:00:00', '1', '2017-09-14 08:58:36', '2017-09-14 08:58:36', '80227fff-e8c5-44d9-ae34-247cab2b2c42'),
 ('16066', '11', '2020-02-05 08:40:00', '2020-02-05 09:00:00', '1', '2017-09-14 08:58:36', '2017-09-14 08:58:36', 'a10dbb69-6577-44ee-9081-54cb95781124'),
 ('16067', '11', '2020-02-06 08:40:00', '2020-02-06 09:00:00', '1', '2017-09-14 08:58:36', '2017-09-14 08:58:36', 'aafd934b-e9db-4fff-b627-03238045c89d'),
 ('16068', '11', '2020-02-07 08:40:00', '2020-02-07 09:00:00', '1', '2017-09-14 08:58:36', '2017-09-14 08:58:36', 'e9028e6c-e559-4d02-9510-265dc26c0e9b'),
 ('16069', '11', '2020-02-10 08:40:00', '2020-02-10 09:00:00', '1', '2017-09-14 08:58:36', '2017-09-14 08:58:36', '96f668b0-6c14-4737-875c-b701b7735b21'),
 ('16070', '11', '2020-02-11 08:40:00', '2020-02-11 09:00:00', '1', '2017-09-14 08:58:36', '2017-09-14 08:58:36', 'dd3564cf-6022-460f-b9c2-6954e9649b9f'),
 ('16071', '11', '2020-02-12 08:40:00', '2020-02-12 09:00:00', '1', '2017-09-14 08:58:36', '2017-09-14 08:58:36', '4ef22f02-0a01-4c1d-990d-ec2fd787e13d'),
 ('16072', '11', '2020-02-13 08:40:00', '2020-02-13 09:00:00', '1', '2017-09-14 08:58:36', '2017-09-14 08:58:36', '26fcff78-5551-4ef2-8d98-4ed1c14535cc'),
 ('16073', '11', '2020-02-14 08:40:00', '2020-02-14 09:00:00', '1', '2017-09-14 08:58:36', '2017-09-14 08:58:36', '859852a0-c1c6-4ff1-9031-81cb5d251b3c'),
 ('16074', '11', '2020-02-17 08:40:00', '2020-02-17 09:00:00', '1', '2017-09-14 08:58:36', '2017-09-14 08:58:36', '8718b288-100c-4a8e-a685-c6ff2b099bba'),
 ('16075', '11', '2020-02-18 08:40:00', '2020-02-18 09:00:00', '1', '2017-09-14 08:58:36', '2017-09-14 08:58:36', 'cb0f7534-4fab-4fb6-87f9-201c8ae96b7a'),
 ('16076', '11', '2020-02-19 08:40:00', '2020-02-19 09:00:00', '1', '2017-09-14 08:58:36', '2017-09-14 08:58:36', 'd2990875-1b46-4c8e-8adb-3f9f1ed586fe'),
 ('16077', '11', '2020-02-20 08:40:00', '2020-02-20 09:00:00', '1', '2017-09-14 08:58:36', '2017-09-14 08:58:36', '9648afec-d67d-4916-bc14-9d97030312e0'),
 ('16078', '11', '2020-02-21 08:40:00', '2020-02-21 09:00:00', '1', '2017-09-14 08:58:36', '2017-09-14 08:58:36', '6d102a1d-b515-4f33-a712-58e8ef426d27'),
 ('16079', '11', '2020-02-24 08:40:00', '2020-02-24 09:00:00', '1', '2017-09-14 08:58:36', '2017-09-14 08:58:36', 'bed58e79-7468-4f4b-b806-ca8d91eb841f'),
 ('16080', '11', '2020-02-25 08:40:00', '2020-02-25 09:00:00', '1', '2017-09-14 08:58:36', '2017-09-14 08:58:36', '31023f88-2ab2-4a2f-8506-a423feac3381'),
 ('16081', '11', '2020-02-26 08:40:00', '2020-02-26 09:00:00', '1', '2017-09-14 08:58:36', '2017-09-14 08:58:36', '807c8ca7-0ff0-4161-ad6a-a47d19e2d6be'),
 ('16082', '11', '2020-02-27 08:40:00', '2020-02-27 09:00:00', '1', '2017-09-14 08:58:36', '2017-09-14 08:58:36', '36173c5f-dc8c-4720-a3b7-ec4c66527ae9'),
 ('16083', '11', '2020-02-28 08:40:00', '2020-02-28 09:00:00', '1', '2017-09-14 08:58:36', '2017-09-14 08:58:36', '20ad31fd-af22-465d-8456-6b8214bebca7'),
 ('16084', '11', '2020-03-02 08:40:00', '2020-03-02 09:00:00', '1', '2017-09-14 08:58:36', '2017-09-14 08:58:36', '2d5fb6b3-4e55-40fb-971b-db7d20b8afdb'),
 ('16085', '11', '2020-03-03 08:40:00', '2020-03-03 09:00:00', '1', '2017-09-14 08:58:36', '2017-09-14 08:58:36', '0d9a470b-1ee0-4df8-b93d-2959767ce5bb'),
 ('16086', '11', '2020-03-04 08:40:00', '2020-03-04 09:00:00', '1', '2017-09-14 08:58:36', '2017-09-14 08:58:36', '64c95102-cf98-43b0-9955-b3cb2ac4743d'),
 ('16087', '11', '2020-03-05 08:40:00', '2020-03-05 09:00:00', '1', '2017-09-14 08:58:36', '2017-09-14 08:58:36', '222dcf5c-72d7-4a57-9f37-d903ccd26f3f'),
 ('16088', '11', '2020-03-06 08:40:00', '2020-03-06 09:00:00', '1', '2017-09-14 08:58:36', '2017-09-14 08:58:36', '1cc86ab4-2d5c-488c-82a4-54ebed4f7d7d'),
 ('16089', '11', '2020-03-09 08:40:00', '2020-03-09 09:00:00', '1', '2017-09-14 08:58:36', '2017-09-14 08:58:36', 'eb996c81-0cec-4e35-9e7a-997c33a782f8'),
 ('16090', '11', '2020-03-10 08:40:00', '2020-03-10 09:00:00', '1', '2017-09-14 08:58:36', '2017-09-14 08:58:36', '69d0d1fe-c447-463e-a0e3-2641b0eef0c0'),
 ('16091', '11', '2020-03-11 08:40:00', '2020-03-11 09:00:00', '1', '2017-09-14 08:58:36', '2017-09-14 08:58:36', 'd83ebbc8-243a-428e-b1f9-432bae80508c'),
 ('16092', '11', '2020-03-12 08:40:00', '2020-03-12 09:00:00', '1', '2017-09-14 08:58:36', '2017-09-14 08:58:36', 'c646afb6-8c06-4504-9f88-2b0a7b7fb8cb'),
 ('16093', '11', '2020-03-13 08:40:00', '2020-03-13 09:00:00', '1', '2017-09-14 08:58:36', '2017-09-14 08:58:36', 'a1d7e9cc-0783-4f3d-8969-0e092ed13c5a'),
 ('16094', '11', '2020-03-16 08:40:00', '2020-03-16 09:00:00', '1', '2017-09-14 08:58:36', '2017-09-14 08:58:36', '1f48ec6e-ab0b-4e41-84f2-21cec2030d61'),
 ('16095', '11', '2020-03-17 08:40:00', '2020-03-17 09:00:00', '1', '2017-09-14 08:58:36', '2017-09-14 08:58:36', '7ceafe29-8098-4181-8f24-e15e1be138dd'),
 ('16096', '11', '2020-03-18 08:40:00', '2020-03-18 09:00:00', '1', '2017-09-14 08:58:36', '2017-09-14 08:58:36', '711622e5-5182-403e-b3b4-107cae8c011e'),
 ('16097', '11', '2020-03-19 08:40:00', '2020-03-19 09:00:00', '1', '2017-09-14 08:58:36', '2017-09-14 08:58:36', '3a49848b-8bab-466a-98aa-1be3b1fe3a7c'),
 ('16098', '11', '2020-03-20 08:40:00', '2020-03-20 09:00:00', '1', '2017-09-14 08:58:36', '2017-09-14 08:58:36', 'a4dd5d7b-1e8b-4871-9f49-2bfc007b9c97'),
 ('16099', '11', '2020-03-23 08:40:00', '2020-03-23 09:00:00', '1', '2017-09-14 08:58:36', '2017-09-14 08:58:36', '76ec880a-a260-4a69-abfd-0040f1ff2984'),
 ('16100', '11', '2020-03-24 08:40:00', '2020-03-24 09:00:00', '1', '2017-09-14 08:58:36', '2017-09-14 08:58:36', '291282c4-0bc2-47e7-84d5-d57009e0c35f');
INSERT INTO `craft_venti_recurr` (`eid`, `cid`, `startDate`, `endDate`, `isrepeat`, `dateCreated`, `dateUpdated`, `uid`) VALUES
 ('16101', '11', '2020-03-25 08:40:00', '2020-03-25 09:00:00', '1', '2017-09-14 08:58:36', '2017-09-14 08:58:36', 'c6531ced-db9a-49fd-b4a9-798830ccbf9e'),
 ('16102', '11', '2020-03-26 08:40:00', '2020-03-26 09:00:00', '1', '2017-09-14 08:58:36', '2017-09-14 08:58:36', 'fe450f93-668b-434b-bc53-94038230b785'),
 ('16103', '11', '2020-03-27 08:40:00', '2020-03-27 09:00:00', '1', '2017-09-14 08:58:36', '2017-09-14 08:58:36', '2583f2b1-9be1-4ae4-ba76-cf18ff579377'),
 ('16104', '11', '2020-03-30 08:40:00', '2020-03-30 09:00:00', '1', '2017-09-14 08:58:36', '2017-09-14 08:58:36', 'ddaef66f-f879-42f8-a41c-8c67805adfdf'),
 ('16105', '11', '2020-03-31 08:40:00', '2020-03-31 09:00:00', '1', '2017-09-14 08:58:36', '2017-09-14 08:58:36', 'c387d30f-bc6e-4afb-aa4b-fa5b15847962'),
 ('16106', '11', '2020-04-01 08:40:00', '2020-04-01 09:00:00', '1', '2017-09-14 08:58:36', '2017-09-14 08:58:36', '6b260278-359b-48b0-b86f-5579c13583de'),
 ('16107', '11', '2020-04-02 08:40:00', '2020-04-02 09:00:00', '1', '2017-09-14 08:58:36', '2017-09-14 08:58:36', 'c41f7fad-a8e1-4185-95f1-281019899f0b'),
 ('16108', '11', '2020-04-03 08:40:00', '2020-04-03 09:00:00', '1', '2017-09-14 08:58:36', '2017-09-14 08:58:36', 'f8342990-9a8e-4499-8bcb-f9776c42ce97'),
 ('16109', '11', '2020-04-06 08:40:00', '2020-04-06 09:00:00', '1', '2017-09-14 08:58:36', '2017-09-14 08:58:36', 'ec44eccf-bebb-4e0c-9a44-d3c14badacce'),
 ('16110', '11', '2020-04-07 08:40:00', '2020-04-07 09:00:00', '1', '2017-09-14 08:58:36', '2017-09-14 08:58:36', 'f5bed26f-92ed-4b88-a1c1-e60770ffc631'),
 ('16111', '11', '2020-04-08 08:40:00', '2020-04-08 09:00:00', '1', '2017-09-14 08:58:36', '2017-09-14 08:58:36', '3db9c40c-62ae-4c51-8e80-4fc5aab78621'),
 ('16112', '11', '2020-04-09 08:40:00', '2020-04-09 09:00:00', '1', '2017-09-14 08:58:36', '2017-09-14 08:58:36', '3919bf90-fd1d-47ce-a6b4-0224930e6b76'),
 ('16113', '11', '2020-04-10 08:40:00', '2020-04-10 09:00:00', '1', '2017-09-14 08:58:36', '2017-09-14 08:58:36', '81003dcc-6131-48fd-b477-d1361c937c6a'),
 ('16114', '11', '2020-04-13 08:40:00', '2020-04-13 09:00:00', '1', '2017-09-14 08:58:36', '2017-09-14 08:58:36', '03b3c88b-fce1-45eb-b842-1a6b6b0a00ed'),
 ('16115', '11', '2020-04-14 08:40:00', '2020-04-14 09:00:00', '1', '2017-09-14 08:58:36', '2017-09-14 08:58:36', 'e155df72-8bb8-4e93-8e96-d3e7015b66de'),
 ('16116', '11', '2020-04-15 08:40:00', '2020-04-15 09:00:00', '1', '2017-09-14 08:58:36', '2017-09-14 08:58:36', '30ad1446-109c-4d65-beed-6c7f53d9d0fc'),
 ('16117', '11', '2020-04-16 08:40:00', '2020-04-16 09:00:00', '1', '2017-09-14 08:58:36', '2017-09-14 08:58:36', '1de6a4ae-cc1b-48df-86fd-16e87dd1cdc8'),
 ('16118', '11', '2020-04-17 08:40:00', '2020-04-17 09:00:00', '1', '2017-09-14 08:58:36', '2017-09-14 08:58:36', '8f938706-34bf-49b5-ae3f-02c267d4b0a8'),
 ('16119', '11', '2020-04-20 08:40:00', '2020-04-20 09:00:00', '1', '2017-09-14 08:58:36', '2017-09-14 08:58:36', 'af82fd46-91cd-4c2d-bf42-b65df039b78d'),
 ('16120', '11', '2020-04-21 08:40:00', '2020-04-21 09:00:00', '1', '2017-09-14 08:58:36', '2017-09-14 08:58:36', '9109ab85-05d0-4627-94a1-500e9eaa35dd'),
 ('16121', '11', '2020-04-22 08:40:00', '2020-04-22 09:00:00', '1', '2017-09-14 08:58:36', '2017-09-14 08:58:36', '5c9d0183-592e-43a7-8a52-d090d70f342b'),
 ('16122', '11', '2020-04-23 08:40:00', '2020-04-23 09:00:00', '1', '2017-09-14 08:58:36', '2017-09-14 08:58:36', '27ae8324-2048-4653-9f93-c1e6d4d1e7ee'),
 ('16123', '11', '2020-04-24 08:40:00', '2020-04-24 09:00:00', '1', '2017-09-14 08:58:36', '2017-09-14 08:58:36', 'fd64b0dd-df4e-40ba-84e1-0e3d9e26c9ee'),
 ('16124', '11', '2020-04-27 08:40:00', '2020-04-27 09:00:00', '1', '2017-09-14 08:58:36', '2017-09-14 08:58:36', 'aa340b9a-087b-4654-b3eb-c1f007a0b6c1'),
 ('16125', '11', '2020-04-28 08:40:00', '2020-04-28 09:00:00', '1', '2017-09-14 08:58:36', '2017-09-14 08:58:36', '8af293fa-4fd0-4d89-8d84-57db0cfb42d2'),
 ('16126', '11', '2020-04-29 08:40:00', '2020-04-29 09:00:00', '1', '2017-09-14 08:58:36', '2017-09-14 08:58:36', '885a9511-8b2e-4d6b-8c31-9188a4164972'),
 ('16127', '11', '2020-04-30 08:40:00', '2020-04-30 09:00:00', '1', '2017-09-14 08:58:36', '2017-09-14 08:58:36', 'c5c415a5-c04b-44ec-b55e-0fb00ecae132'),
 ('16128', '11', '2020-05-01 08:40:00', '2020-05-01 09:00:00', '1', '2017-09-14 08:58:36', '2017-09-14 08:58:36', '01388654-a8a3-4f3e-99f2-a5650aea0155'),
 ('16129', '11', '2020-05-04 08:40:00', '2020-05-04 09:00:00', '1', '2017-09-14 08:58:36', '2017-09-14 08:58:36', '6c71accf-cd19-4a93-a216-205ab3c0da0e'),
 ('16130', '11', '2020-05-05 08:40:00', '2020-05-05 09:00:00', '1', '2017-09-14 08:58:36', '2017-09-14 08:58:36', 'b9683356-7d6a-4693-9dce-de823c380b4a'),
 ('16131', '11', '2020-05-06 08:40:00', '2020-05-06 09:00:00', '1', '2017-09-14 08:58:36', '2017-09-14 08:58:36', '2f178db4-91df-4576-995a-be2405e7172f'),
 ('16132', '11', '2020-05-07 08:40:00', '2020-05-07 09:00:00', '1', '2017-09-14 08:58:36', '2017-09-14 08:58:36', 'd3f83915-ceb6-458d-ba48-f54f9e6d17d3'),
 ('16133', '11', '2020-05-08 08:40:00', '2020-05-08 09:00:00', '1', '2017-09-14 08:58:36', '2017-09-14 08:58:36', 'ff1c4c3f-f1e2-4cce-9eba-1c2e4eecc013'),
 ('16134', '11', '2020-05-11 08:40:00', '2020-05-11 09:00:00', '1', '2017-09-14 08:58:36', '2017-09-14 08:58:36', '6f73b95c-6581-4c19-9722-2464770837ee'),
 ('16135', '11', '2020-05-12 08:40:00', '2020-05-12 09:00:00', '1', '2017-09-14 08:58:36', '2017-09-14 08:58:36', 'c8f35234-ac3f-4ba9-8387-58f04eb45178'),
 ('16136', '11', '2020-05-13 08:40:00', '2020-05-13 09:00:00', '1', '2017-09-14 08:58:36', '2017-09-14 08:58:36', 'dfdf93b5-4391-4489-920c-b0486786c045'),
 ('16137', '11', '2020-05-14 08:40:00', '2020-05-14 09:00:00', '1', '2017-09-14 08:58:36', '2017-09-14 08:58:36', 'a88748f3-cbbf-4e66-85ef-fdfeffb169fd'),
 ('16138', '11', '2020-05-15 08:40:00', '2020-05-15 09:00:00', '1', '2017-09-14 08:58:36', '2017-09-14 08:58:36', 'dc3a3ef0-3801-45fb-b23a-b2fd7c831e2f'),
 ('16139', '11', '2020-05-18 08:40:00', '2020-05-18 09:00:00', '1', '2017-09-14 08:58:36', '2017-09-14 08:58:36', 'c4fb0046-5358-4424-b7d2-4517095667ab'),
 ('16140', '11', '2020-05-19 08:40:00', '2020-05-19 09:00:00', '1', '2017-09-14 08:58:36', '2017-09-14 08:58:36', '6073d03b-be6a-4ab1-8d24-e289acd6dfa1'),
 ('16141', '11', '2020-05-20 08:40:00', '2020-05-20 09:00:00', '1', '2017-09-14 08:58:36', '2017-09-14 08:58:36', '46726723-5577-47d1-a928-e098b93dcf85'),
 ('16142', '11', '2020-05-21 08:40:00', '2020-05-21 09:00:00', '1', '2017-09-14 08:58:36', '2017-09-14 08:58:36', 'e9b51f8e-a599-4b6e-a899-9713f5854aff'),
 ('16143', '11', '2020-05-22 08:40:00', '2020-05-22 09:00:00', '1', '2017-09-14 08:58:36', '2017-09-14 08:58:36', 'b355d4db-3736-4a1c-81be-e6f0b4fd2c57'),
 ('16144', '11', '2020-05-25 08:40:00', '2020-05-25 09:00:00', '1', '2017-09-14 08:58:36', '2017-09-14 08:58:36', 'ef039651-4a04-434d-bc78-edcf2695d75e'),
 ('16145', '11', '2020-05-26 08:40:00', '2020-05-26 09:00:00', '1', '2017-09-14 08:58:36', '2017-09-14 08:58:36', 'f5605c63-0a5f-4da9-81e0-295f4f17368d'),
 ('16146', '11', '2020-05-27 08:40:00', '2020-05-27 09:00:00', '1', '2017-09-14 08:58:36', '2017-09-14 08:58:36', '3d10e151-d955-4e80-bdc2-c41bd077b853'),
 ('16147', '11', '2020-05-28 08:40:00', '2020-05-28 09:00:00', '1', '2017-09-14 08:58:36', '2017-09-14 08:58:36', '014c406a-764e-46de-b88a-da868c608de1'),
 ('16148', '11', '2020-05-29 08:40:00', '2020-05-29 09:00:00', '1', '2017-09-14 08:58:36', '2017-09-14 08:58:36', '5e1dd5da-e7d6-4bfb-ace9-6910ff940481'),
 ('16149', '11', '2020-06-01 08:40:00', '2020-06-01 09:00:00', '1', '2017-09-14 08:58:36', '2017-09-14 08:58:36', '13fdc803-718e-4aa1-a54a-3078a1f5caf4'),
 ('16150', '11', '2020-06-02 08:40:00', '2020-06-02 09:00:00', '1', '2017-09-14 08:58:36', '2017-09-14 08:58:36', 'c5cf5271-fa89-4d0e-b5cb-93510e7d6fe6'),
 ('16151', '11', '2020-06-03 08:40:00', '2020-06-03 09:00:00', '1', '2017-09-14 08:58:36', '2017-09-14 08:58:36', 'cb5ebaa1-fbbe-4015-ba9b-d80e482fb3bc'),
 ('16152', '11', '2020-06-04 08:40:00', '2020-06-04 09:00:00', '1', '2017-09-14 08:58:36', '2017-09-14 08:58:36', '99a09c14-4292-454f-8337-44a47b70f14e'),
 ('16153', '11', '2020-06-05 08:40:00', '2020-06-05 09:00:00', '1', '2017-09-14 08:58:36', '2017-09-14 08:58:36', '09c8f3ed-5176-4dd9-93ef-8cba7ff27949'),
 ('16154', '11', '2020-06-08 08:40:00', '2020-06-08 09:00:00', '1', '2017-09-14 08:58:36', '2017-09-14 08:58:36', '46c454a3-c0d7-477f-89ee-8f179d8dbe3f'),
 ('16155', '11', '2020-06-09 08:40:00', '2020-06-09 09:00:00', '1', '2017-09-14 08:58:36', '2017-09-14 08:58:36', '665a06aa-c0d4-404c-8f10-c0f18d413890'),
 ('16156', '11', '2020-06-10 08:40:00', '2020-06-10 09:00:00', '1', '2017-09-14 08:58:36', '2017-09-14 08:58:36', '0a20ec6b-cd84-4b7d-afbb-a59fd2f7bc70'),
 ('16157', '11', '2020-06-11 08:40:00', '2020-06-11 09:00:00', '1', '2017-09-14 08:58:36', '2017-09-14 08:58:36', '0633d1d6-0103-483f-9d2f-2618738d38c0'),
 ('16158', '11', '2020-06-12 08:40:00', '2020-06-12 09:00:00', '1', '2017-09-14 08:58:36', '2017-09-14 08:58:36', '3503c154-3eae-48ab-a7ea-66fbded5c27a'),
 ('16159', '11', '2020-06-15 08:40:00', '2020-06-15 09:00:00', '1', '2017-09-14 08:58:36', '2017-09-14 08:58:36', '2ecba28f-5e1f-448d-9c16-7abf7475a067'),
 ('16160', '11', '2020-06-16 08:40:00', '2020-06-16 09:00:00', '1', '2017-09-14 08:58:36', '2017-09-14 08:58:36', '0a7b638a-d651-46cd-a584-fab30fccf1a8'),
 ('16161', '11', '2020-06-17 08:40:00', '2020-06-17 09:00:00', '1', '2017-09-14 08:58:36', '2017-09-14 08:58:36', 'a6e91bc9-b5af-486a-9f6e-263f6e91e302'),
 ('16162', '11', '2020-06-18 08:40:00', '2020-06-18 09:00:00', '1', '2017-09-14 08:58:36', '2017-09-14 08:58:36', '60277387-3d92-495c-9bdd-54cf2c00f177'),
 ('16163', '11', '2020-06-19 08:40:00', '2020-06-19 09:00:00', '1', '2017-09-14 08:58:36', '2017-09-14 08:58:36', 'fb2522fb-5872-469a-bb24-b2d3b7bc1cae'),
 ('16164', '11', '2020-06-22 08:40:00', '2020-06-22 09:00:00', '1', '2017-09-14 08:58:36', '2017-09-14 08:58:36', '78544fdc-2da8-4429-8033-2817bfc7ecff'),
 ('16166', '6', '2017-09-12 12:30:00', '2017-09-12 13:30:00', '0', '2017-09-15 09:56:54', '2017-09-15 09:56:54', 'b4a919d7-6ddd-496d-89f7-7266986e08e4'),
 ('16168', '7', '2017-09-19 12:30:00', '2017-09-19 13:30:00', '0', '2017-09-15 09:57:01', '2017-09-15 09:57:01', 'd9069f83-a130-4b80-91f0-1ec7d39ceba1'),
 ('16172', '8', '2017-09-26 12:30:00', '2017-09-26 13:30:00', '0', '2017-09-15 09:57:11', '2017-09-15 09:57:11', '89bad52f-999e-464f-8e19-6dc46d6569b1'),
 ('16174', '9', '2017-10-03 12:30:00', '2017-10-03 13:30:00', '0', '2017-09-15 09:57:20', '2017-09-15 09:57:20', '08161758-1726-43be-bdb4-92d6dc85f24d'),
 ('16222', '14', '2017-10-08 11:00:00', '2017-10-08 13:00:00', '0', '2017-09-16 22:32:15', '2017-09-16 22:32:15', 'dab0cb7e-5ed6-48c8-baed-8fe01120203d'),
 ('16228', '15', '2017-10-14 00:00:00', '2017-10-15 00:00:00', '0', '2017-09-16 22:38:13', '2017-09-16 22:38:13', '4b1f79e9-6122-4b94-96f0-a6c46af8167f'),
 ('16232', '13', '2017-10-01 00:00:00', '2017-10-01 23:59:00', '0', '2017-09-17 12:31:27', '2017-09-17 12:31:27', '4435f1a1-e607-4e1a-ae39-0f735e164686'),
 ('16234', '12', '2017-10-01 10:00:00', '2017-10-01 11:00:00', '0', '2017-09-17 14:01:34', '2017-09-17 14:01:34', 'c5de4f9d-68a4-43de-a5be-73d4ad817cb9');



DROP TABLE IF EXISTS `craft_widgets`;


--
-- Schema for table `craft_widgets`
--
CREATE TABLE `craft_widgets` (
  `id` int(11) NOT NULL AUTO_INCREMENT,
  `userId` int(11) NOT NULL,
  `type` varchar(150) COLLATE utf8_unicode_ci NOT NULL,
  `sortOrder` smallint(6) unsigned DEFAULT NULL,
  `colspan` tinyint(4) unsigned DEFAULT NULL,
  `settings` text COLLATE utf8_unicode_ci,
  `enabled` tinyint(1) unsigned NOT NULL DEFAULT '1',
  `dateCreated` datetime NOT NULL,
  `dateUpdated` datetime NOT NULL,
  `uid` char(36) COLLATE utf8_unicode_ci NOT NULL DEFAULT '0',
  PRIMARY KEY (`id`),
  KEY `craft_widgets_userId_fk` (`userId`)
) ENGINE=InnoDB AUTO_INCREMENT=5 DEFAULT CHARSET=utf8 COLLATE=utf8_unicode_ci;

--
-- Data for table `craft_widgets`
--

INSERT INTO `craft_widgets` (`id`, `userId`, `type`, `sortOrder`, `colspan`, `settings`, `enabled`, `dateCreated`, `dateUpdated`, `uid`) VALUES
 ('1', '1', 'RecentEntries', '1', NULL, NULL, '1', '2017-08-24 19:10:54', '2017-08-24 19:10:54', '060a09e1-61a1-4325-ac68-d5010df52adb'),
 ('2', '1', 'GetHelp', '2', NULL, NULL, '1', '2017-08-24 19:10:54', '2017-08-24 19:10:54', '5b749b60-25ce-4c79-96a7-470ab1648041'),
 ('3', '1', 'Updates', '3', NULL, NULL, '1', '2017-08-24 19:10:54', '2017-08-24 19:10:54', 'b13d48b7-d73a-4935-8934-69be5ec5a9f9'),
 ('4', '1', 'Feed', '4', NULL, '{\"url\":\"https:\\/\\/craftcms.com\\/news.rss\",\"title\":\"Craft News\"}', '1', '2017-08-24 19:10:54', '2017-08-24 19:10:54', '6a1848e6-75f6-4623-8e55-35c632948daa');


--
-- Constraints for tables
--


--
-- Constraints for table `craft_assetfiles`
--
ALTER TABLE `craft_assetfiles`
	ADD CONSTRAINT `craft_assetfiles_folderId_fk` FOREIGN KEY (`folderId`) REFERENCES `craft_assetfolders` (`id`) ON DELETE CASCADE,
	ADD CONSTRAINT `craft_assetfiles_id_fk` FOREIGN KEY (`id`) REFERENCES `craft_elements` (`id`) ON DELETE CASCADE,
	ADD CONSTRAINT `craft_assetfiles_sourceId_fk` FOREIGN KEY (`sourceId`) REFERENCES `craft_assetsources` (`id`) ON DELETE CASCADE;

--
-- Constraints for table `craft_assetfolders`
--
ALTER TABLE `craft_assetfolders`
	ADD CONSTRAINT `craft_assetfolders_parentId_fk` FOREIGN KEY (`parentId`) REFERENCES `craft_assetfolders` (`id`) ON DELETE CASCADE,
	ADD CONSTRAINT `craft_assetfolders_sourceId_fk` FOREIGN KEY (`sourceId`) REFERENCES `craft_assetsources` (`id`) ON DELETE CASCADE;

--
-- Constraints for table `craft_assetindexdata`
--
ALTER TABLE `craft_assetindexdata`
	ADD CONSTRAINT `craft_assetindexdata_sourceId_fk` FOREIGN KEY (`sourceId`) REFERENCES `craft_assetsources` (`id`) ON DELETE CASCADE;

--
-- Constraints for table `craft_assetsources`
--
ALTER TABLE `craft_assetsources`
	ADD CONSTRAINT `craft_assetsources_fieldLayoutId_fk` FOREIGN KEY (`fieldLayoutId`) REFERENCES `craft_fieldlayouts` (`id`) ON DELETE SET NULL;

--
-- Constraints for table `craft_categories`
--
ALTER TABLE `craft_categories`
	ADD CONSTRAINT `craft_categories_groupId_fk` FOREIGN KEY (`groupId`) REFERENCES `craft_categorygroups` (`id`) ON DELETE CASCADE,
	ADD CONSTRAINT `craft_categories_id_fk` FOREIGN KEY (`id`) REFERENCES `craft_elements` (`id`) ON DELETE CASCADE;

--
-- Constraints for table `craft_categorygroups`
--
ALTER TABLE `craft_categorygroups`
	ADD CONSTRAINT `craft_categorygroups_fieldLayoutId_fk` FOREIGN KEY (`fieldLayoutId`) REFERENCES `craft_fieldlayouts` (`id`) ON DELETE SET NULL,
	ADD CONSTRAINT `craft_categorygroups_structureId_fk` FOREIGN KEY (`structureId`) REFERENCES `craft_structures` (`id`) ON DELETE CASCADE;

--
-- Constraints for table `craft_categorygroups_i18n`
--
ALTER TABLE `craft_categorygroups_i18n`
	ADD CONSTRAINT `craft_categorygroups_i18n_groupId_fk` FOREIGN KEY (`groupId`) REFERENCES `craft_categorygroups` (`id`) ON DELETE CASCADE,
	ADD CONSTRAINT `craft_categorygroups_i18n_locale_fk` FOREIGN KEY (`locale`) REFERENCES `craft_locales` (`locale`) ON DELETE CASCADE ON UPDATE CASCADE;

--
-- Constraints for table `craft_content`
--
ALTER TABLE `craft_content`
	ADD CONSTRAINT `craft_content_elementId_fk` FOREIGN KEY (`elementId`) REFERENCES `craft_elements` (`id`) ON DELETE CASCADE,
	ADD CONSTRAINT `craft_content_locale_fk` FOREIGN KEY (`locale`) REFERENCES `craft_locales` (`locale`) ON DELETE CASCADE ON UPDATE CASCADE;

--
-- Constraints for table `craft_elements_i18n`
--
ALTER TABLE `craft_elements_i18n`
	ADD CONSTRAINT `craft_elements_i18n_elementId_fk` FOREIGN KEY (`elementId`) REFERENCES `craft_elements` (`id`) ON DELETE CASCADE,
	ADD CONSTRAINT `craft_elements_i18n_locale_fk` FOREIGN KEY (`locale`) REFERENCES `craft_locales` (`locale`) ON DELETE CASCADE ON UPDATE CASCADE;

--
-- Constraints for table `craft_emailmessages`
--
ALTER TABLE `craft_emailmessages`
	ADD CONSTRAINT `craft_emailmessages_locale_fk` FOREIGN KEY (`locale`) REFERENCES `craft_locales` (`locale`) ON DELETE CASCADE ON UPDATE CASCADE;

--
-- Constraints for table `craft_entries`
--
ALTER TABLE `craft_entries`
	ADD CONSTRAINT `craft_entries_authorId_fk` FOREIGN KEY (`authorId`) REFERENCES `craft_users` (`id`) ON DELETE CASCADE,
	ADD CONSTRAINT `craft_entries_id_fk` FOREIGN KEY (`id`) REFERENCES `craft_elements` (`id`) ON DELETE CASCADE,
	ADD CONSTRAINT `craft_entries_sectionId_fk` FOREIGN KEY (`sectionId`) REFERENCES `craft_sections` (`id`) ON DELETE CASCADE,
	ADD CONSTRAINT `craft_entries_typeId_fk` FOREIGN KEY (`typeId`) REFERENCES `craft_entrytypes` (`id`) ON DELETE CASCADE;

--
-- Constraints for table `craft_entrydrafts`
--
ALTER TABLE `craft_entrydrafts`
	ADD CONSTRAINT `craft_entrydrafts_creatorId_fk` FOREIGN KEY (`creatorId`) REFERENCES `craft_users` (`id`) ON DELETE CASCADE,
	ADD CONSTRAINT `craft_entrydrafts_entryId_fk` FOREIGN KEY (`entryId`) REFERENCES `craft_entries` (`id`) ON DELETE CASCADE,
	ADD CONSTRAINT `craft_entrydrafts_locale_fk` FOREIGN KEY (`locale`) REFERENCES `craft_locales` (`locale`) ON DELETE CASCADE ON UPDATE CASCADE,
	ADD CONSTRAINT `craft_entrydrafts_sectionId_fk` FOREIGN KEY (`sectionId`) REFERENCES `craft_sections` (`id`) ON DELETE CASCADE;

--
-- Constraints for table `craft_entrytypes`
--
ALTER TABLE `craft_entrytypes`
	ADD CONSTRAINT `craft_entrytypes_fieldLayoutId_fk` FOREIGN KEY (`fieldLayoutId`) REFERENCES `craft_fieldlayouts` (`id`) ON DELETE SET NULL,
	ADD CONSTRAINT `craft_entrytypes_sectionId_fk` FOREIGN KEY (`sectionId`) REFERENCES `craft_sections` (`id`) ON DELETE CASCADE;

--
-- Constraints for table `craft_entryversions`
--
ALTER TABLE `craft_entryversions`
	ADD CONSTRAINT `craft_entryversions_creatorId_fk` FOREIGN KEY (`creatorId`) REFERENCES `craft_users` (`id`) ON DELETE SET NULL,
	ADD CONSTRAINT `craft_entryversions_entryId_fk` FOREIGN KEY (`entryId`) REFERENCES `craft_entries` (`id`) ON DELETE CASCADE,
	ADD CONSTRAINT `craft_entryversions_locale_fk` FOREIGN KEY (`locale`) REFERENCES `craft_locales` (`locale`) ON DELETE CASCADE ON UPDATE CASCADE,
	ADD CONSTRAINT `craft_entryversions_sectionId_fk` FOREIGN KEY (`sectionId`) REFERENCES `craft_sections` (`id`) ON DELETE CASCADE;

--
-- Constraints for table `craft_fieldlayoutfields`
--
ALTER TABLE `craft_fieldlayoutfields`
	ADD CONSTRAINT `craft_fieldlayoutfields_fieldId_fk` FOREIGN KEY (`fieldId`) REFERENCES `craft_fields` (`id`) ON DELETE CASCADE,
	ADD CONSTRAINT `craft_fieldlayoutfields_layoutId_fk` FOREIGN KEY (`layoutId`) REFERENCES `craft_fieldlayouts` (`id`) ON DELETE CASCADE,
	ADD CONSTRAINT `craft_fieldlayoutfields_tabId_fk` FOREIGN KEY (`tabId`) REFERENCES `craft_fieldlayouttabs` (`id`) ON DELETE CASCADE;

--
-- Constraints for table `craft_fieldlayouttabs`
--
ALTER TABLE `craft_fieldlayouttabs`
	ADD CONSTRAINT `craft_fieldlayouttabs_layoutId_fk` FOREIGN KEY (`layoutId`) REFERENCES `craft_fieldlayouts` (`id`) ON DELETE CASCADE;

--
-- Constraints for table `craft_fields`
--
ALTER TABLE `craft_fields`
	ADD CONSTRAINT `craft_fields_groupId_fk` FOREIGN KEY (`groupId`) REFERENCES `craft_fieldgroups` (`id`) ON DELETE CASCADE;

--
-- Constraints for table `craft_globalsets`
--
ALTER TABLE `craft_globalsets`
	ADD CONSTRAINT `craft_globalsets_fieldLayoutId_fk` FOREIGN KEY (`fieldLayoutId`) REFERENCES `craft_fieldlayouts` (`id`) ON DELETE SET NULL,
	ADD CONSTRAINT `craft_globalsets_id_fk` FOREIGN KEY (`id`) REFERENCES `craft_elements` (`id`) ON DELETE CASCADE;

--
-- Constraints for table `craft_matrixblocks`
--
ALTER TABLE `craft_matrixblocks`
	ADD CONSTRAINT `craft_matrixblocks_fieldId_fk` FOREIGN KEY (`fieldId`) REFERENCES `craft_fields` (`id`) ON DELETE CASCADE,
	ADD CONSTRAINT `craft_matrixblocks_id_fk` FOREIGN KEY (`id`) REFERENCES `craft_elements` (`id`) ON DELETE CASCADE,
	ADD CONSTRAINT `craft_matrixblocks_ownerId_fk` FOREIGN KEY (`ownerId`) REFERENCES `craft_elements` (`id`) ON DELETE CASCADE,
	ADD CONSTRAINT `craft_matrixblocks_ownerLocale_fk` FOREIGN KEY (`ownerLocale`) REFERENCES `craft_locales` (`locale`) ON DELETE CASCADE ON UPDATE CASCADE,
	ADD CONSTRAINT `craft_matrixblocks_typeId_fk` FOREIGN KEY (`typeId`) REFERENCES `craft_matrixblocktypes` (`id`) ON DELETE CASCADE;

--
-- Constraints for table `craft_matrixblocktypes`
--
ALTER TABLE `craft_matrixblocktypes`
	ADD CONSTRAINT `craft_matrixblocktypes_fieldId_fk` FOREIGN KEY (`fieldId`) REFERENCES `craft_fields` (`id`) ON DELETE CASCADE,
	ADD CONSTRAINT `craft_matrixblocktypes_fieldLayoutId_fk` FOREIGN KEY (`fieldLayoutId`) REFERENCES `craft_fieldlayouts` (`id`) ON DELETE SET NULL;

--
-- Constraints for table `craft_matrixcontent_blogarticlematrix`
--
ALTER TABLE `craft_matrixcontent_blogarticlematrix`
	ADD CONSTRAINT `craft_matrixcontent_blogarticlematrix_elementId_fk` FOREIGN KEY (`elementId`) REFERENCES `craft_elements` (`id`) ON DELETE CASCADE,
	ADD CONSTRAINT `craft_matrixcontent_blogarticlematrix_locale_fk` FOREIGN KEY (`locale`) REFERENCES `craft_locales` (`locale`) ON DELETE CASCADE ON UPDATE CASCADE;

--
-- Constraints for table `craft_matrixcontent_contentmatrix`
--
ALTER TABLE `craft_matrixcontent_contentmatrix`
	ADD CONSTRAINT `craft_matrixcontent_contentmatrix_elementId_fk` FOREIGN KEY (`elementId`) REFERENCES `craft_elements` (`id`) ON DELETE CASCADE,
	ADD CONSTRAINT `craft_matrixcontent_contentmatrix_locale_fk` FOREIGN KEY (`locale`) REFERENCES `craft_locales` (`locale`) ON DELETE CASCADE ON UPDATE CASCADE;

--
-- Constraints for table `craft_migrations`
--
ALTER TABLE `craft_migrations`
	ADD CONSTRAINT `craft_migrations_pluginId_fk` FOREIGN KEY (`pluginId`) REFERENCES `craft_plugins` (`id`) ON DELETE CASCADE;

--
-- Constraints for table `craft_relations`
--
ALTER TABLE `craft_relations`
	ADD CONSTRAINT `craft_relations_fieldId_fk` FOREIGN KEY (`fieldId`) REFERENCES `craft_fields` (`id`) ON DELETE CASCADE,
	ADD CONSTRAINT `craft_relations_sourceId_fk` FOREIGN KEY (`sourceId`) REFERENCES `craft_elements` (`id`) ON DELETE CASCADE,
	ADD CONSTRAINT `craft_relations_sourceLocale_fk` FOREIGN KEY (`sourceLocale`) REFERENCES `craft_locales` (`locale`) ON DELETE CASCADE ON UPDATE CASCADE,
	ADD CONSTRAINT `craft_relations_targetId_fk` FOREIGN KEY (`targetId`) REFERENCES `craft_elements` (`id`) ON DELETE CASCADE;

--
-- Constraints for table `craft_routes`
--
ALTER TABLE `craft_routes`
	ADD CONSTRAINT `craft_routes_locale_fk` FOREIGN KEY (`locale`) REFERENCES `craft_locales` (`locale`) ON DELETE CASCADE ON UPDATE CASCADE;

--
-- Constraints for table `craft_sections`
--
ALTER TABLE `craft_sections`
	ADD CONSTRAINT `craft_sections_structureId_fk` FOREIGN KEY (`structureId`) REFERENCES `craft_structures` (`id`) ON DELETE SET NULL;

--
-- Constraints for table `craft_sections_i18n`
--
ALTER TABLE `craft_sections_i18n`
	ADD CONSTRAINT `craft_sections_i18n_locale_fk` FOREIGN KEY (`locale`) REFERENCES `craft_locales` (`locale`) ON DELETE CASCADE ON UPDATE CASCADE,
	ADD CONSTRAINT `craft_sections_i18n_sectionId_fk` FOREIGN KEY (`sectionId`) REFERENCES `craft_sections` (`id`) ON DELETE CASCADE;

--
-- Constraints for table `craft_sessions`
--
ALTER TABLE `craft_sessions`
	ADD CONSTRAINT `craft_sessions_userId_fk` FOREIGN KEY (`userId`) REFERENCES `craft_users` (`id`) ON DELETE CASCADE;

--
-- Constraints for table `craft_shunnedmessages`
--
ALTER TABLE `craft_shunnedmessages`
	ADD CONSTRAINT `craft_shunnedmessages_userId_fk` FOREIGN KEY (`userId`) REFERENCES `craft_users` (`id`) ON DELETE CASCADE;

--
-- Constraints for table `craft_structureelements`
--
ALTER TABLE `craft_structureelements`
	ADD CONSTRAINT `craft_structureelements_elementId_fk` FOREIGN KEY (`elementId`) REFERENCES `craft_elements` (`id`) ON DELETE CASCADE,
	ADD CONSTRAINT `craft_structureelements_structureId_fk` FOREIGN KEY (`structureId`) REFERENCES `craft_structures` (`id`) ON DELETE CASCADE;

--
-- Constraints for table `craft_taggroups`
--
ALTER TABLE `craft_taggroups`
	ADD CONSTRAINT `craft_taggroups_fieldLayoutId_fk` FOREIGN KEY (`fieldLayoutId`) REFERENCES `craft_fieldlayouts` (`id`) ON DELETE SET NULL;

--
-- Constraints for table `craft_tags`
--
ALTER TABLE `craft_tags`
	ADD CONSTRAINT `craft_tags_groupId_fk` FOREIGN KEY (`groupId`) REFERENCES `craft_taggroups` (`id`) ON DELETE CASCADE,
	ADD CONSTRAINT `craft_tags_id_fk` FOREIGN KEY (`id`) REFERENCES `craft_elements` (`id`) ON DELETE CASCADE;

--
-- Constraints for table `craft_templatecachecriteria`
--
ALTER TABLE `craft_templatecachecriteria`
	ADD CONSTRAINT `craft_templatecachecriteria_cacheId_fk` FOREIGN KEY (`cacheId`) REFERENCES `craft_templatecaches` (`id`) ON DELETE CASCADE;

--
-- Constraints for table `craft_templatecacheelements`
--
ALTER TABLE `craft_templatecacheelements`
	ADD CONSTRAINT `craft_templatecacheelements_cacheId_fk` FOREIGN KEY (`cacheId`) REFERENCES `craft_templatecaches` (`id`) ON DELETE CASCADE,
	ADD CONSTRAINT `craft_templatecacheelements_elementId_fk` FOREIGN KEY (`elementId`) REFERENCES `craft_elements` (`id`) ON DELETE CASCADE;

--
-- Constraints for table `craft_templatecaches`
--
ALTER TABLE `craft_templatecaches`
	ADD CONSTRAINT `craft_templatecaches_locale_fk` FOREIGN KEY (`locale`) REFERENCES `craft_locales` (`locale`) ON DELETE CASCADE ON UPDATE CASCADE;

--
-- Constraints for table `craft_usergroups_users`
--
ALTER TABLE `craft_usergroups_users`
	ADD CONSTRAINT `craft_usergroups_users_groupId_fk` FOREIGN KEY (`groupId`) REFERENCES `craft_usergroups` (`id`) ON DELETE CASCADE,
	ADD CONSTRAINT `craft_usergroups_users_userId_fk` FOREIGN KEY (`userId`) REFERENCES `craft_users` (`id`) ON DELETE CASCADE;

--
-- Constraints for table `craft_userpermissions_usergroups`
--
ALTER TABLE `craft_userpermissions_usergroups`
	ADD CONSTRAINT `craft_userpermissions_usergroups_groupId_fk` FOREIGN KEY (`groupId`) REFERENCES `craft_usergroups` (`id`) ON DELETE CASCADE,
	ADD CONSTRAINT `craft_userpermissions_usergroups_permissionId_fk` FOREIGN KEY (`permissionId`) REFERENCES `craft_userpermissions` (`id`) ON DELETE CASCADE;

--
-- Constraints for table `craft_userpermissions_users`
--
ALTER TABLE `craft_userpermissions_users`
	ADD CONSTRAINT `craft_userpermissions_users_permissionId_fk` FOREIGN KEY (`permissionId`) REFERENCES `craft_userpermissions` (`id`) ON DELETE CASCADE,
	ADD CONSTRAINT `craft_userpermissions_users_userId_fk` FOREIGN KEY (`userId`) REFERENCES `craft_users` (`id`) ON DELETE CASCADE;

--
-- Constraints for table `craft_users`
--
ALTER TABLE `craft_users`
	ADD CONSTRAINT `craft_users_id_fk` FOREIGN KEY (`id`) REFERENCES `craft_elements` (`id`) ON DELETE CASCADE,
	ADD CONSTRAINT `craft_users_preferredLocale_fk` FOREIGN KEY (`preferredLocale`) REFERENCES `craft_locales` (`locale`) ON DELETE SET NULL ON UPDATE CASCADE;

--
-- Constraints for table `craft_venti_events`
--
ALTER TABLE `craft_venti_events`
	ADD CONSTRAINT `craft_venti_events_elementId_fk` FOREIGN KEY (`elementId`) REFERENCES `craft_elements` (`id`) ON DELETE CASCADE,
	ADD CONSTRAINT `craft_venti_events_groupId_fk` FOREIGN KEY (`groupId`) REFERENCES `craft_venti_groups` (`id`) ON DELETE CASCADE;

--
-- Constraints for table `craft_venti_groups`
--
ALTER TABLE `craft_venti_groups`
	ADD CONSTRAINT `craft_venti_groups_fieldLayoutId_fk` FOREIGN KEY (`fieldLayoutId`) REFERENCES `craft_fieldlayouts` (`id`) ON DELETE SET NULL;

--
-- Constraints for table `craft_venti_groups_i18n`
--
ALTER TABLE `craft_venti_groups_i18n`
	ADD CONSTRAINT `craft_venti_groups_i18n_groupId_fk` FOREIGN KEY (`groupId`) REFERENCES `craft_venti_groups` (`id`) ON DELETE CASCADE,
	ADD CONSTRAINT `craft_venti_groups_i18n_locale_fk` FOREIGN KEY (`locale`) REFERENCES `craft_locales` (`locale`) ON DELETE CASCADE ON UPDATE CASCADE;

--
-- Constraints for table `craft_venti_locations`
--
ALTER TABLE `craft_venti_locations`
	ADD CONSTRAINT `craft_venti_locations_id_fk` FOREIGN KEY (`id`) REFERENCES `craft_elements` (`id`) ON DELETE CASCADE;

--
-- Constraints for table `craft_venti_recurr`
--
ALTER TABLE `craft_venti_recurr`
	ADD CONSTRAINT `craft_venti_recurr_cid_fk` FOREIGN KEY (`cid`) REFERENCES `craft_venti_events` (`id`) ON DELETE CASCADE;

--
-- Constraints for table `craft_widgets`
--
ALTER TABLE `craft_widgets`
	ADD CONSTRAINT `craft_widgets_userId_fk` FOREIGN KEY (`userId`) REFERENCES `craft_users` (`id`) ON DELETE CASCADE;

SET FOREIGN_KEY_CHECKS = 1;
